row_id,fold,label,pred,p0,p1,p2,surface_weight
0,2,1,1,0.004210399929434061,0.9918555021286011,0.003934112843126059,1.0
1,4,2,2,2.11019255402789e-06,0.00011805058602476493,0.9998798370361328,0.9991798400878906
2,1,2,2,6.703952749376185e-06,5.710026016458869e-06,0.9999876022338867,1.0090092578127273e-15
3,0,2,2,2.348059979340178e-06,3.6535823255690048e-06,0.9999939203262329,0.9999947547912598
4,3,1,1,0.0004818436864297837,0.9995166063308716,1.5732865676909569e-06,0.99986732006073
5,3,2,2,1.5762202565383632e-07,2.376707925577648e-05,0.9999761581420898,0.9956343173980713
6,3,2,2,3.513075608196914e-09,2.0574940862161384e-08,1.0,0.9956773519515991
8,3,1,1,2.2904709112481214e-05,0.9999674558639526,9.663289347372483e-06,0.9998694658279419
9,4,1,1,1.8583797611881891e-07,0.9999995231628418,2.458077403844072e-07,0.9998942613601685
10,2,1,1,1.033987018672633e-06,0.999998927116394,3.7956557008556047e-08,1.0
11,3,2,2,7.61757878997571e-11,5.0566288933850956e-09,1.0,0.9977864623069763
12,3,1,1,3.5698365536518395e-05,0.9999641180038452,1.992501239556077e-07,0.9996653199195862
13,2,2,2,3.1539673273073277e-06,0.0002851323806680739,0.9997116923332214,1.0
15,3,1,1,8.487018590130901e-07,0.9999991655349731,2.3325291920173186e-08,0.9998819828033447
17,4,1,1,0.00011894477211171761,0.9998804330825806,6.461162911364227e-07,0.9993417263031006
18,2,1,1,1.0545842997089494e-05,0.9999876022338867,1.847635530793923e-06,1.0
19,3,2,2,1.936462767915259e-09,1.3398170040090918e-07,0.9999998807907104,0.9998928308486938
20,2,1,0,0.7696059346199036,0.19214938580989838,0.03824465349316597,1.0
22,2,1,1,3.235747669805278e-07,0.9922393560409546,0.007760284002870321,1.0
23,4,1,1,0.00011099086987087503,0.999805748462677,8.329901902470738e-05,0.9999567270278931
26,2,2,2,9.100022907659877e-06,1.056670157595363e-06,0.9999898672103882,1.0
27,1,1,1,0.0005970891797915101,0.9993109703063965,9.192081779474393e-05,2.9875336552505e-14
28,2,2,2,0.00029167189495638013,0.019573528319597244,0.9801347851753235,1.0
29,3,2,0,0.5450851917266846,0.376661092042923,0.07825373113155365,0.9999094009399414
30,2,1,0,0.569114625453949,0.3840974271297455,0.04678795114159584,1.0
31,2,1,1,0.0003593859146349132,0.9972966313362122,0.002343991305679083,1.0
32,4,1,1,3.0508391368755383e-09,1.0,4.184038393528766e-10,0.9999628663063049
33,0,2,2,2.4864352781150956e-06,4.41658357885899e-06,0.999993085861206,1.0
34,1,1,1,8.039390877456754e-07,0.9999910593032837,8.137730219459627e-06,9.71743360880135e-28
35,2,2,2,1.1792205666799616e-12,1.5138322886909528e-11,1.0,1.0
37,4,1,1,9.369449003315822e-07,0.9999986886978149,3.296516410955519e-07,0.9999482035636902
38,4,1,1,1.5313501080527203e-06,0.9999881982803345,1.0313419807062019e-05,0.9998666048049927
39,0,1,1,1.027512519513607e-09,1.0,2.2150181688829207e-09,1.0
40,2,2,2,0.27888914942741394,0.35831528902053833,0.36279556155204773,1.0
41,0,1,1,7.435755483564677e-11,1.0,1.1750815598343678e-10,1.0
42,1,1,1,0.00017756734450813383,0.9991185069084167,0.000703912228345871,6.749328318456094e-10
43,4,2,2,3.1812716905221805e-09,9.678608137164701e-08,0.9999998807907104,0.9994611740112305
44,3,2,2,5.674532058705471e-16,3.006510622058367e-12,1.0,0.9743028879165649
45,1,2,2,4.230749254929833e-06,2.8392196327331476e-07,0.9999955892562866,6.824989792070246e-13
46,4,1,1,3.176489826728357e-07,0.9999995231628418,2.1062780319880403e-07,0.9997677803039551
47,3,1,1,4.861538727141124e-08,0.9999648332595825,3.510815804474987e-05,0.9961749315261841
48,2,2,2,1.4500483302981593e-07,5.290300464366737e-07,0.9999994039535522,1.0
49,3,2,2,9.327203542852658e-07,1.432091448805295e-05,0.9999847412109375,0.9999327659606934
50,1,2,2,0.0005172319943085313,1.1615908988460433e-05,0.9994712471961975,7.945624325454486e-17
52,4,1,1,4.44949854738752e-09,1.0,3.357304712015008e-10,0.9999210834503174
53,1,2,2,0.0024716448970139027,0.002330785384401679,0.995197594165802,1.0692235197789452e-16
54,2,1,1,1.539431053743101e-07,0.9999998807907104,2.2305743030415215e-08,1.0
55,4,1,1,2.8721945000143023e-07,0.9999995231628418,1.4190840147421113e-07,0.9992995262145996
56,0,1,1,3.7262841942720115e-05,0.9999624490737915,2.5462574626544665e-07,1.0
57,0,1,1,3.107412112512975e-06,0.9999957084655762,1.2343551816229592e-06,1.0
60,2,1,1,3.1049175959196873e-06,0.9999946355819702,2.234362909803167e-06,1.0
61,2,1,2,0.12936310470104218,0.16402176022529602,0.706615149974823,1.0
62,1,2,2,1.4559028613803093e-06,0.00039822713006287813,0.999600350856781,1.622486184160794e-16
63,0,2,2,2.302442014823214e-09,3.602078635367434e-08,1.0,0.9999999403953552
64,0,2,2,2.107188038280583e-06,7.423829811159521e-05,0.999923586845398,1.0
67,0,1,1,0.07810351997613907,0.8818556666374207,0.040040791034698486,1.0
68,1,1,1,0.003884700359776616,0.9570348858833313,0.039080411195755005,2.6057088778341786e-11
69,0,1,1,1.4610285425931124e-08,0.9999980926513672,1.8976498949996312e-06,1.0
70,1,1,1,8.205283563711419e-08,0.9999983310699463,1.587913061484869e-06,6.6185603281737885e-28
71,3,1,1,1.753590595399146e-06,0.9999982118606567,8.591078426434251e-08,0.9998744130134583
72,4,1,1,0.00017018723883666098,0.9997686743736267,6.113275594543666e-05,0.9999107122421265
73,0,2,2,2.3115966085729411e-10,4.589731759097049e-07,0.9999995231628418,1.0
74,2,1,1,7.27767940134072e-07,0.9999980926513672,1.2062265568602015e-06,1.0
76,0,1,1,4.3533398752515495e-07,0.9999710321426392,2.8497999664978124e-05,1.0
77,2,1,1,0.00031852119718678296,0.9996464252471924,3.505433051032014e-05,1.0
78,1,2,2,1.4974915529819555e-07,9.383297339127239e-08,0.9999997615814209,0.0018049293430522084
79,3,1,1,0.001140022650361061,0.9973689317703247,0.0014909806195646524,0.9996718168258667
80,3,2,2,0.00012707831047009677,8.318903610415873e-07,0.999872088432312,0.9994073510169983
81,2,2,2,1.0731969783336903e-12,5.11270817349363e-11,1.0,1.0
82,2,1,1,0.004123183898627758,0.9925276041030884,0.003349200589582324,1.0
83,0,2,2,7.446533709298819e-05,0.003653433173894882,0.996272087097168,1.0
84,1,2,2,7.79497444369781e-09,1.8360954356921866e-07,0.9999997615814209,8.687057295730938e-09
85,1,1,0,0.5209675431251526,0.43485739827156067,0.04417508840560913,0.0
86,2,1,1,0.14184708893299103,0.7913034558296204,0.06684949994087219,1.0
87,4,2,2,3.256966607523282e-08,1.1055506092816358e-06,0.999998927116394,0.9991911053657532
88,3,2,2,1.0829429575309746e-09,2.9142279345251154e-07,0.9999997615814209,0.9978830218315125
89,3,1,0,0.6969363689422607,0.06333715468645096,0.23972640931606293,0.9999752044677734
90,4,1,1,6.174132316516534e-10,1.0,2.3672090329607265e-11,0.9995470643043518
91,4,1,1,1.2522878023446538e-06,0.9999977350234985,1.0230530733679188e-06,0.9988178014755249
92,0,2,2,1.5241499795592972e-06,4.829124372918159e-05,0.9999501705169678,1.0
95,4,2,2,7.995637301121822e-14,8.38232261379801e-12,1.0,0.9934597015380859
96,3,2,2,0.0004219948314130306,8.169667125912383e-06,0.999569833278656,0.9993626475334167
97,1,2,2,5.847461181929248e-09,6.00446048437675e-09,1.0,7.574787019848372e-08
98,3,1,1,0.017641311511397362,0.9583455920219421,0.02401304803788662,0.9998419284820557
99,4,1,1,4.913876860968003e-09,1.0,4.4572343038673523e-10,0.9999282360076904
100,4,2,2,5.689198417924146e-11,1.2113205549724171e-08,1.0,0.9996197819709778
101,1,1,1,8.944515684561338e-06,0.9997041821479797,0.00028680608374997973,2.1501346818352597e-22
102,1,1,0,0.5810698866844177,0.3675987124443054,0.05133138597011566,1.9959517990875393e-38
104,2,1,1,6.511862011393532e-05,0.9999345541000366,2.999697130690038e-07,1.0
105,3,2,2,1.416161545669814e-11,4.808541564926827e-09,1.0,0.999777615070343
106,3,2,2,5.221040613734296e-11,3.535734482973396e-10,1.0,0.9821038246154785
107,4,2,2,5.470951247588118e-09,1.4887146448927524e-07,0.9999998807907104,0.9999145865440369
108,0,2,2,4.8367695626438945e-08,8.996733527055767e-07,0.9999990463256836,1.0
109,3,1,1,2.957980349549416e-08,1.0,1.1528772381197427e-09,0.9992480874061584
110,1,1,1,0.00011619269935181364,0.9960512518882751,0.003832553280517459,7.696638990609085e-17
111,0,1,1,1.0216517694061622e-05,0.99998939037323,4.2542930600575346e-07,1.0
113,0,2,2,2.3319674316568673e-11,4.4048542591212936e-09,1.0,0.9999942779541016
114,0,1,1,0.04066067934036255,0.901807427406311,0.0575319342315197,1.0
115,2,1,1,5.732849195361212e-10,1.0,2.3925525449719487e-10,1.0
116,4,2,2,0.00010281919821863994,0.000190351449418813,0.9997068047523499,0.9999470710754395
117,0,1,1,8.327804591756749e-12,1.0,2.4125197395363784e-09,1.0
118,4,1,1,1.455410085782205e-07,0.9999994039535522,4.4491355311038205e-07,0.9999075531959534
120,0,1,1,4.982942414244462e-07,0.9999992847442627,2.546798043567833e-07,0.9999993443489075
121,4,1,1,1.112143081627437e-06,0.9999982118606567,6.221030162123498e-07,0.9999265670776367
122,4,1,1,3.8386255285516313e-10,1.0,1.3912242469160674e-09,0.9999493360519409
123,3,1,1,1.1308645753160818e-06,0.9998832941055298,0.00011557187099242583,0.9994421005249023
124,3,1,1,0.0001033902372000739,0.9997597336769104,0.00013693714572582394,0.9992944598197937
125,1,1,1,1.028780161504983e-06,0.9999935626983643,5.412779046309879e-06,2.0813631664158655e-20
126,4,1,1,2.6195118990601785e-11,1.0,7.96494883936738e-11,0.9990701079368591
127,3,1,1,4.2037510183945415e-07,0.9999990463256836,5.473561941471417e-07,0.9998244047164917
129,1,1,1,7.109113653314125e-07,0.9999991655349731,1.7129075047250808e-07,1.4080712638728185e-27
130,0,1,1,2.700571144487185e-07,0.9999995231628418,1.5045742429720121e-07,1.0
131,3,1,1,4.600065039994661e-06,0.9999943971633911,1.029758664117253e-06,0.9977359771728516
132,1,2,1,0.29564252495765686,0.505577564239502,0.19877989590168,1.604712810764857e-18
133,1,1,1,3.1952968129189685e-06,0.9999961853027344,6.464093189606501e-07,1.1057255468586192e-34
134,3,1,1,2.379044053668622e-05,0.9999657869338989,1.0382098480476998e-05,0.9999266266822815
135,1,2,2,2.981441582505795e-07,2.5085124434554018e-05,0.9999746084213257,5.045129895450695e-13
136,0,1,1,4.389615355648857e-07,0.9999971389770508,2.4050666524999542e-06,1.0
137,1,1,1,1.4288043637122883e-08,1.0,1.357075429808674e-08,1.0716570135770471e-40
139,0,2,2,1.9106143750446947e-11,6.054321488591086e-10,1.0,0.9999990463256836
140,1,1,1,1.477399536042867e-07,0.9999996423721313,2.5038951889655436e-07,3.4428623146842696e-12
141,4,1,1,1.7203963125211885e-06,0.9999980926513672,2.189352557024904e-07,0.9999186396598816
142,0,2,2,2.611929839080318e-10,6.628424198407146e-11,1.0,0.9999627470970154
143,4,2,2,1.91400722542312e-05,0.0006888576899655163,0.9992918968200684,0.9999755024909973
144,3,1,1,8.31442292792417e-08,0.9999977350234985,2.1957407625450287e-06,0.9998335242271423
145,1,1,1,4.957153123541502e-07,0.9999994039535522,4.3611823485889545e-08,6.001900101954111e-17
146,2,2,2,0.00014690024545416236,7.563394774479093e-06,0.9998456239700317,1.0
147,4,2,2,3.5636082973411476e-10,4.6167258460627636e-08,1.0,0.9994151592254639
148,0,2,2,4.798492332647175e-12,3.8491979048593805e-10,1.0,0.9999997615814209
149,3,2,2,2.344223426486991e-10,2.5733223552037998e-08,1.0,0.9916564226150513
150,0,2,2,3.1581785797651918e-12,1.320998171960852e-10,1.0,1.0
152,4,2,2,2.354602068876943e-09,3.364343683642801e-07,0.9999996423721313,0.9999226927757263
153,2,1,1,3.705043738477798e-08,0.9999991655349731,8.444986860922654e-07,1.0
154,2,2,2,2.1227277102298103e-05,5.569179393205559e-06,0.9999731779098511,1.0
155,4,1,1,0.00012779750977642834,0.9998689889907837,3.186999947502045e-06,0.9988211393356323
156,2,2,2,1.9988286581451575e-09,8.52956316688136e-10,1.0,1.0
157,2,2,2,4.849284323427128e-06,4.319499566918239e-05,0.999951958656311,1.0
158,2,1,1,1.3360619959712494e-05,0.9999865293502808,1.5886460857927887e-07,1.0
161,1,1,0,0.9869057536125183,0.0009709877776913345,0.012123286724090576,0.0
162,4,2,2,6.440126210094377e-09,5.295924254689055e-10,1.0,0.9983148574829102
163,1,2,2,5.773615474602423e-10,3.2585343312518944e-09,1.0,1.7994764926465594e-21
167,1,1,1,0.00016060369671322405,0.9996716976165771,0.00016767649503890425,2.868360874515292e-37
168,0,1,1,1.978162078586365e-09,1.0,9.387460808696346e-10,1.0
169,4,2,2,1.030157736892079e-09,4.049838686626117e-09,1.0,0.9984105825424194
171,2,2,2,4.032828471167704e-08,1.1646028497125371e-07,0.9999998807907104,1.0
172,0,1,1,0.47428780794143677,0.47751331329345703,0.04819886386394501,1.0
173,0,1,1,2.9858435168783615e-10,1.0,2.0730250849254617e-09,1.0
176,2,1,1,1.5492132021677207e-08,0.9999995231628418,4.2238943365191517e-07,1.0
178,0,2,2,2.9641981143940788e-12,8.810649432255957e-10,1.0,1.0
179,1,2,2,4.551875765201885e-09,8.161029541042808e-07,0.9999991655349731,0.006990138906985521
181,1,1,1,6.242157724045683e-07,0.9999657869338989,3.353569263708778e-05,8.439678250516205e-23
182,1,1,1,8.011882712821716e-09,0.9999939203262329,6.0484571804408915e-06,4.064360792366273e-10
183,3,2,2,5.7701163846957115e-09,8.17876468772738e-08,0.9999998807907104,0.9998160600662231
184,2,1,1,0.009847932495176792,0.9829372763633728,0.007214829325675964,1.0
186,4,1,1,0.42094331979751587,0.575078010559082,0.003978589083999395,0.9999814033508301
187,4,2,2,5.052032520325156e-06,7.682102477701847e-06,0.9999873638153076,0.999887228012085
188,0,2,2,2.5346389520564117e-07,2.5347238988615572e-05,0.9999743700027466,0.9999997019767761
190,1,2,2,1.3419234612399578e-09,8.438975783064961e-06,0.9999915361404419,0.018176306039094925
191,3,1,1,6.2943122429715e-06,0.9997199177742004,0.00027374160708859563,0.9994118809700012
193,1,1,1,7.397886292892508e-06,0.9999680519104004,2.458626295265276e-05,1.2816018060122563e-30
194,3,2,2,1.2727640523735317e-06,4.1997991502285e-06,0.9999945163726807,0.997043251991272
195,4,1,1,7.732050107733812e-06,0.9999793767929077,1.2836601854360197e-05,0.9998645782470703
197,2,1,1,2.4416260657744715e-07,0.9999980926513672,1.6182418676180532e-06,1.0
198,1,2,2,1.3295712051331066e-05,1.6829266314744018e-05,0.9999698400497437,3.407571745102548e-21
199,3,1,1,1.6039532056311145e-05,0.999871015548706,0.00011295217700535432,0.9995158314704895
200,0,2,2,0.009787488728761673,0.001389153185300529,0.9888233542442322,1.0
201,1,2,0,0.8729881048202515,0.00770621607080102,0.11930565536022186,0.0
202,3,2,2,1.4296370864030905e-05,7.316252322198125e-06,0.9999784231185913,0.999923586845398
203,0,2,2,3.698076458773236e-13,7.200965934650583e-10,1.0,1.0
204,3,2,2,4.939691884697783e-12,2.0204064116180476e-11,1.0,0.9980761408805847
206,4,1,1,0.0007471534190699458,0.8243321180343628,0.17492075264453888,0.9991874098777771
207,1,1,1,2.5097298816945113e-07,0.9999964237213135,3.3363264719810104e-06,4.2914956310813324e-11
208,0,1,1,0.00011739090405171737,0.9998817443847656,8.727703288968769e-07,0.9999890327453613
210,1,2,2,7.989843652467243e-06,5.1552156946854666e-05,0.9999405145645142,9.97690108306415e-07
212,4,1,1,3.955345384554221e-09,1.0,4.247849716421115e-08,0.9980151653289795
213,2,2,2,2.995223624679966e-08,1.132224980437968e-07,0.9999998807907104,1.0
214,3,2,2,2.064983391392161e-06,0.00012106103531550616,0.999876856803894,0.9999483227729797
215,3,1,1,1.3754731575943424e-08,0.9999980926513672,1.8517403077566996e-06,0.9995585680007935
216,2,2,2,6.286603365879273e-06,1.5362036720034666e-05,0.9999783039093018,1.0
217,2,1,1,0.0001703345333226025,0.9998041987419128,2.551335455791559e-05,1.0
218,2,1,1,0.0002283962385263294,0.9997038245201111,6.76941272104159e-05,1.0
219,4,2,2,7.33225931526249e-07,2.540128662076313e-05,0.9999738931655884,0.9999664425849915
220,0,2,2,1.916022895898095e-09,8.301327625304111e-07,0.9999991655349731,1.0
221,1,2,2,4.841051448600808e-10,3.77760496494961e-11,1.0,7.606456436937137e-11
222,2,2,2,1.2051133702062344e-10,8.010337948505253e-10,1.0,1.0
223,0,2,2,5.727381903852802e-06,3.1060386390890926e-05,0.9999631643295288,1.0
224,4,2,2,9.215663254735773e-08,3.8550945191673236e-07,0.9999995231628418,0.9989625811576843
227,1,2,2,1.487738609284861e-05,0.0001309194485656917,0.9998542070388794,2.1565085273067552e-09
228,3,2,2,6.983730145293521e-06,4.487863861868391e-06,0.9999884366989136,0.9999538064002991
229,2,1,1,0.0006374409422278404,0.9993540644645691,8.532089850632474e-06,1.0
230,4,2,2,1.8980622602067163e-14,4.944099019077441e-10,1.0,0.9999634027481079
231,3,1,1,2.7414877479259303e-08,1.0,1.7701210497378383e-09,0.9990765452384949
232,1,1,1,5.989729601196814e-08,0.9999998807907104,1.0302805009132499e-07,5.045810088651845e-32
233,0,1,1,8.636862780520005e-09,1.0,6.123775264654796e-09,1.0
234,1,1,1,4.421267796317352e-09,0.9999998807907104,9.213750473691107e-08,1.667521397157405e-24
235,2,2,2,3.953747303969121e-16,3.368448965937465e-12,1.0,1.0
236,1,1,1,1.6836127088026842e-06,0.999987006187439,1.1369345884304494e-05,6.844585950133155e-21
237,2,1,1,2.447159488383477e-07,0.9999996423721313,7.354756803579221e-08,1.0
239,3,2,2,7.725766207333784e-12,4.5825170325031195e-09,1.0,0.9998978972434998
240,0,1,1,1.945894751997912e-07,0.9999997615814209,2.6206234959857966e-09,0.9999799132347107
241,0,1,1,1.5800834773926908e-07,0.9999998807907104,5.709717143531634e-09,0.9999998211860657
242,2,2,2,2.19246547999985e-11,7.480258190639688e-09,1.0,1.0
243,2,1,1,0.006545134820044041,0.9932635426521301,0.00019129572319798172,1.0
244,3,2,2,2.5922759050445165e-08,1.4412916243600193e-05,0.9999855756759644,0.9952707290649414
245,2,2,2,1.4305236994971438e-08,9.516192562841752e-07,0.9999990463256836,1.0
246,2,2,2,1.0557190677218387e-07,1.2761660173055134e-07,0.9999997615814209,1.0
247,3,2,2,4.170742613496259e-07,0.00026963584241457283,0.9997300505638123,0.9985247850418091
248,2,2,2,2.834198130585719e-05,1.7146745449281298e-05,0.9999544620513916,1.0
250,2,1,1,1.5187923054327257e-05,0.9999760389328003,8.768687621341087e-06,1.0
251,4,1,1,1.0036048934125574e-06,0.998292863368988,0.0017061000689864159,0.9998865723609924
252,4,1,1,2.8655405159838665e-08,1.0,1.5746064452315522e-09,0.9997273683547974
253,2,2,2,7.084149729053024e-07,6.298151674855035e-06,0.9999929666519165,1.0
254,0,1,1,2.659691311635015e-08,0.9999998807907104,8.662272676929206e-08,1.0
255,3,1,1,0.015006989240646362,0.9827989935874939,0.0021940283477306366,0.9995886087417603
256,1,2,2,9.781172138900729e-07,3.318131120977341e-07,0.9999986886978149,4.252937411963753e-12
257,4,2,2,1.5426141430907592e-07,7.774317964504007e-06,0.9999921321868896,0.9986390471458435
258,1,2,2,2.2120277831660928e-10,2.823768419091266e-08,1.0,4.7080512821651155e-09
259,0,1,1,9.166587915387936e-06,0.9999796152114868,1.1270225513726473e-05,0.9999916553497314
260,2,2,2,2.7447688921711233e-07,5.666513061441947e-06,0.9999940395355225,1.0
262,2,2,2,4.8192880242048375e-11,1.9846500831643965e-10,1.0,1.0
269,2,1,1,0.4598632752895355,0.4769502282142639,0.06318649649620056,1.0
271,4,2,2,3.1722836411063327e-06,7.720311259618029e-05,0.9999195337295532,0.9999790191650391
272,0,2,2,1.5577413137179974e-08,1.8777630828026304e-07,0.9999997615814209,1.0
273,0,2,2,4.6262860564638686e-07,7.857083801354747e-07,0.9999986886978149,1.0
274,1,1,1,4.5139572635299885e-10,1.0,2.6600071104110334e-11,3.662637795591371e-24
276,1,2,2,1.6952596979535883e-06,9.551225730319857e-07,0.9999973773956299,1.0319337606645718e-09
279,1,2,2,3.3015257194790593e-13,1.384895323419677e-11,1.0,0.010644067078828812
280,0,1,1,4.433214144228259e-06,0.999994158744812,1.406226260769472e-06,0.9999935626983643
281,3,1,1,1.7470249531470472e-06,0.9999978542327881,3.4344020605203696e-07,0.9998447895050049
283,1,2,2,2.4925381580942485e-07,2.1001751520088874e-05,0.99997878074646,3.692262939195798e-16
284,3,1,1,0.0315045565366745,0.9378567337989807,0.03063867799937725,0.999928891658783
285,2,1,1,3.20994530511598e-07,0.9999995231628418,1.2867883469880326e-07,1.0
286,3,2,2,3.627641476100507e-08,2.6724023882707115e-06,0.9999973773956299,0.9999717473983765
287,3,2,2,6.180234635166926e-08,5.831967791891657e-05,0.9999415874481201,0.9997339844703674
289,2,2,2,1.5606055114858464e-08,1.2066257326637242e-08,1.0,1.0
290,1,2,2,1.6118908237241353e-14,1.2490259477734855e-12,1.0,8.579283417020633e-07
291,4,2,2,1.0289839735833084e-07,3.766822374018375e-07,0.9999995231628418,0.9998708963394165
292,1,2,2,4.573662781837129e-09,4.124458641285855e-08,1.0,1.1259301325484972e-13
293,4,2,2,7.555036972917151e-06,7.936169822642114e-06,0.9999845027923584,0.98569256067276
295,2,2,2,4.781010648002848e-05,7.601332185913634e-07,0.9999514818191528,1.0
296,2,2,2,8.625204941381526e-07,0.00014635159459430724,0.9998527765274048,1.0
297,3,2,2,3.6985700262448518e-06,1.3172681065043435e-05,0.9999830722808838,0.9998224973678589
300,1,2,2,3.1278371892540235e-08,4.540996542345965e-06,0.9999954700469971,4.16729286712228e-13
301,1,2,2,1.1969193691729885e-10,9.993057936696914e-09,1.0,0.009811578318476677
302,4,1,1,1.4060343167532352e-10,1.0,3.1031780877571746e-12,0.9999155402183533
303,4,2,2,3.3584012015808185e-08,4.5283627514436375e-07,0.9999995231628418,0.9998982548713684
304,4,2,2,1.6652751583023928e-05,2.4217411009885836e-07,0.9999830722808838,0.9948481321334839
305,1,1,2,0.020231548696756363,0.263560950756073,0.7162075042724609,6.192495501983504e-22
306,0,2,2,6.395123874902708e-10,4.160448554557661e-07,0.9999996423721313,0.9999943971633911
307,1,1,1,1.2610299791049329e-06,0.9999963045120239,2.41762768382614e-06,0.0
309,3,2,2,3.851325924841831e-09,9.614859663997777e-07,0.9999990463256836,0.9991468191146851
310,0,2,2,4.504931497284481e-11,7.748034391852343e-08,0.9999998807907104,0.999999463558197
311,0,2,2,7.12589987017509e-10,1.4076330501211487e-07,0.9999998807907104,0.9991387128829956
312,3,2,2,8.450058885500766e-06,1.0083111874337192e-06,0.9999905824661255,0.9999461770057678
314,3,1,1,9.299080556957051e-05,0.9998507499694824,5.628801591228694e-05,0.9997085332870483
315,1,2,2,2.5563275940498897e-08,1.46983847315596e-08,1.0,1.9475294266158016e-06
316,2,2,2,0.047628842294216156,0.011347956024110317,0.9410231709480286,1.0
317,2,2,2,6.436108979102073e-09,2.1199375055402925e-07,0.9999997615814209,1.0
318,0,1,1,7.629672935105525e-12,1.0,6.30402674506314e-11,1.0
320,0,2,2,2.3429347004166878e-11,2.2652331121975067e-09,1.0,1.0
321,0,2,2,3.6083918530493975e-05,1.4745414773642551e-06,0.9999624490737915,0.9999992251396179
322,0,1,1,2.453607539365521e-09,1.0,1.9653190186375014e-09,1.0
323,3,1,1,3.2905411444517085e-06,0.9999940395355225,2.678688360902015e-06,0.999970018863678
324,1,1,1,0.0010111385490745306,0.9976078271865845,0.00138104020152241,1.5788234017604426e-18
325,2,2,2,2.0483223124756478e-05,6.4677019508962985e-06,0.9999730587005615,1.0
327,0,1,1,2.482270531345421e-07,0.9999995231628418,2.6370642558504187e-07,1.0
328,3,2,2,1.3013328192812423e-08,3.993199868546071e-07,0.9999996423721313,0.9976336359977722
329,2,2,2,5.336873414307775e-07,1.7612155716051348e-05,0.9999818801879883,1.0
330,0,2,2,3.9272207708052065e-10,3.830255579373443e-08,1.0,1.0
332,2,1,1,0.00018014000670518726,0.9998182654380798,1.6340106867573923e-06,1.0
333,3,1,1,0.0005493161734193563,0.999413251876831,3.738810119102709e-05,0.9998591542243958
334,4,2,2,4.386237151265959e-07,1.7015969433487044e-06,0.9999978542327881,0.9999747276306152
336,1,2,2,1.7409071961793643e-09,4.4496282214367966e-08,1.0,9.986283311782043e-14
339,3,1,1,0.00011000889207934961,0.9998873472213745,2.611107902339427e-06,0.9998553395271301
341,2,2,2,1.5457633395499215e-08,2.0413558559084777e-06,0.9999979734420776,1.0
342,1,2,2,6.895128876749368e-07,0.0005959721165709198,0.9994033575057983,3.15764724192661e-16
343,0,2,2,1.1626706264422637e-09,2.1353973522764136e-07,0.9999997615814209,1.0
345,0,1,1,3.4146483812946826e-05,0.9999657869338989,1.0821907636682226e-07,0.9999998807907104
346,1,1,1,2.3832861018036056e-08,0.9999998807907104,1.3772837803571747e-07,6.503490392790973e-24
347,1,2,2,1.3775313334463135e-07,5.886798248866398e-07,0.9999992847442627,1.8503385314357902e-24
348,0,2,2,1.1802894306356393e-07,5.035654453422467e-07,0.9999994039535522,1.0
349,4,2,2,1.0949231182166841e-05,0.0016786108026281,0.9983104467391968,0.999983012676239
350,1,1,1,1.2944778973178472e-06,0.9999966621398926,2.0986137769796187e-06,5.239151156603425e-38
352,3,2,2,3.7073797898301564e-07,8.72249438543804e-06,0.9999909400939941,0.9997674822807312
353,4,1,1,2.015401951230289e-12,1.0,1.1291631692167403e-12,0.9998764991760254
354,2,2,2,2.1603023370175833e-08,1.885457123762535e-08,1.0,1.0
355,1,2,2,1.0197116040444598e-07,1.2560549578211067e-07,0.9999997615814209,2.1089829984876496e-17
356,4,2,2,1.0834652641733555e-07,1.5875041299295845e-06,0.9999983310699463,0.9959660172462463
357,3,1,1,0.0001595485518919304,0.9998044371604919,3.6002085835207254e-05,0.9999409317970276
358,4,1,1,2.9122847422513587e-07,0.9999984502792358,1.2118837275920669e-06,0.9999457001686096
359,3,2,2,2.6431506289226192e-11,1.3198051540541655e-09,1.0,0.9663867354393005
360,4,2,2,1.107399283384325e-09,1.6677769963280298e-05,0.9999833106994629,0.9999440312385559
361,3,1,1,0.009905053302645683,0.9890716075897217,0.0010234039509668946,0.9998096227645874
362,4,2,2,1.7594155110600695e-07,1.047901332640322e-05,0.99998939037323,0.999973714351654
363,4,2,2,5.71825289341632e-08,2.478957128460024e-07,0.9999997615814209,0.9999514818191528
365,1,2,2,1.5982277545845136e-06,0.0002094907104037702,0.9997889399528503,5.446822992638545e-09
366,1,2,2,1.1066833671691256e-08,8.740141765883891e-08,0.9999998807907104,0.00011769781849579886
369,1,2,2,5.3222905249672436e-11,1.5072382231196002e-10,1.0,0.039956431835889816
370,3,2,2,4.969396272258564e-08,1.4835524780210108e-05,0.9999852180480957,0.9966205358505249
371,0,2,2,5.968114336063479e-10,4.5575813345521965e-08,1.0,1.0
372,3,2,2,0.00037394132232293487,9.888946078717709e-05,0.9995272159576416,0.9712223410606384
373,1,1,1,8.403423635172658e-06,0.9999840259552002,7.561902293673484e-06,4.909015143825608e-20
374,0,2,2,7.160787154208981e-12,5.316898032958761e-09,1.0,1.0
375,0,2,2,1.958842865690258e-09,1.0220517197012668e-06,0.999998927116394,1.0
376,2,1,1,1.276079615308845e-06,0.9999983310699463,4.1173444742526044e-07,1.0
377,4,2,2,6.407955197573756e-07,1.5151183561101789e-06,0.9999978542327881,0.9983991384506226
378,2,2,2,5.207151983904756e-13,1.6777328137873582e-10,1.0,1.0
379,2,2,2,6.062800955719538e-11,4.4910581920021286e-08,1.0,1.0
380,3,2,2,1.1946216318392544e-06,8.45029717311263e-06,0.9999903440475464,0.9979605078697205
381,0,2,2,1.2052486786373606e-10,2.398138860826293e-07,0.9999997615814209,0.9999877214431763
382,3,1,1,5.176047368493641e-10,1.0,2.0852221338518717e-10,0.9990798830986023
383,2,2,2,9.545166001730717e-15,6.069961766834615e-15,1.0,1.0
384,0,2,2,3.4157569643866736e-06,3.788782976243965e-07,0.9999961853027344,0.9999942183494568
385,2,2,2,5.6286639846803155e-06,5.459016392705962e-06,0.9999889135360718,1.0
386,3,2,2,0.00011763411021092907,4.310733402235201e-06,0.9998780488967896,0.9649788737297058
387,4,2,2,4.133160480535025e-11,4.100292585462739e-07,0.9999996423721313,0.9989778995513916
388,2,1,1,3.1512031455349643e-06,0.9999954700469971,1.3282434565553558e-06,1.0
389,0,1,1,1.4120807634299126e-07,0.9999998807907104,3.5983889201673946e-09,0.9999998211860657
390,2,2,2,9.493415973338415e-07,9.26096436160151e-06,0.9999897480010986,1.0
391,1,1,1,1.2798360149446353e-09,1.0,7.422438774717932e-10,4.152297418567936e-34
392,2,2,2,0.000550974567886442,0.0004961616359651089,0.9989528656005859,1.0
393,0,1,1,9.104302201023984e-09,1.0,1.03515274130217e-09,1.0
394,1,2,2,6.314498923742917e-10,5.3264219701532056e-08,1.0,9.309414053859655e-06
395,2,1,1,0.0005856818752363324,0.9993669390678406,4.743468889500946e-05,1.0
396,0,2,2,0.03561988100409508,0.003544017905369401,0.9608361721038818,1.0
397,0,2,2,2.074506018356903e-11,2.9962907710512354e-09,1.0,1.0
398,1,2,2,2.5313845526397927e-06,3.9421720998689125e-08,0.9999974966049194,1.2113727345709497e-15
400,1,2,2,1.9094373783445917e-05,8.903685375116765e-05,0.9998918771743774,4.78157976131462e-15
401,4,2,2,0.029061639681458473,0.005698333494365215,0.9652400612831116,0.9997320771217346
402,1,2,2,7.848930533294052e-11,2.1690489682146818e-10,1.0,5.219929848608584e-13
404,4,2,2,1.8676470148193403e-08,4.98541972149269e-08,1.0,0.9992498755455017
405,2,2,2,2.1790350827975008e-13,2.090744764815522e-11,1.0,1.0
406,2,1,1,2.1415276307834574e-07,0.9999996423721313,1.8128184819943272e-07,1.0
407,1,2,2,7.800823098591536e-09,7.436130090354709e-06,0.9999926090240479,5.493068633538548e-18
408,1,2,2,4.4609427263253565e-09,4.739496262118337e-07,0.9999995231628418,6.442947864115922e-08
409,0,2,2,7.294475494745711e-07,4.1963239993947354e-08,0.9999992847442627,0.9999904036521912
410,2,2,2,5.815854742241555e-11,1.2949840089149234e-09,1.0,1.0
411,0,1,1,0.028002457693219185,0.6489281058311462,0.3230694830417633,0.9999948740005493
412,2,1,1,7.689583867431793e-07,0.9999990463256836,1.7556428133502777e-07,1.0
413,2,1,1,1.3381112466959166e-06,0.9999985694885254,1.0188626475837737e-07,1.0
414,3,1,1,1.0511972504900768e-05,0.9999884366989136,1.0092854836329934e-06,0.9998965263366699
415,4,1,1,4.842579801334068e-05,0.9998143315315247,0.00013724651944357902,0.9991905689239502
416,3,1,1,3.0823835004412103e-06,0.9999966621398926,2.52202681849667e-07,0.9997090101242065
418,1,1,1,2.183203378081089e-06,0.998559296131134,0.0014384703245013952,1.2439424947341923e-17
419,2,1,1,1.9793685623881174e-06,0.9999959468841553,2.0661316284531495e-06,1.0
421,0,1,1,0.00016391910321544856,0.9998249411582947,1.1158803317812271e-05,1.0
422,2,1,1,0.0008201288292184472,0.9991782307624817,1.6276985661534127e-06,1.0
423,2,1,1,1.607697726058177e-07,0.9999998807907104,3.754400346167586e-09,1.0
424,4,1,1,2.9296969294989594e-09,1.0,3.9505123616834226e-09,0.99986732006073
426,4,1,1,2.721388000281877e-06,0.9999959468841553,1.3119635013936204e-06,0.9998102784156799
427,0,1,1,0.0015889465576037765,0.998051643371582,0.00035937310894951224,1.0
428,2,1,1,7.051166903693229e-07,0.9999991655349731,1.0108226433658274e-07,1.0
429,3,1,1,0.00014174175157677382,0.999688982963562,0.00016930358833633363,0.9991710186004639
430,2,1,1,4.813491159438854e-06,0.9999144077301025,8.073732897173613e-05,1.0
432,3,1,1,3.837715485133231e-05,0.9999262094497681,3.54506446456071e-05,0.999176025390625
433,3,1,1,0.0002765021927189082,0.9996452331542969,7.827119407011196e-05,0.99840247631073
434,0,2,2,8.14261089110424e-11,5.684410275819118e-09,1.0,0.9999960660934448
435,0,2,2,8.269265805438408e-08,2.1792931875097565e-05,0.9999780654907227,1.0
436,2,1,1,3.879091309499927e-06,0.9999960660934448,3.3904417051644486e-08,1.0
437,4,2,2,4.112313831683423e-07,4.038049155496992e-06,0.9999955892562866,0.99967360496521
438,2,2,2,8.410162081418093e-06,1.3858463717042468e-05,0.999977707862854,1.0
439,0,2,2,4.3935666216299296e-10,2.100639884261568e-09,1.0,0.9999998211860657
440,0,2,2,9.776385430371182e-12,8.427416750556027e-12,1.0,0.9999507665634155
441,3,2,2,2.058253345538219e-09,4.871298528996704e-07,0.9999995231628418,0.9949092268943787
442,0,2,2,0.00033527755294926465,0.00016595367924310267,0.999498724937439,1.0
443,2,1,1,5.0247956096427515e-05,0.9999388456344604,1.0896605090238154e-05,1.0
444,0,1,1,4.775512024934869e-06,0.999995231628418,3.277881788221748e-08,1.0
445,2,2,2,1.2466133160471404e-11,7.452488404169344e-09,1.0,0.9999989867210388
446,0,2,2,1.3382386310212269e-09,9.418424440355011e-08,0.9999998807907104,1.0
447,2,2,2,8.404769005210255e-07,1.4817583178228233e-05,0.9999843835830688,1.0
448,4,1,1,1.4495037170547675e-08,1.0,5.328529284476247e-10,0.9998820424079895
449,1,2,2,1.0666710892337505e-07,2.0153217406004842e-07,0.9999996423721313,1.951240558017986e-11
451,1,2,2,2.567839374023606e-06,5.612087988993153e-05,0.9999412298202515,7.57176642890954e-15
452,3,2,2,8.129281923174858e-07,4.304528556531295e-05,0.9999561309814453,0.9980836510658264
453,1,2,2,1.7643386627241853e-06,0.00011133914085803553,0.9998868703842163,2.3058914777607242e-09
456,3,2,2,1.9945405327348453e-09,5.381285639316502e-09,1.0,0.9992851614952087
458,0,2,2,1.1574597920116503e-06,4.457996510609519e-06,0.9999943971633911,1.0
459,3,2,2,2.937534382407847e-10,1.7104854421745586e-08,1.0,0.9997857213020325
461,4,1,1,7.606874419252563e-08,0.9999998807907104,5.2633799541013104e-09,0.9997046589851379
463,0,2,2,0.003271132241934538,0.0007187509909272194,0.9960101842880249,0.9999998807907104
464,3,1,1,0.0022778608836233616,0.996311366558075,0.001410811790265143,0.99945068359375
465,2,1,1,1.6169254024589463e-07,0.9999983310699463,1.4654957567472593e-06,1.0
466,0,1,1,9.929473890224472e-06,0.9999897480010986,2.6980373490914644e-07,0.999989926815033
467,4,1,1,6.074244993214961e-06,0.99998939037323,4.4842486204288434e-06,0.99993497133255
468,3,1,1,7.036623514977691e-07,0.9999991655349731,1.23793782336179e-07,0.999519407749176
469,0,1,1,1.0470811503182631e-05,0.9999884366989136,1.1030914492948796e-06,1.0
471,1,1,1,2.8285052078302897e-09,1.0,4.212628024191645e-09,6.592767792876069e-28
472,2,2,2,5.6807785142609646e-09,1.572144299188949e-07,0.9999998807907104,1.0
473,0,1,2,0.040134575217962265,0.017009355127811432,0.9428560137748718,1.0
476,2,1,1,6.900056064296223e-07,0.9999992847442627,6.078320780034119e-08,1.0
477,2,2,0,0.744421660900116,0.01961100473999977,0.23596732318401337,1.0
478,4,2,2,6.887614922845842e-09,2.802150511627133e-09,1.0,0.9920448064804077
480,2,2,2,1.5193204490060452e-05,0.00011889710003742948,0.9998658895492554,1.0
481,1,2,2,1.716121732897591e-05,0.0003661826194729656,0.9996166229248047,4.916428050262545e-13
482,3,2,2,7.864243525546044e-05,8.415529919147957e-06,0.9999128580093384,0.9994911551475525
483,0,2,2,3.9240873661583464e-07,1.28874347637975e-07,0.9999995231628418,1.0
484,0,2,2,6.514761139442271e-07,1.1722137060132809e-05,0.9999877214431763,0.9999916553497314
485,0,2,2,1.1904316508243307e-12,1.3844345669866698e-09,1.0,0.9999997615814209
486,1,2,2,2.081658179164947e-09,2.9420689884318563e-07,0.9999997615814209,6.955480813530812e-08
487,0,2,2,5.777109476565179e-13,7.886641339993616e-11,1.0,0.999998152256012
489,2,1,1,8.819299779361245e-08,0.9999998807907104,2.097794116195928e-08,1.0
491,3,2,2,1.0596460015221965e-05,0.00013738067355006933,0.9998519420623779,0.9998648166656494
492,4,2,2,1.6747419806506514e-07,3.8072138863753935e-07,0.9999995231628418,0.9996832609176636
493,4,2,2,2.731733415861637e-11,3.272829340872363e-09,1.0,0.9979221224784851
494,2,2,2,3.515667401643441e-07,5.282929851091467e-05,0.9999468326568604,1.0
495,2,2,2,7.850990186852869e-06,2.403345024504233e-05,0.9999680519104004,1.0
496,2,2,0,0.5626932978630066,0.0004357706638984382,0.4368709921836853,1.0
497,3,2,2,0.000175774737726897,5.3423715144163e-05,0.9997708201408386,0.9993583559989929
499,1,2,2,2.5768579803298053e-07,1.4949615660952986e-06,0.9999982118606567,2.3504813384533918e-07
500,4,1,1,2.868092652263954e-09,1.0,4.241649045888529e-11,0.9997902512550354
501,3,2,2,6.316061562650077e-10,1.1930596883757971e-05,0.9999880790710449,0.9995054006576538
502,1,1,1,0.0014136710669845343,0.9984462857246399,0.00014003721298649907,2.8162110427034086e-28
503,3,2,2,2.6163262528688946e-11,1.204215616112947e-09,1.0,0.9958917498588562
504,0,1,1,0.017730286344885826,0.9807056784629822,0.001564093865454197,0.9999930262565613
506,2,2,2,2.7411963324230904e-11,3.534577795380467e-12,1.0,1.0
507,0,2,2,2.791560038684082e-10,1.0682681822471451e-10,1.0,0.9999983906745911
508,1,2,2,1.5603427527821623e-07,2.4667565767799715e-08,0.9999998807907104,4.124562380525276e-08
511,0,2,2,2.1485913973017835e-15,8.13726202305437e-13,1.0,0.9999995231628418
512,2,2,2,6.203169959917432e-06,5.499657618202036e-06,0.999988317489624,1.0
513,2,2,2,2.943638151009509e-07,7.756259492452955e-07,0.999998927116394,1.0
514,0,1,1,0.00033682704088278115,0.9996607303619385,2.41576549342426e-06,0.9999955296516418
515,0,1,1,6.33821400697343e-05,0.9999362230300903,3.466942928298522e-07,0.9999995827674866
516,2,2,2,4.798784516424348e-07,9.953293192666024e-05,0.9998999834060669,1.0
517,4,2,2,0.4186449944972992,0.011292482726275921,0.5700624585151672,0.9995924234390259
518,3,2,2,2.656521974131465e-05,7.763323992548976e-06,0.9999656677246094,0.9965407848358154
519,4,2,2,4.0152184510588995e-07,5.714540293411119e-06,0.9999939203262329,0.9996164441108704
520,3,2,2,4.609608339478655e-08,9.355861038784496e-06,0.999990701675415,0.9989312887191772
521,1,2,2,4.577629795221583e-07,1.670284655119758e-05,0.9999828338623047,9.164130565508799e-10
522,0,1,1,2.503970972611569e-05,0.9999746084213257,3.9618140590391704e-07,0.9999990463256836
523,1,2,2,3.9148368102814857e-08,8.128112085614703e-07,0.9999991655349731,8.749308569311331e-12
524,1,2,2,7.306477414203982e-07,6.302479960140772e-08,0.9999991655349731,3.5171185408522376e-10
525,4,2,2,1.3558803857449675e-06,7.190824817371322e-06,0.9999915361404419,0.9977510571479797
526,3,2,2,2.4116875465551857e-06,0.00028122917865402997,0.9997163414955139,0.9998309016227722
527,3,2,2,4.3924865167355165e-07,3.136484883725643e-05,0.9999681711196899,0.9998639225959778
528,2,2,2,1.8434802768751979e-06,7.535073109465884e-06,0.999990701675415,1.0
529,2,2,2,8.517243442647537e-13,6.328262133065143e-12,1.0,1.0
530,2,2,2,0.2720291018486023,0.34993818402290344,0.37803271412849426,1.0
533,2,2,2,1.1313663764514481e-12,1.4831639250090234e-09,1.0,1.0
534,0,2,2,5.538210515187991e-12,2.5003664069767062e-11,1.0,0.9994892477989197
535,3,2,2,7.584962531836936e-06,0.00030410144245252013,0.9996882677078247,0.9998992085456848
537,2,1,1,0.00012216145114507526,0.9998770952224731,7.601419156344491e-07,1.0
538,2,2,2,1.1313663764514481e-12,1.4831639250090234e-09,1.0,1.0
539,2,2,2,1.6176451289595661e-09,7.005453106501136e-09,1.0,1.0
540,2,2,2,2.158922129610885e-12,1.948164025933341e-11,1.0,1.0
542,3,2,2,3.6095101907385185e-10,3.6199869555275654e-06,0.9999964237213135,0.9641289114952087
544,0,2,2,1.1319939430265435e-09,8.08991131862058e-08,0.9999998807907104,0.9999959468841553
546,2,2,2,2.0824486612110865e-13,8.998769611412438e-12,1.0,1.0
547,3,2,2,3.6985151382396e-05,0.0003604419471230358,0.9996026158332825,0.9999154806137085
548,0,2,2,2.0224277808011948e-10,4.670929865113749e-09,1.0,1.0
549,3,2,2,4.4419745659496357e-10,6.455868284405142e-09,1.0,0.9996797442436218
550,2,2,1,0.0028755799867212772,0.7906575202941895,0.2064668983221054,1.0
551,4,2,2,2.2107982999841624e-08,7.559765435871668e-08,0.9999998807907104,0.9995434284210205
552,4,2,2,2.941347020168905e-06,6.200139614520594e-05,0.9999350309371948,0.9999741315841675
553,2,2,2,5.793746140625444e-07,1.3463411505654221e-06,0.9999980926513672,1.0
554,3,2,2,6.380377129411308e-12,4.158352481797856e-12,1.0,0.9945847988128662
555,4,2,2,1.0850654064142873e-07,1.9798897028522333e-06,0.9999978542327881,0.9983850717544556
556,2,1,1,0.06444244831800461,0.9066070914268494,0.02895042672753334,1.0
557,4,2,2,3.1162471714196727e-06,1.2493051144701894e-05,0.9999843835830688,0.9997931122779846
558,0,1,1,0.0004049698181916028,0.9995637536048889,3.12567462970037e-05,0.9999980926513672
560,1,2,2,7.686207368351461e-07,2.0770414266735315e-05,0.9999785423278809,9.470273042600386e-15
561,1,2,2,5.638494621962309e-05,0.0001289666397497058,0.9998146891593933,1.0392018530967252e-14
562,3,2,2,1.0683340878614445e-09,1.7601853414817015e-06,0.9999982118606567,0.9992737174034119
563,0,2,2,1.576458075192022e-08,2.52118354637787e-07,0.9999997615814209,0.9999998807907104
565,2,2,2,1.74061660800362e-05,2.2778996935812756e-05,0.9999598264694214,1.0
566,3,2,2,0.023315852507948875,0.004847769625484943,0.971836268901825,0.9997249841690063
567,3,2,2,1.0812733535203733e-06,1.1909246495633852e-05,0.999987006187439,0.9999017715454102
568,4,2,2,2.461745225446066e-06,8.390760194743052e-05,0.9999135732650757,0.9999060034751892
570,4,2,2,0.004983488470315933,0.0020445301197469234,0.9929720759391785,0.9999521970748901
572,1,2,2,1.8177868099655825e-08,4.436094869220142e-08,1.0,6.08748118580138e-09
573,3,2,2,5.67690651431807e-11,2.027435286322543e-08,1.0,0.9993724822998047
574,4,2,2,2.8077722618036205e-06,1.0489212399988901e-05,0.9999866485595703,0.9893423318862915
575,2,2,2,0.1719575971364975,0.10943794250488281,0.7186045050621033,1.0
576,3,2,2,6.078662977415661e-07,8.27010899229208e-06,0.9999911785125732,0.9998867511749268
577,3,2,2,1.640228038013447e-05,6.650416617048904e-05,0.9999170303344727,0.9980480670928955
578,0,2,2,1.6378889995394275e-06,0.00010399237362435088,0.999894380569458,1.0
580,3,2,2,6.363954889820889e-05,0.00015211816935334355,0.9997842907905579,0.99103182554245
581,3,1,1,0.00019795683328993618,0.9997972846031189,4.7454232117161155e-06,0.9998238682746887
582,2,2,2,3.3173588320778435e-08,1.6023228965877934e-08,1.0,1.0
583,2,1,1,7.901233516349748e-07,0.9999991655349731,1.9834393683026974e-08,1.0
585,3,2,2,3.1633298931410536e-05,5.0138314691139385e-05,0.9999182224273682,0.9992202520370483
586,2,2,2,2.2123943210772268e-07,0.0001809200330171734,0.9998188614845276,1.0
588,2,2,2,3.97789472117438e-06,6.228592155821389e-06,0.9999898672103882,1.0
589,1,2,2,1.598475682840217e-05,1.2859151865995955e-05,0.9999711513519287,8.744571005081525e-07
591,4,2,2,8.432241429545684e-07,3.4329882510064635e-06,0.9999957084655762,0.9998834133148193
592,0,2,2,0.002155562862753868,3.891612504958175e-05,0.9978055357933044,1.0
594,1,2,2,4.575235288939439e-05,2.5662723146524513e-06,0.9999516010284424,4.889562828498687e-19
595,0,2,2,5.402504257290275e-07,2.327383619160628e-08,0.9999994039535522,1.0
596,1,2,2,2.530073262008159e-09,2.1974113906253478e-07,0.9999997615814209,2.5897486423095948e-17
597,4,2,2,1.868660642889708e-10,4.3431339080690634e-10,1.0,0.9967520236968994
598,2,2,2,3.1809327083465178e-06,1.7373665173181507e-08,0.9999967813491821,1.0
600,1,2,2,1.4065299183130264e-06,1.2246999858689378e-06,0.9999973773956299,3.1258744481732492e-09
601,4,2,2,2.2258672682795577e-10,1.2956436989952635e-07,0.9999998807907104,0.9998863339424133
602,1,2,2,3.8638062194173983e-10,2.8523551520720503e-08,1.0,3.654136833119992e-07
603,4,2,2,3.4760705602820963e-07,6.531264807563275e-05,0.9999343156814575,0.9999881386756897
604,3,2,2,1.1271998118900228e-05,7.2516709224146325e-06,0.9999814033508301,0.9977035522460938
605,2,2,2,0.00010421503247926012,5.234427590039559e-05,0.9998434782028198,1.0
606,1,2,2,2.0117720822554475e-08,4.1186652310898353e-07,0.9999996423721313,1.4328893732720456e-16
607,0,2,2,1.7824131927357545e-12,2.307517371624712e-11,1.0,0.9999998807907104
609,4,2,2,0.00010102956730406731,6.857049356767675e-06,0.999891996383667,0.9829269647598267
610,4,2,2,3.4649818569931767e-09,1.4781518231643531e-08,1.0,0.9996955394744873
612,1,2,2,0.00016804026381578296,0.2833707332611084,0.7164613008499146,6.770390996967135e-13
613,3,2,2,3.5791590562439524e-06,0.00012842402793467045,0.9998680353164673,0.9994553923606873
614,1,2,2,1.920215737527542e-07,3.438567318880814e-06,0.9999963045120239,3.8615540688624606e-05
615,4,1,1,1.2643392999223124e-09,1.0,4.192516556145165e-09,0.9990288615226746
616,3,2,2,4.990247770564338e-09,3.483651767055562e-07,0.9999996423721313,0.999891459941864
619,0,2,2,3.0048877306398936e-05,5.146314833837096e-06,0.9999648332595825,0.9999768137931824
620,2,2,2,4.461503522179555e-06,1.6090281178549048e-06,0.9999940395355225,1.0
621,1,2,2,0.0036460740957409143,0.00021502914023585618,0.996138870716095,2.0671565847951712e-10
623,0,1,1,0.0011271695839241147,0.9988289475440979,4.389144669403322e-05,1.0
624,2,2,2,0.0003148576070088893,0.000411015294957906,0.9992741942405701,1.0
625,3,2,2,6.0947586462134495e-05,5.538972231988737e-07,0.9999384880065918,0.9811121225357056
626,2,2,2,0.04134701192378998,3.896498310496099e-05,0.9586140513420105,1.0
628,2,2,2,6.896770654574169e-11,1.9434571139897994e-12,1.0,1.0
629,1,2,2,2.55264524184895e-07,4.621412244887324e-06,0.9999951124191284,2.4611070330138318e-05
631,4,2,2,0.0004900112980976701,0.000716519309207797,0.9987934827804565,0.999981701374054
632,0,1,1,3.7589488783851266e-06,0.9999961853027344,7.61526592896189e-08,0.9999834895133972
633,4,1,1,1.081251568280095e-07,0.9999997615814209,8.977391274811453e-08,0.9997223019599915
634,0,1,1,9.805999980017077e-06,0.999987006187439,3.1524718906439375e-06,0.9999996423721313
635,3,2,0,0.8855732679367065,0.0166119784116745,0.09781479835510254,0.9999645948410034
636,2,2,2,0.36539962887763977,0.02708335779607296,0.6075170040130615,1.0
637,3,1,1,1.2794191206921823e-05,0.9999306201934814,5.6633092754054815e-05,0.9999254941940308
639,3,2,2,5.7146690157772184e-11,6.284824216606921e-09,1.0,0.9997647404670715
640,4,1,1,1.814553840517874e-09,1.0,7.298199267147254e-10,0.9990679621696472
641,4,2,2,0.3672071397304535,0.04628986492753029,0.5865030884742737,0.9998041987419128
642,2,2,2,3.700666217909543e-09,7.477148677992318e-09,1.0,1.0
643,3,1,1,1.634017735341331e-06,0.9999979734420776,3.75799316998382e-07,0.9997141361236572
644,2,1,1,0.0006374409422278404,0.9993540644645691,8.532089850632474e-06,1.0
645,2,1,1,4.512011742008326e-07,0.9999861717224121,1.3433068488666322e-05,1.0
646,3,1,1,2.1098241376193982e-08,1.0,2.657449149623403e-09,0.9999271631240845
647,2,2,2,1.6701481087011416e-08,2.2125200871414563e-07,0.9999997615814209,1.0
648,3,2,2,5.836822225546712e-08,8.400056117352506e-08,0.9999998807907104,0.9979022741317749
649,3,2,2,2.8450389266687637e-10,7.963437909097593e-09,1.0,0.9988889098167419
650,3,2,2,0.015383065678179264,0.006215533707290888,0.9784013628959656,0.9990656971931458
651,1,2,2,0.0002363202511332929,1.1177847909493721e-06,0.9997625946998596,1.7438542272429913e-05
655,2,2,2,3.744842302921825e-08,1.40647784974135e-06,0.9999985694885254,1.0
656,0,1,1,9.361125194118358e-06,0.9999896287918091,1.0268107644151314e-06,1.0
657,2,2,2,1.512213965160214e-10,2.147736433144587e-10,1.0,1.0
658,3,1,1,2.193212822021451e-05,0.999970555305481,7.494787496398203e-06,0.999811589717865
659,2,2,2,2.248944953875398e-11,1.1273835198721827e-08,1.0,1.0
660,4,2,2,4.0519785216019955e-07,7.517870926676551e-06,0.9999921321868896,0.999801516532898
661,1,2,2,7.314008030334662e-07,1.8529631233832333e-06,0.9999973773956299,2.575762341640303e-16
662,2,2,2,0.3728283643722534,0.007643542718142271,0.61952805519104,1.0
663,0,2,2,0.00024332657631020993,0.0002573555684648454,0.9994993209838867,1.0
665,4,1,1,0.0004645274020731449,0.9994478821754456,8.763325604377314e-05,0.9999796152114868
666,1,2,2,9.151534781717818e-13,2.0346551110606015e-09,1.0,0.00014862410898786038
667,1,2,2,3.55870360957411e-10,9.904671571803192e-08,0.9999998807907104,1.6027691597964716e-13
668,4,1,1,3.246946960189234e-07,0.9999996423721313,6.866891055778979e-08,0.9999614357948303
669,2,1,1,9.247233201392646e-09,1.0,1.7569925514493434e-09,1.0
670,0,2,2,1.4541357984398928e-07,8.40503673771309e-07,0.9999990463256836,1.0
671,4,2,2,8.217790597314645e-13,8.849313642977918e-11,1.0,0.9970687627792358
672,0,1,1,7.192933480837382e-06,0.9999918937683105,9.442168220630265e-07,0.9999999403953552
673,3,2,2,7.438024501871254e-11,6.299573751533671e-09,1.0,0.9995191097259521
674,2,1,1,0.09484303742647171,0.8958728909492493,0.009284025058150291,1.0
675,2,2,2,5.2859328242629844e-14,1.3690193943760587e-11,1.0,1.0
676,0,2,2,4.130765868248787e-11,5.374069592112285e-11,1.0,0.9999967217445374
677,2,2,2,3.219092903350429e-08,3.312894847340431e-08,1.0,1.0
678,0,1,1,2.1207337340456434e-05,0.9999756813049316,3.152670615236275e-06,1.0
679,3,2,2,1.1362024451955222e-05,0.0001327213685726747,0.9998558759689331,0.999909520149231
681,4,1,1,0.0010388171067461371,0.998143196105957,0.0008179509313777089,0.9997913241386414
682,2,1,1,4.687239561462775e-05,0.9999454021453857,7.71793111198349e-06,1.0
684,3,2,2,3.165774487001727e-08,1.2564027201733552e-05,0.9999874830245972,0.9998713135719299
685,1,2,2,0.16098926961421967,0.21892131865024567,0.6200894117355347,8.836118513637226e-26
686,4,2,2,0.00105478020850569,0.0004940447397530079,0.9984511137008667,0.999724805355072
688,3,2,2,6.790008555412896e-10,1.4633399132435443e-06,0.9999985694885254,0.9992824792861938
689,2,2,2,2.4032929104578216e-06,3.0383653211174533e-06,0.9999946355819702,1.0
691,4,1,1,1.5199614153971197e-06,0.9999963045120239,2.185919811381609e-06,0.9987042546272278
692,4,2,2,2.27347481995821e-06,4.094876567251049e-05,0.9999567270278931,0.9998688697814941
694,3,1,1,2.8258741622266825e-06,0.9999957084655762,1.4502900285151554e-06,0.9999315142631531
695,2,2,2,1.0808369310666421e-08,1.2625567258339743e-08,1.0,1.0
696,4,2,2,3.499842193832592e-07,3.428122363402508e-05,0.9999653100967407,0.9996136426925659
697,4,2,2,1.9651578142543258e-09,6.437058175379207e-08,0.9999998807907104,0.9975309371948242
699,0,2,2,6.019045173388804e-08,4.948689138473128e-07,0.9999994039535522,1.0
700,3,2,2,8.790794758795073e-09,1.0719803356096236e-07,0.9999998807907104,0.9994577169418335
702,2,1,1,0.001108197495341301,0.9987847208976746,0.00010708223271649331,1.0
703,3,2,2,0.00025708109023980796,5.468037124956027e-05,0.9996882677078247,0.9999850392341614
705,1,2,2,1.6501077197972336e-06,3.5861270589521155e-05,0.9999624490737915,1.0653122366189021e-14
706,1,2,2,5.859733391844202e-06,2.6535784058978606e-07,0.9999939203262329,1.5641684157285886e-15
708,4,1,1,9.698025493776186e-09,1.0,3.3943403643377223e-10,0.9987311959266663
710,3,2,2,6.885772307896332e-08,0.0002125747560057789,0.9997872710227966,0.9968144297599792
711,3,2,2,1.2429804963076663e-09,4.91309629069292e-06,0.9999951124191284,0.9999425411224365
713,2,1,1,2.7000806035459846e-09,1.0,2.4244439789100625e-09,1.0
714,2,1,1,0.0005409646546468139,0.9994027614593506,5.62620407436043e-05,1.0
715,0,1,1,2.0176242898628516e-09,1.0,9.95951054960642e-09,1.0
716,0,2,2,1.5161387700857176e-09,5.381256755754293e-07,0.9999994039535522,0.9999998211860657
717,3,2,2,2.983551610213908e-07,0.0007410718826577067,0.9992585778236389,0.9998255372047424
718,4,2,2,2.800853735607234e-07,7.863309292588383e-08,0.9999996423721313,0.9998610019683838
719,1,2,2,2.1987725631333888e-06,9.374686487717554e-05,0.9999041557312012,3.021757513264542e-14
720,2,2,2,1.813533047692606e-13,2.2520333308687773e-13,1.0,1.0
721,4,2,2,0.003141718218103051,0.02991211786866188,0.9669461846351624,0.9998577237129211
722,4,2,1,0.2743697762489319,0.6675196290016174,0.058110568672418594,0.9999638199806213
723,2,2,2,2.183605647587683e-05,2.132573854396469e-06,0.9999760389328003,1.0
724,4,2,2,6.368389193767143e-08,1.9383908238523873e-06,0.9999979734420776,0.9999382495880127
725,1,1,1,0.0006144947255961597,0.9963801503181458,0.0030054200906306505,7.938025333095184e-27
726,2,1,1,7.445824845575544e-09,1.0,8.681352303696599e-10,1.0
727,4,1,1,6.669808954029577e-07,0.9999992847442627,6.241268124540511e-08,0.999928891658783
728,0,2,2,0.0005898422678001225,5.6640947150299326e-06,0.9994044303894043,1.0
729,3,2,2,9.48864999372745e-06,0.002611371921375394,0.9973791837692261,0.9995837211608887
730,3,2,2,2.723231773416046e-08,1.6598558971736566e-08,1.0,0.9999372363090515
731,3,1,1,3.902193384419661e-06,0.9999085664749146,8.756427268963307e-05,0.9999064803123474
735,2,1,1,5.681773385113331e-10,1.0,4.1676950779390154e-10,1.0
737,3,1,1,7.483629360649502e-08,0.9999998807907104,9.132111067344795e-09,0.9998735785484314
738,2,2,2,1.813533047692606e-13,2.2520333308687773e-13,1.0,1.0
739,4,2,2,5.1709583203773946e-05,0.0003612537984736264,0.9995869994163513,0.9999833703041077
740,4,1,1,7.992131956235937e-10,1.0,7.130737667004894e-11,0.9998523592948914
741,1,2,2,1.3911632956720155e-09,4.003521780759911e-08,1.0,1.0237615616359719e-10
742,2,2,2,0.0016754777170717716,2.7386540750740096e-05,0.9982971549034119,1.0
743,2,2,2,8.730682149460378e-11,2.4264829034947866e-10,1.0,1.0
744,4,1,1,6.174120659174775e-10,1.0,2.3672090329607265e-11,0.9995470643043518
745,4,2,2,2.439213915295113e-07,1.0054736776510254e-07,0.9999996423721313,0.999769389629364
747,3,2,2,0.0010282311122864485,0.0011789480922743678,0.9977927207946777,0.9995075464248657
748,0,2,2,6.146072539792158e-10,4.2450432147234096e-07,0.9999995231628418,1.0
749,2,2,2,1.835117526654531e-16,9.99212106285452e-13,1.0,1.0
750,0,1,2,0.14815586805343628,0.026574693620204926,0.8252694606781006,1.0
751,2,2,2,3.3110479961094563e-13,3.826830345665666e-12,1.0,1.0
752,3,1,1,4.331223408371443e-06,0.9999946355819702,1.0543679991315003e-06,0.9999299645423889
753,4,2,2,8.116717071970925e-05,0.0026682396419346333,0.997250497341156,0.9999624490737915
755,2,2,2,3.4172446703450987e-06,4.542561327980366e-06,0.9999920129776001,1.0
756,2,2,2,1.537847627020028e-11,1.232006496820759e-09,1.0,1.0
757,4,2,2,0.010972375981509686,0.0011416136985644698,0.9878859519958496,0.9999716877937317
758,4,2,2,3.8010836078683496e-07,3.705262088260497e-06,0.9999959468841553,0.9999880194664001
759,4,1,1,2.270486403055383e-11,1.0,4.0477763827394264e-13,0.9998962879180908
760,3,2,2,1.2788934782292927e-06,4.842282214667648e-05,0.9999502897262573,0.9999552369117737
761,1,2,2,9.62876356425113e-08,1.576656849522351e-08,0.9999998807907104,1.012292357516285e-15
762,1,2,2,1.5320152257913833e-08,2.4776107238722034e-05,0.9999752044677734,1.9857246513765858e-08
763,4,1,1,4.670531694728197e-08,0.9999980926513672,1.851198248914443e-06,0.9999188184738159
764,4,2,2,0.010972375981509686,0.0011416136985644698,0.9878859519958496,0.9999716877937317
765,2,2,2,9.062811612281507e-10,9.736020274431212e-07,0.9999990463256836,1.0
767,1,2,2,5.364096296034404e-07,3.3040149105545424e-07,0.9999991655349731,3.856219433903867e-22
768,1,1,1,0.00012370046169962734,0.9998757839202881,4.91785556278046e-07,2.672527087749614e-18
769,3,2,2,2.226557171525201e-06,2.897684225899866e-06,0.9999948740005493,0.9938514828681946
770,0,2,2,1.58004809236445e-09,5.511739118446712e-07,0.9999994039535522,1.0
771,3,2,2,9.039407018462953e-07,1.4718210650244146e-07,0.999998927116394,0.9993727803230286
772,2,2,2,1.8366909104727824e-09,6.755617505405098e-06,0.9999932050704956,1.0
773,4,2,2,9.012608437330982e-10,1.7098973330575973e-06,0.9999983310699463,0.9998793005943298
774,3,2,2,1.0987452014887822e-07,9.600885277905036e-07,0.999998927116394,0.9993953704833984
775,2,1,1,1.2719130637606213e-08,1.0,9.124185296194298e-10,1.0
777,0,2,2,8.771258580964059e-05,0.0004493032465688884,0.9994630217552185,1.0
778,1,1,1,4.395085628772222e-09,1.0,4.008080534134706e-09,4.02972111781095e-31
779,2,2,2,4.75642400488141e-06,7.141423793655122e-06,0.9999880790710449,1.0
780,2,1,1,1.0065519084889729e-08,1.0,2.0425212632346756e-09,1.0
781,3,2,2,5.442104100694678e-09,1.56306680310081e-06,0.9999984502792358,0.9995251297950745
782,0,2,2,1.1954294569212556e-14,1.9231768955130235e-11,1.0,0.9999735951423645
783,2,1,1,0.0010971088195219636,0.9979512095451355,0.0009517495636828244,1.0
784,2,2,2,0.00013833126286044717,0.0005441991961561143,0.9993175268173218,1.0
785,3,2,2,2.1419149121015835e-08,3.157051105517894e-05,0.999968409538269,0.9999398589134216
787,4,2,2,3.1631248731400774e-08,0.0005901926779188216,0.9994097948074341,0.9998977184295654
788,0,2,2,1.1308376087981742e-05,3.7721576973126503e-06,0.999984860420227,0.9999989867210388
789,3,2,2,6.079606862385845e-08,6.675833787994634e-07,0.9999991655349731,0.9998669028282166
790,3,2,2,2.0472116091241332e-07,5.41752478966373e-06,0.9999943971633911,0.9977987408638
791,3,1,1,3.022480541403638e-06,0.9999951124191284,1.8221625168735045e-06,0.9998981952667236
792,1,2,2,6.802893182111802e-08,4.247996912454255e-06,0.9999955892562866,2.6299813021823937e-11
793,3,2,2,2.5263955194532173e-06,5.537183369597187e-07,0.9999969005584717,0.9951972961425781
794,1,2,2,3.335297593665132e-10,1.0000493766426644e-08,1.0,0.00766668701544404
795,2,1,1,2.3296783183468506e-05,0.9999761581420898,5.619090188702103e-07,1.0
796,4,1,1,1.7228416471226637e-09,1.0,1.3258448505748532e-10,0.9999647736549377
797,2,2,2,9.948720069985484e-09,5.970186407466826e-07,0.9999994039535522,1.0
799,1,1,2,0.00026557911769486964,0.0001701073197182268,0.9995642304420471,3.113744711113103e-21
800,0,2,2,3.0796505345875858e-09,1.0278638384875194e-08,1.0,1.0
801,4,1,1,1.904655988482773e-07,0.9999997615814209,5.38508393432835e-09,0.9999449253082275
802,0,2,2,2.7239498850972765e-11,7.506237298393614e-10,1.0,1.0
803,1,1,1,2.984309617204417e-07,0.9999996423721313,6.181017653261733e-08,4.897528177990945e-36
805,1,2,2,4.890185323347396e-07,4.1390404703633976e-07,0.9999991655349731,4.537004927025572e-15
806,1,2,2,2.9053773687337525e-05,1.119784656111733e-06,0.9999698400497437,5.2493240241450995e-25
807,0,2,2,6.395123874902708e-10,4.160448554557661e-07,0.9999996423721313,0.9999943971633911
809,3,2,2,0.11771544814109802,0.006386898458003998,0.8758977055549622,0.9974398612976074
812,0,2,2,2.6172532585633235e-08,9.577879467315142e-08,0.9999998807907104,0.9999582171440125
813,2,2,2,2.291616283400799e-06,2.8668789582297904e-06,0.9999948740005493,1.0
815,3,2,2,1.288219086958975e-09,8.492640546364782e-08,0.9999998807907104,0.9998261332511902
816,3,2,2,7.349948560886332e-08,6.835464461119045e-08,0.9999997615814209,0.9988135099411011
818,3,2,2,2.0278994270483963e-05,2.857408389900229e-07,0.9999794960021973,0.9953277707099915
819,0,1,1,9.229624842177486e-10,1.0,6.6262191289467864e-09,1.0
820,2,2,2,1.2951371086700192e-09,6.693053888895406e-10,1.0,1.0
822,4,2,2,1.5656308249845097e-08,2.6960424293065444e-06,0.9999972581863403,0.9989731907844543
823,1,1,1,3.829891568329913e-07,0.9999750852584839,2.450322062941268e-05,3.399848026912191e-20
824,2,2,2,1.0103893146151677e-05,4.5614993723575026e-05,0.9999442100524902,1.0
825,3,2,2,7.102853771812079e-08,1.7819835420596064e-06,0.9999980926513672,0.9997793436050415
827,3,2,2,3.6514171597445966e-07,4.197758229906867e-08,0.9999996423721313,0.9948835968971252
828,3,2,2,0.00013415972352959216,4.411337613419164e-06,0.9998613595962524,0.9972004294395447
829,4,2,2,9.922464759559713e-12,3.4701872486664342e-09,1.0,0.9983289241790771
830,3,2,2,2.369323903739229e-10,1.0872241773540736e-07,0.9999998807907104,0.991207480430603
831,4,1,1,0.0009578083408996463,0.9889097809791565,0.010132400318980217,0.9998579621315002
832,0,1,1,1.0379210380051518e-08,1.0,1.7501703197808638e-08,1.0
833,2,2,2,0.0006788080208934844,0.24969521164894104,0.7496259808540344,1.0
834,3,2,2,7.231121812445451e-10,1.3973309620496366e-08,1.0,0.9770122170448303
835,1,2,2,1.9465626621695264e-07,1.7100178695272916e-07,0.9999996423721313,4.5467390963338516e-10
836,1,2,2,1.97040535567794e-05,0.00017087397282011807,0.9998094439506531,6.493948174340902e-12
837,4,2,2,0.00035465843393467367,5.62555251235608e-05,0.9995891451835632,0.9976306557655334
838,2,1,1,1.242904818354873e-05,0.9998177886009216,0.000169810198713094,1.0
839,2,1,1,3.749743768821645e-07,0.9999995231628418,6.609860037087856e-08,1.0
840,4,2,2,5.8120123867411166e-05,0.0003073786210734397,0.9996345043182373,0.9999261498451233
843,0,1,1,7.80888131934887e-11,1.0,4.188508220814846e-11,1.0
845,3,1,1,2.9586518124347094e-08,1.0,6.520578299529234e-09,0.9996705651283264
846,0,2,2,0.21866141259670258,0.2162661850452423,0.5650723576545715,1.0
847,1,2,2,8.450894711131696e-06,4.777190406457521e-05,0.999943733215332,4.0219385981365985e-12
848,3,2,2,4.493977634467683e-09,1.4349109456190945e-08,1.0,0.9996286034584045
849,0,1,1,3.500842638004542e-08,0.9999998807907104,2.931917109094684e-08,1.0
850,2,2,2,5.080856624317676e-09,4.6139744802609073e-10,1.0,1.0
851,4,1,1,1.222627906827256e-05,0.9999858140945435,1.903479187603807e-06,0.9998563528060913
852,2,1,1,1.8364880816079676e-06,0.999997615814209,5.0376337412672e-07,1.0
853,4,1,1,1.6924938961437874e-07,0.9999997615814209,3.8843658956011495e-08,0.9993448853492737
854,1,1,1,0.08555343002080917,0.904269814491272,0.010176795534789562,3.513575573481857e-34
855,0,1,1,1.580590833327733e-05,0.9999831914901733,1.0214938583885669e-06,0.9999988079071045
856,3,2,2,9.844943527070882e-09,1.850492139965354e-06,0.9999980926513672,0.9994266629219055
857,0,2,2,2.7107551365266117e-14,3.758521705671258e-12,1.0,0.999993622303009
858,0,1,2,1.4174946727507631e-06,0.094206802546978,0.9057918190956116,0.9999986290931702
860,2,2,2,1.2172478303096312e-11,2.0839378833681366e-10,1.0,1.0
861,1,2,2,2.3642198812012793e-06,1.0585688869468868e-05,0.999987006187439,2.2691784215544963e-11
862,4,1,1,0.3925985097885132,0.5831934809684753,0.024208074435591698,0.99649578332901
863,4,2,2,8.836960319058562e-08,3.931695573555771e-07,0.9999995231628418,0.9787843823432922
864,0,2,2,8.05675455239907e-08,2.338224931008881e-06,0.9999974966049194,0.9999991059303284
865,1,1,1,7.582694472318963e-09,1.0,6.752438608259581e-09,5.55110059766777e-37
866,2,2,2,3.222418456516607e-07,1.1851225281134248e-05,0.9999878406524658,1.0
867,0,1,1,1.6927179102843581e-10,1.0,5.357523313875845e-10,1.0
868,1,2,2,1.196617176901782e-06,2.4630596726638032e-06,0.9999963045120239,4.068279935154351e-09
869,1,2,2,1.3095400319684813e-08,2.2915514819032978e-08,1.0,2.0839727721266854e-09
870,4,2,2,1.2616928335429378e-11,1.1550066147947291e-07,0.9999998807907104,0.9998108148574829
871,3,2,2,1.274998440159436e-10,5.161403464626346e-07,0.9999995231628418,0.989217221736908
872,0,1,1,0.002149116713553667,0.9977198243141174,0.00013103900710120797,0.9999998211860657
873,4,2,2,4.465132708020292e-09,6.25231706408158e-08,0.9999998807907104,0.9999002814292908
874,2,1,1,1.3982961455383247e-08,1.0,1.3150968314334932e-08,1.0
875,2,1,1,0.0016289760824292898,0.9981867671012878,0.00018418949912302196,1.0
876,4,2,2,6.0023357946192846e-06,2.3603581666975515e-06,0.9999916553497314,0.999407172203064
877,4,2,2,4.380270866022329e-07,1.5432873624376953e-05,0.9999841451644897,0.9999827146530151
878,1,2,2,3.44770484161927e-07,6.868559466965962e-06,0.9999927282333374,1.140103789154523e-09
879,1,2,2,1.0490996960044185e-10,9.08215003203594e-10,1.0,0.04166056588292122
882,0,2,2,1.4456531971518416e-07,1.5866232843109174e-06,0.9999983310699463,0.9999993443489075
883,1,2,2,7.922689292172436e-06,5.973790280222602e-07,0.9999915361404419,1.5566732344422993e-22
886,3,2,2,0.00012062767200404778,0.0005091067869216204,0.999370276927948,0.9998999238014221
887,1,2,2,4.2267771505066776e-08,4.434176389622735e-06,0.9999955892562866,4.893912847263012e-16
891,3,2,2,6.563615170307457e-05,1.976053454200155e-06,0.9999322891235352,0.9991772174835205
892,3,2,2,2.3815625809220364e-06,1.2756913747580256e-06,0.9999963045120239,0.9944919943809509
893,2,2,2,1.4898159861331806e-07,4.3875761548406444e-06,0.9999954700469971,1.0
895,0,1,1,8.648352256557246e-09,1.0,9.416067925371863e-09,1.0
896,4,2,2,1.4613988241762854e-08,2.0630550068290177e-07,0.9999997615814209,0.9995650053024292
897,3,2,2,2.0759306096351793e-07,5.825115295010619e-06,0.9999939203262329,0.9999260902404785
899,1,2,2,5.358368262986524e-11,3.97098531834672e-09,1.0,1.7330005874782728e-08
900,2,1,1,1.5428908000103547e-06,0.999996542930603,1.8756102235784056e-06,1.0
901,2,2,2,1.0656619586768556e-08,2.991310452671314e-07,0.9999996423721313,1.0
902,3,2,2,1.4473495468791953e-07,3.165542139527133e-08,0.9999998807907104,0.9998253583908081
903,2,2,2,6.546852837630013e-09,0.0002510436170268804,0.9997490048408508,1.0
907,3,1,1,9.276030141336378e-06,0.999916672706604,7.404504140140489e-05,0.9991866946220398
908,3,1,1,8.643306159683561e-07,0.9999990463256836,1.0078173318106565e-07,0.9996830821037292
909,2,1,1,7.197210294407341e-08,0.9999998807907104,4.168173362018024e-09,1.0
910,0,1,1,1.6927179102843581e-10,1.0,5.357523313875845e-10,1.0
912,4,2,2,2.199679443037894e-07,1.3584783573605819e-06,0.9999984502792358,0.9990988373756409
913,4,2,2,3.3828296182036866e-06,0.0001283610035898164,0.9998682737350464,0.9998914003372192
914,1,2,2,1.0168506037189218e-07,2.168816536141094e-06,0.9999977350234985,4.06703100017114e-12
916,3,2,2,9.074473117376414e-11,6.745978708977418e-08,0.9999998807907104,0.9998170137405396
918,4,2,2,9.471559092588677e-10,6.684875986096017e-10,1.0,0.9996150732040405
919,3,2,2,8.98231883184053e-06,0.00048767609405331314,0.9995033740997314,0.9994754791259766
921,1,2,2,2.3192556208861959e-10,2.8584169697865036e-08,1.0,4.4057316017642734e-07
922,4,1,1,1.0299067376706716e-08,1.0,4.2928294252675414e-10,0.9995033740997314
923,0,2,2,2.469126847426395e-10,5.648380252409879e-08,1.0,0.9999998211860657
927,4,2,2,6.26995066976832e-10,3.815126348172271e-08,1.0,0.9996853470802307
928,3,2,2,3.888688297593035e-06,7.699661182414275e-06,0.999988317489624,0.9999574422836304
929,1,1,1,2.8285052078302897e-09,1.0,4.212628024191645e-09,6.592767792876069e-28
931,1,1,1,3.523789200698957e-05,0.99991774559021,4.6951936383266e-05,0.0
932,0,2,2,2.8848551210103324e-06,2.0141915229032747e-06,0.9999951124191284,0.9999997615814209
934,4,2,2,2.650565988915332e-08,5.5639823415276624e-08,1.0,0.9948144555091858
937,1,1,1,0.001094468985684216,0.9985736608505249,0.00033181512844748795,5.492692613775693e-16
938,3,1,1,5.074976456853619e-07,0.9999986886978149,7.604910479130922e-07,0.9999086260795593
939,1,1,1,6.195980950529645e-10,1.0,1.5210297021894803e-08,1.703501543755993e-17
940,2,2,2,5.720470624970275e-11,2.6067040193034074e-10,1.0,1.0
941,0,2,2,0.30081507563591003,0.0020033593755215406,0.6971815824508667,1.0
942,0,2,2,5.563146260101348e-06,2.9342478228500113e-05,0.9999650716781616,1.0
943,3,2,2,1.960461307182193e-11,1.8008458724239063e-08,1.0,0.9996483325958252
944,0,2,2,1.230121005058038e-09,3.518260527357597e-08,1.0,0.9999998807907104
945,3,2,2,2.3379365302389488e-05,1.968982815014897e-06,0.9999746084213257,0.9939095377922058
946,4,1,1,4.4118139697069125e-10,1.0,1.3763587491943952e-10,0.9997575283050537
947,2,2,2,3.855829788790288e-08,1.222580863213807e-07,0.9999998807907104,1.0
949,0,2,2,1.7401052820886775e-11,3.469829756852505e-09,1.0,0.9999995827674866
951,2,2,2,1.3723762037898268e-07,2.77430594053385e-08,0.9999998807907104,1.0
952,4,2,2,3.2525417363767073e-13,4.585927193545558e-09,1.0,0.9985556602478027
953,4,1,1,4.317984636514893e-09,1.0,2.0730278604830232e-10,0.9998937249183655
954,4,2,2,9.338548261439428e-05,7.104185897333082e-06,0.9998995065689087,0.998746395111084
955,1,2,2,1.2993311315767642e-08,2.3385330223391065e-06,0.999997615814209,6.490536996750507e-10
956,0,2,2,1.0552995144408328e-09,5.535504943310343e-09,1.0,0.9999994039535522
957,4,2,2,1.574195884757046e-08,9.541304279991891e-08,0.9999998807907104,0.9998779296875
958,4,2,2,6.672158658904692e-11,2.3465592846605432e-07,0.9999997615814209,0.9994800686836243
960,2,2,2,1.6353977061456249e-09,2.9850873033865355e-05,0.9999701976776123,1.0
961,0,2,2,3.7242080350597534e-14,1.7668632399173156e-12,1.0,0.9997903108596802
962,4,2,2,8.003299626579974e-06,0.00012917854473926127,0.999862790107727,0.9997014999389648
963,0,1,1,6.479018432870021e-10,1.0,7.549387781580208e-09,1.0
964,3,1,1,9.736073479871266e-06,0.9999886751174927,1.6379684666389949e-06,0.9999423027038574
965,4,1,1,6.243722427967668e-09,1.0,8.940695406245425e-10,0.9997391104698181
966,2,2,2,6.437472625277219e-13,2.0883049955955357e-08,1.0,1.0
967,1,1,1,0.00015566959336865693,0.9998395442962646,4.761467607750092e-06,0.0001579879899509251
968,3,2,2,1.0444711068258172e-11,2.9789277711245177e-09,1.0,0.9999494552612305
969,1,1,1,1.6012404735477048e-09,1.0,1.1172657243818662e-10,5.533354502405573e-26
970,2,2,2,1.3891618522166027e-08,9.128162048455124e-08,0.9999998807907104,1.0
971,2,1,1,4.1121104743524484e-08,1.0,1.1606434702216006e-09,1.0
972,3,2,2,1.518947989609387e-08,7.751271624556466e-08,0.9999998807907104,0.9997038841247559
973,3,2,2,4.9010498770485356e-08,1.1419330121498206e-06,0.9999988079071045,0.9989364147186279
974,2,1,1,2.5638084935053485e-06,0.9999971389770508,3.240145929339633e-07,1.0
975,1,2,2,7.960236636517237e-12,2.322197190096631e-08,1.0,3.7079993481063667e-13
976,4,2,2,1.4656802438395289e-09,1.1099690055971223e-07,0.9999998807907104,0.9968703985214233
977,0,2,2,3.488345100777224e-05,1.0713557685448905e-06,0.9999639987945557,1.0
979,1,2,2,1.1952625521283178e-11,1.5403378572642623e-10,1.0,7.450986494461631e-10
980,2,2,2,2.403309773413298e-10,1.64831995275172e-10,1.0,1.0
981,1,2,2,1.915639131766511e-07,3.706817551574204e-06,0.9999960660934448,3.5507957818481373e-06
982,3,2,2,4.3556731554872385e-08,5.722230980609311e-06,0.9999942779541016,0.9999557733535767
983,4,2,2,3.696336534630973e-06,1.2289851838431787e-06,0.9999951124191284,0.9996789693832397
984,2,1,1,5.922296253402237e-08,0.9999998807907104,3.709932983042563e-08,1.0
985,0,2,2,2.761298134590362e-12,4.821812726873986e-09,1.0,0.9999994039535522
986,1,1,1,1.1181697345818975e-06,0.9999980926513672,7.483212129955064e-07,0.0
988,4,2,2,1.6911368971861407e-09,3.840438864699536e-07,0.9999996423721313,0.9997126460075378
991,0,2,2,6.0478589603008e-07,3.153530059307741e-08,0.9999994039535522,0.9999990463256836
992,1,2,2,3.237184409421445e-10,2.7314257522448315e-07,0.9999997615814209,0.03363991901278496
993,1,2,2,2.4925381580942485e-07,2.1001751520088874e-05,0.99997878074646,3.692262939195798e-16
994,0,2,2,2.2618512502958765e-06,2.6749005428428063e-06,0.9999951124191284,1.0
995,3,2,2,2.073904624921852e-06,4.2377938370918855e-05,0.9999555349349976,0.9999455809593201
996,3,1,1,9.431244507140946e-06,0.9999896287918091,9.529080102765874e-07,0.9998798966407776
997,1,2,2,3.371761465587042e-07,3.3061205613194034e-05,0.9999666213989258,4.1824210761376435e-11
999,1,2,2,2.6933212993185407e-08,6.657638209617289e-07,0.9999992847442627,4.698523348167782e-09
1000,4,1,1,2.6028473598671553e-07,0.9999997615814209,1.6193550944620938e-09,0.9998602867126465
1001,1,2,2,2.1906311076236307e-07,4.3438330976641737e-07,0.9999992847442627,2.668563752195041e-07
1002,4,2,2,1.0656737672214492e-13,3.7390840423867644e-10,1.0,0.999704122543335
1003,3,2,2,2.144863620046067e-09,2.0337639128342744e-08,1.0,0.9996894598007202
1005,0,1,1,2.1701746391045162e-06,0.9999847412109375,1.305008936469676e-05,1.0
1008,4,2,2,1.8051576262223534e-05,0.0009923889301717281,0.9989895224571228,0.9999868273735046
1009,1,2,2,5.078237563793664e-07,0.0001231913483934477,0.9998762607574463,1.6790711254479638e-21
1010,1,2,2,2.743558852325023e-12,3.1073688067095873e-10,1.0,0.005781053099781275
1011,1,2,2,3.334871578886123e-08,1.0479922821104992e-05,0.9999895095825195,0.00223381700925529
1012,0,2,2,1.6461068952366986e-08,1.5165897821134422e-05,0.999984860420227,1.0
1014,3,2,2,2.2104261006461456e-05,0.00015071748930495232,0.9998272061347961,0.9999799132347107
1015,2,2,2,0.0001396949082845822,1.4546329111908562e-05,0.9998457431793213,1.0
1016,4,2,2,8.925008287974379e-09,1.140768017648952e-05,0.9999885559082031,0.9998394846916199
1018,0,1,1,3.806013774010353e-05,0.9999550580978394,6.831750852143159e-06,0.9999998211860657
1019,3,2,2,1.3535335519065939e-08,1.9945078122418636e-07,0.9999997615814209,0.9979657530784607
1020,4,2,2,1.4535503112256265e-07,8.840198461257387e-06,0.9999910593032837,0.9997841715812683
1021,2,1,1,7.325347542064264e-05,0.9998899698257446,3.6750087019754574e-05,1.0
1022,2,1,1,1.9994805811052174e-09,1.0,3.463209441445514e-10,1.0
1023,4,2,2,0.00012992166739422828,0.00033066357718780637,0.9995394945144653,0.9998921751976013
1024,1,2,2,2.150446709592302e-09,7.459431117240456e-08,0.9999998807907104,5.339129745957072e-13
1025,3,2,2,3.99115585025811e-08,1.6998200180751155e-06,0.9999983310699463,0.9999296069145203
1026,2,2,2,1.9768542358633567e-08,1.7010439279374623e-08,1.0,1.0
1027,1,2,2,1.0092648071446941e-11,2.756024741756846e-09,1.0,6.038213541614823e-05
1028,2,1,1,8.81451433087932e-06,0.9999902248382568,9.64192622632254e-07,1.0
1029,3,1,1,2.195080575639885e-11,1.0,1.2921201652041359e-12,0.9998418688774109
1031,1,2,2,3.945730409071757e-09,1.283897699266845e-08,1.0,1.7365183726733568e-13
1032,4,2,2,6.844265154626328e-10,2.6364881833274012e-08,1.0,0.9985603094100952
1034,2,2,2,2.6644326744929003e-09,1.2070658783613908e-07,0.9999998807907104,1.0
1035,4,2,2,0.0006203465163707733,0.00019409599190112203,0.9991855025291443,0.9999537467956543
1036,4,1,1,9.318942102362615e-13,1.0,1.3590093406092713e-13,0.9995841979980469
1037,2,2,2,1.3712321944581163e-08,6.428246379641678e-09,1.0,1.0
1038,0,2,2,1.9424293284941996e-09,2.769630782495369e-07,0.9999997615814209,0.9999999403953552
1040,2,2,2,8.911891313800879e-08,7.332850486818643e-07,0.9999991655349731,1.0
1041,4,1,1,1.6820253222249448e-05,0.9999711513519287,1.2072280696884263e-05,0.9998218417167664
1042,0,1,1,8.858880755724385e-05,0.9998262524604797,8.51335353218019e-05,0.9999988079071045
1043,0,1,1,0.02456163801252842,0.9477413892745972,0.027697008103132248,1.0
1045,0,1,1,3.5637294786283746e-05,0.9999562501907349,8.067208909778856e-06,0.9999992251396179
1046,4,2,2,3.2007976642489666e-06,2.9056593575660372e-06,0.9999939203262329,0.9970983862876892
1047,3,2,2,1.0232330396320322e-06,2.587818244137452e-06,0.9999963045120239,0.9999393820762634
1051,2,2,2,1.6006823687700344e-12,4.21831216875293e-13,1.0,1.0
1052,1,2,2,2.1897920987612451e-07,1.2598156899912283e-05,0.9999871253967285,0.058805011212825775
1053,0,2,2,1.9900760726832e-12,1.4950295168514316e-10,1.0,1.0
1054,0,2,2,0.0005504783475771546,3.301037168057519e-06,0.9994462132453918,0.9999998211860657
1057,1,1,1,0.00030661700293421745,0.9994655251502991,0.00022784191241953522,3.510129741122331e-13
1058,3,2,2,1.2033585239379363e-10,9.101381315268497e-10,1.0,0.9981429576873779
1059,4,2,2,0.00016992881137412041,0.0005498437094502151,0.9992802739143372,0.9996147155761719
1061,3,1,1,0.0033864600118249655,0.9956122636795044,0.00100127630867064,0.9998894929885864
1062,3,2,2,7.4156106602552e-12,1.1631189344996073e-09,1.0,0.96978360414505
1063,1,2,2,3.1236368158715777e-06,5.365592642192496e-06,0.9999915361404419,4.210511418825192e-15
1065,3,1,0,0.8280420899391174,0.012129315175116062,0.1598285287618637,0.9999809265136719
1066,0,2,2,1.1073140424337422e-13,2.1411655001107865e-12,1.0,0.8920474648475647
1067,2,2,2,8.956878446042538e-05,2.7304640752845444e-05,0.9998831748962402,1.0
1068,3,2,2,5.385684606618035e-11,8.5161765639441e-08,0.9999998807907104,0.9973286390304565
1069,2,2,2,4.684227300071368e-15,1.0674202841065572e-11,1.0,0.952511727809906
1070,3,2,2,1.3991132618684787e-05,2.1796811324747978e-06,0.9999839067459106,0.9986898303031921
1071,3,2,2,1.136003859869561e-07,1.7680102359918237e-07,0.9999997615814209,0.99040287733078
1072,4,2,2,1.3318068340595346e-05,3.437401392147876e-05,0.9999523162841797,0.9999853372573853
1073,0,2,2,4.579330692422445e-08,1.7294173204618346e-08,1.0,1.0
1075,0,2,2,0.09369265288114548,0.028034716844558716,0.8782725930213928,1.0
1076,4,2,2,0.00025884550996124744,8.72534146765247e-05,0.9996539354324341,0.9993890523910522
1077,0,2,2,1.536858640349692e-08,1.717639577236696e-07,0.9999998807907104,1.0
1078,1,2,2,1.618572120776207e-08,5.62135619475157e-06,0.9999943971633911,5.494319446430014e-15
1079,3,2,2,2.4887597191991517e-06,2.5531779101584107e-05,0.9999719858169556,0.9999562501907349
1080,3,2,2,1.3481957239491749e-07,4.19027783209458e-05,0.9999579191207886,0.9999086260795593
1081,0,2,2,4.179183221708627e-09,3.288606009732575e-08,1.0,1.0
1083,1,2,2,2.1204034510446945e-06,1.973107373487437e-06,0.9999958276748657,0.00019103390513919294
1084,2,1,1,1.539431053743101e-07,0.9999998807907104,2.2305743030415215e-08,1.0
1087,4,2,2,8.803177564686848e-08,5.747218096985307e-07,0.9999992847442627,0.9961352944374084
1088,3,2,2,4.095202257303754e-06,0.0001871663553174585,0.9998088479042053,0.9998928904533386
1089,2,2,2,4.828954729418911e-07,4.291509867471177e-07,0.9999990463256836,1.0
1090,4,2,2,1.0863524524395984e-09,1.1766194774054384e-07,0.9999998807907104,0.998836874961853
1091,0,2,2,8.156097719166195e-16,2.18006298777218e-12,1.0,0.999998152256012
1092,2,2,2,9.686074164960701e-11,1.3261217901572309e-08,1.0,1.0
1094,4,2,2,5.6786391561258753e-11,5.3402331445795426e-09,1.0,0.9998964071273804
1095,3,2,2,7.20713657642591e-08,4.491620074986713e-06,0.9999953508377075,0.9998905658721924
1096,1,2,2,3.6033983633387834e-05,0.015679126605391502,0.9842848777770996,1.3104602472613358e-11
1098,2,2,2,6.99094948597434e-11,7.628090520350739e-11,1.0,1.0
1100,0,1,1,1.9633960164355813e-06,0.9999979734420776,1.9050386157459798e-08,0.9999995231628418
1101,2,2,2,1.2722573501378065e-06,2.785357992252102e-06,0.9999959468841553,1.0
1104,3,2,2,2.025258183380174e-09,2.027881919275387e-06,0.9999979734420776,0.9980391263961792
1105,2,1,1,6.547193606820656e-06,0.9999911785125732,2.2805240860179765e-06,1.0
1108,4,1,1,9.136849499213895e-09,0.9999998807907104,6.864116386395835e-08,0.9990781545639038
1109,4,2,2,9.62821573580186e-08,1.64039624905854e-06,0.9999982118606567,0.999958872795105
1110,3,1,1,0.00011796616308856755,0.9998587369918823,2.330320239707362e-05,0.9990710020065308
1111,4,1,1,4.212139685932925e-07,0.9999994039535522,1.4034475270818803e-07,0.999374270439148
1112,1,2,2,7.794247358106077e-05,0.0002693338319659233,0.9996527433395386,0.00029145399457775056
1113,4,1,1,1.1597056754908408e-06,0.9999988079071045,1.8687208225287577e-08,0.9981178641319275
1114,3,2,2,9.134537322097458e-06,1.096799041988561e-05,0.9999798536300659,0.9998849034309387
1115,4,1,1,9.947322077152876e-09,1.0,1.6172935213276673e-09,0.9995709657669067
1116,0,2,2,1.3187537284409245e-08,2.572071764461725e-07,0.9999997615814209,1.0
1117,2,1,1,5.206138212088263e-06,0.9999943971633911,4.2442803760422976e-07,1.0
1118,0,1,1,3.824235682259314e-05,0.9999582767486572,3.4301699542993447e-06,0.9999982118606567
1119,2,1,1,1.0872811344597721e-06,0.9999983310699463,6.312041591627349e-07,1.0
1120,0,2,2,4.074530352227157e-06,9.172513273369987e-06,0.9999867677688599,1.0
1121,4,1,1,0.04794921725988388,0.9449363350868225,0.007114414591342211,0.9994123578071594
1122,3,2,2,1.1083015394319773e-08,5.764394700236153e-06,0.9999942779541016,0.9997639656066895
1123,4,1,1,1.621674812213314e-07,0.9999997615814209,2.271801946562846e-08,0.9994586110115051
1124,1,2,2,2.2214113414520398e-05,1.595807589183096e-05,0.9999618530273438,6.8845973366649105e-09
1125,4,1,1,7.969091342374668e-08,0.9999997615814209,1.828612710141897e-07,0.9981791377067566
1126,1,2,2,2.0463761529754265e-07,3.584403657441726e-06,0.9999961853027344,1.0046631317603655e-15
1127,2,1,1,0.26498785614967346,0.7089861631393433,0.026025943458080292,1.0
1128,3,1,1,0.027679840102791786,0.9712915420532227,0.0010285837342962623,0.9999086260795593
1129,1,1,1,0.0001218887628056109,0.9998654127120972,1.2680271538556553e-05,7.636018304615827e-20
1130,3,2,2,6.043224516361079e-07,0.0001302931341342628,0.9998691082000732,0.9998757839202881
1134,2,2,2,8.031695308829967e-10,2.386273845189635e-09,1.0,1.0
1135,0,1,1,1.4601415898596315e-07,0.9999997615814209,4.0200713868898674e-08,1.0
1136,1,2,2,0.00024287911946885288,0.012539836578071117,0.9872172474861145,1.2705201982447702e-15
1137,4,1,1,3.1390757726512675e-07,0.9999996423721313,3.648160884495155e-08,0.9992467761039734
1138,1,2,2,8.799587521934882e-05,2.9449467547237873e-05,0.9998825788497925,8.08383205763089e-22
1140,0,2,2,6.595332613379412e-11,2.0057696822894933e-11,1.0,0.9999995827674866
1141,2,1,1,7.550520422228146e-07,0.9999983310699463,9.603388662071666e-07,1.0
1142,4,2,2,5.052730216448253e-07,0.044711943715810776,0.9552876353263855,0.999973475933075
1143,1,1,1,2.4642749849590473e-05,0.9999521970748901,2.310704076080583e-05,7.832238377552658e-17
1144,0,2,0,0.7347902655601501,0.04953726753592491,0.21567246317863464,1.0
1147,4,2,2,9.19299623092229e-08,1.3922707694291603e-05,0.999985933303833,0.9995479583740234
1148,2,2,2,4.0016283264776575e-07,1.4420940885884193e-07,0.9999995231628418,1.0
1149,4,2,2,0.0036779402289539576,0.00011567529872991145,0.9962064027786255,0.9998411536216736
1150,0,1,1,1.36841364906104e-07,0.9999998807907104,6.691039722284131e-09,0.9999997615814209
1151,0,1,0,0.8585507273674011,0.13808438181877136,0.003364857519045472,1.0
1152,0,2,2,1.1736713823040645e-08,2.538963883580436e-07,0.9999997615814209,1.0
1153,3,1,1,9.200163185596466e-05,0.9999072551727295,7.399485753012414e-07,0.9998504519462585
1154,3,2,2,1.180191446792378e-07,2.4162611680367263e-06,0.9999974966049194,0.9986969232559204
1156,4,2,2,3.3021558465406997e-07,2.1561623725574464e-05,0.9999780654907227,0.999499499797821
1157,0,2,2,1.0412517514879482e-09,6.324253565281879e-09,1.0,0.9999947547912598
1158,4,2,2,2.1996262589141224e-08,4.22311950387666e-06,0.9999958276748657,0.9992521405220032
1159,2,2,2,0.000492276914883405,0.011135649867355824,0.9883720278739929,1.0
1160,0,1,1,1.0887508778978372e-06,0.999993085861206,5.766037702414906e-06,1.0
1161,2,2,2,2.057773285102371e-09,1.0300757367076585e-06,0.999998927116394,1.0
1162,1,2,2,1.920969452839927e-06,1.7225214833160862e-05,0.9999809265136719,3.2799077342993144e-10
1164,1,2,2,1.255324377780198e-07,1.8812544055890612e-07,0.9999996423721313,2.1272765593494114e-07
1166,2,2,2,8.730682149460378e-11,2.4264829034947866e-10,1.0,1.0
1167,3,2,2,2.387968606853974e-06,1.5202205077002873e-06,0.9999960660934448,0.9998490214347839
1168,0,2,2,1.7945666925135023e-13,2.7587199885603653e-11,1.0,0.9999524354934692
1169,4,2,2,0.08574569225311279,0.00995893869549036,0.9042953252792358,0.9999409317970276
1170,1,1,1,1.4332397768157534e-05,0.9999852180480957,5.037729806645075e-07,1.3117337509637307e-17
1171,1,1,1,5.8065310440724716e-05,0.9997639060020447,0.00017801328795030713,2.424349412054309e-17
1172,2,2,2,2.0981968873456935e-07,4.983669299463145e-08,0.9999997615814209,1.0
1174,3,2,2,9.532338935969165e-07,5.167898052604869e-06,0.9999939203262329,0.995804488658905
1175,4,2,2,5.868040970670452e-13,5.679129388980186e-10,1.0,0.9984598755836487
1176,2,2,2,1.2870070520420995e-07,2.5926035959855653e-05,0.9999740123748779,1.0
1177,4,2,2,1.1718122028270272e-09,2.292294709604903e-08,1.0,0.9598626494407654
1178,4,2,2,5.475788202602416e-05,2.976836185553111e-05,0.9999154806137085,0.9952451586723328
1180,3,2,2,8.244218179243035e-07,3.4754864373098826e-06,0.9999957084655762,0.9951007962226868
1181,4,1,1,1.1881458306106651e-07,0.9999998807907104,3.506514634210589e-09,0.9998857378959656
1182,4,2,2,4.687925395097103e-12,2.7805148405946056e-08,1.0,0.998738169670105
1183,1,2,2,1.3050140523773734e-08,3.796999692440295e-07,0.9999996423721313,3.881523574778001e-11
1184,4,2,2,4.24626568928943e-06,1.86446777661331e-05,0.9999771118164062,0.997460663318634
1185,2,2,2,0.0008124571177177131,0.006486884783953428,0.9927006959915161,1.0
1187,1,1,1,6.96367205819115e-05,0.9998726844787598,5.7707151427166536e-05,1.013435730456627e-36
1188,0,2,2,1.9129902284475975e-05,3.63654107786715e-05,0.9999445676803589,1.0
1189,2,2,2,9.489248498084635e-09,3.946117738129473e-11,1.0,1.0
1190,3,1,1,1.6299154594889842e-06,0.9999982118606567,1.261487483361634e-07,0.999882698059082
1192,3,2,2,0.3995244801044464,0.0005636244895868003,0.5999119281768799,0.9998135566711426
1194,2,2,0,0.896981418132782,0.07353749871253967,0.02948109060525894,1.0
1197,2,2,2,2.8926552264607608e-09,9.235021991571557e-08,0.9999998807907104,1.0
1198,1,2,2,4.3354034251485984e-10,4.177313073228106e-08,1.0,4.437094048626022e-06
1199,0,2,2,6.994820722638906e-08,8.97708900993166e-07,0.999998927116394,1.0
1200,3,2,2,4.425657706974562e-08,3.861088316625683e-06,0.9999961853027344,0.9992000460624695
1201,0,2,2,5.6953268767756526e-08,6.248722570489917e-07,0.9999994039535522,0.9999998211860657
1202,0,2,2,5.048165357957046e-11,1.100836288969731e-05,0.9999890327453613,0.9999997019767761
1204,4,2,2,1.3289012557038404e-08,2.539155502745416e-06,0.9999974966049194,0.9999449849128723
1205,3,2,2,0.00020991817291360348,7.368402748397784e-06,0.9997827410697937,0.9935764670372009
1207,3,1,1,0.013532103970646858,0.9797235727310181,0.006744318641722202,0.9993345141410828
1208,3,2,2,6.079606862385845e-08,6.675833787994634e-07,0.9999991655349731,0.9998669028282166
1210,0,2,2,0.005736467428505421,0.00043094056309200823,0.9938325881958008,1.0
1211,0,2,2,2.1916875994065776e-06,4.233332219882868e-06,0.9999935626983643,0.9999998807907104
1212,0,1,2,1.491362399974605e-05,0.0003264119441155344,0.9996587038040161,1.0
1213,2,1,1,5.833683189848671e-06,0.9999940395355225,9.5258279486643e-08,1.0
1215,3,2,2,3.776078756345669e-07,0.0021773281041532755,0.9978222846984863,0.9987456202507019
1216,3,2,0,0.5404332876205444,0.012599733658134937,0.4469669759273529,0.9999667406082153
1217,3,2,2,2.9968188641760207e-07,2.8444730560295284e-05,0.9999711513519287,0.999487578868866
1219,4,2,2,2.0531871314233285e-07,4.752974405164423e-07,0.9999992847442627,0.9999314546585083
1221,1,2,2,4.815470902030938e-07,4.360942966741277e-06,0.9999951124191284,2.5083239961531945e-05
1222,0,2,2,3.374033830105816e-10,4.695295263701382e-10,1.0,0.9999997615814209
1223,2,2,2,4.976687250746181e-06,1.2611549493612983e-07,0.9999948740005493,1.0
1224,0,1,1,1.3529768239095574e-07,0.9999997615814209,1.1782363174006605e-07,1.0
1226,3,2,2,3.231150763616242e-11,6.825873644089597e-09,1.0,0.9998975992202759
1227,4,1,1,1.3829698497502818e-09,1.0,8.54183460075042e-11,0.9999023675918579
1229,1,1,1,0.00021355824719648808,0.9996873140335083,9.917978604789823e-05,7.619086760885251e-39
1230,2,2,2,4.978166767699577e-09,2.3438846419310266e-09,1.0,1.0
1231,0,2,2,1.0048715637367422e-08,3.768571943396637e-08,1.0,1.0
1232,0,2,2,1.9196939149423997e-07,0.0006136125884950161,0.9993860721588135,1.0
1235,0,2,2,7.12589987017509e-10,1.4076316290356772e-07,0.9999998807907104,0.9991387128829956
1237,0,2,2,0.000545000599231571,0.0012380372500047088,0.9982169270515442,1.0
1238,3,2,2,1.5779264685988892e-06,7.160937911976362e-06,0.9999912977218628,0.999846875667572
1239,4,2,2,6.992567080921219e-10,2.617278660466127e-08,1.0,0.9993222951889038
1240,4,2,2,1.8231721909955922e-08,9.547479567117989e-05,0.9999045133590698,0.9998549222946167
1241,2,1,1,9.670046097198792e-08,0.9999998807907104,1.6785527412466195e-09,1.0
1242,3,1,1,8.90012779564131e-06,0.9999896287918091,1.4945438806535094e-06,0.9999443888664246
1243,3,2,2,8.126888918769115e-12,7.411351976571723e-09,1.0,0.9993714690208435
1245,0,2,2,2.688128653005606e-08,2.7757417342400004e-07,0.9999997615814209,1.0
1247,2,1,1,3.913338559868862e-07,0.9999992847442627,3.8222378861973993e-07,1.0
1249,2,2,2,1.1490693813120956e-11,3.500670933687111e-11,1.0,1.0
1250,2,1,1,5.511580525308091e-08,0.9999997615814209,1.297236025266102e-07,1.0
1252,3,1,1,1.250239876071646e-07,0.9999998807907104,3.8235178578815976e-08,0.9993562698364258
1253,0,1,1,1.336343444791055e-07,0.9999988079071045,1.0186263352807146e-06,1.0
1254,0,1,1,5.214176312939856e-10,1.0,8.267483364576833e-10,1.0
1255,1,2,2,3.3095418530137977e-06,4.708445703727193e-05,0.99994957447052,2.352959563722834e-05
1256,4,2,2,0.0008972021751105785,0.00018430466298013926,0.9989185333251953,0.9999470710754395
1258,4,2,2,1.4756777488855732e-07,9.470190320826077e-07,0.999998927116394,0.995079755783081
1259,0,1,1,0.00012554221029859036,0.9997879862785339,8.64584362716414e-05,1.0
1260,0,1,1,3.3281232845183695e-06,0.9986571073532104,0.0013395323185250163,1.0
1261,1,2,2,9.044070452546293e-07,0.00020147715986240655,0.9997976422309875,2.460901232921272e-16
1262,3,2,2,1.649483549748254e-09,4.5373369061962876e-07,0.9999995231628418,0.9991970062255859
1263,2,2,2,5.623354226713673e-08,1.0896178537223022e-07,0.9999998807907104,1.0
1266,3,2,2,4.804257547341706e-10,5.2285900054016565e-09,1.0,0.9999138712882996
1267,2,2,2,0.009295187890529633,0.0015536403516307473,0.989151120185852,1.0
1268,2,2,2,7.68852714827517e-09,1.2788854064638144e-07,0.9999998807907104,1.0
1269,3,2,2,3.0832700836924687e-09,3.147421239191317e-07,0.9999996423721313,0.966262936592102
1270,1,2,2,1.1876624057549634e-06,0.0047418512403965,0.9952569603919983,2.992794179590419e-05
1271,3,1,1,0.2380061000585556,0.7197220325469971,0.04227190092206001,0.9999520778656006
1272,0,1,1,0.00012751187023241073,0.9998371601104736,3.534776624292135e-05,1.0
1274,1,2,1,0.012208827771246433,0.9618604183197021,0.025930743664503098,4.513681005002124e-37
1275,2,2,2,1.520349401928911e-10,9.287034474780853e-10,1.0,1.0
1276,3,2,2,2.0101981135667302e-05,2.8289998226682656e-05,0.9999516010284424,0.9999804496765137
1277,3,2,2,2.30680889217183e-05,1.531488487671595e-05,0.9999616146087646,0.9999030232429504
1278,3,2,0,0.5843428373336792,0.01306395698338747,0.4025932550430298,0.9999605417251587
1279,4,2,2,2.1575043263055704e-07,2.0090982388865086e-07,0.9999995231628418,0.9988813400268555
1280,2,2,2,0.2824825346469879,0.05728507414460182,0.6602323651313782,1.0
1281,3,2,2,3.298231240478344e-05,1.8450673451297916e-05,0.9999485015869141,0.9998143315315247
1282,0,1,0,0.8118497729301453,0.11589924246072769,0.07225101441144943,1.0
1283,3,2,2,3.438872797634218e-11,3.5075853332955376e-09,1.0,0.996267557144165
1284,0,2,2,0.02828163653612137,0.0007333926623687148,0.970984935760498,1.0
1285,4,2,2,1.1493780149862687e-08,5.0532381834500484e-08,1.0,0.9986523985862732
1286,3,1,1,4.673094622376084e-07,0.9999940395355225,5.512800726137357e-06,0.9999339580535889
1287,0,2,2,1.3187537284409245e-08,2.5720765961523284e-07,0.9999997615814209,1.0
1288,2,1,1,1.899716579600863e-07,0.999998927116394,9.257292390429939e-07,1.0
1289,0,2,2,1.3007934285269585e-06,7.202939968919964e-07,0.9999979734420776,0.9999750256538391
1291,4,2,2,4.077508997113455e-09,3.215490451680125e-08,1.0,0.9950547814369202
1292,0,2,2,9.374731462230557e-07,2.7955968107562512e-05,0.9999710321426392,1.0
1293,1,2,2,2.7597784537647385e-06,5.411025995272212e-06,0.9999918937683105,5.678838475853265e-13
1294,2,2,2,0.00013001631305087358,9.668389111539e-07,0.9998689889907837,1.0
1295,3,2,2,1.4631559963618201e-07,2.5457648007432e-06,0.9999973773956299,0.9999166131019592
1296,0,2,2,0.09565760940313339,0.001338876667432487,0.9030035138130188,1.0
1297,4,2,2,1.4455529828705238e-10,2.7082546694146004e-06,0.9999972581863403,0.999861478805542
1298,1,1,1,2.4570576897531282e-06,0.9999960660934448,1.52653296936478e-06,2.885007966186863e-22
1299,4,2,0,0.7579401731491089,0.12442337721586227,0.11763643473386765,0.9997003674507141
1302,2,2,2,0.008046314120292664,0.00855795294046402,0.9833958148956299,1.0
1303,4,1,1,8.824373253446538e-06,0.9999903440475464,8.486886713399144e-07,0.9997900724411011
1304,2,2,2,0.0004051559080835432,0.0005397637141868472,0.9990550875663757,1.0
1306,2,1,1,9.600141765986336e-07,0.9999988079071045,2.0653011745253025e-07,1.0
1308,0,2,2,4.3532996642170474e-05,0.0007241587736643851,0.9992324113845825,0.9999987483024597
1309,1,1,1,0.001189716043882072,0.9944636225700378,0.00434670876711607,3.106259342512093e-22
1310,4,2,2,1.5632602412551933e-07,1.4244048429645773e-07,0.9999997615814209,0.9978341460227966
1311,3,1,1,4.155143687967211e-05,0.9999511241912842,7.2835696300899144e-06,0.9999117255210876
1312,4,1,1,1.6095885513323083e-08,1.0,4.462069602695351e-12,0.999916136264801
1313,1,2,2,7.833448762539774e-06,7.034246891635121e-07,0.9999914169311523,2.7799606211408185e-26
1314,2,1,1,1.9337037883815356e-05,0.999977707862854,3.0038190743653104e-06,1.0
1315,1,1,1,4.370932856545551e-06,0.9999934434890747,2.168395894841524e-06,5.9314690267541106e-21
1316,0,2,2,1.3171135293532643e-09,7.582269745398662e-07,0.9999992847442627,0.9999999403953552
1317,1,2,2,1.0977691999869421e-06,3.657058869066532e-07,0.9999985694885254,2.5452779617814978e-21
1318,0,2,2,4.771028949517031e-13,3.30356222377759e-08,1.0,1.0
1319,2,2,2,1.1023063706261382e-07,6.2444005521911095e-09,0.9999998807907104,1.0
1320,1,2,2,1.4264034007283044e-06,1.1008251021848992e-06,0.9999974966049194,2.5431896588656855e-08
1321,0,1,1,4.691946031698535e-08,0.9999969005584717,3.00165152111731e-06,1.0
1322,4,2,2,2.251428128374755e-07,7.349018233071547e-06,0.9999923706054688,0.9949010610580444
1323,3,2,2,5.488180977408774e-05,0.0013793885009363294,0.9985657334327698,0.9999548196792603
1324,0,2,2,1.0745917045085207e-08,3.763056213301752e-07,0.9999996423721313,1.0
1325,3,2,2,2.0456313238378238e-14,6.178512562682315e-11,1.0,0.9956366419792175
1326,0,2,2,4.7129765368136844e-11,1.1374339692338253e-07,0.9999998807907104,0.9999997615814209
1327,3,2,2,4.715688284306907e-09,1.0459303467769132e-07,0.9999998807907104,0.9998568296432495
1328,0,2,0,0.5028309226036072,0.024356437847018242,0.47281259298324585,1.0
1329,0,2,0,0.6064566373825073,0.21818983554840088,0.17535345256328583,1.0
1330,4,2,2,1.3900742601435923e-07,2.372637197822769e-07,0.9999996423721313,0.9999046325683594
1331,2,2,2,4.4454793624026934e-07,8.49404528935338e-08,0.9999994039535522,1.0
1332,0,2,2,4.1062137956342226e-13,9.013526036660835e-12,1.0,1.0
1333,3,1,1,1.2330650278613575e-08,1.0,6.192507617797105e-10,0.9995134472846985
1335,1,1,1,5.2981162298237905e-05,0.9999439716339111,3.0820388019492384e-06,2.0382586836505339e-25
1336,1,2,2,0.38467833399772644,0.04429277777671814,0.5710288882255554,1.5562288251374975e-39
1337,3,2,2,1.0145018158880248e-09,1.7184358114263887e-07,0.9999998807907104,0.9999071359634399
1338,2,2,2,4.840944711759221e-06,2.304653935425449e-05,0.9999721050262451,1.0
1339,3,2,2,5.843420240125852e-06,1.7496782675152645e-05,0.999976634979248,0.9995900392532349
1340,4,2,2,2.879193061744445e-07,4.039992234083911e-07,0.9999994039535522,0.9999660849571228
1341,0,2,2,0.002199379727244377,0.0010907943360507488,0.9967098236083984,0.9999857544898987
1342,0,1,1,6.329362804535776e-05,0.9999357461929321,9.356020314044144e-07,0.9999998807907104
1343,0,2,2,1.2947751315550704e-07,1.0580352864053566e-05,0.9999892711639404,0.9999997019767761
1344,2,1,1,0.0033765132538974285,0.9934739470481873,0.0031494752038270235,1.0
1345,0,1,1,4.291124696464976e-06,0.9999898672103882,5.838239303557202e-06,1.0
1346,2,2,2,1.56340274060085e-08,8.69738769893047e-08,0.9999998807907104,1.0
1349,1,2,2,1.7774648419788264e-10,2.3606145305166137e-07,0.9999997615814209,0.05884084850549698
1350,1,2,2,2.9954193792036676e-07,7.365719625340716e-07,0.999998927116394,4.319047256071042e-15
1351,1,2,2,9.637585208110977e-06,6.604841473745182e-06,0.9999837875366211,7.981595432444212e-17
1352,2,2,2,4.374179951582846e-08,0.00022519740741699934,0.9997747540473938,1.0
1353,3,1,1,0.0011485988507047296,0.9987564086914062,9.504729678155854e-05,0.9993789792060852
1354,1,2,2,4.484832505369241e-09,4.016956489660828e-10,1.0,2.4400370612909228e-11
1355,0,2,2,9.335447259672947e-08,8.228355454775738e-07,0.9999990463256836,0.9999949932098389
1356,2,1,1,9.45514244676815e-08,0.9999998807907104,5.5544596477830055e-08,1.0
1357,4,1,0,0.8952754139900208,0.07173839211463928,0.03298615291714668,0.9996196031570435
1358,2,2,2,2.2496130392540836e-12,2.5192203878532382e-09,1.0,1.0
1359,4,2,2,6.93233323545428e-06,0.00011866838758578524,0.9998743534088135,0.9999015927314758
1360,2,1,1,3.5002049116883427e-06,0.9999959468841553,5.010487029721844e-07,1.0
1362,0,2,2,2.163840287505714e-12,3.568781181684244e-08,1.0,0.9999998807907104
1365,2,1,1,0.00011286891822237521,0.9998745918273926,1.2520316886366345e-05,1.0
1367,4,2,2,1.977501597139053e-06,0.0006593379657715559,0.9993385672569275,0.9997187256813049
1368,0,2,2,0.008912433870136738,0.006906016264110804,0.9841815233230591,1.0
1369,2,1,1,0.009621378034353256,0.9833662509918213,0.007012390065938234,1.0
1370,4,1,0,0.8769828081130981,0.04005502909421921,0.08296210318803787,0.999860942363739
1371,2,2,2,1.6540918295504525e-05,0.007265091873705387,0.9927183389663696,1.0
1372,1,2,2,1.255324377780198e-07,1.8812544055890612e-07,0.9999996423721313,2.1272765593494114e-07
1373,2,2,2,2.1958611284844665e-07,1.218420120352448e-08,0.9999997615814209,1.0
1374,4,2,2,5.083664156302348e-09,6.764106501577771e-07,0.9999992847442627,0.9994499683380127
1375,2,2,2,1.3238926014486063e-12,3.0306981813055245e-08,1.0,1.0
1376,2,2,2,1.7325988892480382e-06,9.7155776757063e-09,0.9999982118606567,1.0
1377,4,2,2,2.0601005276676965e-11,1.0203162673860788e-05,0.9999897480010986,0.9984704256057739
1378,4,2,2,7.849850977570405e-12,5.198745043344388e-07,0.9999995231628418,0.999039351940155
1379,2,2,2,5.887857241759775e-07,1.4651570836576866e-06,0.9999979734420776,1.0
1380,4,1,1,4.355339115136303e-05,0.9999359846115112,2.04749248950975e-05,0.9980169534683228
1382,2,2,2,2.4823510358373824e-08,2.9564800385628587e-08,1.0,1.0
1383,1,2,2,5.087254521640716e-06,5.671301437359944e-07,0.9999942779541016,5.88276440610479e-20
1384,2,2,2,9.867136441243929e-07,3.341996901440325e-08,0.9999990463256836,1.0
1386,2,2,0,0.899324357509613,0.03303123265504837,0.06764442473649979,1.0
1387,4,1,1,1.8698395365390752e-07,0.9999997615814209,9.425210834024256e-09,0.9995356202125549
1389,4,2,2,0.006282953079789877,0.00351578276604414,0.9902012944221497,0.9995172023773193
1390,1,2,2,4.37733979197219e-06,0.00021200627088546753,0.9997835755348206,4.597763558766843e-10
1391,2,2,2,1.4514237136609154e-06,1.304726265516365e-05,0.9999855756759644,1.0
1392,4,1,1,4.94605068013243e-09,0.9999994039535522,5.330658723323722e-07,0.9993395209312439
1393,0,2,1,0.05529433488845825,0.7608448266983032,0.18386077880859375,1.0
1394,4,2,0,0.742813766002655,0.20659253001213074,0.050593696534633636,0.9999592900276184
1395,0,2,2,5.398792968236421e-09,6.206525426932785e-08,0.9999998807907104,0.9999997615814209
1396,2,2,2,3.9769296563463286e-05,3.800944614340551e-05,0.9999221563339233,1.0
1397,3,2,2,2.252209085895629e-09,1.963061606602423e-07,0.9999997615814209,0.9998077154159546
1399,4,2,2,4.7159353755432676e-08,1.5069083474372746e-06,0.9999984502792358,0.9997624158859253
1401,2,2,2,0.0008776039467193186,0.000180189628736116,0.9989421963691711,1.0
1402,4,2,2,3.1009058432118763e-08,2.0100588926652563e-07,0.9999997615814209,0.9996893405914307
1404,3,2,2,1.1157626431668177e-05,0.00012629285629373044,0.9998624324798584,0.9999183416366577
1405,1,2,2,2.814996514644008e-05,6.318836767604807e-06,0.9999655485153198,5.171513174292985e-13
1406,3,2,2,1.666024616042705e-07,4.418287517182762e-06,0.9999954700469971,0.9998723864555359
1408,0,2,2,1.7987298633670434e-05,4.3458192521939054e-05,0.9999384880065918,1.0
1411,2,2,2,6.998881918462985e-09,1.8541931012805435e-06,0.9999980926513672,1.0
1412,4,1,1,0.0001876581518445164,0.9997979998588562,1.4377049410541076e-05,0.9997193217277527
1413,2,2,2,3.1339514316996997e-10,4.5860429169486405e-12,1.0,1.0
1414,0,1,1,1.3561508183101978e-07,0.9968986511230469,0.003101204289123416,1.0
1415,3,1,1,0.0009156022570095956,0.9984384179115295,0.0006460098666138947,0.9999513626098633
1416,0,2,2,6.833209909018478e-08,3.764135954043013e-06,0.9999960660934448,1.0
1418,2,2,2,0.444858193397522,0.03321116045117378,0.5219305753707886,1.0
1419,0,2,2,9.463618333427348e-09,2.2727039805658933e-08,1.0,0.9999977946281433
1420,3,2,2,4.814932253793813e-06,5.6601256801513955e-06,0.9999896287918091,0.9998905062675476
1421,2,2,2,2.9928078244811918e-12,1.8621043595956621e-09,1.0,1.0
1422,0,2,2,7.682005254139312e-09,3.884209398563598e-09,1.0,0.9999995827674866
1424,0,2,2,1.2550104884212487e-06,0.009874512441456318,0.9901241660118103,1.0
1425,3,2,2,8.270107798580284e-08,1.8806961179507198e-06,0.9999979734420776,0.9999410510063171
1427,3,2,2,2.276302893733373e-06,7.235689281515079e-06,0.9999904632568359,0.9995639324188232
1428,3,2,2,1.7780570487957448e-05,2.9564322176156566e-05,0.9999526739120483,0.9999702572822571
1429,2,2,0,0.6357134580612183,0.13271820545196533,0.2315683215856552,1.0
1431,2,2,2,2.6426787371747196e-05,0.0009187250398099422,0.9990548491477966,1.0
1432,3,1,1,3.0939418138586916e-07,0.9999996423721313,9.839406800438155e-08,0.9999381303787231
1433,4,2,2,0.00035465843393467367,5.62555251235608e-05,0.9995891451835632,0.9976306557655334
1435,2,1,1,1.242904818354873e-05,0.9998177886009216,0.000169810198713094,1.0
1437,1,1,1,0.0005281138583086431,0.9982831478118896,0.0011888205772265792,6.5768832503995674e-24
1438,4,2,0,0.7674968838691711,0.04653996229171753,0.18596310913562775,0.9999216198921204
1439,2,2,2,2.3928186099198e-09,2.0450366733371084e-08,1.0,1.0
1440,3,2,2,2.5143718218600952e-09,3.230507195084442e-09,1.0,0.988883376121521
1441,1,1,0,0.8407170176506042,0.026553189381957054,0.13272975385189056,5.914964312882751e-36
1442,2,2,2,2.5668839498393936e-07,6.578467548479239e-08,0.9999996423721313,1.0
1445,2,2,2,1.2172478303096312e-11,2.0839378833681366e-10,1.0,1.0
1446,0,1,1,7.47838857506622e-09,0.9999998807907104,7.37075467327486e-08,1.0
1447,4,2,2,4.435804612512584e-09,2.0375106046799374e-08,1.0,0.9971535205841064
1449,0,2,2,0.00016420538304373622,0.00017324120562989265,0.9996625185012817,1.0
1450,3,1,1,3.5102737001579953e-06,0.9999921321868896,4.333753622631775e-06,0.9998749494552612
1451,2,2,2,1.7191972574437386e-06,0.00016813799447845668,0.9998301267623901,1.0
1452,1,1,1,5.501719329004118e-07,0.9999994039535522,2.271839960599209e-08,2.3593350580511374e-13
1453,0,2,2,3.4819802596786076e-10,2.76130887044701e-08,1.0,0.9999999403953552
1455,3,1,1,0.011899994686245918,0.9879292249679565,0.00017081511032301933,0.9998562932014465
1456,3,2,2,5.163420837561716e-07,0.0002137178526027128,0.999785840511322,0.99989253282547
1457,4,2,2,9.442856219177287e-11,3.8969785731701734e-10,1.0,0.9972243905067444
1458,0,2,2,2.098594649169172e-07,2.013828606095558e-07,0.9999995231628418,0.9999674558639526
1459,4,2,2,1.9496633285598364e-06,9.692002095107455e-06,0.9999884366989136,0.9997620582580566
1460,0,1,1,0.0004215024528093636,0.9995716214179993,6.819589998485753e-06,1.0
1462,1,2,2,1.7115291484515183e-05,0.00019639471429400146,0.9997864365577698,1.581148858752416e-16
1463,4,1,1,1.827427208647291e-15,1.0,1.3361744843161036e-14,0.9985138773918152
1464,1,2,2,1.46277727708366e-07,1.5293719624054347e-09,0.9999998807907104,1.4562732963963043e-10
1465,1,2,2,1.661401149988251e-08,2.364641034091619e-07,0.9999997615814209,2.2898061615705956e-06
1466,4,2,2,1.4422003914660309e-05,4.931572675559437e-06,0.9999806880950928,0.993462324142456
1468,3,2,2,0.019228894263505936,0.0001133547630161047,0.9806577563285828,0.9993372559547424
1469,1,1,1,3.7057045574329095e-06,0.9999933242797852,3.0212186175049283e-06,1.1729901416401844e-05
1470,4,2,2,4.465132708020292e-09,6.25231706408158e-08,0.9999998807907104,0.9999002814292908
1472,1,2,2,1.2399272719676446e-08,5.555868938245112e-07,0.9999994039535522,6.57908108417718e-14
1473,1,2,2,2.775912555375015e-10,1.4303025430706384e-10,1.0,0.004061798099428415
1474,2,2,2,1.175070929448907e-09,8.997839806568209e-09,1.0,1.0
1475,1,2,2,2.028280505328439e-06,0.04604601860046387,0.9539519548416138,1.5843347614252762e-16
1477,0,1,1,5.627281325359945e-07,0.9999669790267944,3.2488514989381656e-05,1.0
1478,1,2,2,2.7383572742678552e-08,1.0607814715513086e-07,0.9999998807907104,6.007828935538197e-16
1481,4,2,2,0.0007770824595354497,0.00017182950978167355,0.999051034450531,0.992103099822998
1483,4,2,2,8.210412794085187e-09,1.5394759245168643e-08,1.0,0.9980966448783875
1485,0,2,2,0.0014804877573624253,0.00019233992497902364,0.9983271956443787,0.9999878406524658
1487,4,1,1,1.344410748060909e-06,0.9999974966049194,1.1755550985981245e-06,0.9986570477485657
1488,4,2,2,4.391143738757819e-05,5.84928784519434e-06,0.9999502897262573,0.998307466506958
1489,1,2,2,7.530361472163349e-07,2.1680937152268598e-06,0.9999971389770508,2.8103285287454764e-16
1490,4,2,2,4.363441803434398e-07,5.279709398564592e-07,0.9999990463256836,0.9972200393676758
1491,3,2,2,2.058253345538219e-09,4.871298528996704e-07,0.9999995231628418,0.9949092268943787
1492,4,2,2,4.078818619746016e-06,1.5822673958609812e-05,0.999980092048645,0.9940444827079773
1493,3,2,2,9.602649697626475e-07,0.00016069912817329168,0.9998383522033691,0.9999406933784485
1494,4,2,2,5.8917253227264155e-06,1.5129594430618454e-05,0.9999790191650391,0.9993692636489868
1496,0,1,1,0.00046338626998476684,0.9992239475250244,0.0003126223455183208,1.0
1497,0,2,2,6.004016768201836e-07,1.7620385506234015e-06,0.999997615814209,1.0
1498,2,2,2,1.862563863141986e-07,3.8001285247446503e-06,0.9999959468841553,1.0
1499,4,2,2,4.0836879634298384e-05,0.0009413179359398782,0.9990178346633911,0.999873697757721
1500,0,2,2,3.2441388952975103e-07,6.899810614413582e-06,0.9999927282333374,1.0
1501,0,2,2,1.3228319550862011e-09,3.9732299228489865e-08,1.0,0.9999991059303284
1502,0,2,2,7.886911813199081e-15,8.985058252974909e-10,1.0,0.9999930262565613
1504,3,2,2,0.00020277283329050988,1.3353111171454657e-05,0.9997839331626892,0.9983187317848206
1505,3,2,2,0.007585654500871897,2.2010835891705938e-06,0.9924120306968689,0.995244026184082
1506,1,2,1,0.09031940996646881,0.718174159526825,0.19150646030902863,0.0
1507,3,2,2,0.3707325756549835,0.010059491731226444,0.6192079186439514,0.9999626278877258
1508,3,2,2,2.626858175425184e-10,1.0163012653663372e-09,1.0,0.9909383654594421
1509,3,1,1,1.1432707003322662e-09,1.0,2.1338180111740712e-09,0.9998818635940552
1510,3,2,2,2.2170920654929205e-09,2.6349232484790264e-06,0.9999973773956299,0.9961969256401062
1511,0,2,2,2.146791411306026e-09,3.6674389747304303e-08,1.0,0.9999998211860657
1514,0,2,2,4.915066292333903e-13,1.5811228194773097e-12,1.0,0.9948897957801819
1516,4,2,2,1.6770911770436214e-07,6.254880986489297e-07,0.9999992847442627,0.9998185038566589
1517,2,2,2,0.08749325573444366,0.005519048310816288,0.906987726688385,1.0
1518,3,1,1,1.51523047581259e-11,1.0,1.1495428740848634e-11,0.9972279667854309
1519,0,2,2,1.2576805048791773e-11,2.368914175931991e-09,1.0,1.0
1521,1,1,1,7.762303539493587e-06,0.9999657869338989,2.64621339738369e-05,4.1152506842664523e-25
1522,1,2,2,8.283309398393612e-07,4.2064311855938286e-06,0.9999949932098389,1.0523622222535778e-05
1523,2,2,2,4.261927983861824e-07,5.361058015296294e-07,0.9999990463256836,1.0
1524,2,2,2,0.08749325573444366,0.005519048310816288,0.906987726688385,1.0
1526,1,2,2,0.0009771123295649886,0.00010074232704937458,0.9989222288131714,1.5920556596089223e-25
1527,3,2,2,0.10431990027427673,0.439725399017334,0.4559547007083893,0.9999713897705078
1528,1,2,1,0.0001006365055218339,0.836829662322998,0.1630697101354599,1.973644023510545e-19
1530,2,2,2,1.6299655953844194e-06,1.8169332633988233e-06,0.999996542930603,1.0
1531,4,1,1,1.835443619313537e-08,1.0,7.82861137027524e-11,0.9992414116859436
1532,2,1,1,1.946999645952019e-07,0.9999990463256836,7.826693604329193e-07,1.0
1536,0,1,1,8.378112397622317e-06,0.9999915361404419,7.525246559225707e-08,1.0
1537,3,2,2,8.356643710349942e-10,7.812825231212628e-08,0.9999998807907104,0.996342122554779
1539,2,2,2,6.700866944653328e-11,1.4802078851516853e-07,0.9999998807907104,1.0
1541,2,1,1,7.890223514550598e-07,0.9999990463256836,1.4452241714479896e-07,1.0
1543,2,2,2,5.84299793336511e-14,1.1560629536999656e-10,1.0,1.0
1545,0,2,2,5.366079136592816e-09,5.0723174354061484e-06,0.9999948740005493,0.9999998211860657
1548,1,1,1,1.883678066860739e-07,0.9999996423721313,2.1887713330670522e-07,4.666733482345146e-25
1550,2,1,1,0.002758164657279849,0.9970832467079163,0.0001585596037330106,1.0
1552,4,2,2,0.00010083371307700872,0.00016607412544544786,0.999733030796051,0.9999443292617798
1554,1,2,2,1.9018345653876167e-07,0.00019026991503778845,0.9998095631599426,3.4282370778987437e-12
1555,2,2,2,2.2830561192677123e-06,5.744572263211012e-05,0.9999402761459351,1.0
1556,0,1,1,2.003184960130966e-07,0.9999959468841553,3.851731435133843e-06,1.0
1557,0,1,1,5.263670118438313e-06,0.9999943971633911,3.0516690685544745e-07,1.0
1558,4,2,2,5.438830612547463e-06,1.0007202945416793e-05,0.9999845027923584,0.999911367893219
1560,2,2,2,8.826884112522748e-09,2.739612057212071e-07,0.9999997615814209,1.0
1561,2,2,2,2.434527004879783e-06,0.00015565585636068135,0.9998419284820557,1.0
1562,0,2,2,3.151351961605542e-07,2.884106606870773e-07,0.9999994039535522,0.9999998807907104
1563,2,2,2,2.4100174300656363e-07,4.6611415172037596e-08,0.9999997615814209,1.0
1564,1,2,2,3.337254952384683e-07,9.272629313272773e-07,0.9999986886978149,1.6348364539273537e-16
1565,2,1,1,1.4734079059053329e-06,0.9999983310699463,2.1988861931276915e-07,1.0
1566,4,1,1,4.95967533709063e-08,0.9999992847442627,6.258323423935508e-07,0.9999105930328369
1567,3,2,2,4.560941761155846e-06,5.7616438425611705e-05,0.999937891960144,0.9999573230743408
1568,2,2,2,8.128724776623741e-11,3.2219733839156106e-05,0.9999678134918213,1.0
1571,4,1,1,0.09725722670555115,0.86175936460495,0.040983352810144424,0.9985597133636475
1572,2,2,2,6.833508336967498e-07,1.527827180325403e-07,0.9999991655349731,1.0
1573,3,2,2,8.300810705463846e-09,1.9638982848846354e-06,0.9999980926513672,0.9999696612358093
1576,4,1,1,3.0331659406357403e-09,1.0,4.280358706365561e-11,0.9999194741249084
1577,4,1,1,1.0361056723695583e-07,0.9999998807907104,1.724850373641118e-09,0.99954754114151
1578,4,1,1,0.27197638154029846,0.7088527083396912,0.019170958548784256,0.9999058842658997
1579,2,1,1,2.4446251245535677e-06,0.9999967813491821,7.637938779225806e-07,1.0
1580,2,2,2,9.028881642336728e-09,6.329328243737109e-06,0.9999936819076538,1.0
1581,1,2,2,9.667446647654288e-07,2.4444263999612303e-06,0.999996542930603,3.1623244519822296e-16
1582,3,2,2,6.434446725434029e-11,1.3478301141844895e-08,1.0,0.9998656511306763
1583,0,2,2,1.7039596059476025e-05,3.243454921175726e-05,0.9999505281448364,0.9999999403953552
1585,0,2,2,4.2996660340577364e-05,9.248582500731573e-05,0.9998644590377808,0.9999971985816956
1586,1,2,2,2.1942747707726085e-07,6.587522420886671e-06,0.9999932050704956,2.9522516309511543e-21
1587,2,2,0,0.898588240146637,0.003954974003136158,0.09745677560567856,1.0
1588,4,2,2,4.525681607248089e-09,8.161954610841349e-06,0.9999918937683105,0.9998032450675964
1590,3,1,1,3.0347098800120875e-05,0.999906063079834,6.359966937452555e-05,0.9995130896568298
1592,2,2,0,0.9367978572845459,0.01840589940547943,0.044796235859394073,1.0
1594,1,1,1,3.877039134181359e-08,1.0,1.9490124791854413e-10,7.693017770033972e-26
1595,3,2,2,3.65142398095486e-07,4.1977664011483284e-08,0.9999996423721313,0.9948835968971252
1596,4,2,2,1.0907774594670627e-06,5.354317545425147e-05,0.9999454021453857,0.9999415874481201
1597,3,2,2,7.102853771812079e-08,1.7819835420596064e-06,0.9999980926513672,0.9997793436050415
1598,3,2,2,4.0423796254795974e-11,9.574017134639234e-10,1.0,0.9944822192192078
1599,0,1,1,3.6037858080817387e-05,0.9999144077301025,4.954076212015934e-05,0.9999990463256836
1600,3,2,2,1.1291770533716772e-05,3.521455801092088e-05,0.9999535083770752,0.9999596476554871
1601,2,1,1,6.983094863244332e-06,0.9999880790710449,4.88909336127108e-06,1.0
1602,2,1,1,2.1002861103625037e-06,0.9999978542327881,8.946298635237326e-08,1.0
1603,2,2,2,2.5415722859634116e-08,1.901724431263574e-06,0.9999980926513672,1.0
1604,3,1,1,0.39816510677337646,0.5772484540939331,0.024586481973528862,0.9999067187309265
1606,0,2,2,0.12357455492019653,0.003099355846643448,0.8733260631561279,1.0
1608,2,2,2,0.001892093219794333,3.004321115440689e-05,0.9980777502059937,1.0
1609,1,1,1,8.358560954491168e-09,0.9999997615814209,1.719829043622667e-07,1.4312843615372713e-22
1610,1,2,2,1.2551134886962245e-06,3.3917734981514513e-05,0.999964714050293,4.5171975671109976e-07
1611,4,2,2,0.00024376329383812845,0.0096980519592762,0.9900582432746887,0.9994176030158997
1612,0,1,1,0.18675117194652557,0.8106100559234619,0.002638709731400013,1.0
1613,1,2,2,2.0192044217215432e-11,5.543728320844821e-08,1.0,6.397016113623977e-05
1614,0,1,1,0.0003779516264330596,0.9985368251800537,0.0010852320119738579,0.9999971389770508
1615,3,2,2,1.4246947265540542e-16,2.665549725389127e-10,1.0,0.9629966616630554
1616,1,2,2,6.169217522256076e-05,0.00017462729010730982,0.9997636675834656,4.5760749356471564e-11
1617,2,2,2,4.54185254739059e-07,4.786772024090169e-06,0.9999947547912598,1.0
1618,2,2,2,2.248521091541278e-10,2.108399166900199e-05,0.9999788999557495,1.0
1619,2,2,2,9.504939370297283e-12,5.623580534575012e-08,1.0,1.0
1620,0,2,2,1.7437509214346392e-09,6.139484867162537e-07,0.9999994039535522,0.9999967217445374
1622,1,1,2,0.1325882375240326,0.06410928070545197,0.8033024668693542,3.9641408823085184e-28
1623,2,2,2,1.3935298738942947e-05,2.983010926982388e-05,0.9999562501907349,1.0
1624,3,2,2,8.179408723663073e-07,6.219190981937572e-05,0.9999369382858276,0.9998958706855774
1625,4,2,2,0.016419576480984688,0.1751140058040619,0.8084664344787598,0.998753011226654
1626,1,2,2,3.253163797373171e-12,3.317553343151758e-09,1.0,0.09851250052452087
1627,3,2,2,1.0332876221319509e-10,4.711510541710595e-07,0.9999995231628418,0.9957554340362549
1628,3,2,2,7.592603767925254e-10,2.3885972311177284e-08,1.0,0.9981637001037598
1629,1,1,1,7.187577200085116e-09,1.0,6.315803435796852e-09,1.277246427526411e-33
1630,1,2,2,1.2895744916363583e-08,6.3791461002438155e-09,1.0,1.4948573934248088e-08
1632,1,2,2,5.571506034307561e-10,5.076574716156301e-09,1.0,2.1335331071292707e-11
1633,0,2,2,5.4817778788462945e-11,5.26970578285102e-10,1.0,1.0
1634,3,2,2,0.003250875510275364,7.055197784211487e-05,0.9966785907745361,0.9948456883430481
1635,4,1,1,1.6491508176841307e-06,0.9999983310699463,6.087319093239785e-08,0.9986875653266907
1637,3,1,1,3.0573623917007353e-06,0.9999923706054688,4.545232968666824e-06,0.9998918175697327
1638,3,2,2,0.001519664190709591,0.0007927012629806995,0.9976876974105835,0.9998185634613037
1639,4,2,2,1.967472144315252e-06,4.0592399273009505e-06,0.9999939203262329,0.9999848008155823
1640,3,2,2,1.6905977062720012e-08,2.6035002520075068e-05,0.9999740123748779,0.9998944401741028
1642,3,2,2,1.197311547684876e-07,2.2423089163225995e-08,0.9999998807907104,0.9971663355827332
1643,2,1,1,9.257269994122908e-06,0.9999903440475464,4.245874549724249e-07,1.0
1644,3,2,2,2.1966816632357222e-07,3.107598786300514e-06,0.9999966621398926,0.9914207458496094
1645,2,2,2,4.6761996941313555e-08,1.6379453882109374e-07,0.9999998807907104,1.0
1646,3,2,2,5.40516157343518e-06,0.0004718707932624966,0.9995228052139282,0.9997696876525879
1648,0,1,1,1.5573319615214132e-05,0.9999834299087524,9.519883406028384e-07,0.9999949336051941
1649,1,1,1,4.03322083002422e-05,0.9999488592147827,1.0782290701172315e-05,5.192207535116526e-20
1652,1,2,2,0.19946834444999695,0.13393989205360413,0.6665918231010437,4.214687681225691e-32
1653,1,2,2,3.407131243804429e-10,7.278701730228931e-08,0.9999998807907104,0.11172492802143097
1654,2,1,1,3.2739674793447193e-07,0.9999996423721313,8.024086284308396e-09,1.0
1655,3,2,2,5.245247460114108e-14,3.103521563005418e-12,1.0,0.9759780168533325
1656,1,2,2,0.0006216791225597262,1.544585029478185e-05,0.9993628859519958,2.01324601434294e-09
1657,0,2,2,0.004824784118682146,0.001416743965819478,0.9937585592269897,1.0
1658,1,2,2,5.2313264831127526e-08,3.6582350730895996e-06,0.9999963045120239,2.2862601026761575e-13
1660,1,2,2,1.4917553926352412e-05,4.1975436033681035e-05,0.9999431371688843,3.014341570404741e-14
1661,3,1,1,0.313262015581131,0.6100046038627625,0.07673332095146179,0.9998617172241211
1662,0,2,2,0.0013431180268526077,0.013418398797512054,0.9852384924888611,0.9999997615814209
1664,4,2,2,0.00021199564798735082,0.0007417738088406622,0.999046266078949,0.9999773502349854
1665,3,2,2,2.635410778495384e-09,1.4611489973503922e-07,0.9999998807907104,0.9998676180839539
1666,4,2,2,0.0001604696735739708,0.0161941796541214,0.9836454391479492,0.9978305697441101
1667,2,2,2,1.1202279104338686e-09,8.788570227125092e-08,0.9999998807907104,1.0
1669,0,2,2,2.5954768889668856e-10,5.675919112491101e-08,1.0,0.9999834299087524
1670,2,1,0,0.8441674709320068,0.021472817286849022,0.13435973227024078,1.0
1671,3,2,2,0.10977407544851303,0.16360577940940857,0.7266201376914978,0.9999680519104004
1673,3,2,2,8.399162965133655e-08,5.160258297109976e-06,0.9999947547912598,0.9963390827178955
1674,3,2,2,0.0017858183709904552,0.0011752028949558735,0.9970389604568481,0.9998351335525513
1677,3,2,2,0.009298929944634438,0.003556165611371398,0.9871448874473572,0.9999556541442871
1680,3,2,2,4.476643482576037e-07,2.7566907192522194e-06,0.9999967813491821,0.9998605251312256
1682,0,1,1,6.001670044497587e-06,0.9999923706054688,1.652453306633106e-06,0.9999997019767761
1683,4,2,2,1.2323769169597654e-06,7.58815730250717e-08,0.9999986886978149,0.9984556436538696
1684,1,2,2,6.9452497086786025e-09,1.61221933581146e-07,0.9999998807907104,2.146609509611798e-14
1685,2,2,2,2.562345002843358e-09,6.701964139210759e-08,0.9999998807907104,1.0
1686,0,2,2,5.917130238231039e-06,1.435623033785305e-07,0.9999939203262329,0.9999660849571228
1687,1,2,2,5.364222033676924e-06,2.6916841306956485e-05,0.9999676942825317,7.840903182004943e-25
1688,4,1,1,3.0803190043116047e-07,0.9999985694885254,1.180061758532247e-06,0.9999212026596069
1689,4,2,2,0.00014336532331071794,7.861950507503934e-06,0.9998487234115601,0.9998990893363953
1690,1,2,2,0.001235035015270114,0.04922586306929588,0.949539065361023,1.1008421135351814e-31
1692,4,1,1,8.802137685393063e-09,1.0,2.4542579080133464e-09,0.9999355673789978
1693,2,2,2,5.299698386806995e-07,5.152290395926684e-05,0.9999480247497559,1.0
1694,0,2,2,5.705656391796765e-09,6.264301788405646e-08,0.9999998807907104,0.999996542930603
1695,2,2,2,1.9705626641552954e-07,8.119347967294743e-07,0.999998927116394,1.0
1697,3,2,2,0.019493455067276955,0.003712106728926301,0.976794421672821,0.9999094605445862
1698,2,2,2,9.489248498084635e-09,3.946117738129473e-11,1.0,1.0
1701,4,2,2,0.000837409112136811,0.00013276429672259837,0.9990297555923462,0.9986854791641235
1702,0,2,2,0.012907220982015133,0.0025610204320400953,0.9845317006111145,0.9999979138374329
1703,3,2,2,3.0710561986779794e-05,2.8728518941534276e-07,0.9999690055847168,0.9989188313484192
1704,3,2,2,4.209702031410245e-10,7.676627319597173e-06,0.9999923706054688,0.9998236298561096
1706,4,2,2,8.416350851803145e-07,5.870055247214623e-05,0.9999405145645142,0.9998985528945923
1708,2,2,2,1.711641925794538e-05,3.854245278489543e-06,0.9999790191650391,1.0
1712,3,1,1,7.445868845934456e-07,0.9999991655349731,1.1649174780359317e-07,0.9998112320899963
1713,2,1,1,4.7663665014852086e-08,1.0,1.955667849884435e-09,1.0
1714,4,1,1,1.1905862962180436e-08,1.0,2.52013343526869e-09,0.9997833967208862
1715,0,2,2,1.3057613656997091e-08,5.3950394374169264e-08,1.0,0.9999898672103882
1716,1,1,1,1.1585621706444726e-07,0.9999998807907104,3.508857915335284e-08,2.4216453609218576e-26
1717,0,2,2,0.0017252316465601325,0.001166096655651927,0.9971087574958801,1.0
1719,1,1,1,3.2074603950604796e-07,0.9999995231628418,1.7389218953667296e-07,0.0
1720,2,1,1,1.188120791084657e-06,0.9999983310699463,4.3629890456031717e-07,1.0
1721,1,1,1,0.00027450095512904227,0.998819887638092,0.0009056333219632506,9.899216593112214e-07
1722,4,2,2,1.3980358914977842e-07,5.044368549533829e-07,0.9999994039535522,0.9999324679374695
1723,4,2,1,0.15426696836948395,0.5346164107322693,0.3111165761947632,0.9999387264251709
1726,2,2,2,9.349887477583252e-06,3.532042683218606e-06,0.9999871253967285,1.0
1727,3,1,1,0.00017787750402931124,0.9998218417167664,2.500565017271583e-07,0.9997469186782837
1729,0,2,2,1.3912034546592622e-06,5.443915597425075e-06,0.999993085861206,1.0
1730,2,2,2,7.170024218794424e-08,1.1730261576303747e-05,0.9999881982803345,1.0
1731,2,2,2,1.0103893146151677e-05,4.5614993723575026e-05,0.9999442100524902,1.0
1732,2,1,1,5.807128218293656e-07,0.9999992847442627,1.2777327640378644e-07,1.0
1733,2,2,2,0.3161311149597168,0.036350738257169724,0.6475181579589844,1.0
1734,4,1,1,1.4060343167532352e-10,1.0,3.1031780877571746e-12,0.9999155402183533
1735,4,1,1,8.539110041283493e-08,0.9999998807907104,2.498980189447053e-10,0.9994145631790161
1736,0,2,2,0.00030335705378092825,0.0021367736626416445,0.9975599050521851,1.0
1737,1,2,2,0.017152490094304085,3.273957918281667e-05,0.9828148484230042,5.4125433444238924e-37
1738,0,1,1,1.3561508183101978e-07,0.9968986511230469,0.003101205686107278,1.0
1740,2,2,2,0.2904163897037506,0.0006947960937395692,0.708888828754425,1.0
1742,2,2,2,0.00037061815964989364,0.017084958031773567,0.982544481754303,1.0
1744,3,2,2,7.860716154634939e-16,1.1844248914982813e-09,1.0,0.9962812662124634
1745,3,2,2,2.6149954424070643e-10,3.13768673265713e-08,1.0,0.996516764163971
1746,2,1,2,0.09490390866994858,0.00821806862950325,0.8968779444694519,1.0
1747,0,1,1,2.1401531284936937e-06,0.9999617338180542,3.6178098525851965e-05,1.0
1748,1,1,1,0.00017750421829987317,0.9996981620788574,0.0001244151353603229,7.14754833097686e-08
1753,0,2,2,1.1161140491822152e-06,2.2507131234306144e-06,0.9999966621398926,1.0
1754,3,2,2,8.976142051864144e-10,0.00010394972196081653,0.9998960494995117,0.9964665174484253
1755,4,2,2,0.0909120962023735,0.0015816136728972197,0.9075062870979309,0.9996274709701538
1756,1,2,2,1.2336965937720379e-06,1.4225614904717077e-05,0.999984622001648,2.4383454866897187e-15
1757,1,2,2,1.2152331363424196e-09,6.1512150928422216e-09,1.0,1.9406717443985755e-13
1758,3,1,1,0.005514699500054121,0.9912080764770508,0.0032772033009678125,0.9997555017471313
1760,4,2,2,2.0994150428527147e-12,7.739128449202326e-08,0.9999998807907104,0.9999271035194397
1761,4,2,2,5.899434896150524e-08,3.5701439173863037e-06,0.9999964237213135,0.9990159273147583
1762,4,2,2,2.336140642000828e-05,8.802369961813383e-07,0.9999758005142212,0.9992519617080688
1765,1,2,2,1.2101695574529003e-05,3.526613909343723e-06,0.9999842643737793,1.821119354289088e-15
1766,0,2,2,3.525981071561546e-07,1.5668914556954405e-06,0.9999980926513672,1.0
1767,4,2,2,1.5278863429557532e-05,8.980652637546882e-06,0.9999758005142212,0.9997460842132568
1768,2,2,2,1.1620425510727728e-07,7.388005997199798e-06,0.9999924898147583,1.0
1769,0,2,2,4.935496917823912e-07,3.4445136407157406e-05,0.9999650716781616,1.0
1770,2,2,2,2.0584970172876638e-07,7.938631461001933e-05,0.9999203681945801,1.0
1772,1,2,2,3.627438491093926e-05,0.000369108107406646,0.9995946288108826,2.4484101811966807e-12
1773,4,2,2,1.764510670909658e-06,3.3657638596196193e-06,0.9999948740005493,0.9999801516532898
1775,4,2,0,0.48142609000205994,0.16473440825939178,0.3538395166397095,0.9999315142631531
1776,0,2,2,1.0506994385650614e-06,2.054047598676334e-07,0.9999986886978149,1.0
1777,3,2,2,0.0004492637817747891,0.00011588261259021237,0.999434769153595,0.9958343505859375
1778,0,2,2,0.05020054057240486,0.015237581916153431,0.9345619082450867,0.9999945759773254
1780,1,1,1,6.51540643659132e-09,1.0,7.7490955874282e-09,5.110521957244249e-35
1781,1,2,2,1.6207100088649895e-06,3.982661382906372e-06,0.9999943971633911,9.8931085545928e-09
1782,4,2,2,5.8917253227264155e-06,1.5129594430618454e-05,0.9999790191650391,0.9993692636489868
1783,4,2,2,1.0398206740092064e-07,9.392542210662214e-07,0.999998927116394,0.999840497970581
1784,4,2,2,3.393937049622764e-06,1.8191026640579366e-07,0.9999964237213135,0.9987172484397888
1785,4,1,1,0.0014507692540064454,0.9963886737823486,0.0021606269292533398,0.9989636540412903
1786,0,2,2,6.546574127241911e-07,3.548543463693932e-05,0.9999638795852661,1.0
1789,3,1,1,6.854192179162055e-05,0.9998980760574341,3.3373489713994786e-05,0.9997727274894714
1790,0,2,2,4.234551875814674e-10,4.2419023316142557e-07,0.9999995231628418,1.0
1791,3,2,2,7.864243525546044e-05,8.415529919147957e-06,0.9999128580093384,0.9994911551475525
1792,1,2,2,7.625715880976713e-08,1.9114681890641805e-06,0.9999979734420776,0.04535207152366638
1793,3,2,2,0.0026845738757401705,0.0006666503613814712,0.9966487288475037,0.9953829646110535
1794,1,2,2,1.589225234965852e-06,4.594143774738768e-06,0.9999938011169434,2.0153285507432117e-16
1795,1,2,2,4.696306632467895e-07,1.0606631803966593e-06,0.9999984502792358,8.929340266254804e-19
1796,2,2,2,5.661004109924761e-08,2.8924725938850315e-06,0.9999971389770508,1.0
1797,2,2,2,0.00013496860628947616,1.4031241335032973e-05,0.9998509883880615,1.0
1799,4,2,2,7.650828047189862e-05,1.2565377801365685e-05,0.9999109506607056,0.9992431402206421
1800,3,2,2,5.1478640671120957e-05,0.003958838060498238,0.9959896206855774,0.9972909092903137
1801,4,1,1,0.1990876942873001,0.6561002731323242,0.14481206238269806,0.9999505877494812
1802,3,1,1,4.172939327418135e-07,0.9999990463256836,5.0438859489077e-07,0.9992505311965942
1803,3,1,1,0.0008811332518234849,0.9991068243980408,1.2076199709554203e-05,0.9999057054519653
1804,3,2,2,2.2179110601427965e-06,4.059099592268467e-05,0.9999570846557617,0.9999662041664124
1805,2,2,2,0.07387379556894302,0.05963854864239693,0.8664877414703369,1.0
1807,2,2,2,1.2196311738321697e-09,2.994304182379892e-08,1.0,1.0
1808,4,2,2,1.0850654064142873e-07,1.979891521841637e-06,0.9999978542327881,0.9983850717544556
1809,4,2,2,1.9375343551786273e-09,1.6332341701286168e-08,1.0,0.9998457431793213
1811,4,2,2,0.003609221428632736,0.005695478990674019,0.9906952381134033,0.9992824196815491
1812,0,2,2,0.002148826839402318,2.5212730179191567e-05,0.9978259205818176,0.9999998807907104
1813,0,1,1,0.03912768140435219,0.9591517448425293,0.001720505766570568,1.0
1815,0,2,2,5.22106233802333e-08,1.2985249213670613e-06,0.9999986886978149,1.0
1816,0,2,2,9.002640213168212e-14,7.470098845052675e-11,1.0,0.9999995827674866
1817,2,2,2,5.793746140625444e-07,1.3463411505654221e-06,0.9999980926513672,1.0
1818,3,2,2,9.486642157593983e-13,1.5523365926028987e-09,1.0,0.9997713565826416
1819,3,2,2,6.651169996985118e-07,1.4585733879357576e-05,0.9999847412109375,0.9998124837875366
1820,0,2,2,3.6518742890789824e-11,2.4331646072961455e-11,1.0,0.9999969601631165
1821,3,2,2,7.16714930604212e-05,0.0013983311364427209,0.9985300302505493,0.9999271631240845
1822,0,2,0,0.5119215846061707,0.39303264021873474,0.0950457751750946,1.0
1823,4,2,2,0.0020171203650534153,0.005278023425489664,0.9927048087120056,0.9999698996543884
1824,1,2,2,7.686207368351461e-07,2.0770414266735315e-05,0.9999785423278809,9.470273042600386e-15
1825,3,2,2,9.090060301697456e-12,4.8840268634942063e-11,1.0,0.9952922463417053
1826,4,2,2,0.36480844020843506,0.09043516218662262,0.5447564125061035,0.9999896287918091
1827,1,1,1,0.0010018033208325505,0.9988712668418884,0.00012691938900388777,5.256561930802579e-27
1828,0,2,2,1.5353997184774926e-07,4.942778559779981e-07,0.9999994039535522,0.9999993443489075
1829,0,1,1,0.0021999061573296785,0.8916204571723938,0.1061796322464943,0.9999951720237732
1830,0,1,1,6.755455160600832e-06,0.9999911785125732,2.0515271899057552e-06,1.0
1831,0,2,2,3.7267125208018115e-07,3.677075994801271e-07,0.9999992847442627,0.9998427629470825
1832,4,1,1,1.212403759609515e-07,0.9999967813491821,3.088949142693309e-06,0.9995722770690918
1833,2,1,1,0.0035691934172064066,0.9962367415428162,0.00019405210332479328,1.0
1834,0,1,1,1.343432955991375e-07,0.9804319143295288,0.01956797018647194,0.9999977946281433
1835,4,1,1,2.1153248326299945e-06,0.9999953508377075,2.49248569161864e-06,0.9998387694358826
1837,3,1,0,0.9406850934028625,0.032543301582336426,0.026771625503897667,0.9999659657478333
1838,3,2,2,0.0313771590590477,0.05464281886816025,0.9139800071716309,0.9999440312385559
1839,1,2,2,0.16316251456737518,0.006144721060991287,0.8306928277015686,7.687378207343186e-18
1840,4,2,0,0.6348568797111511,0.021719228476285934,0.3434239625930786,0.9999687671661377
1841,3,1,2,0.003839077427983284,0.39073193073272705,0.6054289937019348,0.9990850687026978
1842,0,1,1,3.1811746339371894e-06,0.9999964237213135,4.471679631024017e-07,1.0
1843,3,2,2,1.386561507388251e-06,8.098481885099318e-06,0.9999904632568359,0.9997793436050415
1844,1,1,1,0.00327829597517848,0.9942055344581604,0.00251615303568542,8.491819338588815e-29
1845,4,1,1,2.874743358916021e-06,0.9999971389770508,2.4962032441067095e-08,0.9998031258583069
1846,3,2,2,0.01293941866606474,0.008897636085748672,0.978162944316864,0.9962475895881653
1847,4,1,1,1.8236384846659348e-08,1.0,1.8113302524547237e-10,0.9991058111190796
1848,1,1,1,6.402564849850023e-06,0.9999932050704956,4.1965083141803916e-07,9.541175965855594e-22
1849,2,1,1,5.263299954094691e-06,0.9999946355819702,8.279534569055613e-08,1.0
1850,1,2,2,2.201206370955333e-05,0.0008177955751307309,0.9991601705551147,1.7740696052958955e-23
1851,4,2,2,2.0906899822481506e-10,3.714011498345826e-08,1.0,0.9867103099822998
1852,1,1,1,1.432199070450224e-07,0.9999997615814209,1.0196143307439343e-07,8.54204120625312e-32
1853,0,2,2,9.739588335833105e-08,1.732737757720315e-07,0.9999997615814209,0.9999998211860657
1854,4,1,1,6.859084411559024e-10,1.0,1.596683341098526e-10,0.99981689453125
1855,1,2,2,9.588972034180188e-07,7.634055691596586e-06,0.9999914169311523,8.805171218886909e-13
1856,0,2,0,0.5734957456588745,0.22540932893753052,0.20109489560127258,1.0
1858,2,2,0,0.9227099418640137,0.05747315660119057,0.019816895946860313,1.0
1859,0,2,2,1.248470198333962e-07,3.2148329864867264e-06,0.9999966621398926,0.9999996423721313
1860,1,2,2,2.4499469293559617e-12,2.3719725836257588e-11,1.0,3.5861270589521155e-05
1862,3,2,2,5.864852159476186e-09,6.394265739118055e-08,0.9999998807907104,0.9997400045394897
1864,3,2,2,0.12107610702514648,0.062238529324531555,0.8166853189468384,0.9986170530319214
1865,3,1,1,5.764625529991463e-05,0.9999135732650757,2.8780539651052095e-05,0.9997667670249939
1867,3,2,2,1.0681483217922505e-05,4.329329073016197e-08,0.9999892711639404,0.9975965023040771
1869,4,2,2,3.45108844612696e-07,0.0004630836774595082,0.9995366334915161,0.9999701380729675
1870,3,2,2,1.9324465638792532e-11,3.206736653993403e-09,1.0,0.9977719783782959
1871,4,1,1,4.957703367836075e-06,0.9999819993972778,1.3036507880315185e-05,0.9995929598808289
1873,0,2,2,1.3507663954373528e-12,4.499252082013072e-09,1.0,1.0
1874,2,2,2,0.0016731307841837406,1.4903932424203958e-05,0.9983119964599609,1.0
1875,4,2,2,1.5011306642165323e-09,1.4466485254160943e-07,0.9999998807907104,0.9998680949211121
1876,3,2,2,2.052673153229989e-05,4.94537889608182e-05,0.9999300241470337,0.999889075756073
1877,0,1,1,1.3334012692212127e-05,0.9999862909317017,3.483286263872287e-07,0.9999999403953552
1878,1,2,2,4.9950929678743705e-05,0.0001665294694248587,0.9997835755348206,1.1617737527558347e-07
1879,4,1,1,2.328753680558293e-06,0.9999916553497314,6.042988843546482e-06,0.999910295009613
1883,3,2,2,0.19493722915649414,0.10934372246265411,0.6957190632820129,0.9998581409454346
1884,3,2,2,0.0006209815037436783,5.4503685532836244e-05,0.9993244409561157,0.9940010905265808
1886,1,2,2,1.4065299183130264e-06,1.2246999858689378e-06,0.9999973773956299,3.1258744481732492e-09
1888,3,2,2,0.040350425988435745,0.0010152708273380995,0.9586343169212341,0.9997913837432861
1889,2,2,2,0.03900044783949852,0.14377357065677643,0.8172260522842407,1.0
1890,2,1,1,1.004882051347522e-05,0.9999898672103882,4.6780623819131506e-08,1.0
1891,0,2,2,1.0110431503562722e-05,6.007306296851311e-07,0.9999892711639404,1.0
1892,2,1,1,7.803915650583804e-05,0.9999215602874756,4.4340657723296317e-07,1.0
1893,1,1,1,1.913022288135835e-06,0.9999980926513672,1.357712253735599e-08,1.3543946811574793e-17
1894,2,2,2,1.7946398145340936e-07,2.641043295170675e-07,0.9999995231628418,1.0
1895,3,1,1,2.470306803559197e-08,1.0,1.1088323148555901e-08,0.9962067604064941
1896,3,1,1,4.0371676846007176e-07,0.9999418258666992,5.7767359976423904e-05,0.9998480677604675
1897,4,1,1,1.83774389483915e-07,0.9999997615814209,4.9055315365365004e-09,0.9996277689933777
1898,4,1,1,9.426354835584405e-11,1.0,4.34719454878163e-10,0.9998584389686584
1900,0,2,2,0.0027304121758788824,0.00015257539052981883,0.9971169233322144,1.0
1902,3,2,2,0.0019146676640957594,7.091865700203925e-05,0.9980144500732422,0.9654015302658081
1903,0,2,2,9.032344872039744e-10,5.518451473562891e-08,1.0,1.0
1905,4,1,1,1.1460047133482476e-08,1.0,1.3397711828844194e-09,0.99993896484375
1906,2,1,1,0.00031941590714268386,0.9996801614761353,4.0927406530499866e-07,1.0
1907,2,2,2,2.710083890633541e-06,2.072573579425807e-06,0.999995231628418,1.0
1908,3,2,2,5.672382008548027e-11,3.658303937559282e-10,1.0,0.9995234608650208
1910,2,2,2,1.8140730162485852e-06,2.660831569301081e-06,0.9999955892562866,1.0
1911,2,2,2,0.04489515721797943,0.010751001536846161,0.9443538188934326,1.0
1913,1,2,2,4.336921506364888e-07,3.246315100113861e-05,0.999967098236084,1.7528570595004567e-08
1914,0,1,1,4.50355353009968e-09,1.0,1.8503852894369288e-09,1.0
1915,2,2,2,3.0079124968551696e-08,6.950626811885741e-06,0.999993085861206,1.0
1917,3,2,2,2.2503630070502822e-09,1.6839804573010042e-07,0.9999998807907104,0.9997488856315613
1919,4,2,2,3.534501757940234e-08,4.498921043705195e-06,0.9999954700469971,0.9964469075202942
1921,4,1,1,2.296772407817116e-07,0.9999978542327881,1.8868652205128456e-06,0.9996728301048279
1922,1,1,1,7.181779074016958e-05,0.9999271631240845,9.780201253306586e-07,3.612122605373758e-20
1923,3,1,0,0.8413291573524475,0.05250660702586174,0.10616417229175568,0.9999296069145203
1924,0,2,2,3.1998399156046853e-12,4.656943719538731e-10,1.0,0.9993071556091309
1925,3,2,2,2.7255723580310587e-06,8.9735822257353e-06,0.999988317489624,0.990938663482666
1926,3,1,1,0.45004668831825256,0.48077332973480225,0.06918001174926758,0.9999739527702332
1927,4,1,1,2.2047594029572792e-05,0.9996110796928406,0.00036693704896606505,0.9999803304672241
1929,3,2,2,5.915777312459625e-10,1.7696788479071301e-09,1.0,0.9997430443763733
1930,0,2,2,0.07065055519342422,0.005426862742751837,0.9239226579666138,1.0
1931,3,1,1,1.5391869965242222e-05,0.9999843835830688,2.628385118441656e-07,0.9998698830604553
1934,3,2,2,7.947597623569891e-05,0.0013651528861373663,0.9985553622245789,0.9999750852584839
1935,0,2,2,0.014235114678740501,0.010594898834824562,0.9751700758934021,1.0
1936,2,1,1,6.540835784107912e-06,0.9999933242797852,1.4472102805029863e-07,1.0
1937,4,2,2,5.4533074944629334e-08,3.538046257745009e-06,0.9999964237213135,0.9984171986579895
1938,0,1,1,1.242169815895977e-07,0.9999996423721313,2.6710392830864294e-07,1.0
1939,1,2,1,0.4184451401233673,0.4322739839553833,0.1492808312177658,1.672549202136831e-24
1940,0,2,2,0.3056976795196533,0.19346553087234497,0.5008367896080017,0.9999998211860657
1942,0,2,2,0.11935253441333771,0.06169632449746132,0.8189511895179749,1.0
1943,4,2,2,9.471559092588677e-10,6.684875986096017e-10,1.0,0.9996150732040405
1944,3,2,2,1.6633372457164342e-10,8.008096408218535e-09,1.0,0.9879251718521118
1945,3,2,2,3.369474143255502e-05,0.0038882186636328697,0.9960780739784241,0.9975054264068604
1946,1,2,2,8.848285233398201e-07,6.829516678408254e-06,0.9999923706054688,2.3232778819260586e-14
1947,1,1,1,2.8285052078302897e-09,1.0,4.212628024191645e-09,6.592767792876069e-28
1948,3,2,2,1.9456440440990264e-06,0.0007663548458367586,0.9992316961288452,0.9998287558555603
1950,1,2,2,0.002779197646304965,0.029636645689606667,0.9675841331481934,3.8521244253904285e-22
1951,2,2,0,0.5806571245193481,0.004255768842995167,0.41508716344833374,1.0
1952,0,2,2,9.038614621204033e-07,4.253009677768205e-08,0.9999990463256836,0.9999642968177795
1953,1,1,1,1.0134634067071602e-05,0.99998939037323,5.344094233805663e-07,4.701642902963125e-21
1954,0,2,2,0.014838115312159061,0.0041810814291238785,0.9809808731079102,0.9999906420707703
1955,0,2,2,8.061643166001886e-05,0.0070503526367247105,0.9928690791130066,1.0
1956,4,2,2,7.039041520329192e-05,5.119566048961133e-05,0.9998782873153687,0.9997776746749878
1957,4,1,1,1.2067850718722184e-07,0.9999998807907104,7.512872102211077e-09,0.9728898406028748
1959,3,2,2,0.0001681659196037799,0.0025403609033674,0.9972913861274719,0.9994522333145142
1962,4,2,2,8.627534797689407e-11,1.0162764851884276e-08,1.0,0.9993999600410461
1965,3,1,1,0.00028344333986751735,0.9997126460075378,3.943790034099948e-06,0.9992155432701111
1966,1,2,2,0.032811328768730164,0.0037491386756300926,0.9634395241737366,9.098573475624e-39
1967,3,2,2,8.000179008149644e-08,1.6062982695075334e-06,0.9999983310699463,0.999927818775177
1968,4,1,1,1.884697127252366e-07,0.9999997615814209,1.3434459766870077e-08,0.9988254308700562
1969,1,2,2,0.001246177707798779,0.0014155033277347684,0.9973382353782654,0.0002673184499144554
1970,1,2,2,0.05915224179625511,0.00025973410811275244,0.9405880570411682,6.652945424363466e-19
1971,4,2,2,2.896873866120586e-06,0.0001265195751329884,0.9998706579208374,0.9993260502815247
1975,4,2,2,0.32720810174942017,0.2504928410053253,0.42229902744293213,0.9999890923500061
1976,1,2,2,4.777092908625491e-05,0.0001861678611021489,0.9997660517692566,8.506957291376516e-12
1977,3,2,0,0.6992897391319275,0.2463395595550537,0.054370637983083725,0.999160647392273
1980,2,2,2,0.007042857818305492,0.00045945000601932406,0.9924977421760559,1.0
1981,3,2,2,2.6318900836486137e-08,2.6691856191973784e-07,0.9999997615814209,0.9997352957725525
1982,0,1,1,0.0008416815544478595,0.9991451501846313,1.3199907698435709e-05,1.0
1983,4,2,2,3.906574974621435e-08,1.9028201236892528e-08,1.0,0.9995850920677185
1984,4,1,1,2.6869872726820176e-07,0.9999997615814209,1.767099178096032e-08,0.9994378089904785
1986,1,2,2,0.05967138335108757,0.001057448098435998,0.9392711520195007,2.0676145918647286e-28
1987,4,2,2,5.7485749493935145e-08,2.454765990478336e-06,0.9999974966049194,0.9999624490737915
1988,1,2,2,0.05967138335108757,0.001057448098435998,0.9392711520195007,2.0676145918647286e-28
1990,3,2,2,7.115881661690082e-09,5.147678194816763e-08,1.0,0.9559382796287537
1992,3,1,1,1.9997640876567857e-08,1.0,3.766155387552317e-09,0.9998764991760254
1993,3,2,2,6.147461135697085e-07,5.150218385097105e-07,0.999998927116394,0.9999270439147949
1995,2,2,0,0.7147389650344849,0.0007239157566800714,0.284537136554718,1.0
1996,2,1,1,3.6680474295280874e-05,0.9999631643295288,2.114255295282419e-07,1.0
1997,2,2,2,2.2207549577046848e-08,2.6698907618083467e-07,0.9999997615814209,1.0
1998,2,2,0,0.48286494612693787,0.1484413892030716,0.36869359016418457,1.0
2000,1,2,2,1.8581694405384042e-07,1.6037973182392307e-05,0.9999836683273315,2.0145770631124077e-14
2002,1,2,2,1.0244377790513681e-06,0.00014212768292054534,0.9998568296432495,1.5245070830727236e-12
2003,4,2,2,1.4747406851256528e-08,2.506067176000215e-06,0.9999974966049194,0.9998538494110107
2004,4,2,2,1.1927408394285521e-08,6.483931969114565e-08,0.9999998807907104,0.9995356202125549
2005,2,2,2,6.928118523319426e-08,2.1018537665895565e-07,0.9999996423721313,1.0
2007,2,2,2,4.775344132212922e-05,5.052364031143952e-06,0.999947190284729,1.0
2009,2,1,1,4.644783473395364e-07,0.999998927116394,5.869328560947906e-07,1.0
2010,0,2,2,0.0173704344779253,0.004431144334375858,0.9781984090805054,1.0
2011,3,2,2,1.059751570352263e-12,3.179459895363834e-08,1.0,0.999751627445221
2012,0,2,2,0.0035236524417996407,0.003999904729425907,0.9924764037132263,1.0
2014,2,1,1,0.004183311015367508,0.9956472516059875,0.0001694715756457299,1.0
2015,2,1,0,0.7455559372901917,0.16200445592403412,0.09243956953287125,1.0
2016,4,1,1,0.002851613564416766,0.9960364699363708,0.001111979829147458,0.9998478293418884
2017,3,2,2,6.283841225140918e-10,1.0798427865665872e-05,0.9999891519546509,0.9995594024658203
2019,2,2,2,3.0341748242790345e-06,7.129434379749e-05,0.9999257326126099,1.0
2020,1,1,1,4.5222427047519886e-07,0.9999974966049194,2.0250149646017235e-06,2.7804717257648216e-32
2021,4,2,2,2.3781716596005253e-09,5.985806637909263e-06,0.9999940395355225,0.9994692802429199
2022,1,1,1,4.5658464387088316e-07,0.9999994039535522,8.486077973657302e-08,1.8221864778702613e-20
2023,1,1,1,0.012378286570310593,0.9863237142562866,0.0012980772880837321,6.98762724969579e-18
2024,0,1,1,1.074854390026303e-05,0.9999889135360718,3.5146049981449323e-07,1.0
2025,2,2,2,0.005028669256716967,0.0005971754435449839,0.99437415599823,1.0
2026,0,1,1,0.03456921502947807,0.9496130347251892,0.015817783772945404,1.0
2027,1,1,1,2.243477226215873e-08,0.9999980926513672,1.8696965753406403e-06,2.572068839326056e-21
2028,1,2,2,1.917548388519208e-06,8.962308493210003e-05,0.999908447265625,4.2103090838299163e-16
2029,0,2,2,5.143756531822419e-10,4.8391363804967114e-08,1.0,1.0
2030,1,2,2,0.03484109789133072,0.00017265259521082044,0.964986264705658,7.451119840199264e-38
2031,1,1,2,0.4069940149784088,0.0309477299451828,0.5620582699775696,6.067463379551791e-32
2032,1,2,2,1.767480898706708e-05,0.0008949157199822366,0.9990874528884888,2.28280749496667e-20
2033,1,1,1,4.84163174405694e-05,0.9999513626098633,2.013933340094809e-07,1.0686364105031037e-20
2034,0,2,2,0.1349792182445526,0.019943973049521446,0.8450767397880554,1.0
2035,4,1,1,3.757900458367658e-06,0.9999957084655762,5.368166284824838e-07,0.9998446106910706
2036,0,1,1,1.2363022506178822e-05,0.9999873638153076,2.446139717449114e-07,1.0
2039,0,2,2,0.03040844202041626,0.012282748706638813,0.957308828830719,1.0
2040,4,2,2,5.6460071391484234e-06,4.1668841731734574e-05,0.9999526739120483,0.9999405145645142
2041,1,2,2,0.15377558767795563,0.0392436720430851,0.8069807291030884,9.666120515625243e-30
2042,2,2,2,1.1582977244017911e-08,2.9484947816627027e-08,1.0,1.0
2043,1,2,2,1.2131561533124113e-08,2.0544632661767537e-07,0.9999997615814209,1.6369843848507148e-12
2044,2,2,2,1.5591886040056124e-06,8.290285791190399e-07,0.999997615814209,1.0
2045,2,2,2,8.175271068466827e-05,0.0001307905331486836,0.9997875094413757,1.0
2046,1,2,2,0.0018384635914117098,0.003117650980129838,0.9950438737869263,4.724849890751955e-23
2047,3,1,1,7.228814865811728e-06,0.9999926090240479,1.3423996847450326e-07,0.9995680451393127
2048,0,1,1,1.8531072782934643e-05,0.999981164932251,2.4825658329064026e-07,0.9999999403953552
2049,2,1,1,1.8978093976329546e-06,0.9999963045120239,1.784902451618109e-06,1.0
2050,1,2,0,0.5846167802810669,0.1593794822692871,0.2560037076473236,8.362388715704778e-41
2051,4,1,1,5.440084805741208e-06,0.8910353779792786,0.10895922780036926,0.9981510043144226
2052,4,2,2,1.233076659445942e-06,0.00017146045865956694,0.9998273253440857,0.9997962117195129
2054,1,2,0,0.5250310301780701,0.02434624172747135,0.45062267780303955,7.78994940543271e-35
2055,2,2,2,1.558183981842376e-07,6.486343977485376e-07,0.9999992847442627,1.0
2057,0,2,1,0.004103569313883781,0.9386367797851562,0.05725967884063721,0.9999993443489075
2058,3,1,1,1.960120425792411e-05,0.9996857643127441,0.00029459944926202297,0.9989932775497437
2059,0,1,1,4.745854909060654e-08,0.9999998807907104,6.605161217976274e-08,1.0
2060,4,2,2,2.1236764951027e-06,3.517986988299526e-05,0.9999626874923706,0.9997705817222595
2061,1,2,2,1.0555570497672306e-06,1.5821258784853853e-05,0.9999830722808838,7.336750407752371e-18
2062,0,1,1,0.0010692840442061424,0.9986056685447693,0.00032502863905392587,1.0
2064,0,2,2,9.320936245060807e-10,1.1318563792883651e-06,0.999998927116394,0.9999997615814209
2065,0,2,2,0.02552267350256443,0.001423120265826583,0.9730541110038757,1.0
2066,0,2,2,0.00042572786333039403,0.001271488144993782,0.9983028173446655,1.0
2069,3,2,2,6.829984613432316e-07,0.00025553928571753204,0.9997437596321106,0.999593198299408
2070,1,2,2,0.009634481742978096,0.0010440227342769504,0.9893215894699097,3.6953366744636786e-35
2071,0,2,2,4.099937456203406e-08,5.547958039642253e-07,0.9999994039535522,0.9999998211860657
2072,2,2,2,3.758859179470164e-08,1.6287264870129547e-08,1.0,1.0
2073,4,2,2,0.22452925145626068,0.0573238842189312,0.7181468605995178,0.9999729990959167
2074,4,2,2,0.265341192483902,0.10301968455314636,0.6316391229629517,0.9997828006744385
2075,1,2,2,3.9906659310418036e-08,7.486978574888781e-05,0.9999251365661621,1.7449928628612185e-24
2076,2,1,1,7.749455107841641e-05,0.9999184608459473,4.043745320814196e-06,1.0
2077,4,2,2,5.408025572251063e-06,1.5567326045129448e-05,0.9999790191650391,0.9999510645866394
2078,0,1,1,0.14420735836029053,0.8458399176597595,0.009952723048627377,1.0
2082,3,1,1,0.4168210029602051,0.5022939443588257,0.08088509738445282,0.9999747276306152
2083,4,1,1,1.1982791425779737e-09,1.0,1.8429989756540976e-09,0.9995649456977844
2084,2,2,2,1.0945954045382678e-06,3.970877457959432e-07,0.9999985694885254,1.0
2085,4,2,2,3.1229646424435487e-08,3.324572162455297e-06,0.9999966621398926,0.9989624619483948
2086,0,1,1,8.827478678585798e-12,1.0,1.2617500360495582e-12,1.0
2087,0,2,2,3.456448993688355e-08,4.5884672061902165e-08,1.0,1.0
2088,4,2,1,0.33519142866134644,0.4505758285522461,0.2142326682806015,0.9998095631599426
2091,1,1,1,2.896979458455462e-05,0.9999676942825317,3.379960162419593e-06,1.861436135746546e-27
2092,0,2,2,1.0783750975518203e-10,1.2588295739135447e-08,1.0,1.0
2094,0,2,2,3.403774826438166e-05,2.3809845970390597e-06,0.9999635219573975,1.0
2095,3,2,2,1.0113369171449449e-05,0.00015447121404577047,0.9998353719711304,0.9997701048851013
2096,1,1,0,0.8108637928962708,0.1412077099084854,0.047928426414728165,0.0
2097,1,1,1,7.462473377017886e-07,0.9999980926513672,1.193015236822248e-06,1.079127402892967e-24
2098,2,1,1,0.4430007040500641,0.5094732642173767,0.0475260391831398,1.0
2099,1,1,2,0.3147004246711731,0.016371455043554306,0.6689281463623047,2.008057465283707e-29
2100,1,2,2,1.8583999894516978e-09,2.511333141441696e-09,1.0,8.481785698677413e-06
2101,4,1,2,0.062022604048252106,0.2729545533657074,0.6650229096412659,0.9999418258666992
2102,0,2,2,0.00020162673899903893,0.00012162217171862721,0.9996767044067383,1.0
2104,0,2,2,0.050254981964826584,0.1909434050321579,0.7588016390800476,1.0
2105,3,1,1,0.001910376246087253,0.965501606464386,0.03258800134062767,0.9974480867385864
2106,2,1,1,0.1058880165219307,0.8630474209785461,0.031064514070749283,1.0
2107,1,2,2,5.627332029689569e-06,9.903463069349527e-05,0.9998953342437744,2.6728977364776085e-10
2108,2,2,2,0.25325486063957214,0.0980142205953598,0.6487309336662292,1.0
2109,2,1,0,0.9512061476707458,0.024395931512117386,0.02439791150391102,1.0
2110,0,2,2,0.048407554626464844,0.01785411685705185,0.9337383508682251,1.0
2112,3,2,2,0.0021610718686133623,0.013697417452931404,0.9841414093971252,0.9999193549156189
2113,0,1,1,2.510982085368596e-06,0.9999969005584717,5.601144152933557e-07,1.0
2114,0,1,1,0.0024119324516505003,0.9974902868270874,9.780532855074853e-05,1.0
2115,2,2,2,5.646799081659992e-07,7.043131518003065e-06,0.9999923706054688,1.0
2118,0,2,2,1.2765119095092814e-07,2.769315642581205e-06,0.9999971389770508,0.9999998211860657
2119,0,2,2,3.3160553414290916e-08,2.5035244988202976e-08,1.0,0.9999969005584717
2120,4,1,1,8.236217041712734e-08,0.9999998807907104,1.7109062611098125e-08,0.9997024536132812
2121,1,1,1,1.5958654557834961e-06,0.9999967813491821,1.6296722833430977e-06,3.4036751742718123e-35
2122,1,1,0,0.914069652557373,0.03225984796881676,0.05367055535316467,6.250018161239905e-39
2123,4,2,0,0.5883727669715881,0.06366986781358719,0.3479573428630829,0.9999787211418152
2124,0,1,1,0.02212352119386196,0.9695200324058533,0.00835647713392973,1.0
2125,2,1,0,0.8654374480247498,0.019703397527337074,0.1148592159152031,1.0
2127,4,1,1,1.8333171283302363e-06,0.9999974966049194,6.420345926017035e-07,0.9988876581192017
2129,0,1,1,0.007686845026910305,0.6396471858024597,0.3526659607887268,0.9999998211860657
2130,3,1,1,0.03844967111945152,0.921201765537262,0.04034853354096413,0.9999451041221619
2132,4,2,0,0.6518059372901917,0.2013360857963562,0.14685794711112976,0.9999746084213257
2133,3,1,1,0.20162531733512878,0.5204302668571472,0.2779444456100464,0.9998752474784851
2135,2,1,1,3.02938883578463e-06,0.9999769926071167,1.9991755834780633e-05,1.0
2136,1,1,0,0.684878408908844,0.30078548192977905,0.01433608215302229,0.0
2137,2,1,1,9.76794253801927e-05,0.9998811483383179,2.119908640452195e-05,1.0
2138,4,1,1,1.1454143589162413e-07,0.9999992847442627,6.020391083438881e-07,0.9994741678237915
2139,2,1,0,0.6861311197280884,0.30461061000823975,0.009258243255317211,1.0
2141,3,1,1,6.374373242579168e-07,0.9999991655349731,1.6317981987867825e-07,0.9994595646858215
2142,4,1,1,0.004253721330314875,0.9943671822547913,0.0013791031669825315,0.9998731017112732
2143,4,1,1,0.009430905804038048,0.9895464777946472,0.0010226189624518156,0.9983329772949219
2145,3,1,1,0.09454547613859177,0.8501598238945007,0.055294688791036606,0.9999630451202393
2146,4,1,0,0.6625813841819763,0.27307265996932983,0.06434597074985504,0.9997637867927551
2147,3,1,0,0.5742093920707703,0.12602904438972473,0.2997615933418274,0.9999681115150452
2148,2,1,0,0.8145573139190674,0.08755604177713394,0.09788663685321808,1.0
2149,2,1,1,0.3362055718898773,0.6581438183784485,0.005650591105222702,1.0
2150,1,2,2,6.121520933384528e-13,6.392168478558391e-12,1.0,7.554659191555402e-07
2151,1,2,2,3.5068783290626016e-06,9.832592695602216e-06,0.9999867677688599,0.025640349835157394
2152,4,2,2,7.196164375500302e-08,2.22244761971524e-06,0.999997615814209,0.9999401569366455
2153,4,1,1,2.6209465431747958e-05,0.9999092817306519,6.447210762416944e-05,0.9996659755706787
2154,2,2,2,8.086412789376496e-11,2.808279130073199e-11,1.0,1.0
2155,0,1,1,8.740179282540339e-07,0.9999979734420776,1.1017540373359225e-06,0.9999998211860657
2156,4,2,2,1.4854151979618035e-12,2.12926032361338e-09,1.0,0.9967287182807922
2157,4,2,2,7.510996624660038e-08,1.9375652016151435e-07,0.9999996423721313,0.9973335266113281
2158,3,2,2,3.6202227327031267e-10,3.177968892487115e-07,0.9999996423721313,0.9998546838760376
2159,0,1,0,0.7513171434402466,0.08687935769557953,0.16180342435836792,1.0
2160,4,2,2,4.1068823009027255e-08,4.2286965040716495e-09,1.0,0.9980677366256714
2162,0,1,1,0.10433218628168106,0.4737468957901001,0.42192092537879944,0.9999942779541016
2163,3,1,1,6.615568963752594e-07,0.9999992847442627,5.9441006783345074e-08,0.9998229742050171
2165,1,2,2,1.5781189688368613e-08,8.462773593009842e-08,0.9999998807907104,1.0890321391343605e-06
2166,3,2,2,2.861711978496828e-09,1.3525979056794313e-06,0.9999986886978149,0.998900830745697
2167,4,2,2,2.340046212356839e-10,1.6661941515394574e-07,0.9999998807907104,0.9999645352363586
2169,2,2,2,0.00013288039190229028,9.602406862541102e-06,0.9998574256896973,1.0
2173,4,2,2,5.204973163586146e-08,5.280082405079156e-06,0.9999947547912598,0.9999039769172668
2174,1,2,2,0.0019194248598068953,0.00013834732817485929,0.9979421496391296,5.908101022663638e-32
2176,2,1,1,4.309601536078844e-06,0.99991774559021,7.793102122377604e-05,1.0
2177,3,2,2,0.0002775685570668429,0.00014963750436436385,0.9995728135108948,0.9934183359146118
2178,3,2,2,2.614758010111018e-08,2.1910386749368627e-06,0.9999978542327881,0.9999680519104004
2179,1,2,2,0.0024716448970139027,0.002330785384401679,0.995197594165802,1.0692235197789452e-16
2180,1,1,1,1.4266170182963833e-06,0.999996542930603,2.0588236111507285e-06,3.0424758396033575e-31
2181,0,1,1,1.8467522750142962e-05,0.9999781847000122,3.354482487338828e-06,1.0
2182,0,2,2,9.596139534551185e-06,0.00026305741630494595,0.9997273087501526,1.0
2183,0,2,2,3.976010248152306e-06,2.260800329167978e-06,0.9999938011169434,1.0
2185,1,1,1,2.5095732783531055e-11,1.0,2.4880436252927574e-12,6.886979360423281e-22
2186,2,1,1,1.9663325190322212e-07,0.9999995231628418,2.5498340505691885e-07,1.0
2187,0,1,1,7.924566489236895e-06,0.9999910593032837,9.976505452868878e-07,0.9999992251396179
2188,0,2,2,3.354462229363843e-14,5.124782976456688e-12,1.0,0.994377613067627
2189,3,1,1,3.021497718691535e-07,0.9999994039535522,3.249892301937507e-07,0.9994924664497375
2190,4,2,2,7.889530024840496e-06,1.4739793186890893e-05,0.9999773502349854,0.9953848123550415
2191,1,1,1,0.13987603783607483,0.8203074932098389,0.03981650248169899,2.0610283605277454e-17
2192,0,2,2,9.6910515168247e-09,1.9338829588377848e-05,0.9999806880950928,1.0
2193,2,2,2,0.0005466174916364253,0.00038516460335813463,0.9990682005882263,1.0
2195,1,1,1,2.2064923541620374e-06,0.9999375343322754,6.026303526596166e-05,3.619755478561672e-28
2196,0,2,2,0.03001185692846775,0.000584823137614876,0.9694032669067383,1.0
2197,1,1,1,1.5194498814707913e-07,0.9999997615814209,9.428992342463971e-08,8.986609755045271e-25
2198,3,1,1,8.886436262400821e-05,0.9999105930328369,5.838342076458503e-07,0.999955415725708
2199,4,1,1,6.007026431831264e-09,1.0,6.837805877069059e-10,0.9998936653137207
2201,0,2,2,1.4736065168108325e-05,8.06093248684192e-06,0.9999771118164062,1.0
2203,0,2,2,8.054920726863202e-06,6.614647190872347e-06,0.9999853372573853,1.0
2204,3,1,0,0.5789912939071655,0.0678219199180603,0.35318678617477417,0.9999600052833557
2205,3,1,1,0.0025023496709764004,0.9968037605285645,0.0006938920705579221,0.9997551441192627
2206,3,2,2,1.893151857501607e-09,7.708044336141029e-07,0.9999992847442627,0.9987091422080994
2208,3,2,2,2.2897221896300834e-08,5.144207079865737e-06,0.9999948740005493,0.9996750354766846
2209,1,2,2,1.1338177063890953e-09,1.8262619194686636e-09,1.0,0.0006513987318612635
2210,0,1,1,7.440614790965583e-09,1.0,5.0872401402557443e-08,1.0
2211,2,1,1,9.042774036061019e-05,0.9998782873153687,3.1234900234267116e-05,1.0
2212,2,1,1,2.7403555122873513e-06,0.9999881982803345,9.083048098545987e-06,1.0
2213,1,1,1,6.62310029042601e-08,0.9999998807907104,1.0130314365142112e-07,1.9866440849163058e-13
2215,2,1,1,5.698907898477046e-06,0.9999841451644897,1.0191707588091958e-05,1.0
2216,0,1,1,1.8146575939681497e-06,0.9999973773956299,7.634782264176465e-07,1.0
2217,2,1,1,4.139082854237586e-09,1.0,3.2054970233730273e-08,1.0
2218,2,1,1,6.652597221545875e-06,0.999991774559021,1.555289941279625e-06,1.0
2221,1,2,2,0.005312279332429171,0.00043620585347525775,0.9942516088485718,6.175646710745538e-30
2222,1,2,2,2.794464215583048e-09,6.364770399613917e-08,0.9999998807907104,2.4627233845969654e-12
2223,0,2,2,1.3236598306320957e-06,1.398276054942471e-07,0.9999985694885254,0.9999008774757385
2224,2,2,2,7.299807286420545e-11,5.106966227685916e-07,0.9999995231628418,1.0
2225,0,2,2,1.3504874996073113e-09,6.586969192312608e-08,0.9999998807907104,0.9999999403953552
2226,1,2,2,0.0016048889374360442,0.03860913962125778,0.9597859382629395,3.8414159558720486e-27
2227,4,2,2,0.1317739635705948,0.0016022275667637587,0.8666237592697144,0.9999121427536011
2228,0,2,2,4.122308894238813e-07,7.624927320648567e-07,0.999998927116394,1.0
2229,3,2,2,2.233780804772323e-08,3.5313817079440923e-06,0.9999964237213135,0.9998531937599182
2230,2,2,2,0.02009769342839718,0.0006287084543146193,0.9792735576629639,1.0
2231,2,1,1,2.607973556223442e-06,0.999996542930603,7.908518000476761e-07,1.0
2232,0,2,2,0.0008067019516602159,0.0009775571525096893,0.9982157945632935,0.9999978542327881
2233,2,2,0,0.5178164839744568,0.02219027280807495,0.45999327301979065,1.0
2235,0,2,2,4.372192415758036e-05,0.00028455621213652194,0.9996716976165771,1.0
2236,4,1,1,0.008206743746995926,0.9886325001716614,0.003160791704431176,0.9948160648345947
2237,4,1,1,0.0002774759486783296,0.9994862079620361,0.0002362350933253765,0.9996709823608398
2240,2,1,1,1.4887674296915065e-05,0.9999771118164062,7.943182936287485e-06,1.0
2242,0,2,2,4.949182397240293e-09,1.0417089470138308e-05,0.9999896287918091,1.0
2243,0,1,0,0.4560917019844055,0.2219828963279724,0.32192543148994446,1.0
2244,2,2,0,0.5158023834228516,0.07479801028966904,0.40939953923225403,1.0
2246,2,1,1,0.15580178797245026,0.8405160903930664,0.003682103008031845,1.0
2247,3,1,1,4.505037941271439e-05,0.9999536275863647,1.3633779190058704e-06,0.9989534616470337
2248,1,1,1,0.005052953492850065,0.9937171936035156,0.0012298013316467404,1.1003011876351251e-26
2250,2,1,1,4.246781099936925e-05,0.9998338222503662,0.00012370824697427452,1.0
2251,3,1,1,0.014937857165932655,0.9244511127471924,0.060610994696617126,0.9999534487724304
2253,3,2,2,1.1452754300478318e-09,7.999846047823667e-07,0.9999991655349731,0.999599039554596
2256,0,1,1,4.007121788163204e-06,0.9999938011169434,2.174617975470028e-06,1.0
2257,2,2,2,2.0304256054259895e-09,8.297471154605773e-09,1.0,1.0
2260,3,1,1,0.0015231710858643055,0.9964277148246765,0.002049130853265524,0.9996436238288879
2261,2,1,1,1.464600245526526e-07,0.9999997615814209,5.755851262279066e-08,1.0
2262,2,2,2,0.040604714304208755,0.04350743815302849,0.9158878922462463,1.0
2263,3,2,2,3.1446280246427705e-08,0.00015345394785981625,0.9998465776443481,0.9995065927505493
2264,2,1,1,3.556774026947096e-05,0.9999585151672363,5.951929779257625e-06,1.0
2265,1,1,1,1.0767283811219386e-06,0.9999794960021973,1.940797665156424e-05,2.4193550609518364e-16
2266,3,2,2,1.3109228980123788e-10,7.83985888119787e-06,0.9999921321868896,0.9977335333824158
2267,2,1,1,0.00036430155159905553,0.9996039271354675,3.183513763360679e-05,1.0
2268,0,1,1,6.235995186898435e-08,0.999998927116394,1.0365816933699534e-06,1.0
2270,2,2,2,2.663660403356971e-09,2.783771879677488e-09,1.0,1.0
2271,2,1,0,0.8159722685813904,0.0914003998041153,0.0926273912191391,1.0
2272,4,2,2,3.765282877155052e-11,3.0280620233469335e-09,1.0,0.9989878535270691
2274,2,2,2,3.573687763491762e-06,0.000621228595264256,0.9993751645088196,1.0
2275,1,2,2,0.008645983412861824,0.002083148341625929,0.9892709255218506,2.2604820938145825e-35
2276,2,1,0,0.43513497710227966,0.41780000925064087,0.14706499874591827,1.0
2277,4,2,2,5.273008127915091e-07,1.4748330556813016e-07,0.9999994039535522,0.9994203448295593
2278,0,2,2,1.6342120545687067e-08,4.198014266876271e-06,0.9999958276748657,1.0
2279,2,1,1,2.9232735414552735e-06,0.9999970197677612,1.2872286347942463e-08,1.0
2280,4,2,2,9.81448101811111e-05,0.00066896784119308,0.9992328882217407,0.9999192357063293
2282,4,1,1,2.752659327143192e-07,0.9999996423721313,8.791284500375696e-08,0.9999184012413025
2283,3,2,2,1.110682461558099e-07,7.904587619123049e-06,0.9999920129776001,0.9996322393417358
2284,1,2,2,1.9595301637309603e-05,3.314374771434814e-05,0.9999473094940186,2.337440781023919e-15
2289,1,1,1,2.9825644105585525e-06,0.9999969005584717,9.57955066382965e-08,8.527209309926442e-24
2290,1,1,1,1.9114154383714776e-06,0.9999979734420776,1.6192333873732423e-07,1.2117268352363406e-25
2291,2,1,1,3.1979064374354493e-07,0.9999995231628418,1.6272315406240523e-07,1.0
2292,3,1,1,0.00037611284642480314,0.9986559152603149,0.0009679114446043968,0.9990277886390686
2293,0,2,2,4.427713804489031e-07,6.648139333265135e-06,0.999992847442627,0.9999985098838806
2294,4,2,2,0.335146963596344,0.02608388662338257,0.6387692093849182,0.9999586939811707
2295,4,1,1,7.324890611926094e-05,0.9999039173126221,2.281744673382491e-05,0.9997726082801819
2296,2,1,1,0.00011560275015654042,0.99981290102005,7.157766231102869e-05,1.0
2297,0,2,2,1.8207328977837278e-08,4.276889242760262e-08,1.0,1.0
2298,1,2,0,0.7895864844322205,0.014829139225184917,0.1955842822790146,0.0
2299,3,1,1,0.000188511359738186,0.9997432827949524,6.823751027695835e-05,0.9988674521446228
2300,0,2,2,4.597544123186026e-09,1.0174196631851373e-06,0.999998927116394,0.9999987483024597
2301,0,1,2,9.240503277396783e-05,0.008188655599951744,0.9917188882827759,1.0
2302,1,2,2,9.16983022847262e-09,1.9552548025103533e-08,1.0,1.6042012553410534e-12
2303,0,2,2,6.1591481426148675e-06,1.1124499906145502e-05,0.9999827146530151,1.0
2304,2,1,1,1.2667977955516108e-07,0.9999997615814209,8.201539714036699e-08,1.0
2305,0,1,1,0.0033761009108275175,0.9676423668861389,0.0289815254509449,1.0
2306,1,2,2,4.316713329899358e-06,0.00047457870095968246,0.9995211362838745,1.2671069731046906e-15
2307,1,2,2,3.819349956302176e-07,7.513885975640733e-06,0.9999921321868896,1.2441067620549973e-10
2308,3,1,1,0.03451978415250778,0.9648106694221497,0.0006695024785585701,0.9998390078544617
2309,1,1,0,0.6525388956069946,0.20617914199829102,0.14128194749355316,0.0
2311,0,1,1,0.0010598341468721628,0.9988514184951782,8.868679287843406e-05,0.9999990463256836
2312,2,1,1,6.676508292002836e-06,0.9999890327453613,4.297648956708144e-06,1.0
2313,4,2,2,0.0004607769369613379,0.00014967098832130432,0.9993895292282104,0.9998841881752014
2314,1,1,1,2.0570347203374695e-08,0.9999998807907104,5.286885951250042e-08,1.1817787643774107e-21
2315,4,1,1,0.00015376646479126066,0.9998373985290527,8.832115781842731e-06,0.9999100565910339
2316,0,1,1,0.000446726888185367,0.9994173049926758,0.00013603495608549565,1.0
2317,4,1,1,9.17651123018004e-05,0.9998718500137329,3.63934705092106e-05,0.9997434020042419
2318,4,1,1,4.2833953273202496e-08,0.9999998807907104,3.3674080412993135e-08,0.9999781847000122
2320,2,1,1,8.878289008862339e-06,0.9999896287918091,1.5187484905254678e-06,1.0
2321,2,2,2,2.2230225472930076e-12,2.740994551556769e-13,1.0,1.0
2324,0,1,1,0.07519754767417908,0.9227227568626404,0.0020797355100512505,0.9999793767929077
2326,3,1,1,5.009965207136702e-06,0.9999914169311523,3.5403504625719506e-06,0.9989089965820312
2327,3,1,1,2.4729754386498826e-06,0.9999724626541138,2.501939161447808e-05,0.9995805025100708
2328,0,2,2,8.921924745664e-07,2.8129936254117638e-05,0.9999710321426392,1.0
2329,0,1,1,0.00014229593216441572,0.9998526573181152,5.057868747826433e-06,1.0
2330,1,1,2,0.02863646298646927,0.0007490087882615626,0.9706145524978638,2.311259900379886e-24
2331,4,1,1,6.076163003854163e-07,0.9999994039535522,1.2454213660362257e-08,0.9993495941162109
2332,2,1,1,3.2245613965642406e-06,0.9999911785125732,5.58896590518998e-06,1.0
2334,4,2,2,2.473269375968812e-07,1.0909867341979407e-05,0.9999887943267822,0.999947190284729
2336,3,1,1,0.0027635444421321154,0.9913257956504822,0.0059106252156198025,0.9997963905334473
2337,4,1,1,3.6309813822299475e-07,0.9999996423721313,6.612303149466925e-09,0.9998016357421875
2338,2,1,1,0.00031852119718678296,0.9996464252471924,3.505433051032014e-05,1.0
2339,1,2,2,1.4974915529819555e-07,9.383297339127239e-08,0.9999997615814209,0.0018049293430522084
2340,0,1,0,0.7687622904777527,0.10745800286531448,0.12377967685461044,1.0
2342,0,2,2,0.002211454324424267,0.0008696156437508762,0.9969190359115601,0.9999998211860657
2344,3,2,2,0.057529252022504807,0.1520022451877594,0.7904684543609619,0.9997965693473816
2345,4,2,2,1.9417158991785755e-09,5.294305992720183e-06,0.9999947547912598,0.9998400807380676
2347,4,2,2,3.079486123169772e-05,0.0001752954995026812,0.9997939467430115,0.9996801614761353
2350,1,2,2,1.7625791315367678e-06,3.644310098138703e-08,0.9999982118606567,3.4394307846241645e-08
2351,3,1,1,1.812424841318716e-07,0.9999979734420776,1.8896711253546528e-06,0.9970031976699829
2353,1,2,2,3.598819148464827e-06,1.204502405016683e-05,0.9999843835830688,1.726608561528932e-14
2355,2,2,2,8.96991514309775e-06,2.2519150206790073e-06,0.9999887943267822,1.0
2357,1,2,2,0.2615143656730652,0.0016737754922360182,0.7368118166923523,3.7568028892524384e-25
2359,0,1,1,3.285914135631174e-05,0.9999663829803467,7.266463057931105e-07,0.9999998211860657
2361,2,2,2,6.514449868433303e-09,4.3179458231179524e-08,1.0,1.0
2362,1,2,2,2.581075477792183e-07,0.00036994030233472586,0.9996298551559448,1.412292655428814e-15
2364,4,2,2,0.0012005483731627464,7.173041376518086e-05,0.9987277388572693,0.9992765188217163
2366,4,2,2,3.256966607523282e-08,1.1055506092816358e-06,0.999998927116394,0.9991911053657532
2367,2,1,1,0.032042935490608215,0.9586213827133179,0.009335686452686787,1.0
2368,1,1,0,0.6889697313308716,0.004489391576498747,0.30654090642929077,3.738574713741111e-18
2369,3,1,1,3.1713725547888316e-06,0.999996542930603,2.778947987280844e-07,0.9995768666267395
2372,0,1,1,0.01980898529291153,0.934197187423706,0.045993782579898834,1.0
2373,0,1,0,0.828106164932251,0.0895918607711792,0.08230198919773102,1.0
2374,2,1,1,0.06891088932752609,0.7722158432006836,0.15887326002120972,1.0
2377,1,2,2,4.176608854322694e-06,4.42648415628355e-05,0.9999516010284424,0.04972659423947334
2378,2,1,2,0.301044225692749,0.09988531470298767,0.5990704298019409,1.0
2379,1,2,2,1.0893561920966022e-05,0.0002276458835694939,0.9997615218162537,4.3069037946925106e-17
2381,2,2,2,1.4839095456409268e-05,0.00015033449744805694,0.9998348951339722,1.0
2382,2,2,2,9.142808994511142e-05,0.01495059859007597,0.9849579334259033,1.0
2383,3,2,2,1.429330893643055e-07,6.679908256046474e-05,0.999933123588562,0.9943244457244873
2384,0,1,1,2.2267099666350987e-06,0.9999977350234985,3.718723817769387e-08,0.9999992251396179
2385,3,2,2,2.945488644656713e-11,4.3244854919244347e-10,1.0,0.9991208910942078
2386,1,2,2,4.226983492117142e-06,7.656371963093989e-06,0.9999881982803345,2.95136905185578e-18
2389,3,2,2,0.00012707831047009677,8.318903610415873e-07,0.999872088432312,0.9994073510169983
2390,2,1,1,6.948727332201088e-06,0.9999877214431763,5.379421963880304e-06,1.0
2391,4,2,0,0.6504503488540649,0.07871398329734802,0.27083566784858704,0.9999914169311523
2395,4,1,1,6.174120659174775e-10,1.0,2.3672090329607265e-11,0.9995470643043518
2396,1,1,2,0.34190964698791504,0.09012117981910706,0.5679691433906555,4.755235562576054e-34
2397,2,2,1,0.07786742597818375,0.47648853063583374,0.4456440508365631,1.0
2398,4,2,2,0.00019277854880783707,3.417807965888642e-05,0.9997729659080505,0.9997689723968506
2399,2,1,1,0.06740092486143112,0.9257688522338867,0.00683020893484354,1.0
2405,4,2,2,1.5566266711175558e-06,3.964763436670182e-06,0.9999945163726807,0.9999163746833801
2408,2,2,2,3.52640449818864e-06,2.4397586173563468e-08,0.9999964237213135,1.0
2409,1,1,1,7.582204375466972e-08,0.9999997615814209,1.5078553872172051e-07,1.2261165456160902e-24
2410,1,1,1,0.09025049954652786,0.8644229769706726,0.045326508581638336,0.0
2411,4,1,1,1.0415640794292358e-08,1.0,1.2563217133276794e-10,0.9997450709342957
2412,2,1,0,0.7345609068870544,0.029982727020978928,0.23545631766319275,1.0
2413,3,1,1,0.0020737077575176954,0.9958207607269287,0.002105525229126215,0.9991520643234253
2415,3,1,1,1.198657457734953e-07,0.9999998807907104,3.5809706311340506e-09,0.9998045563697815
2416,1,1,1,1.5861833162489347e-05,0.9999836683273315,5.063240564595617e-07,4.525969536847962e-24
2417,4,2,2,0.0015361105324700475,0.019464679062366486,0.9789992570877075,0.9999495148658752
2418,4,1,1,1.232591112509951e-10,1.0,5.808291781567165e-12,0.998735785484314
2419,2,2,1,0.008473705500364304,0.8799470067024231,0.1115792915225029,1.0
2420,4,2,0,0.9112230539321899,0.009442870505154133,0.07933404296636581,0.9999337792396545
2421,3,2,2,0.0014075897634029388,2.6966030418407172e-05,0.9985653758049011,0.9985682368278503
2422,3,2,2,1.0062406090582954e-06,3.1646752631786512e-06,0.9999958276748657,0.9995770454406738
2423,1,2,2,4.101791795108056e-09,5.587247997596023e-09,1.0,1.7234778226793424e-07
2424,3,2,2,5.3687170264993256e-08,5.212119162933959e-07,0.9999995231628418,0.9999715089797974
2425,0,2,2,0.00012972555123269558,3.990652203356149e-06,0.9998663663864136,1.0
2428,2,1,1,1.2266664271010086e-05,0.9999837875366211,3.92211222788319e-06,1.0
2429,0,2,2,1.2134616866887882e-08,1.284967652281921e-07,0.9999998807907104,0.9999998807907104
2430,0,1,2,0.052191805094480515,0.07599063962697983,0.8718175888061523,1.0
2431,0,1,0,0.4429347813129425,0.3643741011619568,0.1926911175251007,1.0
2432,4,1,1,2.2653361156699248e-05,0.9999003410339355,7.695266685914248e-05,0.9998864531517029
2433,1,2,2,6.541864272513465e-10,6.132070962117098e-10,1.0,3.8140044349204205e-20
2434,1,2,2,2.073754075126999e-07,6.220923864930228e-08,0.9999996423721313,6.045083864592016e-05
2435,1,2,2,1.4573906526038627e-07,5.758805627920083e-07,0.9999992847442627,3.7370210008089155e-13
2436,0,2,2,3.9854267441796765e-08,3.385950719803077e-08,1.0,0.9999987483024597
2437,1,1,1,0.0010806912323459983,0.9984768033027649,0.00044254327076487243,2.54311778284299e-18
2438,3,2,1,0.0005007989821024239,0.9993274211883545,0.00017177904373966157,0.9996909499168396
2439,0,2,2,4.523195595851348e-09,7.235087196022505e-07,0.9999992847442627,1.0
2440,3,1,2,0.2947993874549866,0.008708813227713108,0.6964917778968811,0.9999791383743286
2441,4,1,1,1.1237776789130294e-06,0.9999940395355225,4.820448793907417e-06,0.9999289512634277
2442,4,1,0,0.8560964465141296,0.11116652190685272,0.03273710981011391,0.9999356269836426
2443,1,2,2,6.684053488470454e-08,2.097877222695388e-05,0.9999788999557495,0.0007029458647593856
2444,4,2,2,2.714388501294518e-13,1.3733366444057538e-08,1.0,0.994805097579956
2445,4,2,2,8.801263717828078e-09,1.5893903082542238e-07,0.9999998807907104,0.999833881855011
2448,3,1,1,0.041733913123607635,0.8232736587524414,0.13499240577220917,0.9990847110748291
2449,4,1,1,1.3673383364221081e-05,0.9999251365661621,6.115999713074416e-05,0.9998552203178406
2450,1,2,0,0.6228129863739014,0.05702784284949303,0.3201591670513153,7.145839709540286e-33
2451,1,1,1,7.943474997773592e-07,0.9999648332595825,3.4426113415975124e-05,1.7980895126698343e-24
2452,0,1,1,2.3573138108190506e-08,1.0,4.0161138303851374e-10,1.0
2453,4,2,2,6.844078082046678e-11,6.792770079755428e-08,0.9999998807907104,0.9998049736022949
2454,0,2,2,7.175321226071674e-09,1.4707816262671258e-06,0.9999985694885254,1.0
2455,3,1,1,3.176821472550273e-09,1.0,2.2776107666544476e-09,0.9995765089988708
2456,3,1,1,1.920754584716633e-05,0.9999477863311768,3.2999123504851013e-05,0.9996044039726257
2460,2,2,2,1.419993168383371e-06,1.9075223463005386e-05,0.9999794960021973,1.0
2461,2,1,1,1.6792985206848243e-06,0.9999980926513672,2.608383908864198e-07,1.0
2462,3,1,1,9.142318049271125e-06,0.9995068311691284,0.00048405409324914217,0.9993122816085815
2463,2,2,2,0.23598390817642212,0.001114515820518136,0.7629015445709229,1.0
2464,1,1,1,2.3143907128542196e-06,0.9999961853027344,1.4407786466108519e-06,3.299018077715515e-31
2465,1,1,1,0.00026426598196849227,0.9997344613075256,1.2771110959874932e-06,5.368087959798426e-29
2466,0,1,1,5.480737399921054e-06,0.9999945163726807,3.3236233321076725e-08,1.0
2467,4,2,2,4.402055164831609e-09,3.4947050153277814e-05,0.9999650716781616,0.9994333386421204
2469,2,2,2,0.0001532975147711113,0.005279575474560261,0.9945671558380127,1.0
2471,4,1,1,0.0021683957893401384,0.9939980506896973,0.0038335213903337717,0.9989868998527527
2472,2,2,2,1.590499815184998e-10,7.592167889924895e-07,0.9999992847442627,1.0
2473,3,2,2,5.896496872992429e-07,3.322327302157646e-08,0.9999994039535522,0.9996263980865479
2474,0,1,1,1.5215871940199577e-07,0.9999997615814209,4.7292012084199087e-08,1.0
2476,1,2,2,1.2311890396077274e-09,4.898074834613908e-08,1.0,0.03448266163468361
2477,2,1,1,0.00027470896020531654,0.9997064471244812,1.8865250240196474e-05,1.0
2478,3,1,1,0.00013006308290641755,0.9998394250869751,3.045762969122734e-05,0.998104453086853
2479,4,1,0,0.6754744052886963,0.31973108649253845,0.0047944760881364346,0.9999359250068665
2480,2,2,2,1.6272816765194875e-06,6.480007868958637e-05,0.9999334812164307,1.0
2482,0,2,2,6.541669790749438e-06,1.750391129462514e-05,0.9999759197235107,1.0
2484,2,2,2,7.329978846115637e-10,8.585176125563976e-09,1.0,1.0
2485,0,2,2,1.5901079564173415e-07,6.336607611956424e-07,0.9999992847442627,1.0
2486,0,2,2,3.894928681802412e-07,8.454480848740786e-06,0.9999911785125732,0.9999938607215881
2488,0,2,2,1.6287987136820448e-07,1.8317873582418542e-06,0.9999980926513672,0.9999996423721313
2489,4,2,2,1.0657419807102997e-05,1.6249292457359843e-05,0.9999731779098511,0.9952664375305176
2492,4,2,2,3.1293159730161335e-10,2.0726819371930105e-08,1.0,0.9999831914901733
2493,0,2,2,1.3181958991026477e-07,3.182709065185918e-07,0.9999995231628418,0.9999999403953552
2494,3,2,2,3.3820492717495654e-07,1.1030952009605244e-06,0.9999985694885254,0.999913215637207
2495,1,2,2,2.2759641069569625e-05,0.001328225596807897,0.9986490607261658,4.399640916342984e-13
2496,3,2,2,1.7511007754933416e-08,1.7914058844326064e-05,0.9999821186065674,0.9956970810890198
2497,2,1,1,2.7439838845566555e-07,0.9999996423721313,1.1187213289076681e-07,1.0
2498,1,1,1,4.859444402427471e-07,0.9999816417694092,1.7825244867708534e-05,2.1921391426783448e-24
2500,4,1,1,2.5611208798181906e-07,0.9999997615814209,4.275409359877358e-09,0.9994290471076965
2505,0,2,2,2.9535274423522556e-15,3.235111345478714e-10,1.0,0.9999988079071045
2507,3,1,1,1.0114409860761953e-06,0.999998927116394,4.464821401484187e-09,0.9948534965515137
2508,1,2,2,1.0351617873993746e-07,7.402958090096945e-06,0.9999924898147583,0.026689669117331505
2510,0,2,2,9.509222158613981e-15,9.328122475837919e-12,1.0,0.9999719262123108
2511,4,2,2,5.535031277759117e-07,2.0388056327647064e-06,0.9999973773956299,0.9995301961898804
2513,3,2,2,8.485619984455184e-10,9.364828201796627e-08,0.9999998807907104,0.9998399019241333
2514,4,2,2,0.2660751938819885,0.06893019378185272,0.6649946570396423,0.999944269657135
2517,3,1,1,1.1080181138822809e-05,0.9999887943267822,1.351574212549167e-07,0.9999076724052429
2518,4,2,2,5.037184109824011e-06,0.00011474423081381246,0.9998801946640015,0.9999171495437622
2519,2,2,2,0.0024784149136394262,0.0008431521710008383,0.9966784715652466,1.0
2520,1,2,2,3.35871597201276e-08,3.191173902905575e-07,0.9999996423721313,0.00863964669406414
2521,2,2,2,0.00016440765466541052,7.285490823960572e-07,0.9998348951339722,1.0
2522,0,2,0,0.6718509197235107,0.17262579500675201,0.15552328526973724,1.0
2523,2,1,1,6.297121757370405e-08,0.9999992847442627,6.698199968013796e-07,1.0
2526,2,2,2,1.303174929079276e-10,3.7149607834408016e-08,1.0,1.0
2528,0,2,2,6.0240701316161e-11,6.323396917196078e-09,1.0,0.999997079372406
2529,0,2,2,0.0010927499970421195,2.2395475753000937e-05,0.9988848567008972,1.0
2530,2,2,2,1.882984219936379e-12,1.7067985913499228e-09,1.0,1.0
2531,4,2,2,9.052240056917071e-05,0.0009118218440562487,0.9989976286888123,0.9997597932815552
2532,3,2,2,3.845103402344563e-10,1.7802075369388604e-09,1.0,0.9982081055641174
2533,3,2,2,1.3603207662526984e-06,7.771290455593771e-08,0.9999985694885254,0.99977707862854
2534,0,2,2,1.3352079442086051e-08,8.743406887390393e-09,1.0,1.0
2535,4,2,2,2.0756939193233848e-05,2.8762999136233702e-05,0.9999505281448364,0.9988614320755005
2537,4,2,2,5.9154797781957313e-05,9.474426042288542e-05,0.9998461008071899,0.9999305605888367
2538,4,2,2,2.4008742911973968e-05,5.618721479550004e-05,0.9999198913574219,0.9982318878173828
2539,4,2,2,5.328168117557652e-05,4.7236499085556716e-06,0.9999419450759888,0.9985960125923157
2540,1,2,2,1.2294916473809536e-10,1.4961962224724346e-10,1.0,6.667760012743842e-14
2542,1,2,2,3.0984914634046845e-10,1.2155607187480655e-08,1.0,0.055555105209350586
2543,2,2,2,2.097287278957083e-06,4.066546807734994e-06,0.9999938011169434,1.0
2544,2,2,2,1.0807261752177055e-08,1.324086838394578e-06,0.9999986886978149,1.0
2545,4,2,2,1.0866318261859576e-10,7.189058237599966e-09,1.0,0.9993062615394592
2546,4,2,2,5.01495982518918e-08,2.974219796669786e-06,0.9999970197677612,0.995795488357544
2548,0,1,1,3.1089406604678516e-08,0.9999991655349731,8.116438721117447e-07,1.0
2550,2,1,1,7.539411308243871e-05,0.9999096393585205,1.5013561096566264e-05,1.0
2551,0,1,1,0.0005950730992481112,0.9989516735076904,0.00045319178025238216,1.0
2552,4,1,1,6.238817906734084e-09,1.0,9.924292498908471e-10,0.9999352693557739
2553,1,2,2,6.60106778127556e-08,1.7568935106737626e-07,0.9999997615814209,6.3609209723482565e-15
2554,3,1,1,0.0025833826512098312,0.9963396787643433,0.0010769705986604095,0.99991774559021
2555,3,2,2,0.03137319162487984,0.02114185318350792,0.9474850296974182,0.9997560977935791
2556,3,2,2,1.5042280665511498e-07,2.6661145966500044e-06,0.9999972581863403,0.999821662902832
2557,0,1,1,3.630396349763032e-06,0.9999963045120239,8.221417857612323e-08,1.0
2559,0,1,1,6.180877676342789e-08,0.9999998807907104,9.53093604039168e-08,1.0
2561,0,1,1,0.0036881305277347565,0.9920001029968262,0.004311694763600826,0.999998927116394
2562,0,2,2,4.1426861230320355e-07,3.9890002767606347e-07,0.9999992847442627,0.9999980926513672
2563,3,2,2,5.221040613734296e-11,3.535734482973396e-10,1.0,0.9821038246154785
2564,2,2,2,5.388020554164541e-07,0.006424116436392069,0.9935752749443054,1.0
2566,4,2,2,0.18593522906303406,0.08967990428209305,0.7243848443031311,0.9999415874481201
2567,3,2,2,3.5667513387238614e-09,1.2624921907899989e-07,0.9999998807907104,0.9996141791343689
2568,3,1,1,1.244988112603096e-07,0.9999998807907104,1.920617442863204e-08,0.9991050958633423
2569,1,1,1,0.03530548885464668,0.955445408821106,0.00924909021705389,4.450473674673661e-25
2570,4,1,1,3.7198211177980056e-10,1.0,1.0932092731064103e-10,0.9988099336624146
2573,4,1,1,1.6586267520324327e-05,0.9999643564224243,1.9075079762842506e-05,0.9998641014099121
2575,2,2,2,0.0004962789826095104,4.8719204642111436e-05,0.9994550347328186,1.0
2576,2,2,2,2.28077988140285e-05,0.0002939821279142052,0.9996832609176636,1.0
2578,1,1,1,0.0015525235794484615,0.9984229803085327,2.4493343516951427e-05,6.002646848137822e-22
2579,1,1,1,0.006423769053071737,0.9902646541595459,0.003311566077172756,8.767584063494294e-19
2580,3,1,1,3.4273142546226154e-08,0.9999998807907104,4.411052856312381e-08,0.9998693466186523
2581,4,1,1,4.745625670210529e-09,0.9999997615814209,2.138225596581833e-07,0.9998804926872253
2582,4,2,2,0.2720299959182739,0.007761965971440077,0.7202080488204956,0.9999457001686096
2583,4,2,2,2.1863381505227153e-07,2.3929642338771373e-06,0.9999973773956299,0.9999164342880249
2584,3,1,1,0.00017632151138968766,0.9986156225204468,0.0012080271262675524,0.9998633861541748
2585,1,2,2,2.6804931962942646e-07,4.313776298658922e-05,0.9999566078186035,1.99176854107357e-15
2586,3,1,1,9.268696885555983e-06,0.9999898672103882,8.05360798494803e-07,0.9994627237319946
2587,2,1,1,1.7243386537302285e-05,0.9999767541885376,6.001547717460198e-06,1.0
2588,2,2,2,5.51647671986899e-10,1.4325024721983937e-07,0.9999998807907104,1.0
2592,0,2,2,0.020971868187189102,0.0040636733174324036,0.9749644994735718,1.0
2594,2,1,1,0.3015672266483307,0.5944710373878479,0.10396171361207962,1.0
2595,1,1,2,0.02994246780872345,0.3952751159667969,0.5747824311256409,1.8825982487369435e-21
2596,2,1,2,0.1340288668870926,0.010747520253062248,0.8552235960960388,1.0
2597,2,1,2,0.23478183150291443,0.09557799249887466,0.6696401834487915,1.0
2598,3,1,2,0.038613758981227875,0.4499484896659851,0.511437714099884,0.9999305605888367
2599,3,1,1,0.0031416956335306168,0.996494472026825,0.0003638363559730351,0.9992520213127136
2600,0,1,1,3.906255369656719e-05,0.9999604225158691,5.518856482922274e-07,1.0
2601,2,1,1,0.04399692639708519,0.6900864243507385,0.265916645526886,1.0
2602,0,2,2,2.8921638417500617e-08,7.465536668860295e-07,0.9999992847442627,0.9999381899833679
2604,1,1,1,0.0009135245345532894,0.9990692734718323,1.7226093405042775e-05,6.477950664419313e-21
2605,4,1,1,5.800798589916667e-06,0.9999371767044067,5.7010565797099844e-05,0.999797523021698
2607,3,1,1,0.00033253978472203016,0.9994745850563049,0.00019285926828160882,0.999826967716217
2608,1,2,2,3.0269195121945813e-05,1.5278930732165463e-05,0.9999544620513916,1.1265284495173833e-12
2609,1,2,2,0.00028040766483172774,0.0014110476477071643,0.998308539390564,1.8293172917383513e-19
2610,1,1,2,0.47074201703071594,0.05539728328585625,0.4738606810569763,2.9653918910069426e-28
2612,4,1,1,1.4077048149374605e-07,0.9999994039535522,4.0550034441366734e-07,0.9985315203666687
2613,2,2,2,4.574544831825733e-08,4.2018851331704354e-07,0.9999995231628418,1.0
2614,4,2,2,1.7196597354995902e-06,4.026368969789473e-06,0.9999942779541016,0.9997496008872986
2615,3,2,2,8.146602836767158e-11,1.6245534695258357e-08,1.0,0.9880756139755249
2616,2,1,1,1.880497256934177e-05,0.9999440908432007,3.707775613293052e-05,1.0
2617,2,2,2,1.4344264708324173e-12,2.9118698563479484e-09,1.0,1.0
2619,0,1,1,1.8839651616531228e-08,0.9999998807907104,1.2326550802299607e-07,1.0
2620,0,2,2,1.980338289186978e-11,1.2441565999665727e-08,1.0,0.9999897480010986
2621,2,1,1,0.00923533458262682,0.5945124626159668,0.39625221490859985,1.0
2622,4,2,2,9.876266631181352e-06,0.000943936756812036,0.9990461468696594,0.9999868273735046
2623,4,2,2,1.4056098507353454e-08,5.468514700623928e-06,0.9999945163726807,0.9998549222946167
2624,3,1,1,1.594618765921041e-07,0.9999997615814209,2.5196630559776168e-08,0.9981136322021484
2625,0,1,1,7.900403943494894e-06,0.9999918937683105,1.7892770642902178e-07,0.9999997615814209
2626,1,1,1,0.000333757750922814,0.9979034662246704,0.0017627334455028176,1.1311906634899467e-17
2627,2,1,1,0.000290878233499825,0.9996681213378906,4.103940227651037e-05,1.0
2628,0,2,2,4.251124607890233e-07,1.7303755157627165e-06,0.9999977350234985,1.0
2629,0,1,1,8.324826922034845e-06,0.9999902248382568,1.4760076965103508e-06,0.9999998807907104
2631,2,2,2,0.002759684342890978,0.002171748084947467,0.9950685501098633,1.0
2633,2,2,2,3.4877220969065093e-06,4.854051803704351e-05,0.9999480247497559,1.0
2635,3,2,2,2.882093008693687e-09,2.8038197541491172e-08,1.0,0.9986751675605774
2636,0,2,2,4.535345254907952e-08,5.13697273163416e-07,0.9999995231628418,1.0
2637,4,2,2,3.5919920371441094e-09,2.0912697436870076e-05,0.9999791383743286,0.9997265934944153
2638,0,2,2,4.948056187004113e-08,3.951342932850821e-06,0.9999960660934448,0.9999983906745911
2639,4,1,1,8.640400324111397e-07,0.9999974966049194,1.6701906133675948e-06,0.9998020529747009
2640,1,1,0,0.6192180514335632,0.05786147713661194,0.32292044162750244,5.185774616437869e-29
2641,1,2,2,5.23660958151595e-07,3.2316277156496653e-06,0.9999963045120239,5.239164213577396e-09
2642,0,2,2,3.459142817519023e-06,2.434883526802878e-06,0.999994158744812,0.9999842047691345
2645,1,1,1,4.277441621525213e-05,0.9999464750289917,1.0699570339056663e-05,2.114606834036275e-17
2647,1,1,1,1.8850397509595496e-07,0.9999936819076538,6.168962045194348e-06,8.18089968807878e-23
2648,4,2,2,5.9474463341757655e-05,0.0018500128062441945,0.9980904459953308,0.9995590448379517
2650,0,1,1,5.125852567289257e-06,0.9999834299087524,1.1451439604570623e-05,0.9999998211860657
2651,0,1,1,0.004737519193440676,0.9925859570503235,0.002676542615517974,1.0
2653,3,1,1,0.0002951130736619234,0.9996891021728516,1.5827923562028445e-05,0.9995144009590149
2654,2,2,2,5.465565664053429e-06,0.00022005033679306507,0.9997745156288147,1.0
2655,4,2,2,0.0005807484267279506,0.00041728312498889863,0.9990019202232361,0.9998878836631775
2656,3,2,2,1.0140782658041303e-09,2.0163749780977014e-08,1.0,0.9994421601295471
2657,4,2,2,6.1379701321584434e-09,2.5845480422503897e-07,0.9999997615814209,0.9997330904006958
2660,4,1,1,1.4118824083197978e-06,0.9999943971633911,4.234781499690143e-06,0.9997315406799316
2661,0,1,1,0.008062104694545269,0.9909520149230957,0.000985909253358841,1.0
2662,4,1,1,2.2147667380623126e-11,1.0,1.6991604304128494e-11,0.9997261762619019
2664,2,2,2,1.48264916788321e-07,4.8292672083505295e-09,0.9999998807907104,1.0
2665,3,2,2,3.435177142740997e-10,1.4523021718559903e-07,0.9999998807907104,0.9940582513809204
2666,0,1,1,8.651011285110144e-08,0.9999997615814209,1.5358951088728645e-07,1.0
2667,1,2,2,1.3910934626437665e-07,1.5558103996227146e-06,0.9999983310699463,0.0004554531187750399
2668,4,2,2,0.0005422785761766136,2.9379321858868934e-05,0.9994282126426697,0.9999784231185913
2669,2,2,2,2.108177632464958e-09,1.3584069336047833e-07,0.9999998807907104,1.0
2670,1,2,2,6.298199150478467e-05,0.0021575703285634518,0.9977794289588928,3.8983780836960875e-16
2671,1,2,2,1.0991790077241603e-05,6.869095727779495e-07,0.999988317489624,0.00013176098582334816
2672,1,1,2,0.11235485970973969,0.42923691868782043,0.4584082067012787,7.76477442607655e-35
2673,0,2,2,9.191395378138623e-08,1.1873837593157077e-06,0.9999986886978149,0.9999815225601196
2674,3,2,2,0.06810172647237778,0.23895180225372314,0.6929464340209961,0.9997580647468567
2675,0,2,2,9.350957407150418e-05,1.706248804111965e-05,0.9998893737792969,1.0
2676,2,1,1,3.886634374339337e-07,0.9999994039535522,2.0857171989518974e-07,1.0
2677,3,1,1,6.274465391697959e-08,0.9999998807907104,1.0232400882159709e-07,0.9959253668785095
2678,3,1,1,1.0339772416045889e-07,0.9999995231628418,3.1990776960810763e-07,0.9985928535461426
2679,1,2,2,2.331699761271011e-06,5.041914050707419e-07,0.9999971389770508,0.030252231284976006
2681,1,2,2,6.940547609701753e-05,0.00012563681229948997,0.9998050332069397,2.373842095115819e-11
2682,2,1,1,0.15219832956790924,0.7977072596549988,0.05009440705180168,1.0
2683,3,1,1,3.8870769003551686e-07,0.9999988079071045,8.34193372156733e-07,0.9950534701347351
2684,2,2,2,5.489452208767842e-13,7.847352101464367e-09,1.0,1.0
2685,0,2,2,0.020717205479741096,0.009982995688915253,0.9692997336387634,0.9999991655349731
2686,4,2,2,6.804413743566329e-08,2.8588178224708827e-07,0.9999996423721313,0.9998860955238342
2688,1,2,2,5.136743808087374e-11,2.723874681365146e-09,1.0,0.015863068401813507
2689,4,2,2,1.5395802620332688e-05,0.0007762684836052358,0.999208390712738,0.999919056892395
2690,3,2,2,1.3861296793038491e-05,0.00020082324044778943,0.9997853636741638,0.9956701993942261
2692,0,1,1,0.18529345095157623,0.4268028140068054,0.38790369033813477,1.0
2693,2,2,2,9.683545067673549e-05,0.0013535504695028067,0.9985496401786804,1.0
2694,0,2,2,1.1468144293758087e-05,0.00014590749924536794,0.999842643737793,0.9999878406524658
2695,3,2,2,0.00016663501446601003,0.000240157256484963,0.9995933175086975,0.9998897910118103
2698,3,2,2,0.0008138358243741095,0.00035514391493052244,0.9988309741020203,0.9902951717376709
2699,2,2,2,3.415207902435213e-05,0.00012888037599623203,0.9998369216918945,1.0
2700,3,1,1,1.331766785739319e-08,1.0,2.0840025261037454e-09,0.9993643760681152
2702,0,2,2,1.5192573865618897e-09,5.379859224774464e-09,1.0,1.0
2703,1,1,1,1.2294169664528454e-06,0.9999982118606567,5.170126087250537e-07,7.224445543552118e-20
2704,0,2,2,0.06617436558008194,0.008525693789124489,0.9253000020980835,1.0
2705,2,2,2,9.219590424436319e-08,1.5150715171330376e-06,0.9999983310699463,1.0
2706,0,2,2,2.3319674316568673e-11,4.4048542591212936e-09,1.0,0.9999942779541016
2707,0,1,1,1.3458544174949072e-12,1.0,8.659472607291246e-14,0.9999999403953552
2708,2,2,0,0.8466946482658386,0.004521504510194063,0.1487838476896286,1.0
2709,3,2,2,3.0323596433845523e-07,5.098932888358831e-06,0.9999945163726807,0.9999569654464722
2710,0,1,1,4.214880533481846e-08,1.0,1.1305478081480302e-10,1.0
2711,0,2,2,7.892294320299698e-07,1.8893238120654132e-06,0.9999972581863403,1.0
2712,4,1,0,0.6736131310462952,0.18195843696594238,0.14442846179008484,0.9998772740364075
2714,2,2,2,0.00013538500934373587,7.554917829111218e-05,0.9997890591621399,1.0
2715,4,1,1,9.800484868094372e-09,1.0,2.2120870413200322e-10,0.9992535710334778
2716,3,1,1,3.604208842489243e-08,0.9999961853027344,3.7864440400880994e-06,0.999167799949646
2717,2,1,1,2.0886094716843218e-05,0.9999421834945679,3.693915641633794e-05,1.0
2718,0,2,2,3.652186109093236e-08,8.750467372919957e-08,0.9999998807907104,0.9999977946281433
2720,1,1,1,1.0203274541709106e-05,0.9999721050262451,1.7738979295245372e-05,1.5540129518758607e-38
2721,3,2,2,0.006128252949565649,0.015368382446467876,0.9785032868385315,0.9999318718910217
2723,4,2,2,0.00028715169173665345,0.0012295498745515943,0.9984833598136902,0.9999430179595947
2724,2,1,1,4.3685272288485066e-08,0.9999998807907104,9.961527780433244e-08,1.0
2725,2,2,2,1.8772297952218686e-11,1.035348140554504e-09,1.0,1.0
2726,0,2,2,0.00028021237812936306,0.002470839535817504,0.9972489476203918,0.9999988675117493
2727,0,2,2,0.0011524969013407826,0.0019194703781977296,0.9969280362129211,1.0
2728,3,2,2,4.092411018064013e-06,1.538861215522047e-05,0.9999805688858032,0.9999365210533142
2730,3,1,1,0.0005168004427105188,0.9993051290512085,0.00017811343423090875,0.9989868998527527
2731,2,2,2,1.0815402902153437e-06,3.6336457469587913e-06,0.9999953508377075,1.0
2733,4,1,1,3.938839199690847e-06,0.9999955892562866,5.060230137132748e-07,0.9997749328613281
2734,1,1,1,0.19707314670085907,0.40999871492385864,0.3929280936717987,1.1096720561627472e-16
2736,1,2,2,2.6869196517509408e-05,4.573917919969972e-07,0.9999727010726929,3.7728894742722606e-18
2737,2,1,0,0.4667559564113617,0.4068130552768707,0.126430943608284,1.0
2739,4,1,1,5.478752562737554e-09,1.0,1.2816565586604156e-08,0.9999716877937317
2740,4,2,2,1.294425566733537e-09,2.926342688169825e-07,0.9999997615814209,0.9993734359741211
2741,1,1,1,2.2838945369585417e-05,0.9999740123748779,3.0976548259786796e-06,6.066735448944206e-19
2742,1,2,2,1.8921700473129022e-07,1.0091112017107662e-05,0.9999896287918091,4.9137401944923404e-15
2743,4,2,2,2.2737870040145935e-06,1.631598024687264e-05,0.9999814033508301,0.999971330165863
2745,4,2,2,3.8627160392934456e-05,3.44577529176604e-05,0.9999269247055054,0.9996707439422607
2746,0,2,2,4.0406768675893545e-05,1.5766856904519955e-06,0.9999580383300781,1.0
2747,0,2,2,6.424173193408933e-08,2.8889185159641784e-06,0.9999970197677612,1.0
2748,2,2,2,2.136526067175737e-09,2.4837423229229216e-09,1.0,1.0
2751,2,1,1,0.00024766026763245463,0.9995318651199341,0.00022048086975701153,1.0
2752,2,1,2,9.81072667549654e-10,1.4433025796734e-07,0.9999998807907104,1.0
2753,3,1,1,4.600715044489334e-07,0.9999959468841553,3.638082489487715e-06,0.9997084140777588
2754,2,1,1,1.6428843840898821e-09,1.0,1.5540527087409828e-08,1.0
2755,2,2,2,0.00012055911793140694,9.170297562377527e-05,0.9997877478599548,1.0
2756,2,2,2,1.7948835126513352e-11,4.0665536910067246e-11,1.0,1.0
2757,3,1,1,0.0003191527212038636,0.9996445178985596,3.6351346352603287e-05,0.9971659779548645
2758,2,1,1,1.3245556147012394e-05,0.999985933303833,7.653940770069312e-07,1.0
2759,4,2,2,4.1414753028899687e-13,1.7991842682363313e-08,1.0,0.9968360662460327
2760,4,1,1,4.293773336883078e-09,1.0,4.1867528888239747e-10,0.9999504089355469
2763,2,2,2,4.328989962232299e-05,3.2013500458560884e-05,0.9999246597290039,1.0
2764,2,2,2,1.1364244301148574e-07,5.849153239978477e-06,0.9999940395355225,1.0
2767,1,2,2,1.9673317197543838e-08,1.2064643897247151e-06,0.9999988079071045,0.04425308480858803
2768,0,2,2,0.021899597719311714,0.00015778819215483963,0.9779426455497742,1.0
2769,2,2,2,7.354436504236617e-12,4.6017714083745886e-08,1.0,1.0
2770,2,2,2,1.2722588260682954e-10,1.2151983863617488e-09,1.0,1.0
2771,2,1,1,0.00012408540351316333,0.9996984004974365,0.0001775592827470973,1.0
2772,4,2,2,4.197577396780616e-08,1.4839889672657591e-06,0.9999985694885254,0.9997857213020325
2773,3,2,2,2.8709551770589314e-05,3.850688244710909e-06,0.9999674558639526,0.9968171715736389
2774,4,2,2,1.602192583050055e-07,1.7212728380400222e-06,0.9999982118606567,0.9999292492866516
2776,1,2,2,1.142093060479965e-05,0.00019903562497347593,0.9997895359992981,5.386558272926806e-19
2778,1,2,2,5.810862830912811e-07,8.978257710623438e-07,0.9999984502792358,2.1246867722775516e-14
2779,1,2,2,3.808083022249775e-07,1.6614316109553329e-06,0.9999979734420776,3.553599675263329e-16
2780,0,2,2,3.951115434830399e-09,4.57926958574717e-08,1.0,1.0
2781,0,2,2,7.134158715171868e-13,8.494388352431326e-12,1.0,0.9999996423721313
2784,4,2,2,1.6542674075026298e-06,7.98475812189281e-05,0.9999184608459473,0.9998330473899841
2785,3,2,2,5.789007627754472e-05,4.848435310123023e-06,0.9999371767044067,0.9994376301765442
2787,4,2,2,1.609963646842516e-06,4.200389957986772e-05,0.9999563694000244,0.9999746680259705
2788,0,2,2,1.3514790675461796e-10,1.0181788745455833e-10,1.0,0.9999993443489075
2789,3,2,2,2.4519345060980413e-06,1.923764830280561e-05,0.9999783039093018,0.9998553395271301
2790,0,2,2,1.7077843949664384e-05,5.576802323048469e-06,0.9999773502349854,0.9999999403953552
2791,2,1,1,1.2558035678011947e-06,0.9999973773956299,1.3821429547533626e-06,1.0
2792,0,2,2,0.00012585394142661244,5.531832721317187e-05,0.9998188614845276,1.0
2793,2,2,2,1.062891463732285e-08,2.717420599651632e-08,1.0,1.0
2795,4,2,2,4.195540359575034e-09,3.421708472117757e-09,1.0,0.9984212517738342
2796,3,2,2,2.2746510808246967e-07,0.0006609387346543372,0.9993388056755066,0.9996716380119324
2799,3,1,1,1.3396725506709117e-08,0.9999183416366577,8.169052307493985e-05,0.9976314306259155
2800,3,2,2,7.970437088111737e-10,1.318913120940124e-07,0.9999998807907104,0.9999269247055054
2802,3,1,1,0.00037214226904325187,0.9996235370635986,4.27144823333947e-06,0.9990365505218506
2803,0,2,2,3.4893080425035805e-08,1.0084158930112608e-05,0.9999898672103882,0.999992847442627
2804,0,2,2,0.001188979484140873,0.0009470981312915683,0.9978639483451843,1.0
2805,2,2,2,4.586595423461404e-06,4.206197991152294e-05,0.9999533891677856,1.0
2807,3,1,2,0.42076218128204346,0.011369067244231701,0.5678687691688538,0.9997884035110474
2808,4,2,2,1.6385688184072933e-07,1.0001017471950036e-06,0.999998927116394,0.9968392848968506
2809,4,2,2,1.1430918332114987e-13,1.1096494383078248e-11,1.0,0.9996059536933899
2810,0,2,2,0.00015584946959279478,1.1310409718134906e-05,0.9998327493667603,0.9999915361404419
2811,4,2,2,0.000617459649220109,6.560501788044348e-05,0.999316930770874,0.9996479749679565
2812,1,2,2,6.237685011001304e-05,2.5982359147747047e-05,0.9999116659164429,1.1573404208320426e-06
2813,4,1,1,0.00011408601858420298,0.9991174340248108,0.000768500380218029,0.9999715089797974
2814,1,2,2,1.1931850167457014e-05,3.6042667943547713e-06,0.9999845027923584,1.894019696635496e-08
2815,1,2,2,5.997322205075761e-06,0.00013027105887886137,0.9998637437820435,2.173107027658716e-09
2816,2,2,2,0.00014220969751477242,1.4316105989564676e-05,0.9998434782028198,1.0
2817,0,2,2,2.96472678492591e-14,2.1555881266153293e-13,1.0,0.9999616742134094
2818,3,2,2,5.102311320115405e-07,0.0007513192831538618,0.999248206615448,0.9886925220489502
2819,2,2,2,2.01920101972064e-05,9.431063517695293e-06,0.9999704360961914,1.0
2821,2,2,2,2.760376283106325e-08,2.390200108948193e-07,0.9999997615814209,1.0
2822,4,2,2,1.1151208667570245e-07,3.591020742987894e-07,0.9999995231628418,0.9982048869132996
2823,4,1,1,1.1389982290666012e-09,1.0,1.8812675861568096e-09,0.9991893172264099
2826,1,2,2,1.311333264197856e-10,2.007896071631876e-09,1.0,0.009665830992162228
2827,3,2,2,1.3437627011114728e-08,1.4483353879768401e-05,0.9999855756759644,0.999286413192749
2828,1,2,2,1.5296549804588722e-07,1.238940421899315e-05,0.9999874830245972,9.170086912035913e-10
2829,0,2,2,2.8134788863098947e-06,0.0005320124910213053,0.9994651675224304,1.0
2830,4,1,1,2.580536229146446e-09,0.9999998807907104,1.494998969064909e-07,0.9996429085731506
2831,1,2,2,6.06011285597674e-09,5.933745161890158e-10,1.0,1.3450464393827133e-05
2832,3,2,2,6.161788519420952e-07,0.0005202392349019647,0.9994792342185974,0.9991912841796875
2833,0,1,1,4.102321690879762e-05,0.9999334812164307,2.5530209313728847e-05,1.0
2834,3,2,2,3.083606827658514e-07,8.05249364930205e-05,0.999919056892395,0.9998471140861511
2835,1,2,2,0.0253289807587862,1.4472017937805504e-05,0.9746564626693726,6.271950731128745e-31
2836,2,1,1,0.00013020620099268854,0.9998328685760498,3.685753472382203e-05,1.0
2837,3,1,1,5.6402791415166575e-06,0.9999942779541016,5.3156231416551236e-08,0.9998672008514404
2838,3,1,1,1.4724794255016604e-06,0.9999897480010986,8.786645594227593e-06,0.999603271484375
2839,0,2,2,1.1668830346422965e-09,1.1902779561978605e-07,0.9999998807907104,1.0
2840,4,1,1,1.782930425520135e-08,1.0,1.3916230834354337e-08,0.9999430179595947
2841,3,2,2,0.0419364795088768,7.532037852797657e-05,0.9579881429672241,0.9995090365409851
2842,2,2,2,3.1034150538289396e-07,2.771672029666661e-07,0.9999994039535522,1.0
2843,4,2,2,8.72393195010257e-13,4.4017323119760476e-08,1.0,0.9998945593833923
2844,1,1,2,0.05796671658754349,0.35123586654663086,0.590797483921051,2.6966315307581008e-31
2845,4,2,2,3.903047662845438e-09,6.615575216528669e-07,0.9999992847442627,0.9999725222587585
2847,1,1,1,1.2285980801607366e-06,0.9999871253967285,1.1625107617874164e-05,3.891554786750184e-11
2850,2,2,2,6.4126929828489665e-06,1.615456676518079e-05,0.9999773502349854,1.0
2851,3,2,2,0.02119581773877144,0.006480960641056299,0.9723231196403503,0.9999529719352722
2852,1,2,2,2.598471473902464e-05,3.2102402656164486e-06,0.9999707937240601,0.0002877585357055068
2854,0,2,2,7.655718725629868e-09,1.217919134433032e-07,0.9999998807907104,1.0
2855,4,2,2,0.00010339483560528606,0.012093852274119854,0.9878028035163879,0.9999092221260071
2856,2,2,2,1.245569819730008e-05,2.4172175017156405e-07,0.9999873638153076,1.0
2857,1,1,1,8.120907295960933e-06,0.9999910593032837,7.712790193181718e-07,2.0920906750823321e-23
2858,4,2,2,2.911117462645052e-07,7.433717655658256e-06,0.9999923706054688,0.9994949698448181
2859,2,2,2,8.11159672764461e-09,6.289587304308952e-07,0.9999994039535522,1.0
2861,0,2,2,7.102973904693499e-05,0.0002654520212672651,0.9996634721755981,1.0
2862,1,1,2,0.0007449339609593153,0.0029306395445019007,0.996324360370636,9.266369836960707e-19
2864,1,2,2,6.557371762028197e-06,2.720499105635099e-05,0.9999662637710571,3.512907937874843e-07
2865,0,2,2,1.8189857087236305e-07,1.046502984536346e-05,0.9999892711639404,0.9999998807907104
2866,1,1,1,0.0003267026913817972,0.9996650218963623,8.233898370235693e-06,2.0183917552197298e-22
2867,0,1,1,3.4343543120485265e-06,0.9999891519546509,7.4502586357994005e-06,1.0
2869,1,2,2,4.556292333290912e-05,3.162156872349442e-06,0.9999512434005737,5.064045762992464e-05
2870,0,2,2,3.4139270610467065e-06,8.80610696185613e-06,0.9999877214431763,0.9999803900718689
2871,2,1,0,0.8710901141166687,0.05832534283399582,0.07058452069759369,1.0
2872,4,2,1,1.5106813862075796e-06,0.999941349029541,5.714749204344116e-05,0.999905526638031
2873,0,2,2,2.691113820674218e-07,6.380147169693373e-06,0.9999933242797852,1.0
2874,2,1,1,2.857837716874201e-05,0.9999712705612183,2.0861837413121975e-07,1.0
2875,1,1,1,0.00042188953375443816,0.9992175102233887,0.0003605464880820364,2.0301164373283677e-26
2876,3,2,2,3.5763299877089594e-08,3.171193441176001e-07,0.9999996423721313,0.9983833432197571
2877,0,1,1,0.0013704511802643538,0.9983832836151123,0.0002462811244186014,1.0
2879,0,1,1,1.7778907235310726e-08,1.0,8.1812073782217e-10,1.0
2880,1,2,2,0.0001487097324570641,5.020933144805895e-07,0.9998507499694824,2.5271787700703596e-12
2881,0,2,2,2.2247071683523245e-05,4.876032107858919e-06,0.9999728202819824,0.9995366334915161
2882,4,2,2,4.9477519858953656e-09,3.896744971143562e-08,1.0,0.99997878074646
2883,3,2,2,3.2640549818552245e-08,0.029330648481845856,0.9706693291664124,0.9970167875289917
2884,4,2,2,9.866628533927724e-05,1.4828332496108487e-05,0.9998865127563477,0.9994388222694397
2885,0,2,2,2.2247071683523245e-05,4.876032107858919e-06,0.9999728202819824,0.9995366334915161
2886,4,1,2,0.0010439184261485934,0.017013516277074814,0.9819425940513611,0.9979220628738403
2887,3,1,1,7.511586375130719e-08,0.9999998807907104,9.29187962128708e-08,0.9964712858200073
2888,3,2,2,2.6127363526029512e-06,7.279644705704413e-06,0.9999901056289673,0.9986050128936768
2891,0,2,2,8.715758670341245e-11,2.916242525241586e-10,1.0,0.9999997615814209
2892,4,2,2,1.0493528179722489e-06,3.781272880587494e-06,0.9999951124191284,0.9998831152915955
2893,3,1,1,1.4611989627155708e-06,0.9999983310699463,1.906218045633068e-07,0.9990904927253723
2894,4,2,2,5.330872454578639e-08,4.096656084584538e-06,0.9999959468841553,0.9999395608901978
2895,4,1,1,9.13746225705836e-06,0.9999881982803345,2.6207169412373332e-06,0.9999182820320129
2897,0,1,2,8.121293082474779e-10,8.920746950025205e-06,0.9999910593032837,0.9999955892562866
2899,3,1,1,0.0005254277493804693,0.999447762966156,2.6761646950035356e-05,0.9997715353965759
2901,0,1,1,1.9867926312144846e-05,0.9999778270721436,2.2563810944120632e-06,1.0
2902,4,1,1,0.22837625443935394,0.6492029428482056,0.12242082506418228,0.9994639158248901
2904,1,2,2,0.00024497113190591335,9.642251097830012e-05,0.9996585845947266,5.705758352260298e-23
2905,4,2,2,4.7022069793456467e-07,4.393745030029095e-07,0.9999990463256836,0.9981630444526672
2906,1,2,2,1.3843684598668915e-07,5.97998024431945e-08,0.9999997615814209,8.133506344165653e-05
2907,4,2,2,6.235741807358863e-07,2.3618410978087923e-06,0.9999970197677612,0.9985305666923523
2908,0,1,1,3.812428844840454e-11,1.0,1.3872648862989223e-10,1.0
2909,1,1,1,0.0011953675420954823,0.9987693428993225,3.522643601172604e-05,3.283149472931018e-22
2910,0,2,2,7.671838719858215e-10,1.4063167297351242e-09,1.0,0.9999879598617554
2911,3,1,2,2.1075831568850845e-07,0.20154790580272675,0.7984519600868225,0.9990295767784119
2912,0,2,2,4.3947778749497957e-07,1.8694977370614652e-06,0.999997615814209,0.9999998807907104
2914,2,2,2,2.3086950022843666e-06,0.0002759333292488009,0.9997218251228333,1.0
2915,4,1,1,8.885501756594749e-08,0.9999996423721313,2.9011334845563397e-07,0.9999452829360962
2917,3,2,2,1.226682229571452e-06,1.510139327365323e-06,0.9999972581863403,0.9967113137245178
2918,3,2,2,2.3316269162805547e-13,2.4757018657339813e-09,1.0,0.9985180497169495
2919,2,2,2,1.6556999753447599e-06,1.5932233310422816e-08,0.9999983310699463,1.0
2921,2,1,1,0.011923209764063358,0.9875077605247498,0.0005690564285032451,1.0
2922,4,2,2,2.8373069410440876e-13,1.1021896728635738e-09,1.0,0.9951390027999878
2924,0,2,2,3.136498838429702e-10,1.497853929777193e-08,1.0,0.9999987483024597
2925,1,2,2,7.899482443463057e-05,0.014097340404987335,0.9858236312866211,1.3432307769865003e-15
2926,0,2,2,3.509448634475554e-11,2.854944725072528e-09,1.0,0.9999977350234985
2927,4,2,2,1.0026833763276954e-07,2.5956038030017226e-07,0.9999996423721313,0.9998767375946045
2928,1,1,1,2.331107680220157e-05,0.9997770190238953,0.00019972010341007262,2.0052487852586062e-19
2929,1,2,2,1.1946278410945865e-09,5.381665335590924e-09,1.0,2.0349876297953706e-12
2930,1,2,2,0.0003125229850411415,7.286660093086539e-06,0.9996802806854248,2.807043893794702e-15
2931,4,1,1,2.5113738502113847e-06,0.9999879598617554,9.570307156536728e-06,0.9980761408805847
2932,3,1,1,2.2307243852992542e-05,0.9999663829803467,1.1276441000518389e-05,0.9822656512260437
2934,0,2,2,4.532842012849869e-06,4.3634840949380305e-06,0.9999910593032837,0.9999529719352722
2935,2,1,1,9.60117977228947e-05,0.9993897676467896,0.0005141932633705437,1.0
2936,3,1,1,0.16541166603565216,0.829059898853302,0.0055283913388848305,0.9983149766921997
2937,1,1,1,3.955674856115365e-06,0.9999959468841553,6.639415062181797e-08,2.081969086020763e-07
2938,0,2,2,4.94497612635314e-07,1.093848567279565e-07,0.9999994039535522,0.9994564056396484
2939,4,2,2,0.00180913251824677,0.038400329649448395,0.9597905874252319,0.996536135673523
2940,1,1,1,1.3809039245415988e-08,0.9999998807907104,9.971926573371093e-08,2.393747298706502e-22
2941,3,1,1,7.4854851845884696e-06,0.9999665021896362,2.603575194370933e-05,0.998568594455719
2943,3,2,2,3.4276785854103764e-09,2.0940364109378606e-08,1.0,0.999824583530426
2945,4,2,2,1.7960178411158267e-06,0.00016624554700683802,0.9998319149017334,0.9994736909866333
2946,0,2,2,1.6966936189355408e-10,4.754850291277535e-09,1.0,1.0
2947,0,2,2,1.164792290397898e-10,2.838737600541208e-08,1.0,0.9999399185180664
2949,2,1,1,2.7774729005614063e-07,0.9999996423721313,8.264429851578825e-08,1.0
2950,2,2,2,2.8597791242646053e-05,5.1282253110684906e-08,0.9999713897705078,1.0
2951,3,2,2,0.0001337616122327745,5.097377197671449e-06,0.9998611211776733,0.9950273633003235
2952,4,1,1,1.619483737158589e-05,0.9999836683273315,1.9427150732553855e-07,0.9994804263114929
2953,0,2,2,5.579822391155176e-05,1.3319215952378727e-07,0.9999440908432007,0.9999998211860657
2954,0,1,1,4.1925362893380225e-05,0.9999426603317261,1.546653402328957e-05,1.0
2955,1,2,2,0.0004103067913092673,0.0032152258791029453,0.9963745474815369,1.1789919421642836e-17
2957,4,1,1,2.1869252009310003e-07,0.999998927116394,8.434054166173155e-07,0.9957229495048523
2958,1,2,2,5.766360118286684e-05,0.0007756526465527713,0.99916672706604,0.0002624916669446975
2959,2,1,1,0.002065843902528286,0.9968608617782593,0.0010732451919466257,1.0
2960,3,1,1,2.4857894459273666e-05,0.9999282360076904,4.687436012318358e-05,0.99817955493927
2961,1,2,2,8.61789612827124e-06,5.653430889651645e-06,0.9999858140945435,8.859075695255569e-10
2964,1,2,2,2.890664063670556e-08,5.371074394133757e-07,0.9999994039535522,0.04257418215274811
2965,2,2,2,3.4250548196723685e-05,3.041782292712014e-06,0.9999626874923706,1.0
2966,0,2,2,3.369651579987476e-08,1.6519620658073109e-06,0.9999983310699463,1.0
2967,2,2,2,1.0615287919790717e-06,2.8351500986900646e-06,0.9999960660934448,1.0
2968,1,2,2,0.0010206772712990642,0.003497048281133175,0.995482325553894,4.573148593907716e-22
2970,2,2,2,1.051229436832557e-09,1.8270071677761734e-06,0.9999982118606567,1.0
2971,2,1,1,0.004197843372821808,0.9939072728157043,0.0018949595978483558,1.0
2972,4,2,2,1.4194047714966018e-08,1.8129334421246313e-05,0.9999818801879883,0.9969578981399536
2974,3,1,1,0.0001941621012520045,0.987838625907898,0.011967213824391365,0.9996711611747742
2975,0,1,2,0.09126295894384384,0.4085151255130768,0.5002219080924988,1.0
2976,2,1,1,0.002344791777431965,0.997539758682251,0.00011541155981831253,1.0
2977,0,1,2,3.542843884929425e-08,0.37511929869651794,0.6248806715011597,0.9999992251396179
2978,4,2,2,0.0008906935690902174,0.0007160030654631555,0.9983932375907898,0.9973762631416321
2979,1,1,2,0.24612918496131897,0.22636835277080536,0.5275024175643921,3.1214535434531843e-31
2980,4,2,2,1.300224710121256e-07,8.226591319271392e-08,0.9999997615814209,0.9991097450256348
2982,1,1,2,7.530482253059745e-05,0.007571591064333916,0.9923530220985413,1.9719892745445268e-18
2983,3,1,1,0.0001569103915244341,0.9996763467788696,0.00016674249491188675,0.9995205998420715
2984,2,2,2,4.000435751549958e-07,3.482073907434824e-06,0.9999961853027344,1.0
2985,1,1,0,0.5986346006393433,0.05251321196556091,0.3488522469997406,3.726895655732447e-33
2986,3,2,2,1.5562231055810116e-05,1.7573986497154692e-06,0.9999825954437256,0.9994705319404602
2987,0,2,1,0.00014066540461499244,0.5189791917800903,0.48088014125823975,0.9999993443489075
2988,3,2,2,1.1801997061411384e-05,4.007972893305123e-05,0.9999481439590454,0.9998109340667725
2989,4,1,1,2.8643656335702872e-08,1.0,5.098388822233346e-09,0.9998765587806702
2991,2,2,2,2.951582064270042e-05,0.00027764710830524564,0.9996927976608276,1.0
2992,2,1,1,5.395539574237773e-06,0.9999945163726807,3.105056478602819e-08,1.0
2993,3,2,2,0.0015771485632285476,0.0001744259789120406,0.9982484579086304,0.9999465346336365
2994,3,1,1,8.871548971001175e-07,0.9999983310699463,7.614502237629495e-07,0.9999744892120361
2995,3,2,2,4.1774839143471354e-10,3.601412146281291e-08,1.0,0.9996486306190491
2997,4,1,1,2.922456587839406e-07,0.9999994039535522,3.353806619088573e-07,0.9996065497398376
2999,2,1,1,8.716489787730097e-07,0.999998927116394,2.2531934007474774e-07,1.0
3000,4,1,1,3.6683896809108774e-08,0.9999998807907104,5.418706550130992e-08,0.999723494052887
3001,2,1,0,0.444400429725647,0.14586353302001953,0.40973609685897827,1.0
3002,0,1,1,0.0002765508252196014,0.9997046589851379,1.8756574718281627e-05,1.0
3003,1,1,1,8.200226147891954e-05,0.999738872051239,0.00017914461204782128,1.1186030691047781e-32
3004,2,1,1,4.03826732053858e-08,0.9999915361404419,8.405427252000663e-06,1.0
3006,3,1,1,0.2531319856643677,0.7001680135726929,0.04669997841119766,0.998715341091156
3007,1,1,1,1.420092667103745e-05,0.9998431205749512,0.00014262906915973872,1.9158507881925402e-20
3008,1,2,2,2.0331178518517845e-07,1.3558819773606956e-06,0.9999984502792358,0.00010463264334248379
3010,3,1,1,0.026959562674164772,0.970463752746582,0.0025766645558178425,0.9997466802597046
3011,0,1,1,0.05316165089607239,0.9345524311065674,0.012285947799682617,1.0
3012,3,1,1,0.009109645150601864,0.9897549748420715,0.0011353635927662253,0.999821126461029
3014,0,1,1,0.015856653451919556,0.9838923215866089,0.0002509726909920573,1.0
3015,1,1,1,0.002457571215927601,0.9931380152702332,0.004404369741678238,9.62376793188602e-28
3016,3,1,1,0.012202946469187737,0.987179160118103,0.0006179137853905559,0.9996179938316345
3019,1,1,1,0.0006642612279392779,0.9989232420921326,0.0004124821862205863,7.103611593272426e-25
3020,4,1,1,0.002235311083495617,0.9973703622817993,0.00039430323522537947,0.9999572038650513
3022,1,1,1,6.520278095223375e-09,0.9999997615814209,2.099109650544051e-07,3.70801260154314e-23
3023,1,1,1,0.002131566172465682,0.9976982474327087,0.00017017444770317525,8.980529017972602e-24
3024,4,1,1,0.0004551922029349953,0.9991472959518433,0.00039752310840412974,0.9999533295631409
3025,0,1,1,0.0003041473974008113,0.9984082579612732,0.0012876607943326235,1.0
3029,3,1,1,4.35584042861592e-05,0.9989463686943054,0.00101011386141181,0.9976194500923157
3030,4,1,1,0.0002697189920581877,0.7237103581428528,0.27601996064186096,0.9990022778511047
3032,2,1,1,0.0027402290143072605,0.9970852732658386,0.000174508269992657,1.0
3033,2,1,1,0.00017732490960042924,0.9998204112052917,2.314928451596643e-06,1.0
3034,0,1,1,0.035939645022153854,0.9613376259803772,0.002722735283896327,1.0
3035,1,1,1,9.781886910786852e-05,0.9998103976249695,9.175072045763955e-05,1.5747257375240376e-27
3036,4,1,1,6.976578151807189e-05,0.9998044371604919,0.00012584887736011297,0.9995500445365906
3037,0,1,0,0.6308519244194031,0.3578295111656189,0.011318536475300789,1.0
3038,4,1,1,0.0005544659215956926,0.9994136095046997,3.196109173586592e-05,0.9999364614486694
3040,0,1,1,0.0010993065079674125,0.9987812638282776,0.00011944978177780285,1.0
3041,2,1,1,0.37040603160858154,0.6161391139030457,0.013454915955662727,1.0
3042,4,1,1,6.976578151807189e-05,0.9998044371604919,0.00012584887736011297,0.9995500445365906
3045,0,1,1,0.30972015857696533,0.6745765209197998,0.015703339129686356,1.0
3049,1,1,1,0.00014236434071790427,0.9998288154602051,2.8838652724516578e-05,3.192242133219861e-26
3050,1,1,0,0.5906400680541992,0.3331989347934723,0.07616101950407028,2.6433174979230752e-37
3051,2,1,1,0.08709290623664856,0.9103522300720215,0.002554898150265217,1.0
3052,0,1,1,0.12544400990009308,0.606643557548523,0.2679124176502228,1.0
3054,0,1,1,0.0012104399502277374,0.992128849029541,0.0066607738845050335,1.0
3055,4,1,1,1.7224207113031298e-05,0.9974223375320435,0.0025605028495192528,0.9999364614486694
3056,1,1,1,3.0278428653218725e-07,0.9999934434890747,6.22302695774124e-06,1.013201253853986e-20
3057,1,1,1,3.0278428653218725e-07,0.9999934434890747,6.22302695774124e-06,1.013201253853986e-20
3058,0,1,1,8.138459816109389e-05,0.9998950958251953,2.356353070354089e-05,1.0
3059,2,1,1,0.005542613100260496,0.9942647814750671,0.00019264547154307365,1.0
3060,0,1,1,0.0035884189419448376,0.9949724674224854,0.001439044950529933,1.0
3061,0,1,2,2.5512130186200466e-09,0.0006440181750804186,0.9993559718132019,1.0
3063,0,1,1,2.9057460778858513e-05,0.9998620748519897,0.00010883768845815212,1.0
3064,3,1,1,1.0596869515211438e-06,0.9999960660934448,2.8697384095721645e-06,0.9995969533920288
3065,4,1,1,0.08616653829813004,0.9034457206726074,0.010387752205133438,0.9937518239021301
3066,4,1,1,0.006079750135540962,0.6787803173065186,0.31513991951942444,0.999971866607666
3067,4,1,1,0.01815909706056118,0.9579891562461853,0.02385171502828598,0.9998183846473694
3068,4,1,1,4.873501893598586e-05,0.9998843669891357,6.682673119939864e-05,0.9999786615371704
3070,4,1,1,9.497672613656416e-12,1.0,2.7659660672973985e-10,0.9997736811637878
3071,3,1,1,0.00016506249085068703,0.9991927742958069,0.0006422203732654452,0.9999103546142578
3072,1,1,1,8.200226147891954e-05,0.999738872051239,0.00017914461204782128,1.1186030691047781e-32
3073,3,1,1,0.07923068106174469,0.8766859173774719,0.04408339038491249,0.9998798966407776
3074,1,1,1,0.3120729327201843,0.6607485413551331,0.02717849425971508,0.0
3075,0,1,1,0.0425708070397377,0.88512122631073,0.07230796664953232,1.0
3076,0,1,1,0.012809177860617638,0.985787034034729,0.00140376144554466,1.0
3077,4,1,1,0.021054880693554878,0.9717133641242981,0.007231772877275944,0.9964008331298828
3078,0,1,2,0.2924484312534332,0.04838660731911659,0.6591649055480957,1.0
3079,1,1,1,5.783973028883338e-05,0.9998414516448975,0.00010066650429507717,2.7971454666093428e-31
3080,1,1,2,0.22489169239997864,0.2771950364112854,0.4979132115840912,2.144378077884035e-11
3081,2,1,1,1.9413966583670117e-05,0.9997978806495667,0.00018270507280249149,1.0
3083,3,1,1,0.0028986684046685696,0.997053861618042,4.7484529204666615e-05,0.999800980091095
3084,3,1,0,0.601597785949707,0.32882869243621826,0.06957351416349411,0.9999250769615173
3085,4,1,1,0.0728268101811409,0.9017665982246399,0.02540658600628376,0.9999733567237854
3086,0,1,1,0.48151740431785583,0.4885339140892029,0.029948633164167404,1.0
3087,1,1,1,0.0185579601675272,0.9795095324516296,0.001932494225911796,2.0374728734183448e-27
3088,2,1,0,0.8258981704711914,0.13345791399478912,0.04064387455582619,1.0
3089,1,1,0,0.6193763613700867,0.32952794432640076,0.0510956272482872,2.0010200362334135e-24
3090,4,1,1,0.0927640050649643,0.8908182382583618,0.016417765989899635,0.9995208382606506
3092,0,1,1,0.05089975520968437,0.9125901460647583,0.03651011362671852,1.0
3093,3,1,1,0.32154232263565063,0.5649736523628235,0.1134839802980423,0.9998027086257935
3094,3,1,1,0.3675019443035126,0.4782905578613281,0.15420743823051453,0.9999342560768127
3095,3,1,0,0.8788241744041443,0.11161167174577713,0.00956407655030489,0.9998811483383179
3096,2,1,0,0.5820281505584717,0.052019499242305756,0.36595237255096436,1.0
3097,4,1,0,0.9035840034484863,0.022675318643450737,0.07374072074890137,0.999891996383667
3098,4,1,2,0.41501522064208984,0.049486011266708374,0.5354987382888794,0.9998947381973267
3099,2,1,1,0.43692144751548767,0.5514312982559204,0.011647283099591732,1.0
3100,4,1,1,4.876947059528902e-06,0.9999935626983643,1.615514406694274e-06,0.9999021887779236
3101,4,1,1,1.7474278138251975e-05,0.9999685287475586,1.400528253725497e-05,0.9999589920043945
3102,1,1,1,0.019899068400263786,0.9774322509765625,0.0026686799246817827,3.372902101470393e-19
3105,3,1,2,3.373701247255667e-07,1.955177867785096e-05,0.999980092048645,0.9974719285964966
3106,4,1,1,0.15889586508274078,0.8133190274238586,0.0277851615101099,0.9999536871910095
3108,0,1,1,1.0898664186242968e-05,0.9996471405029297,0.0003419531276449561,1.0
3109,3,1,1,0.003634833497926593,0.9958613514900208,0.0005038533709011972,0.9999354481697083
3112,2,1,0,0.6281191110610962,0.00478461105376482,0.36709630489349365,1.0
3113,3,1,0,0.8265910744667053,0.08471178263425827,0.08869720995426178,0.9997342228889465
3115,2,1,1,0.30602288246154785,0.6562768220901489,0.037700314074754715,1.0
3116,3,1,1,0.013345790095627308,0.9656578302383423,0.02099641039967537,0.999907374382019
3117,4,1,1,0.001099563087336719,0.9981210827827454,0.0007793442346155643,0.9957773089408875
3118,4,1,0,0.7096254825592041,0.27432096004486084,0.016053585335612297,0.9997503757476807
3119,4,1,1,0.002207448473200202,0.9942949414253235,0.0034975705202668905,0.9997240304946899
3120,3,1,1,0.11921376734972,0.7219920754432678,0.15879414975643158,0.9997047781944275
3121,4,1,1,0.02991190366446972,0.862058699131012,0.10802942514419556,0.9993467926979065
3122,3,1,1,0.001963777234777808,0.9955574870109558,0.002478706883266568,0.9997954368591309
3123,2,1,0,0.6551629900932312,0.3173061013221741,0.02753097377717495,1.0
3124,0,1,1,0.07402781397104263,0.9244717955589294,0.0015004317974671721,1.0
3126,1,1,1,5.674954809364863e-05,0.9999411106109619,2.1583032321359497e-06,5.284051418641411e-09
3127,0,1,1,0.00011863149848068133,0.9998810291290283,3.0706951292813756e-07,1.0
3129,4,1,1,0.01815909706056118,0.9579891562461853,0.02385171502828598,0.9998183846473694
3130,4,1,1,4.873501893598586e-05,0.9998843669891357,6.682673119939864e-05,0.9999786615371704
3132,3,1,1,0.07923068106174469,0.8766859173774719,0.04408339038491249,0.9998798966407776
3133,1,1,1,0.0185579601675272,0.9795095324516296,0.001932494225911796,2.0374728734183448e-27
3134,1,1,1,0.0185579601675272,0.9795095324516296,0.001932494225911796,2.0374728734183448e-27
3135,2,1,1,0.0018126844661310315,0.9887186288833618,0.009468693286180496,1.0
3136,4,1,1,0.15889586508274078,0.8133190274238586,0.0277851615101099,0.9999536871910095
3137,4,1,1,0.36014920473098755,0.5344751477241516,0.10537561029195786,0.9999651312828064
3138,3,1,1,0.09038946032524109,0.894250214099884,0.015360343270003796,0.9999929666519165
3139,3,1,1,0.003634833497926593,0.9958613514900208,0.0005038533709011972,0.9999354481697083
3141,3,1,2,0.18663200736045837,0.10446660965681076,0.7089013457298279,0.9997490048408508
3142,2,1,0,0.41509026288986206,0.3806142807006836,0.20429547131061554,1.0
3143,1,1,1,4.42680720880162e-06,0.9999954700469971,1.4395159553259873e-07,3.056173680423546e-27
3144,0,1,0,0.5548763275146484,0.3695201277732849,0.07560347765684128,1.0
3145,0,1,1,0.009238692000508308,0.990311861038208,0.00044943802640773356,1.0
3146,4,1,1,0.08800140023231506,0.9061273336410522,0.005871234927326441,0.999934196472168
3147,3,1,1,0.07939163595438004,0.6824507117271423,0.23815767467021942,0.9999210238456726
3148,2,1,1,0.0005309841362759471,0.998805046081543,0.0006640299689024687,1.0
3149,3,1,0,0.5601682662963867,0.08195651322603226,0.3578752279281616,0.9999451637268066
3150,4,1,1,1.3825059795635752e-05,0.9998266100883484,0.00015955741400830448,0.9999726414680481
3151,2,1,1,0.00020072930783499032,0.994655966758728,0.0051432764157652855,1.0
3152,3,1,1,4.808293763147731e-09,1.0,1.2646962366247294e-09,0.9973952174186707
3153,1,1,1,1.976909061340848e-06,0.9999951124191284,2.9120237741153687e-06,1.8250271550047418e-31
3154,1,1,1,0.004041008651256561,0.9936914443969727,0.002267522504553199,1.5811092712869623e-10
3155,3,1,1,0.45796480774879456,0.4675145447254181,0.07452063262462616,0.9998166561126709
3156,0,1,1,0.0007361046737059951,0.9988788962364197,0.0003850047942250967,1.0
3157,4,1,0,0.6553229093551636,0.2719966173171997,0.07268041372299194,0.9997660517692566
3160,3,2,2,5.1630355102361136e-08,3.5480272231325216e-07,0.9999996423721313,0.9986077547073364
3161,4,2,2,3.054101682664623e-07,5.6737958402663935e-06,0.9999939203262329,0.996446430683136
3162,4,2,2,6.968491652514786e-05,5.748901457991451e-06,0.9999245405197144,0.9993196725845337
3163,4,2,2,5.8841382269747555e-05,0.0002764983510132879,0.9996646642684937,0.9999414086341858
3164,1,2,2,9.060605225386098e-05,3.8189395127119496e-05,0.9998712539672852,1.3875048650498257e-24
3165,3,2,2,1.9711915655307166e-08,1.3213272254120056e-08,1.0,0.9977558851242065
3166,1,2,2,7.297081688895091e-11,6.085087278506762e-08,0.9999998807907104,1.756776391026449e-10
3167,0,1,1,9.145560966317134e-07,0.9999990463256836,9.30492038975217e-09,1.0
3168,3,2,2,5.0420890573832366e-08,5.295162353036176e-08,1.0,0.9999384880065918
3169,1,2,2,4.794039227817848e-07,7.290112193913956e-07,0.9999988079071045,4.518916441043075e-08
3171,2,1,1,0.09065037965774536,0.9002062678337097,0.00914334412664175,1.0
3172,0,1,1,0.0070184399373829365,0.9892714023590088,0.0037101940251886845,1.0
3173,4,1,1,0.2937307357788086,0.7016039490699768,0.004665330518037081,0.9999776482582092
3176,1,2,2,1.0636536984520717e-08,2.723830050399556e-07,0.9999997615814209,0.002381205325946212
3177,2,2,2,1.918709635617688e-08,8.00806958523026e-08,0.9999998807907104,1.0
3178,3,2,2,3.181408261831997e-11,5.4551136940972356e-09,1.0,0.999912440776825
3180,1,2,2,5.972012786514824e-06,1.0849074669749825e-06,0.9999929666519165,2.9252191779960413e-09
3181,3,2,2,2.271615812787786e-05,2.722807039390318e-06,0.9999744892120361,0.9950831532478333
3182,2,2,2,3.7515462736337213e-07,1.0753133210528176e-06,0.9999985694885254,1.0
3183,4,2,2,8.256178989540786e-05,0.0003468245849944651,0.9995705485343933,0.9936513304710388
3185,3,1,0,0.8439591526985168,0.02755768783390522,0.12848317623138428,0.9999730587005615
3187,3,2,2,8.129129591694095e-10,3.2413820516552505e-09,1.0,0.997711181640625
3188,1,2,2,7.169097807491198e-05,4.210423412587261e-06,0.9999241828918457,1.45592843336928e-11
3189,3,2,2,4.393526609192122e-08,5.469138955049857e-07,0.9999994039535522,0.9997881054878235
3190,3,2,2,1.0174493354497827e-06,5.048069056101667e-07,0.9999984502792358,0.9999022483825684
3191,0,2,2,5.310764450427996e-08,2.9479120712494478e-05,0.999970555305481,1.0
3192,4,2,2,2.2970398276811466e-05,0.00028525342349894345,0.9996917247772217,0.999034583568573
3193,0,2,2,0.0002360179350944236,0.0006639758939854801,0.9990999698638916,1.0
3194,2,2,2,8.702087143319659e-06,1.2010138561890926e-05,0.9999792575836182,1.0
3195,4,2,2,9.969870262693803e-08,1.9490072133976355e-07,0.9999996423721313,0.9999315142631531
3197,4,1,1,2.3047525246511213e-05,0.9998118281364441,0.00016514791059307754,0.9997047781944275
3199,1,2,2,4.796405050910835e-07,7.101831215550192e-06,0.9999923706054688,5.55848367334022e-10
3200,1,2,2,7.842951177394752e-09,1.6236155886417691e-07,0.9999998807907104,3.746548316030385e-08
3201,4,2,2,3.8126533180582456e-11,2.2032713786757085e-06,0.9999978542327881,0.9988545179367065
3202,1,2,2,6.571352884066073e-08,8.774539423939132e-07,0.9999990463256836,1.832317976884737e-15
3203,1,2,2,1.110467948706173e-07,6.963092005207727e-07,0.9999991655349731,3.060627591366938e-07
3205,1,2,2,2.0121597721356466e-09,1.7450840914534638e-06,0.9999982118606567,0.005795688834041357
3206,3,2,2,4.5780012442264706e-05,3.048827056773007e-05,0.9999237060546875,0.9999912977218628
3207,4,1,2,0.3314359188079834,0.31186410784721375,0.35670000314712524,0.9999887347221375
3208,1,1,0,0.6949889063835144,0.07077059894800186,0.2342405468225479,6.557773588008654e-25
3209,3,1,0,0.8991875648498535,0.06773325055837631,0.033079229295253754,0.9999142289161682
3210,3,1,0,0.5232808589935303,0.19654153287410736,0.28017759323120117,0.9999697804450989
3211,0,1,1,0.17322757840156555,0.7692364454269409,0.0575360432267189,1.0
3212,3,1,1,0.17342509329319,0.5203525424003601,0.3062223792076111,0.9999557137489319
3216,4,1,1,3.458595354555172e-10,1.0,3.453754990334623e-11,0.9994393587112427
3217,2,1,1,0.0002682717749848962,0.9996803998947144,5.138821870787069e-05,1.0
3219,1,1,1,0.06548361480236053,0.6394140720367432,0.2951023280620575,1.0220842422129018e-26
3220,1,1,1,0.06965938955545425,0.8995347619056702,0.030805811285972595,1.2873096227826485e-21
3221,3,1,0,0.9332818388938904,0.018252911046147346,0.04846528545022011,0.9998957514762878
3222,2,1,0,0.493191123008728,0.38690993189811707,0.11989894509315491,1.0
3223,3,1,1,0.453566312789917,0.49463629722595215,0.05179731175303459,0.9999789595603943
3224,4,1,1,0.16907024383544922,0.8022080659866333,0.028721734881401062,0.9997318387031555
3225,2,1,1,0.0014863904798403382,0.9984390139579773,7.459890912286937e-05,1.0
3226,3,1,0,0.6972182393074036,0.03193839266896248,0.2708433270454407,0.9999603033065796
3228,2,1,1,0.00015569750394206494,0.999830961227417,1.335101478616707e-05,1.0
3229,1,1,0,0.3882255256175995,0.2691608667373657,0.34261366724967957,0.0
3230,4,1,2,0.06988616287708282,0.24862131476402283,0.6814925074577332,0.9973640441894531
3231,0,1,1,0.020177876576781273,0.9757943153381348,0.004027847200632095,1.0
3233,3,1,0,0.6609969139099121,0.12331726402044296,0.21568584442138672,0.9999929070472717
3234,2,1,1,0.33959993720054626,0.629173994064331,0.03122612275183201,1.0
3235,1,1,1,0.0001590583851793781,0.9996591806411743,0.0001818079181248322,1.1096181587787301e-25
3236,1,1,0,0.6838915348052979,0.09434571117162704,0.2217627763748169,5.227017705564407e-37
3238,3,1,1,0.027895625680685043,0.9592249989509583,0.012879379093647003,0.999921977519989
3239,0,1,1,0.4600813686847687,0.5218938589096069,0.018024709075689316,1.0
3240,4,1,0,0.7737220525741577,0.19465495645999908,0.03162297606468201,0.9999827146530151
3241,0,1,1,0.0017201524460688233,0.997739315032959,0.0005405205301940441,1.0
3242,0,1,1,0.01286686398088932,0.9490014314651489,0.03813169151544571,1.0
3243,3,1,0,0.5085663795471191,0.006171914283186197,0.4852617383003235,0.9999776482582092
3244,3,1,1,0.00472912285476923,0.9913551211357117,0.003915737383067608,0.9988757371902466
3246,3,1,0,0.5172674059867859,0.4155161380767822,0.06721653789281845,0.9999893307685852
3247,2,1,1,0.13499674201011658,0.8614991903305054,0.003504055319353938,1.0
3248,4,1,1,1.3825059795635752e-05,0.9998266100883484,0.00015955741400830448,0.9999726414680481
3249,3,1,1,0.40692585706710815,0.5001490712165833,0.092925064265728,0.9998944401741028
3250,0,1,1,0.005448856856673956,0.9938803911209106,0.0006707959691993892,1.0
3251,3,1,1,0.3263980448246002,0.6659246683120728,0.0076772961765527725,0.9998846054077148
3252,3,1,1,0.0005631441017612815,0.9993851184844971,5.174466787138954e-05,0.9999546408653259
3253,1,1,1,2.466098578679521e-07,0.9999996423721313,6.366565941107183e-08,2.8333184877231576e-19
3255,4,1,1,6.823011631240661e-07,0.9999992847442627,3.940269976965283e-08,0.9868481755256653
3259,3,1,1,1.4087409017093933e-09,1.0,4.013814627890078e-11,0.9743093252182007
3261,0,1,1,0.01872374676167965,0.8958799839019775,0.08539631217718124,1.0
3263,4,1,1,0.006849691737443209,0.9925073981285095,0.0006428604829125106,0.9999232292175293
3264,3,1,1,1.7912484508997295e-06,0.9999977350234985,4.887716613666271e-07,0.9998810291290283
3265,0,1,1,1.8941938833449967e-05,0.915317177772522,0.08466394990682602,0.9999989867210388
3266,2,1,0,0.6217144727706909,0.36277875304222107,0.015506739728152752,1.0
3267,4,1,1,1.6175556538655655e-06,0.9999983310699463,3.672388615427735e-08,0.9909461736679077
3268,1,1,1,0.41901764273643494,0.5051493644714355,0.0758330374956131,3.3979698581997564e-37
3271,4,1,1,0.0977146327495575,0.8929399251937866,0.009345500729978085,0.9998553991317749
3273,4,1,1,0.0028626658022403717,0.9945046305656433,0.0026326654478907585,0.9999170899391174
3274,4,1,1,0.0015469002537429333,0.9948492646217346,0.0036037820391356945,0.9935214519500732
3275,3,1,1,0.0033008824102580547,0.9955869913101196,0.0011121365241706371,0.9996697306632996
3276,0,1,1,0.015537424013018608,0.9811563491821289,0.0033061911817640066,1.0
3277,2,1,0,0.5163789987564087,0.0392615981400013,0.4443593919277191,1.0
3278,0,1,1,0.007258618250489235,0.9925566911697388,0.0001846217637648806,1.0
3279,3,1,1,0.006884387228637934,0.9926000833511353,0.0005155675462447107,0.9998084902763367
3280,1,1,0,0.8359237909317017,0.033467020839452744,0.13060924410820007,0.0
3281,2,1,0,0.9287006855010986,0.007258737459778786,0.06404058635234833,1.0
3282,4,1,1,0.014226592145860195,0.9847506284713745,0.0010227580787613988,0.9999664425849915
3283,1,1,0,0.722072184085846,0.10072067379951477,0.17720715701580048,1.5827228188025755e-25
3284,0,1,1,0.07097127288579941,0.9028778076171875,0.026150904595851898,1.0
3285,1,1,1,0.0057155960239470005,0.6127204895019531,0.3815639019012451,5.237049501345596e-32
3286,4,1,1,7.007698599181822e-08,0.9999996423721313,2.7938534685745253e-07,0.9995496273040771
3287,4,1,1,0.051225993782281876,0.9217074513435364,0.027066588401794434,0.9996577501296997
3288,3,1,0,0.6890920400619507,0.21581046283245087,0.09509748220443726,0.9998660087585449
3289,1,1,1,0.002009063959121704,0.9961124062538147,0.0018785923020914197,5.413793305452183e-32
3290,4,1,0,0.679908275604248,0.28448283672332764,0.03560885414481163,0.9999662041664124
3291,1,1,2,0.1786983609199524,0.34295690059661865,0.47834470868110657,9.005034193132387e-24
3292,0,1,1,0.37117674946784973,0.4774865508079529,0.15133675932884216,1.0
3293,2,1,0,0.9667232036590576,0.018506767228245735,0.01477005798369646,1.0
3294,4,1,0,0.5465670228004456,0.42444372177124023,0.028989208862185478,0.9999372959136963
3295,2,1,1,0.189103901386261,0.7854177355766296,0.025478312745690346,1.0
3296,4,1,0,0.5588604807853699,0.42320337891578674,0.017936063930392265,0.9999127388000488
3297,3,1,0,0.5598414540290833,0.3104808032512665,0.12967774271965027,0.9998797178268433
3298,1,1,2,0.11531943827867508,0.3180558979511261,0.5666247010231018,2.7396536027874792e-33
3299,2,1,1,0.13147978484630585,0.8629896640777588,0.005530622787773609,1.0
3300,2,1,1,1.2363823771011084e-05,0.9999853372573853,2.3006646188150626e-06,1.0
3301,4,1,1,0.13008637726306915,0.8643171787261963,0.005596450064331293,0.9998995065689087
3302,3,1,1,0.2439967542886734,0.6666984558105469,0.08930481225252151,0.9999213218688965
3304,0,1,1,0.009559450671076775,0.9307067394256592,0.05973376706242561,1.0
3305,1,1,1,8.231212632381357e-06,0.9999899864196777,1.777610350472969e-06,1.0649372814219865e-20
3306,0,1,2,0.4161650240421295,0.15492628514766693,0.42890867590904236,1.0
3307,1,1,1,0.06776224821805954,0.9183688759803772,0.013868845999240875,9.063142243619535e-29
3308,4,1,0,0.917112410068512,0.01877555437386036,0.06411202996969223,0.9996060132980347
3309,2,1,1,0.3665679097175598,0.5455710887908936,0.08786100149154663,1.0
3310,2,1,1,7.811158866388723e-05,0.9998908042907715,3.107416705461219e-05,1.0
3311,2,1,0,0.6789635419845581,0.2195599228143692,0.10147654265165329,1.0
3312,1,1,0,0.7749274373054504,0.09210069477558136,0.1329718977212906,2.3498496946384023e-29
3313,0,1,1,0.262439101934433,0.7232435941696167,0.014317323453724384,1.0
3315,0,1,1,0.011411814019083977,0.9801722168922424,0.00841594859957695,1.0
3317,0,1,1,0.03667960315942764,0.9519928693771362,0.011327545158565044,0.999999463558197
3318,0,1,0,0.7603018283843994,0.19539116322994232,0.0443069227039814,1.0
3320,4,1,0,0.8521999716758728,0.06699403375387192,0.08080604672431946,0.9999340176582336
3321,2,1,0,0.726050853729248,0.16933536529541016,0.10461380332708359,1.0
3322,4,1,0,0.5791417956352234,0.297689825296402,0.12316836416721344,0.9999598264694214
3323,1,1,0,0.9457730650901794,0.04401479661464691,0.010212142951786518,1.9347604783558037e-33
3326,0,1,1,0.14971432089805603,0.8101901412010193,0.04009552299976349,1.0
3329,1,1,1,2.3055588826537132e-05,0.9999154806137085,6.149148248368874e-05,1.3642871108873609e-24
3330,2,1,1,1.0196464472755906e-06,0.9999840259552002,1.5007162801339291e-05,1.0
3331,2,1,1,0.0930778980255127,0.9051210880279541,0.0018010578351095319,1.0
3332,4,1,1,3.013820659703015e-08,0.9999983310699463,1.6886423281903262e-06,0.99957275390625
3333,0,1,1,0.03918593376874924,0.9594258069992065,0.0013882328057661653,1.0
3334,4,1,1,0.09681966155767441,0.7264348268508911,0.17674550414085388,0.9984492063522339
3335,2,1,0,0.37750673294067383,0.36979347467422485,0.2526997923851013,1.0
3336,4,1,0,0.9303137063980103,0.01871591806411743,0.05097031220793724,0.9997159838676453
3337,3,1,1,0.0035752709954977036,0.9731420278549194,0.023282697424292564,0.9997105002403259
3338,0,1,1,0.014954828657209873,0.983639657497406,0.0014054690254852176,1.0
3339,0,1,1,0.00038233245140872896,0.9902986288070679,0.00931903999298811,1.0
3340,4,1,1,2.104619213280645e-12,1.0,1.3159742393020757e-13,0.9988845586776733
3342,4,1,2,0.008127442561089993,0.0003455370315350592,0.9915270209312439,0.9998040795326233
3346,2,1,0,0.8903712630271912,0.016934677958488464,0.09269405901432037,1.0
3348,0,1,1,0.13945996761322021,0.8528403639793396,0.007699613459408283,1.0
3353,3,1,0,0.37615010142326355,0.2817968726158142,0.34205296635627747,0.9999447464942932
3354,4,1,0,0.9148976802825928,0.06006085127592087,0.025041505694389343,0.999951183795929
3355,2,1,1,5.6974011386046186e-05,0.9999270439147949,1.5929997971397825e-05,1.0
3356,0,1,2,0.22142989933490753,0.38556969165802,0.39300036430358887,1.0
3358,1,1,1,0.03805091232061386,0.9390754699707031,0.022873589769005775,3.220882788415751e-23
3359,4,1,1,0.003476685844361782,0.9945034980773926,0.002019881969317794,0.9999591112136841
3360,0,1,0,0.8051194548606873,0.10287333279848099,0.09200719743967056,1.0
3361,1,1,1,9.74405793385813e-06,0.999988317489624,1.9079202502325643e-06,2.671810497342748e-33
3362,3,1,1,0.13105669617652893,0.8516614437103271,0.01728188246488571,0.999939501285553
3364,4,1,0,0.5227126479148865,0.4263344407081604,0.05095287784934044,0.9999790787696838
3365,4,1,1,0.0005334940506145358,0.9992150068283081,0.00025150462170131505,0.9994530081748962
3366,2,1,1,0.0008147023618221283,0.9964219331741333,0.002763435011729598,1.0
3368,1,1,1,0.1278880536556244,0.7732245326042175,0.0988873615860939,2.098279985709319e-31
3369,3,1,0,0.5351361632347107,0.35287243127822876,0.11199143528938293,0.999966561794281
3370,2,1,1,1.2756833029925474e-06,0.9999985694885254,1.2826262718590442e-07,1.0
3371,2,1,1,1.707335627543216e-06,0.9999982118606567,5.4142347494234855e-08,1.0
3372,0,1,1,6.339335232041776e-05,0.9999356269836426,9.829572036323952e-07,1.0
3373,2,1,1,3.369960097643343e-07,0.9999996423721313,3.6976611994532504e-08,1.0
3374,0,1,1,0.0003041473974008113,0.9984082579612732,0.0012876607943326235,1.0
3375,2,1,1,6.278715828506032e-12,1.0,4.804060361324192e-12,1.0
3377,3,1,2,0.11737025529146194,0.1295476257801056,0.7530821561813354,0.9998399615287781
3378,4,1,0,0.7830427885055542,0.08933009952306747,0.12762705981731415,0.9999415278434753
3379,3,1,1,4.35584042861592e-05,0.9989463686943054,0.0010101135121658444,0.9976194500923157
3380,2,1,1,0.0027402304112911224,0.9970852732658386,0.000174508269992657,1.0
3381,1,1,1,9.781886910786852e-05,0.9998103976249695,9.175072045763955e-05,1.5747257375240376e-27
3385,4,1,1,0.08014371246099472,0.8527327179908752,0.06712358444929123,0.9999800324440002
3386,4,1,1,0.02707526460289955,0.9651396870613098,0.007785021793097258,0.9997996687889099
3387,0,1,0,0.5963316559791565,0.3438263535499573,0.05984204635024071,1.0
3388,1,1,1,0.2723880708217621,0.5606021881103516,0.16700975596904755,0.0
3389,4,1,1,0.004007427487522364,0.9842305779457092,0.011762010864913464,0.9939993023872375
3390,0,1,1,0.0012104399502277374,0.992128849029541,0.0066607738845050335,1.0
3391,0,1,1,0.010065929964184761,0.988497793674469,0.0014362717047333717,1.0
3393,3,1,1,0.0017151288921013474,0.9981182813644409,0.00016666132432874292,0.9996134042739868
3394,0,1,1,2.905743349401746e-05,0.9998620748519897,0.00010883768845815212,1.0
3395,4,1,1,4.873497528024018e-05,0.9998843669891357,6.682666571578011e-05,0.9999786615371704
3396,4,1,1,0.021054880693554878,0.9717133641242981,0.007231772877275944,0.9964008331298828
3397,1,1,2,0.22489169239997864,0.2771950364112854,0.4979132115840912,2.144378077884035e-11
3398,2,1,1,1.9413984773564152e-05,0.9997978806495667,0.00018270507280249149,1.0
3399,1,1,1,0.13465102016925812,0.8037949204444885,0.06155405938625336,3.279487591724908e-32
3400,4,1,1,0.03717421367764473,0.9543341994285583,0.008491594344377518,0.9993807673454285
3401,4,1,1,4.876942966802744e-06,0.9999935626983643,1.6155129287653835e-06,0.9999021887779236
3402,4,1,1,1.7474278138251975e-05,0.9999685287475586,1.400528253725497e-05,0.9999589920043945
3403,1,1,1,4.0816352964156977e-08,1.0,1.0344860079669616e-08,6.370167772212738e-24
3404,4,1,1,0.0004551922029349953,0.9991472959518433,0.00039752310840412974,0.9999533295631409
3405,4,1,1,0.0005544659215956926,0.9994136095046997,3.196109173586592e-05,0.9999364614486694
3406,0,1,1,0.2013845294713974,0.7975946664810181,0.0010207925224676728,1.0
3407,1,1,1,8.200226147891954e-05,0.999738872051239,0.00017914461204782128,1.1186030691047781e-32
3408,1,1,1,8.200226147891954e-05,0.999738872051239,0.00017914461204782128,1.1186030691047781e-32
3409,1,1,1,0.3120729327201843,0.6607485413551331,0.02717849425971508,0.0
3410,0,1,1,0.48151740431785583,0.4885339140892029,0.029948633164167404,1.0
3411,2,1,2,5.221072001404536e-07,3.0524629437422846e-06,0.9999964237213135,1.0
3414,3,1,2,2.0794186639250256e-06,0.002279871143400669,0.997718095779419,0.9999369382858276
3415,3,1,2,2.0794186639250256e-06,0.002279871143400669,0.997718095779419,0.9999369382858276
3416,4,1,1,0.0022074475418776274,0.9942949414253235,0.003497568890452385,0.9997240304946899
3417,0,1,1,9.145560966317134e-07,0.9999990463256836,9.30492038975217e-09,1.0
3418,3,1,0,0.549998939037323,0.15036924183368683,0.29963186383247375,0.9997238516807556
3419,1,1,2,0.17701800167560577,0.16848750412464142,0.6544944643974304,3.5748424145475195e-15
3420,0,1,1,4.7347219833682175e-07,0.9910118579864502,0.008987718261778355,1.0
3421,0,1,1,1.3814164958603214e-06,0.9999980926513672,4.996321081307542e-07,1.0
3423,2,1,1,0.09065034985542297,0.9002063274383545,0.009143335744738579,1.0
3424,0,1,1,0.0070184399373829365,0.9892714023590088,0.0037101940251886845,1.0
3425,2,1,1,0.00045114863314665854,0.9995033740997314,4.548604920273647e-05,1.0
3426,2,1,0,0.49945318698883057,0.12702018022537231,0.3735266923904419,1.0
3427,3,1,1,0.2631543278694153,0.6925911903381348,0.044254474341869354,0.9999567270278931
3428,1,1,0,0.8492560982704163,0.04590992256999016,0.10483395308256149,7.602432048377058e-38
3429,1,1,0,0.8552685379981995,0.11178336292505264,0.032948125153779984,8.622519264072562e-30
3430,3,1,0,0.8439591526985168,0.02755768783390522,0.12848317623138428,0.9999730587005615
3431,4,1,1,0.09299478679895401,0.8868726491928101,0.02013256587088108,0.996884822845459
3432,3,1,1,0.42698732018470764,0.5635908842086792,0.009421787224709988,0.999944269657135
3433,3,1,1,0.003439361462369561,0.9946610331535339,0.001899567898362875,0.9997420907020569
3435,3,1,1,0.0013248618924990296,0.9984520673751831,0.00022306738537736237,0.999346911907196
3436,1,1,1,5.085647353553213e-05,0.9999333620071411,1.573817280586809e-05,2.029910686380549e-24
3437,2,1,0,0.7626158595085144,0.16431106626987457,0.07307307422161102,1.0
3438,3,1,0,0.5232808589935303,0.19654154777526855,0.2801775634288788,0.9999697804450989
3441,2,1,1,0.3395998775959015,0.629173994064331,0.03122612275183201,1.0
3442,0,1,1,0.012866870500147343,0.9490014314651489,0.03813169151544571,1.0
3443,3,1,0,0.5085663795471191,0.0061719114892184734,0.4852617383003235,0.9999776482582092
3445,4,1,1,0.012347445823252201,0.980732262134552,0.006920293904840946,0.9997839331626892
3446,4,1,1,5.9407220760476775e-06,0.9999924898147583,1.5128896393434843e-06,0.9988685846328735
3447,3,1,1,0.015453973785042763,0.9763743281364441,0.00817168690264225,0.9999809265136719
3448,2,1,1,0.0411180779337883,0.9555568695068359,0.00332512310706079,1.0
3450,1,1,1,0.00016819610027596354,0.9994262456893921,0.0004055314639117569,3.4656186801071556e-22
3451,0,1,1,1.8941918824566528e-05,0.9153170585632324,0.08466396480798721,0.9999989867210388
3452,1,1,1,0.41901764273643494,0.5051493644714355,0.0758330374956131,3.3979698581997564e-37
3453,4,1,1,0.0977146327495575,0.8929399251937866,0.009345497004687786,0.9998553991317749
3454,3,1,1,0.0033008824102580547,0.9955869913101196,0.0011121365241706371,0.9996697306632996
3456,4,1,1,0.15094341337680817,0.8301384449005127,0.018918126821517944,0.9993575215339661
3457,1,1,0,0.8359237909317017,0.033467020839452744,0.13060924410820007,0.0
3458,1,1,1,0.11757310479879379,0.6233005523681641,0.2591263949871063,1.836388135012031e-19
3459,3,1,1,0.422401487827301,0.5209162831306458,0.056682199239730835,0.9999184608459473
3460,1,1,0,0.722072184085846,0.10072067379951477,0.17720715701580048,1.5827228188025755e-25
3461,0,1,1,0.0709712877869606,0.9028778076171875,0.026150910183787346,1.0
3462,1,1,1,0.002009063959121704,0.9961124062538147,0.0018785923020914197,5.413793305452183e-32
3463,0,1,1,0.37117671966552734,0.4774865508079529,0.15133675932884216,1.0
3465,2,1,1,0.189103901386261,0.7854177355766296,0.025478312745690346,1.0
3466,4,1,0,0.5588604807853699,0.42320337891578674,0.017936063930392265,0.9999127388000488
3467,3,1,0,0.559841513633728,0.3104808032512665,0.12967777252197266,0.9998797178268433
3468,1,1,1,0.010101993568241596,0.9880808591842651,0.001817162032239139,3.4068278368045707e-31
3469,2,1,1,1.2363823771011084e-05,0.9999853372573853,2.3006646188150626e-06,1.0
3470,4,1,1,0.13008643686771393,0.8643171191215515,0.0055964491330087185,0.9998995065689087
3471,2,1,1,0.00013563036918640137,0.9998507499694824,1.3623245649796445e-05,1.0
3473,0,1,1,0.009559450671076775,0.9307067394256592,0.05973376706242561,1.0
3474,0,1,1,0.009559450671076775,0.9307067394256592,0.05973376706242561,1.0
3475,0,1,1,0.2624390423297882,0.7232436537742615,0.01431732252240181,1.0
3476,0,1,1,0.011411808431148529,0.9801722168922424,0.008415952324867249,1.0
3478,0,1,1,0.036679621785879135,0.9519928693771362,0.011327539570629597,0.999999463558197
3479,1,1,1,2.3055588826537132e-05,0.9999154806137085,6.149148248368874e-05,1.3642871108873609e-24
3480,2,1,1,1.0196464472755906e-06,0.9999840259552002,1.5007162801339291e-05,1.0
3481,2,1,1,0.09307790547609329,0.9051209688186646,0.0018010583007708192,1.0
3482,1,1,1,3.395387466298416e-05,0.9998509883880615,0.00011500369146233425,2.861606893285462e-13
3483,0,1,1,0.03918593376874924,0.9594258069992065,0.0013882328057661653,1.0
3484,0,1,2,0.006133018992841244,0.23098711669445038,0.7628797888755798,1.0
3485,2,1,0,0.37750670313835144,0.36979344487190247,0.2526998221874237,1.0
3486,4,1,0,0.9303137063980103,0.01871591806411743,0.05097031220793724,0.9997159838676453
3487,3,1,1,0.0035752709954977036,0.9731420278549194,0.02328270860016346,0.9997105002403259
3488,0,1,1,0.014954828657209873,0.983639657497406,0.0014054697239771485,1.0
3489,0,1,1,0.0003823322767857462,0.9902986288070679,0.00931903999298811,1.0
3490,4,1,1,1.142276648703061e-13,1.0,1.3050727050423466e-14,0.9996013045310974
3491,2,1,1,4.217821647500841e-09,1.0,2.5215034504810774e-09,1.0
3492,4,1,2,0.008127442561089993,0.0003455370315350592,0.9915270209312439,0.9998040795326233
3493,4,1,1,0.0011901374673470855,0.9964001178741455,0.002409768756479025,0.9999033212661743
3494,1,1,0,0.9743378162384033,0.013644062913954258,0.012018220499157906,0.0
3497,2,1,0,0.8903712630271912,0.016934677958488464,0.09269405901432037,1.0
3498,4,1,1,0.05270048975944519,0.894700288772583,0.05259920284152031,0.9999752044677734
3499,0,1,1,0.0005785788525827229,0.9046381115913391,0.09478329122066498,0.9999992251396179
3501,1,1,1,0.00016208401939366013,0.9984298348426819,0.0014080217806622386,8.293142356076021e-16
3502,3,1,1,0.2171252965927124,0.7673777937889099,0.015496885403990746,0.9998428225517273
3503,3,1,0,0.3761501610279083,0.2817968428134918,0.34205299615859985,0.9999447464942932
3504,4,1,1,0.003476685844361782,0.9945034980773926,0.0020198810379952192,0.9999591112136841
3505,3,1,1,0.13105668127536774,0.8516614437103271,0.017281880602240562,0.999939501285553
3506,4,1,1,1.7829789840106969e-06,0.9999938011169434,4.436571089172503e-06,0.9998693466186523
3507,4,1,1,0.0035809611435979605,0.9728094935417175,0.023609576746821404,0.9999748468399048
3508,0,1,1,2.2032560082152486e-05,0.999963641166687,1.4341359928948805e-05,1.0
3510,0,1,1,0.0009035031544044614,0.9796866178512573,0.019409839063882828,1.0
3511,2,1,1,5.603692261502147e-05,0.9999423027038574,1.7146528534794925e-06,1.0
3512,1,1,1,2.5992289010901004e-05,0.9999542236328125,1.9797533241217025e-05,4.256190545745501e-25
3513,2,1,1,5.541599603020586e-05,0.9999377727508545,6.784994184272364e-06,1.0
3515,0,1,1,0.14222656190395355,0.7221148610115051,0.1356586068868637,1.0
3516,3,1,2,0.018016882240772247,0.004104931373149157,0.9778780937194824,0.999954879283905
3517,1,1,1,0.05768290534615517,0.9374452829360962,0.004871824756264687,3.984251977954623e-15
3518,1,1,2,0.16577795147895813,0.11279278248548508,0.7214292883872986,0.0
3519,4,1,0,0.7872611284255981,0.1773878037929535,0.03535103425383568,0.9999205470085144
3520,4,1,0,0.5103691220283508,0.3551193177700043,0.1345115751028061,0.9999181628227234
3521,2,1,1,0.051290012896060944,0.941609799861908,0.0071001132018864155,1.0
3522,3,1,1,0.00016406648501288146,0.9998071789741516,2.8790323995053768e-05,0.9998927116394043
3525,1,1,1,0.2374192625284195,0.6467925310134888,0.11578818410634995,2.9542433746899586e-30
3526,1,1,1,1.4884105059564945e-09,0.963306725025177,0.036693256348371506,1.0489684817917462e-14
3527,2,1,0,0.6703465580940247,0.1607101708650589,0.16894328594207764,1.0
3528,4,1,1,6.8899672633904174e-09,1.0,2.78228551309212e-09,0.9986377954483032
3530,1,1,1,0.41234925389289856,0.5059532523155212,0.08169751614332199,5.377326213507678e-18
3531,1,1,1,7.071284926496446e-05,0.9998070597648621,0.0001222875143866986,2.4763972568575314e-31
3533,3,1,1,0.45356640219688416,0.49463629722595215,0.05179731175303459,0.9999789595603943
3534,4,1,1,0.16907022893428802,0.8022080659866333,0.028721744194626808,0.9997318387031555
3535,0,1,1,0.020177872851490974,0.9757943153381348,0.004027845337986946,1.0
3536,3,1,0,0.5085663795471191,0.0061719114892184734,0.4852617383003235,0.9999776482582092
3538,1,1,1,0.00031107792165130377,0.9996356964111328,5.326069367583841e-05,2.257155382157237e-25
3539,1,1,1,0.00016819610027596354,0.9994262456893921,0.0004055314639117569,3.4656186801071556e-22
3541,0,1,1,1.8941918824566528e-05,0.9153170585632324,0.08466396480798721,0.9999989867210388
3542,4,1,1,0.0977146327495575,0.8929399251937866,0.009345497004687786,0.9998553991317749
3543,0,1,1,0.33657726645469666,0.5363419055938721,0.12708085775375366,1.0
3544,4,1,1,1.0041260338766733e-06,0.9999988079071045,1.67179507570836e-07,0.9902265071868896
3545,4,1,1,0.22966159880161285,0.7631135582923889,0.007224882021546364,0.9999796152114868
3546,3,1,1,0.13981613516807556,0.8486770391464233,0.01150685828179121,0.9999223947525024
3547,1,1,1,0.002009063959121704,0.9961124062538147,0.0018785923020914197,5.413793305452183e-32
3549,0,1,1,0.37117671966552734,0.4774865508079529,0.15133675932884216,1.0
3550,0,1,2,0.20001758635044098,0.3481493890285492,0.45183300971984863,1.0
3552,3,1,0,0.7281234860420227,0.2120133638381958,0.059863194823265076,0.9999008178710938
3554,2,1,1,0.20834960043430328,0.7735404372215271,0.018109971657395363,1.0
3555,0,1,0,0.5335322618484497,0.4548732042312622,0.01159448828548193,1.0
3557,4,1,1,0.26280465722084045,0.607218861579895,0.12997648119926453,0.9999449253082275
3559,2,1,1,2.2575734419660876e-06,0.9999921321868896,5.560930731007829e-06,1.0
3560,4,1,1,0.0768340602517128,0.4982551634311676,0.4249107837677002,0.9998544454574585
3561,0,1,1,0.005008512642234564,0.9947748184204102,0.00021663695224560797,1.0
3562,4,1,1,2.254865849593557e-09,1.0,1.4122141234196306e-09,0.9998259544372559
3563,4,1,1,1.63672126518577e-07,0.9999998807907104,1.1928591447940562e-08,0.999731183052063
3564,3,1,1,0.005982588976621628,0.9814622402191162,0.012555115856230259,0.9999173283576965
3565,3,1,2,8.369189430368351e-08,0.05406023934483528,0.9459396600723267,0.999233603477478
3566,0,1,1,0.010414788499474525,0.9865368008613586,0.003048415295779705,1.0
3567,4,1,1,8.417501362600888e-09,1.0,1.1610670647144161e-08,0.9999493956565857
3568,1,1,1,0.000436425645602867,0.9994357228279114,0.0001277905103052035,4.739630639482423e-25
3569,0,1,1,3.6066262509848457e-07,0.9999890327453613,1.0664003639249131e-05,1.0
3570,1,1,1,0.017868338152766228,0.9628850221633911,0.019246643409132957,2.162031429606617e-27
3571,3,1,1,0.0013980891089886427,0.7509254813194275,0.24767644703388214,0.9993493556976318
3572,1,1,0,0.8835196495056152,0.054992206394672394,0.06148819252848625,5.120722933299839e-25
3573,3,1,1,0.00010230772022623569,0.9998878240585327,9.891433364828117e-06,0.9996258020401001
3574,2,1,0,0.4776637852191925,0.42264774441719055,0.09968850761651993,1.0
3575,0,1,1,0.0562458336353302,0.7613992094993591,0.1823548674583435,0.9999998211860657
3576,1,1,1,2.0088086785108317e-06,0.9999550580978394,4.2901840060949326e-05,1.2715014804931535e-11
3577,4,1,1,0.07957424223423004,0.7560493350028992,0.16437645256519318,0.9999770522117615
3579,3,1,1,0.014536128379404545,0.8421367406845093,0.14332719147205353,0.9999594688415527
3580,3,1,1,1.5829120059152046e-07,0.9999954700469971,4.422579422680428e-06,0.9998079538345337
3581,1,1,1,5.5059721489669755e-05,0.9998804330825806,6.453914829762653e-05,6.31848200013311e-25
3582,4,1,0,0.8415015339851379,0.13536344468593597,0.023135030642151833,0.9999772906303406
3583,4,1,1,0.09119698405265808,0.9070206880569458,0.001782289589755237,0.9998496770858765
3584,3,1,0,0.9088357090950012,0.06511588394641876,0.02604847028851509,0.9999287128448486
3585,3,1,1,3.8345095987324385e-08,1.0,7.871486573662878e-09,0.9758206009864807
3587,4,1,0,0.46853575110435486,0.26864194869995117,0.26282235980033875,0.9999715089797974
3588,0,2,2,1.8127938386514053e-12,8.905924886448702e-10,1.0,0.9999998807907104
3589,0,2,2,8.775333348864933e-09,1.5054590107865806e-07,0.9999998807907104,1.0
3590,1,2,2,0.018325982615351677,0.0003343922144267708,0.9813396334648132,3.0831145894362174e-15
3591,3,2,2,8.988550916910754e-07,1.030231942422688e-06,0.9999979734420776,0.9955797791481018
3592,2,2,2,3.782421251208312e-11,1.47568057773384e-09,1.0,1.0
3593,4,2,2,0.0011075240327045321,0.00017447424761485308,0.9987180233001709,0.9978431463241577
3594,0,2,2,1.8701051374137023e-07,2.8354955716736185e-08,0.9999997615814209,0.9999998807907104
3595,3,2,2,8.129870388007276e-11,1.0953247198131066e-08,1.0,0.9997885823249817
3596,0,2,2,1.0787916693288935e-07,6.1828036450606305e-06,0.9999936819076538,0.9999997615814209
3597,0,1,1,0.0031559718772768974,0.9784931540489197,0.018350867554545403,1.0
3598,2,1,0,0.6835205554962158,0.18595734238624573,0.13052207231521606,1.0
3599,2,1,1,0.000286530121229589,0.9996187686920166,9.46603249758482e-05,1.0
3600,3,1,1,0.000671356450766325,0.9986763596534729,0.000652227143291384,0.9994996190071106
3601,1,1,2,4.931457442580722e-05,0.12316092103719711,0.8767897486686707,4.9474000000319156e-17
3602,0,1,1,0.0005421661771833897,0.993800938129425,0.005656944587826729,1.0
3603,2,1,1,4.72100737169967e-06,0.9406622648239136,0.05933298170566559,1.0
3604,0,1,0,0.6999360918998718,0.28839218616485596,0.01167172659188509,1.0
3605,4,1,1,0.010607142932713032,0.9748084545135498,0.014584441669285297,0.9998183250427246
3608,2,1,1,0.066472627222538,0.7907925248146057,0.1427348256111145,1.0
3610,4,1,1,4.203509433864383e-06,0.9999954700469971,3.8410601632676844e-07,0.9997683763504028
3611,0,1,0,0.44244691729545593,0.16303551197052002,0.39451760053634644,0.9999698400497437
3613,2,1,1,0.16548262536525726,0.8094613552093506,0.025056004524230957,1.0
3614,0,1,2,0.2699921727180481,0.21657836437225342,0.5134294629096985,1.0
3617,2,1,1,7.826010772760128e-08,0.9715819954872131,0.028417907655239105,1.0
3618,0,1,2,0.21090289950370789,0.3851486146450043,0.4039485454559326,1.0
3619,0,1,1,1.2310273632465396e-05,0.9998619556427002,0.0001256998220924288,1.0
3620,2,1,1,6.455956054196577e-07,0.9997914433479309,0.00020795551245100796,1.0
3621,4,1,1,0.0012690862640738487,0.9766042828559875,0.02212657406926155,0.9998811483383179
3622,3,1,1,2.2627509679296054e-06,0.9999778270721436,1.9852337572956458e-05,0.9998556971549988
3623,3,1,1,3.2372368877986446e-05,0.9999580383300781,9.53903145273216e-06,0.999930739402771
3626,2,1,1,0.00038502668030560017,0.9675348997116089,0.032080069184303284,1.0
3627,1,1,2,0.05360942706465721,0.12681175768375397,0.8195788264274597,5.836204719713781e-21
3633,2,1,1,1.2392652459780606e-09,0.9999998807907104,1.448694604277989e-07,1.0
3634,2,1,2,0.0007278521079570055,0.03558681160211563,0.9636853337287903,1.0
3635,4,1,1,0.02964286506175995,0.9687313437461853,0.001625738455913961,0.9999528527259827
3636,3,1,0,0.7533993124961853,0.1993633210659027,0.047237347811460495,0.9999732971191406
3637,1,1,0,0.6640112400054932,0.10814647376537323,0.22784225642681122,2.4386245326452705e-29
3638,1,1,0,0.7171372175216675,0.1818796843290329,0.10098310559988022,1.178791903998943e-27
3639,4,1,0,0.7399211525917053,0.21003198623657227,0.05004694685339928,0.9999019503593445
3640,4,1,0,0.7962686419487,0.15566641092300415,0.04806492105126381,0.99994957447052
3641,0,1,0,0.7603018283843994,0.19539116322994232,0.04430694505572319,1.0
3644,2,1,1,2.0696065694547627e-10,1.0,4.619973736907923e-09,1.0
3645,4,1,1,3.0520557174895657e-06,0.9999957084655762,1.2491375400713878e-06,0.9995148181915283
3646,1,1,1,0.03247741237282753,0.953392505645752,0.01413002423942089,3.3754132204765854e-31
3650,4,1,1,0.04631653055548668,0.8147737979888916,0.13890962302684784,0.9999073147773743
3651,3,1,1,0.0003415880200918764,0.9984251260757446,0.0012333072954788804,0.9995900988578796
3653,1,1,1,0.05792241171002388,0.8207793831825256,0.1212981715798378,2.9961869691498976e-29
3654,1,1,1,0.0011342295911163092,0.9956223368644714,0.003243462648242712,1.2400687442714734e-21
3655,4,1,1,4.4220829295227304e-05,0.998993456363678,0.0009623290388844907,0.9968655705451965
3656,3,1,1,0.0013384980848059058,0.9985957741737366,6.571071571670473e-05,0.999085009098053
3657,3,1,1,0.0013384980848059058,0.9985957741737366,6.571071571670473e-05,0.999085009098053
3658,2,1,1,3.205497705494054e-05,0.9983159303665161,0.0016519753262400627,1.0
3659,4,1,1,0.23998183012008667,0.7378190159797668,0.022199148312211037,0.9998688101768494
3660,3,1,1,7.50495819374919e-05,0.999117910861969,0.0008069956675171852,0.9997773766517639
3661,1,1,1,1.45507564330849e-10,1.0,1.7910312122282335e-09,4.8102429965931946e-26
3662,4,1,1,0.00022686534794047475,0.9993911981582642,0.00038195637171156704,0.9999092221260071
3663,4,1,1,0.26506826281547546,0.6598761081695557,0.07505559921264648,0.9999392032623291
3664,4,1,1,1.6703522121019887e-08,1.0,1.9369737813690335e-08,0.9996975064277649
3665,4,1,1,0.4210183918476105,0.45624658465385437,0.12273508310317993,0.9999833703041077
3666,3,1,1,0.3199698328971863,0.644045352935791,0.0359848216176033,0.9998878240585327
3667,4,1,2,0.3447056710720062,0.050031229853630066,0.6052630543708801,0.9920862913131714
3668,0,1,2,0.0763053447008133,0.21435599029064178,0.7093386054039001,1.0
3669,2,1,1,0.011231252923607826,0.9821845293045044,0.0065843029879033566,1.0
3670,3,1,1,0.18631835281848907,0.5837212800979614,0.22996041178703308,0.9999418258666992
3672,2,1,1,0.019339635968208313,0.9798619747161865,0.0007984467083588243,1.0
3673,1,1,1,0.057818617671728134,0.9332608580589294,0.008920537307858467,8.864920117065232e-32
3674,3,1,1,0.0003415880200918764,0.9984251260757446,0.0012333072954788804,0.9995900988578796
3676,1,1,1,0.05792241171002388,0.8207793831825256,0.1212981715798378,2.9961869691498976e-29
3677,1,1,1,0.0011342295911163092,0.9956223368644714,0.003243462648242712,1.2400687442714734e-21
3678,4,1,1,4.4220829295227304e-05,0.998993456363678,0.0009623290388844907,0.9968655705451965
3679,3,1,1,0.0013384980848059058,0.9985957741737366,6.571071571670473e-05,0.999085009098053
3680,0,1,1,1.092981437977869e-05,0.6715121865272522,0.32847684621810913,0.9999996423721313
3681,1,1,1,0.002265420276671648,0.9973094463348389,0.0004251403734087944,1.371743837988679e-31
3682,4,1,1,0.23998183012008667,0.7378190159797668,0.022199148312211037,0.9998688101768494
3683,3,1,1,7.50495819374919e-05,0.999117910861969,0.0008069956675171852,0.9997773766517639
3685,4,1,1,0.00022686534794047475,0.9993911981582642,0.00038195637171156704,0.9999092221260071
3686,4,1,1,0.26506826281547546,0.6598761081695557,0.07505559921264648,0.9999392032623291
3687,4,1,1,1.6703522121019887e-08,1.0,1.9369737813690335e-08,0.9996975064277649
3688,0,1,2,0.21090289950370789,0.3851486146450043,0.4039485454559326,1.0
3689,0,1,1,1.2310273632465396e-05,0.9998619556427002,0.0001256998220924288,1.0
3690,2,1,1,6.455956054196577e-07,0.9997914433479309,0.00020795551245100796,1.0
3691,4,1,1,0.0012690862640738487,0.9766042828559875,0.02212657406926155,0.9998811483383179
3692,3,1,1,2.2627509679296054e-06,0.9999778270721436,1.9852337572956458e-05,0.9998556971549988
3693,3,1,1,3.2372368877986446e-05,0.9999580383300781,9.53903145273216e-06,0.999930739402771
3696,2,1,1,0.00038502668030560017,0.9675348997116089,0.032080069184303284,1.0
3697,1,1,2,0.05360942706465721,0.12681175768375397,0.8195788264274597,5.836204719713781e-21
3703,2,1,1,1.2392652459780606e-09,0.9999998807907104,1.448694604277989e-07,1.0
3704,2,1,2,0.0007278521079570055,0.03558681160211563,0.9636853337287903,1.0
3705,4,1,1,0.02964286506175995,0.9687313437461853,0.001625738455913961,0.9999528527259827
3706,3,1,0,0.7533993124961853,0.1993633210659027,0.047237347811460495,0.9999732971191406
3707,1,1,0,0.6640112400054932,0.10814647376537323,0.22784225642681122,2.4386245326452705e-29
3708,1,1,0,0.7171372175216675,0.1818796843290329,0.10098310559988022,1.178791903998943e-27
3709,4,1,0,0.7399212121963501,0.21003194153308868,0.050046928226947784,0.9999019503593445
3710,4,1,0,0.7962686419487,0.15566645562648773,0.0480649471282959,0.99994957447052
3711,0,1,0,0.7603018283843994,0.19539116322994232,0.04430694505572319,1.0
3712,2,1,0,0.37750670313835144,0.36979344487190247,0.2526998221874237,1.0
3713,4,1,0,0.9303137063980103,0.01871591806411743,0.05097031220793724,0.9997159838676453
3714,3,1,1,0.0035752709954977036,0.9731420278549194,0.023282697424292564,0.9997105002403259
3715,0,1,1,0.014954828657209873,0.983639657497406,0.0014054697239771485,1.0
3716,0,1,1,0.0003823322767857462,0.9902986288070679,0.00931903999298811,1.0
3717,2,1,1,2.6972404754133095e-08,1.0,8.96359786395351e-09,1.0
3718,2,1,1,4.217837634712396e-09,1.0,2.5215085575069907e-09,1.0
3719,4,1,2,0.008127442561089993,0.0003455370315350592,0.9915270209312439,0.9998040795326233
3720,4,1,1,0.0011901380494236946,0.9964001178741455,0.0024097708519548178,0.9999033212661743
3721,1,1,0,0.9743378162384033,0.013644062913954258,0.012018220499157906,0.0
3724,2,1,0,0.8903712630271912,0.016934677958488464,0.09269405901432037,1.0
3726,0,1,1,0.0005785788525827229,0.9046381115913391,0.09478329122066498,0.9999992251396179
3728,1,1,1,0.00016208401939366013,0.9984298348426819,0.0014080217806622386,8.293142356076021e-16
3729,3,1,1,0.2171252965927124,0.7673777937889099,0.015496885403990746,0.9998428225517273
3730,3,1,0,0.37615010142326355,0.2817968726158142,0.34205296635627747,0.9999447464942932
3731,4,1,1,0.003476685844361782,0.9945034980773926,0.002019881969317794,0.9999591112136841
3732,3,1,1,0.13105669617652893,0.8516614437103271,0.01728188246488571,0.999939501285553
3733,4,1,1,1.7829771650212933e-06,0.9999938011169434,4.43657972937217e-06,0.9998693466186523
3734,4,1,1,0.0035809611435979605,0.9728094935417175,0.023609576746821404,0.9999748468399048
3737,0,1,1,0.0009035031544044614,0.9796866178512573,0.019409839063882828,1.0
3738,2,1,1,5.603692261502147e-05,0.9999423027038574,1.7146528534794925e-06,1.0
3739,1,1,1,2.5992289010901004e-05,0.9999542236328125,1.9797533241217025e-05,4.256190545745501e-25
3740,2,1,1,5.541599603020586e-05,0.9999377727508545,6.784994184272364e-06,1.0
3743,3,1,2,0.0180168729275465,0.004104931373149157,0.9778780937194824,0.999954879283905
3744,2,1,1,0.14576958119869232,0.8110643029212952,0.04316607490181923,1.0
3745,1,1,2,0.16577795147895813,0.11279278248548508,0.7214292883872986,0.0
3746,4,1,0,0.7872612476348877,0.1773877739906311,0.03535102307796478,0.9999205470085144
3747,4,1,0,0.5103691220283508,0.3551192879676819,0.13451159000396729,0.9999181628227234
3748,2,1,1,0.051290012896060944,0.941609799861908,0.0071001132018864155,1.0
3749,3,1,1,0.00016406648501288146,0.9998071789741516,2.8790323995053768e-05,0.9998927116394043
3750,3,1,1,0.14663171768188477,0.817581295967102,0.0357869528234005,0.9998119473457336
3751,2,1,2,0.013235454447567463,0.28160616755485535,0.7051583528518677,1.0
3752,1,1,1,0.2374192625284195,0.6467925310134888,0.11578818410634995,2.9542433746899586e-30
3753,1,1,1,1.4884105059564945e-09,0.963306725025177,0.036693256348371506,1.0489684817917462e-14
3754,2,1,0,0.6703465580940247,0.1607101708650589,0.16894328594207764,1.0
3755,4,1,1,6.8899672633904174e-09,1.0,2.7822804060662065e-09,0.9986377954483032
3757,1,1,1,0.41234925389289856,0.5059532523155212,0.08169751614332199,5.377326213507678e-18
3758,1,1,1,7.071284926496446e-05,0.9998070597648621,0.0001222875143866986,2.4763972568575314e-31
3760,3,1,1,0.453566312789917,0.49463629722595215,0.05179731175303459,0.9999789595603943
3761,4,1,1,0.16907024383544922,0.8022080659866333,0.028721734881401062,0.9997318387031555
3762,0,1,1,0.020177872851490974,0.9757943153381348,0.004027845337986946,1.0
3763,3,1,0,0.5085663795471191,0.006171914283186197,0.4852617383003235,0.9999776482582092
3765,0,1,1,0.00424598716199398,0.9955354928970337,0.00021851174824405462,1.0
3766,1,1,1,0.00016819610027596354,0.9994262456893921,0.0004055314639117569,3.4656186801071556e-22
3767,3,1,1,1.7912484508997295e-06,0.9999977350234985,4.887716613666271e-07,0.9998810291290283
3768,0,1,1,1.8941918824566528e-05,0.9153170585632324,0.08466396480798721,0.9999989867210388
3769,4,1,1,0.0977146327495575,0.8929399251937866,0.009345500729978085,0.9998553991317749
3770,0,1,1,0.33657726645469666,0.5363419055938721,0.12708085775375366,1.0
3771,4,1,1,1.0041260338766733e-06,0.9999988079071045,1.671793370405794e-07,0.9902265071868896
3772,4,1,1,0.22966159880161285,0.7631135582923889,0.007224882021546364,0.9999796152114868
3773,3,1,1,0.13981613516807556,0.8486770391464233,0.011506853625178337,0.9999223947525024
3774,1,1,1,0.002009063959121704,0.9961124062538147,0.0018785923020914197,5.413793305452183e-32
3776,0,1,1,0.37117671966552734,0.4774865508079529,0.15133675932884216,1.0
3777,0,1,2,0.20001758635044098,0.3481493890285492,0.45183300971984863,1.0
3779,3,1,0,0.7281233668327332,0.21201342344284058,0.05986322462558746,0.9999008178710938
3781,2,1,1,0.20834960043430328,0.7735404372215271,0.018109971657395363,1.0
3782,0,1,0,0.5335322618484497,0.4548732042312622,0.01159448828548193,1.0
3784,4,1,1,0.26280462741851807,0.607218861579895,0.12997649610042572,0.9999449253082275
3786,2,1,1,2.2575734419660876e-06,0.9999921321868896,5.560930731007829e-06,1.0
3787,4,1,1,0.07683407515287399,0.4982551634311676,0.4249108135700226,0.9998544454574585
3788,0,1,1,0.005008512642234564,0.9947748184204102,0.00021663695224560797,1.0
3790,4,1,1,1.63672126518577e-07,0.9999998807907104,1.1928591447940562e-08,0.999731183052063
3791,3,1,1,0.005982588976621628,0.9814622402191162,0.012555115856230259,0.9999173283576965
3792,3,1,2,8.369189430368351e-08,0.054060209542512894,0.9459396600723267,0.999233603477478
3793,0,1,1,0.010414788499474525,0.9865368008613586,0.003048415295779705,1.0
3794,4,1,1,8.417501362600888e-09,1.0,1.1610692851604654e-08,0.9999493956565857
3795,1,1,1,0.000436425645602867,0.9994357228279114,0.0001277905103052035,4.739630639482423e-25
3796,0,1,1,3.6066262509848457e-07,0.9999890327453613,1.0664003639249131e-05,1.0
3797,1,1,1,0.017868338152766228,0.9628850221633911,0.019246643409132957,2.162031429606617e-27
3798,3,1,1,0.0013980901567265391,0.7509253621101379,0.2476765364408493,0.9993493556976318
3799,1,1,0,0.8835196495056152,0.054992206394672394,0.06148819252848625,5.120722933299839e-25
3800,3,1,1,0.00010230772022623569,0.9998878240585327,9.8914242698811e-06,0.9996258020401001
3801,2,1,0,0.4776637852191925,0.42264774441719055,0.09968850761651993,1.0
3803,1,1,1,2.0088086785108317e-06,0.9999550580978394,4.2901840060949326e-05,1.2715014804931535e-11
3804,4,1,1,0.07957421988248825,0.7560493350028992,0.16437645256519318,0.9999770522117615
3806,3,1,1,0.014536128379404545,0.8421367406845093,0.14332719147205353,0.9999594688415527
3807,3,1,1,1.5829120059152046e-07,0.9999954700469971,4.422579422680428e-06,0.9998079538345337
3808,1,1,1,5.5059721489669755e-05,0.9998804330825806,6.453914829762653e-05,6.31848200013311e-25
3809,4,1,0,0.8415015339851379,0.13536344468593597,0.023135025054216385,0.9999772906303406
3810,4,1,1,0.09119696915149689,0.9070208072662354,0.0017822898225858808,0.9998496770858765
3811,3,1,0,0.9088357090950012,0.06511588394641876,0.02604847028851509,0.9999287128448486
3812,0,1,1,6.231732072592422e-07,0.9999994039535522,5.716731976690426e-09,0.9999980926513672
3815,1,1,0,0.6307623386383057,0.26241981983184814,0.10681787878274918,2.2699304518458595e-38
3816,2,1,1,3.9807199203600874e-10,1.0,5.044775014395597e-11,1.0
3817,4,1,1,0.00015314262418542057,0.9979133009910583,0.0019335129763931036,0.9997190833091736
3818,3,1,1,0.013583960942924023,0.9794028401374817,0.007013233844190836,0.9998069405555725
3819,0,1,1,8.247219747403722e-12,1.0,2.6995037316623893e-09,1.0
3821,1,1,1,1.0181432941180901e-07,0.9999998807907104,3.0770038961236423e-08,2.500405836931197e-22
3822,1,1,1,5.0763352192007005e-05,0.9990290403366089,0.0009202274959534407,5.4192863562864716e-17
3823,0,1,1,1.0682363438263565e-08,0.9999996423721313,3.7067226799081254e-07,0.9999997019767761
3824,0,1,1,0.0031559751369059086,0.9784931540489197,0.018350867554545403,1.0
3825,2,1,0,0.6835205554962158,0.18595734238624573,0.13052207231521606,1.0
3826,2,1,1,0.000286530121229589,0.9996187686920166,9.46603249758482e-05,1.0
3827,3,1,1,4.808293763147731e-09,1.0,1.2646962366247294e-09,0.9973952174186707
3828,1,1,1,1.976909061340848e-06,0.9999951124191284,2.9120237741153687e-06,1.8250271550047418e-31
3829,3,1,1,0.009693576954305172,0.9892545938491821,0.001051833969540894,0.9998049139976501
3830,3,1,1,0.45796480774879456,0.4675145447254181,0.07452063262462616,0.9998166561126709
3831,0,1,1,0.000736104033421725,0.9988788962364197,0.0003850045904982835,1.0
3832,4,1,0,0.6553229093551636,0.2719966173171997,0.07268041372299194,0.9997660517692566
3833,3,1,2,0.3582165539264679,0.12406892329454422,0.5177145004272461,0.999769389629364
3834,3,1,1,0.09668149799108505,0.8324198126792908,0.07089870423078537,0.9999462962150574
3835,0,1,2,0.029688384383916855,0.09532275050878525,0.874988853931427,0.9999996423721313
3836,2,1,0,0.9352647066116333,0.014080600813031197,0.05065469071269035,1.0
3837,1,1,1,0.0010065676178783178,0.9985979199409485,0.00039557035779580474,4.4294315002801825e-24
3839,1,1,0,0.5257427096366882,0.43261080980300903,0.04164648428559303,6.021574137210803e-33
3840,1,1,0,0.7263427972793579,0.2490813285112381,0.02457587793469429,9.478572381527458e-26
3841,1,1,0,0.7263427972793579,0.2490813285112381,0.02457587793469429,9.478572381527458e-26
3842,0,1,1,9.145560966317134e-07,0.9999990463256836,9.30492038975217e-09,1.0
3843,4,1,1,0.004516914952546358,0.8845154047012329,0.11096765100955963,0.9997993111610413
3844,4,1,1,0.031045300886034966,0.9372859597206116,0.031668808311223984,0.9999668002128601
3846,2,1,1,0.09065037965774536,0.9002062678337097,0.00914334412664175,1.0
3847,0,1,1,0.0070184399373829365,0.9892714023590088,0.0037101940251886845,1.0
3848,4,1,1,0.2937307357788086,0.7016039490699768,0.004665330518037081,0.9999776482582092
3850,2,1,0,0.5781271457672119,0.3994397222995758,0.022433126345276833,1.0
3851,0,1,1,7.359785740845837e-06,0.9999926090240479,3.537486037430426e-08,1.0
3853,2,1,0,0.7972372770309448,0.16960959136486053,0.03315306454896927,1.0
3854,2,1,1,0.00045114863314665854,0.9995033740997314,4.548604920273647e-05,1.0
3855,3,1,1,0.2631543278694153,0.6925911903381348,0.044254474341869354,0.9999567270278931
3856,1,1,1,0.0002633761614561081,0.9996603727340698,7.620755059178919e-05,8.164655750867956e-30
3858,1,1,0,0.8492560982704163,0.04590992256999016,0.10483395308256149,7.602432048377058e-38
3859,1,1,0,0.8552685379981995,0.11178336292505264,0.032948125153779984,8.622519264072562e-30
3860,3,1,0,0.8439591526985168,0.02755768783390522,0.12848317623138428,0.9999730587005615
3861,4,1,1,0.0929948091506958,0.8868726491928101,0.020132575184106827,0.996884822845459
3862,3,1,1,0.42698732018470764,0.563590943813324,0.009421788156032562,0.999944269657135
3864,0,1,1,0.003301283810287714,0.994602382183075,0.0020963065326213837,1.0
3865,0,1,1,0.4397827088832855,0.48535725474357605,0.07485996186733246,1.0
3866,2,1,1,0.2555435597896576,0.7167816758155823,0.027674732729792595,1.0
3867,1,1,1,5.929016992922698e-07,0.9999958276748657,3.6088442811887944e-06,9.893458022062248e-23
3868,3,1,1,0.11065515130758286,0.5880909562110901,0.30125394463539124,0.9999428987503052
3869,3,1,2,0.000198029272723943,0.005282881669700146,0.9945191740989685,0.9999279379844666
3870,4,1,0,0.7727716565132141,0.15061654150485992,0.07661177963018417,0.9998969435691833
3871,2,1,1,0.2099049836397171,0.7811782956123352,0.008916695602238178,1.0
3872,4,1,1,2.3047525246511213e-05,0.9998118281364441,0.00016514791059307754,0.9997047781944275
3875,2,1,0,0.7626158595085144,0.16431111097335815,0.07307307422161102,1.0
3876,0,1,2,0.107670858502388,0.4283718168735504,0.4639573097229004,0.9999991655349731
3879,2,1,1,0.0076568881049752235,0.9490086436271667,0.043334461748600006,1.0
3881,0,1,0,0.5523068904876709,0.37396058440208435,0.07373248040676117,0.9999998807907104
3882,4,1,2,0.3314359188079834,0.31186410784721375,0.35670000314712524,0.9999887347221375
3883,1,1,0,0.6949889063835144,0.07077059894800186,0.2342405468225479,6.557773588008654e-25
3884,3,1,0,0.8991875648498535,0.06773324310779572,0.033079229295253754,0.9999142289161682
3885,3,1,0,0.5232808589935303,0.19654154777526855,0.2801775634288788,0.9999697804450989
3886,0,1,1,0.17322757840156555,0.7692364454269409,0.0575360432267189,1.0
3887,3,1,1,0.17342509329319,0.5203525424003601,0.3062223792076111,0.9999557137489319
3891,3,1,1,1.6544100844839704e-07,0.9999996423721313,1.4408350068606524e-07,0.9990070462226868
3892,2,1,1,0.0002682717749848962,0.9996803998947144,5.138821870787069e-05,1.0
3894,1,1,1,0.06548361480236053,0.6394140720367432,0.2951023280620575,1.0220842422129018e-26
3895,1,1,1,0.06965938955545425,0.8995347619056702,0.030805811285972595,1.2873096227826485e-21
3896,3,1,0,0.9332818388938904,0.018252916634082794,0.04846528545022011,0.9998957514762878
3897,2,1,0,0.493191123008728,0.38690993189811707,0.11989894509315491,1.0
3898,3,1,1,0.45356640219688416,0.49463629722595215,0.05179731175303459,0.9999789595603943
3899,0,1,1,0.013172800652682781,0.984696626663208,0.002130526816472411,1.0
3900,3,1,1,0.09500311315059662,0.8166406750679016,0.08835624158382416,0.9998341798782349
3901,3,1,0,0.6972182393074036,0.03193838521838188,0.27084335684776306,0.9999603033065796
3902,4,1,1,2.2854334019939415e-05,0.9999724626541138,4.710002031060867e-06,0.9989235997200012
3903,2,1,1,0.00015569750394206494,0.999830961227417,1.335101478616707e-05,1.0
3904,1,1,0,0.3882255256175995,0.2691608667373657,0.34261366724967957,0.0
3905,4,1,2,0.06988616287708282,0.24862131476402283,0.6814925074577332,0.9973640441894531
3906,0,1,1,0.020177876576781273,0.9757943153381348,0.004027847200632095,1.0
3908,3,1,0,0.6609969139099121,0.12331723421812057,0.21568584442138672,0.9999929070472717
3909,2,1,1,0.33959993720054626,0.629173994064331,0.03122612275183201,1.0
3910,1,1,1,0.0001590583851793781,0.9996591806411743,0.0001818079181248322,1.1096181587787301e-25
3911,1,1,0,0.6838915348052979,0.09434571117162704,0.2217627763748169,5.227017705564407e-37
3913,3,1,1,0.027895625680685043,0.9592249989509583,0.012879379093647003,0.999921977519989
3914,0,1,1,0.4600813686847687,0.5218938589096069,0.018024709075689316,1.0
3915,4,1,0,0.7737220525741577,0.19465495645999908,0.03162297606468201,0.9999827146530151
3916,1,1,1,2.8533739607206066e-11,1.0,6.677978309221899e-11,2.7935076127305614e-11
3917,0,1,1,0.01286686398088932,0.9490014314651489,0.03813169151544571,1.0
3918,3,1,0,0.5085663795471191,0.0061719114892184734,0.4852617383003235,0.9999776482582092
3919,0,1,1,0.04434691369533539,0.91841059923172,0.03724253177642822,1.0
3922,0,1,1,0.017169315367937088,0.9800177812576294,0.0028128833509981632,0.9999998211860657
3923,1,1,1,0.001654079183936119,0.9979099631309509,0.0004359227605164051,1.5671097427857556e-33
3924,4,1,1,0.0381796658039093,0.9410582184791565,0.020762072876095772,0.9998824596405029
3925,4,1,1,0.0008816149202175438,0.9990478157997131,7.055519381538033e-05,0.9998549818992615
3926,2,1,1,0.12226264178752899,0.8737314343452454,0.004005969502031803,1.0
3927,3,1,1,0.0005631438689306378,0.9993851184844971,5.174466787138954e-05,0.9999546408653259
3929,1,1,1,0.05838671326637268,0.9375463724136353,0.004066909197717905,0.0
3930,0,1,1,0.027125010266900063,0.9448022246360779,0.0280727781355381,0.9999998807907104
3931,1,1,1,0.0001262964215129614,0.9997656941413879,0.00010795774142025039,1.5569878637257377e-23
3934,4,1,1,4.4220276322448626e-05,0.9998874664306641,6.832256622146815e-05,0.9994843602180481
3936,0,1,1,0.01872374676167965,0.8958799839019775,0.08539631217718124,1.0
3937,4,1,1,0.0063455840572714806,0.9929293990135193,0.0007250793860293925,0.9999155402183533
3938,4,1,1,0.006849691737443209,0.9925073981285095,0.0006428604829125106,0.9999232292175293
3939,3,1,1,1.7912484508997295e-06,0.9999977350234985,4.887716613666271e-07,0.9998810291290283
3940,0,1,1,1.8941938833449967e-05,0.915317177772522,0.08466394990682602,0.9999989867210388
3941,2,1,0,0.6217144727706909,0.36277875304222107,0.015506739728152752,1.0
3942,3,1,1,0.0005013446207158267,0.9993428587913513,0.00015577221347484738,0.9993873238563538
3943,4,1,1,0.09112799912691116,0.8527202606201172,0.05615180730819702,0.9993324279785156
3946,4,1,1,0.0977146327495575,0.8929399251937866,0.009345500729978085,0.9998553991317749
3948,1,1,1,0.0020911148749291897,0.9943510293960571,0.003557794727385044,6.843060480449591e-19
3949,3,1,1,0.005183004774153233,0.9919238686561584,0.0028930832631886005,0.9963003993034363
3950,3,1,1,0.0033008824102580547,0.9955869913101196,0.0011121365241706371,0.9996697306632996
3951,0,1,1,0.015537424013018608,0.9811563491821289,0.0033061911817640066,1.0
3952,2,1,0,0.5163790583610535,0.039261579513549805,0.4443593919277191,1.0
3953,0,1,1,0.007258618250489235,0.9925566911697388,0.0001846217637648806,1.0
3954,4,1,1,0.15094338357448578,0.8301385641098022,0.018918124958872795,0.9993575215339661
3955,1,1,0,0.8359237909317017,0.033467020839452744,0.13060924410820007,0.0
3956,2,1,0,0.9287008047103882,0.00725873839110136,0.06404055655002594,1.0
3957,4,1,1,0.014226592145860195,0.9847506284713745,0.0010227580787613988,0.9999664425849915
3958,1,1,0,0.722072184085846,0.10072067379951477,0.17720715701580048,1.5827228188025755e-25
3959,0,1,1,0.07097127288579941,0.9028778076171875,0.026150904595851898,1.0
3960,1,1,1,0.0057155960239470005,0.6127204895019531,0.3815639019012451,5.237049501345596e-32
3961,4,1,1,7.007698599181822e-08,0.9999996423721313,2.7938534685745253e-07,0.9995496273040771
3962,4,1,1,0.051225993782281876,0.9217074513435364,0.027066588401794434,0.9996577501296997
3963,3,1,0,0.6890920996665955,0.21581043303012848,0.09509751945734024,0.9998660087585449
3964,1,1,1,0.002009063959121704,0.9961124062538147,0.0018785923020914197,5.413793305452183e-32
3965,4,1,0,0.679908275604248,0.28448283672332764,0.03560885414481163,0.9999662041664124
3966,1,1,2,0.1786983609199524,0.34295690059661865,0.47834470868110657,9.005034193132387e-24
3967,0,1,1,0.37117674946784973,0.4774865508079529,0.15133675932884216,1.0
3968,2,1,0,0.9667232036590576,0.018506767228245735,0.01477005798369646,1.0
3969,4,1,0,0.5465670228004456,0.42444372177124023,0.028989208862185478,0.9999372959136963
3970,2,1,1,0.189103901386261,0.7854177355766296,0.025478312745690346,1.0
3971,4,1,0,0.5588604807853699,0.42320337891578674,0.017936063930392265,0.9999127388000488
3972,3,1,0,0.559841513633728,0.3104808032512665,0.12967777252197266,0.9998797178268433
3973,1,1,2,0.11531943827867508,0.3180558979511261,0.5666247010231018,2.7396536027874792e-33
3974,2,1,1,0.13147978484630585,0.8629896640777588,0.005530622787773609,1.0
3975,2,1,1,1.2363823771011084e-05,0.9999853372573853,2.3006646188150626e-06,1.0
3976,4,1,1,0.13008637726306915,0.8643171787261963,0.005596450064331293,0.9998995065689087
3977,2,1,1,0.1473018079996109,0.8479374647140503,0.00476075941696763,1.0
3979,0,1,1,0.009559450671076775,0.9307067394256592,0.05973376706242561,1.0
3980,1,1,0,0.9558051824569702,0.007212614640593529,0.036982182413339615,2.314969673944419e-31
3981,0,1,2,0.4161650240421295,0.15492628514766693,0.42890867590904236,1.0
3982,1,1,1,0.06776224821805954,0.9183688759803772,0.013868845999240875,9.063142243619535e-29
3983,4,1,0,0.917112410068512,0.01877555437386036,0.06411202996969223,0.9996060132980347
3984,2,1,1,0.3665678799152374,0.5455710887908936,0.08786100149154663,1.0
3985,2,1,1,7.811158866388723e-05,0.9998908042907715,3.107416705461219e-05,1.0
3986,2,1,0,0.6789635419845581,0.2195599228143692,0.10147654265165329,1.0
3987,1,1,0,0.7749274373054504,0.09210069477558136,0.1329718977212906,2.3498496946384023e-29
3988,4,2,2,2.1924113635662934e-09,9.412018471266492e-07,0.9999990463256836,0.999979555606842
3989,0,2,2,2.504981057427358e-05,0.00013677978131454438,0.99983811378479,1.0
3990,1,2,2,1.2167708973720437e-06,3.5938876408181386e-07,0.9999984502792358,1.853059643508459e-06
3991,1,2,2,3.0541610840373323e-07,5.4115757848194335e-06,0.9999942779541016,6.833589683702401e-13
3992,2,2,2,5.469649622114048e-08,1.6446543327219842e-07,0.9999998807907104,1.0
3993,1,2,2,1.2980088115455146e-08,2.0682793433479674e-07,0.9999997615814209,2.1076606572023593e-05
3994,4,2,2,3.4104945711987966e-07,2.7422840503277257e-05,0.9999722242355347,0.9988247156143188
3995,4,2,2,0.2286645621061325,0.16932718455791473,0.6020082831382751,0.9999725818634033
3996,0,2,2,2.8029931281310476e-14,7.72568564677556e-10,1.0,1.0
3997,1,2,2,0.008563137613236904,0.0001319274742854759,0.9913049936294556,3.5973816833412706e-17
3999,1,2,2,3.8089947906883026e-07,0.0002771942235995084,0.999722421169281,6.1730507858182015e-12
4004,2,2,0,0.9225419163703918,0.012765361927449703,0.06469263136386871,1.0
4005,4,2,2,4.353420735014879e-08,3.603425682285888e-07,0.9999996423721313,0.9999904036521912
4006,0,2,2,8.629525566350438e-11,7.67437811077798e-08,0.9999998807907104,1.0
4007,3,2,2,2.6987414969426027e-08,5.387968826653378e-07,0.9999994039535522,0.9999651908874512
4009,2,2,2,2.1414651030227105e-07,6.556421112691169e-07,0.9999991655349731,1.0
4010,0,2,2,1.6615976150546885e-08,1.9229382530738803e-07,0.9999997615814209,1.0
4011,1,2,2,2.878230764835621e-09,1.3935116172092421e-08,1.0,1.0463955723960386e-18
4012,2,2,2,7.4058945642718754e-09,3.334576206270867e-07,0.9999996423721313,1.0
4013,4,2,2,4.975776235482954e-08,1.612366986591951e-07,0.9999998807907104,0.9999615550041199
4014,1,2,2,1.729445697762344e-09,2.1527652904751449e-07,0.9999997615814209,4.583909769390569e-19
4015,3,2,2,1.059380250190145e-09,1.0548471891524969e-06,0.999998927116394,0.9998857378959656
4016,4,2,2,5.4623082945681745e-08,4.268014492936345e-07,0.9999995231628418,0.9999540448188782
4017,0,2,2,2.3280664063207723e-09,5.423343623078836e-07,0.9999994039535522,1.0
4018,4,2,2,1.2574846719459742e-09,3.108990824784996e-07,0.9999996423721313,0.9998331665992737
4019,3,2,2,1.0173096809396043e-09,1.4727654651380817e-08,1.0,0.9990058541297913
4020,4,2,2,8.478467927730549e-10,2.5874533093883656e-07,0.9999997615814209,0.9999760389328003
4021,2,2,2,2.591104397708932e-08,2.986002755278605e-06,0.9999970197677612,1.0
4024,4,2,2,8.22810832801224e-08,1.0397098776593339e-05,0.9999895095825195,0.9999501705169678
4025,2,2,2,8.218121365644038e-07,1.977759666260681e-06,0.9999971389770508,1.0
4026,3,2,2,6.404121677405783e-10,8.352841085468299e-09,1.0,0.9998767971992493
4027,0,2,2,2.0133870126670672e-09,4.558346233807242e-07,0.9999995231628418,1.0
4028,2,2,2,3.6159178762318334e-06,4.175022240815451e-06,0.9999922513961792,1.0
4029,0,2,2,8.183379307524774e-09,9.453934524117358e-08,0.9999998807907104,1.0
4030,3,2,2,1.1404236582857052e-10,2.6147624065941955e-09,1.0,0.9999524354934692
4031,0,2,2,2.8372339200277708e-11,1.4352523614036272e-09,1.0,0.9999975562095642
4032,0,2,2,6.409510699967313e-10,8.09415610092401e-08,0.9999998807907104,1.0
4033,0,2,2,1.8458086448180921e-10,1.513373319994571e-07,0.9999998807907104,1.0
4035,1,2,2,2.4138337550994038e-08,1.4347187970997766e-06,0.9999985694885254,2.86493202412884e-22
4036,0,2,2,1.787791303886621e-10,9.465640715689005e-09,1.0,0.9999997615814209
4037,3,2,2,6.036149358124021e-10,7.129439705266805e-09,1.0,0.9998454451560974
4038,1,2,2,8.060260370257311e-07,9.702495162855485e-07,0.9999982118606567,2.8225995711529658e-18
4039,0,2,2,4.6131209963107267e-10,1.2689132411480841e-08,1.0,1.0
4040,1,2,2,1.3082062100266967e-09,1.6963522142532383e-08,1.0,1.856430421442578e-14
4041,4,2,2,1.6919006640137013e-08,3.1468618999497266e-06,0.9999969005584717,0.9999066591262817
4042,4,2,2,4.0579126903139695e-07,2.2012336557963863e-06,0.9999974966049194,0.9999027252197266
4043,1,2,2,2.573733226540753e-08,5.83790210839652e-07,0.9999994039535522,3.251854113971335e-17
4044,0,2,2,5.0589719080562645e-09,2.6506981498641835e-07,0.9999997615814209,1.0
4045,0,2,2,8.138535179114115e-09,1.526504576077059e-07,0.9999998807907104,0.9999998807907104
4046,2,2,2,5.468276853548559e-08,3.25658697875042e-06,0.9999967813491821,1.0
4047,1,2,2,2.1167873001104454e-06,2.4641856725793332e-05,0.9999731779098511,1.7207307034464029e-15
4049,4,2,2,1.989532982804576e-08,3.246191511152574e-07,0.9999996423721313,0.9999812841415405
4050,3,2,2,1.4679859550170704e-09,7.560367443204541e-09,1.0,0.9997410774230957
4052,3,2,2,7.831258974633215e-10,6.826446075081094e-09,1.0,0.9998179078102112
4053,2,2,2,5.865956609341083e-07,1.1616771189437713e-05,0.9999878406524658,1.0
4055,0,2,2,2.539056298545006e-09,3.502572809566118e-08,1.0,1.0
4057,3,2,2,3.3823777112473863e-10,2.1736097366442664e-09,1.0,0.9991351962089539
4060,3,2,2,7.968381396494806e-05,0.0008367840200662613,0.9990835189819336,0.9979900121688843
4061,4,2,2,0.00034639055957086384,0.006295140367001295,0.9933584332466125,0.9999843239784241
4062,2,2,0,0.61568284034729,0.06600165367126465,0.31831544637680054,1.0
4063,0,2,2,1.868477594868523e-09,1.0224327979813097e-06,0.999998927116394,0.9997532963752747
4064,2,2,2,1.0006847617205494e-07,3.142768889574654e-07,0.9999995231628418,1.0
4066,1,2,2,6.725921153361014e-09,5.185410500985199e-08,1.0,4.938918007312736e-18
4067,2,2,2,6.856733421045647e-07,1.9636293302482954e-07,0.9999990463256836,1.0
4068,1,2,2,4.0492219000043406e-07,1.3952153494756203e-06,0.9999982118606567,4.6807487342803415e-18
4069,1,2,2,4.687526811153475e-09,6.891979751344479e-07,0.9999992847442627,5.730253430000497e-23
4070,2,2,2,3.230713048196776e-07,7.297499564629106e-07,0.999998927116394,1.0
4071,4,2,2,1.1547461653549362e-08,9.711167869852488e-09,1.0,0.9999539852142334
4072,1,2,2,2.1418009055196308e-06,1.6104623909996008e-06,0.9999961853027344,1.4504163709225337e-17
4074,3,2,2,3.8904317989363335e-06,2.9381701551756123e-06,0.999993085861206,0.9999042749404907
4075,3,2,2,3.169450906170823e-07,1.81536464083365e-07,0.9999994039535522,0.9997768998146057
4076,0,2,2,9.02393264279322e-12,4.292409830353172e-11,1.0,1.0
4077,2,2,2,8.052992939155956e-08,7.77250050987277e-08,0.9999997615814209,1.0
4078,0,2,2,3.2890434820131986e-09,5.5450199987205906e-11,1.0,1.0
4080,0,2,2,5.892922061434547e-08,4.574101453158619e-08,1.0,1.0
4082,0,2,2,9.428956747326023e-12,1.0614843726219902e-10,1.0,1.0
4083,0,2,2,1.9847172516573863e-11,1.9155851904706367e-10,1.0,1.0
4084,1,2,2,9.129970379717633e-08,1.9521492333751667e-07,0.9999996423721313,3.515415032954411e-18
4086,1,2,2,5.562229148381448e-07,2.2085578166297637e-07,0.9999991655349731,7.12862168871536e-27
4087,2,2,2,4.154157462465946e-09,1.1896419849222184e-08,1.0,1.0
4089,0,2,2,5.342937550723015e-11,8.003599172301534e-11,1.0,1.0
4090,1,2,2,1.174262376224533e-08,2.5041603635145293e-07,0.9999997615814209,9.089963482443453e-13
4092,2,2,2,1.5593529667512485e-07,3.6152869142824784e-07,0.9999995231628418,1.0
4093,3,2,1,0.43785256147384644,0.4826728105545044,0.07947468757629395,0.999842643737793
4095,0,2,2,1.7641577088056692e-10,8.800420947530085e-10,1.0,1.0
4096,3,2,2,1.624999690363893e-08,7.281909830680888e-08,0.9999998807907104,0.9996896982192993
4097,3,2,2,1.1900926466523742e-07,2.959563687454647e-07,0.9999996423721313,0.9992738366127014
4098,4,2,2,1.1843843239489615e-08,5.176536888029659e-07,0.9999995231628418,0.9999046325683594
4099,3,2,2,4.406181801641651e-07,6.063616524443205e-07,0.999998927116394,0.9999405741691589
4100,1,2,2,2.72574993687158e-06,4.8357783271058e-06,0.9999923706054688,3.304209172938499e-08
4101,2,2,2,1.138101612951914e-08,1.504629381088307e-07,0.9999998807907104,1.0
4102,4,2,2,2.72114046850902e-08,1.5539482092208345e-06,0.9999984502792358,0.9998241662979126
4105,4,2,2,3.6484311749518383e-07,7.955420073813002e-07,0.9999988079071045,0.9999305009841919
4106,3,2,2,6.613908087871323e-09,1.8047659366970947e-08,1.0,0.9999615550041199
4107,0,2,2,2.42550202145253e-10,8.86716033932089e-10,1.0,1.0
4108,3,2,2,2.8283722031119396e-07,1.5255625385179883e-07,0.9999996423721313,0.9997121095657349
4109,2,2,2,7.228676395243383e-07,4.5591477260131796e-07,0.9999988079071045,1.0
4111,0,2,2,8.510898583113935e-12,7.740693502844564e-12,1.0,1.0
4112,4,2,2,1.1141744948872656e-07,6.207554861248354e-07,0.9999992847442627,0.9999825954437256
4115,1,2,2,4.379785991659446e-07,1.1121200031993794e-06,0.9999984502792358,1.2320247742535488e-15
4117,0,2,2,5.441528339034107e-10,7.750299707565134e-11,1.0,1.0
4118,0,2,2,1.3808466522990948e-11,3.35040051258062e-11,1.0,1.0
4119,3,2,2,1.5509380091316416e-07,1.1127585253234429e-07,0.9999997615814209,0.9999106526374817
4120,1,2,2,6.514373040999999e-08,5.987993176859163e-07,0.9999992847442627,1.9614602993224924e-17
4121,2,2,2,3.536459303177253e-08,1.0430137820094387e-07,0.9999998807907104,1.0
4122,3,2,2,7.012209835011163e-08,1.4970418078519288e-06,0.9999983310699463,0.9993247389793396
4123,0,2,2,6.210137115658654e-08,8.730223655106784e-09,0.9999998807907104,1.0
4124,2,2,2,1.766955932680503e-07,5.591327294496296e-07,0.9999992847442627,1.0
4125,0,2,2,3.6623706733962536e-08,4.228319738786013e-08,1.0,1.0
4129,4,2,2,1.4636886369601143e-08,4.4597305759452865e-07,0.9999995231628418,0.9999710321426392
4130,4,2,2,1.0607001499352009e-08,3.89209482420938e-08,1.0,0.9998745918273926
4131,3,2,2,2.1042947651039867e-07,1.8490928823666763e-06,0.9999978542327881,0.9997449517250061
4132,1,2,2,5.583080110227456e-06,0.0016144050750881433,0.9983799457550049,4.758528183171568e-15
4133,0,2,2,7.359804432560679e-10,1.6854723172698982e-10,1.0,1.0
4134,2,2,2,1.2811091743003544e-08,2.930938869383226e-08,1.0,1.0
4135,1,2,2,8.92710644989636e-12,7.413076374973571e-09,1.0,5.063315738906837e-11
4136,2,2,2,1.6376550604491058e-07,3.9641758320385634e-08,0.9999998807907104,1.0
4137,0,2,2,2.8865834167390858e-08,2.111249308711649e-08,1.0,1.0
4138,3,2,2,3.085490618559561e-07,2.6151525389650487e-07,0.9999994039535522,0.999751627445221
4139,0,2,2,2.76018985445603e-10,2.9371776122388837e-09,1.0,1.0
4140,2,2,2,5.938332492405607e-09,9.402789657997346e-08,0.9999998807907104,1.0
4141,4,2,2,5.803468638987397e-07,1.9196924768039025e-05,0.9999802112579346,0.9999898076057434
4142,2,2,2,5.124636714981534e-08,1.8366447918083395e-08,1.0,1.0
4143,2,2,2,2.3223028833285753e-08,2.3813400673589058e-07,0.9999997615814209,1.0
4144,2,2,2,7.342436703083877e-08,2.1253768522910832e-07,0.9999996423721313,1.0
4145,1,2,2,2.640395813102714e-08,4.7401199481100775e-06,0.999995231628418,3.441241416554536e-17
4146,0,2,2,2.0437005332496483e-07,5.925215873503475e-07,0.9999991655349731,1.0
4147,3,2,2,8.153951114309166e-08,1.070419202164885e-07,0.9999997615814209,0.9996283650398254
4148,3,2,2,1.584459027981211e-06,4.164799065620173e-06,0.9999942779541016,0.999391496181488
4149,0,2,2,2.91378345063098e-11,1.2581328201477504e-09,1.0,1.0
4150,1,2,2,1.2834762230795604e-07,6.75941066674568e-07,0.9999991655349731,6.797162792518922e-17
4151,0,2,2,5.7957752375159544e-08,1.1922888631943351e-07,0.9999998807907104,1.0
4152,3,2,2,1.8885339159169234e-07,5.27810925632366e-07,0.9999992847442627,0.999878466129303
4154,3,2,2,1.584162987455784e-07,2.42582842702177e-07,0.9999996423721313,0.9998824000358582
4155,4,2,2,1.500300772505625e-09,1.0022529473019404e-08,1.0,0.998858630657196
4156,0,2,2,8.934009656513808e-07,1.3169561441372934e-07,0.9999990463256836,1.0
4157,0,2,2,5.617794522549957e-05,5.786431756860111e-06,0.9999380111694336,1.0
4158,1,2,2,3.906269284925656e-06,4.974134881763348e-08,0.9999960660934448,4.9920440040699454e-26
4159,4,2,0,0.8930798768997192,0.005849050357937813,0.10107104480266571,0.9983016848564148
4160,3,2,2,1.530067947896896e-07,9.983645021804932e-09,0.9999998807907104,0.9999535083770752
4161,3,2,2,7.009358427012558e-08,2.4283739463726306e-08,0.9999998807907104,0.9999629259109497
4162,3,2,2,7.284324965439737e-07,1.7775971627997933e-07,0.9999991655349731,0.9999451041221619
4163,1,2,2,1.1777405234170146e-05,0.0008096183300949633,0.9991785883903503,8.100573163638547e-13
4164,3,2,2,5.81857020733878e-05,1.0256233508698642e-05,0.9999315738677979,0.999936044216156
4165,1,2,2,1.422873538103886e-05,2.14314718505193e-06,0.9999836683273315,1.2452743991241054e-31
4166,1,2,2,0.0001897164183901623,8.27605435915757e-06,0.9998020529747009,2.6002955181206417e-28
4168,1,2,2,0.0001196462835650891,5.4517972785106394e-06,0.9998748302459717,1.9814544315277636e-35
4169,0,2,2,8.199219337257091e-06,1.488332145527238e-06,0.9999903440475464,1.0
4171,1,2,2,1.6531662367924582e-06,2.1608343558909837e-08,0.9999983310699463,3.3454000285136504e-31
4172,0,2,2,9.816231795412023e-06,2.450810825394001e-05,0.9999656677246094,1.0
4173,0,2,2,2.1607065718853846e-06,4.286377475182235e-07,0.9999973773956299,1.0
4174,3,2,2,6.951245268282946e-07,7.562643418168591e-07,0.9999985694885254,0.9998655915260315
4175,2,2,2,1.65948074482003e-06,3.3415614097975777e-07,0.9999979734420776,1.0
4176,0,2,2,2.1954596377327107e-05,2.7940594009123743e-05,0.9999501705169678,1.0
4177,0,2,2,7.82426923251478e-07,5.8407824354844706e-08,0.9999991655349731,1.0
4178,4,2,2,9.391100341815672e-09,4.5544505944405955e-09,1.0,0.9999063014984131
4179,3,2,2,4.545558567770058e-06,1.234379993775292e-07,0.9999953508377075,0.9999336004257202
4180,3,2,0,0.7529215216636658,0.015414794906973839,0.23166361451148987,0.9999598264694214
4181,1,2,2,3.841831494355574e-05,8.631092896393966e-06,0.999953031539917,0.0
4182,4,2,2,8.076374768961614e-08,3.916983004614849e-08,0.9999998807907104,0.9999660849571228
4183,4,2,2,3.142759652519089e-08,9.235828990483697e-09,1.0,0.9999156594276428
4184,1,2,2,2.196331843151711e-05,7.094085390235705e-07,0.9999773502349854,8.358528760284843e-24
4186,0,2,2,4.67699834416635e-07,6.973856159220304e-08,0.9999994039535522,1.0
4188,4,2,2,3.898212526110001e-07,1.589362454978982e-07,0.9999995231628418,0.9989811778068542
4189,4,2,2,2.373486740481212e-09,2.8776216964843115e-09,1.0,0.999951183795929
4190,2,2,2,5.6663000577827916e-05,1.6205210613406962e-06,0.9999417066574097,1.0
4192,1,2,2,2.3420638171955943e-05,6.138790809018246e-07,0.9999760389328003,1.3211724441321226e-29
4193,1,2,2,2.8459367058530916e-06,2.6593880875225295e-07,0.9999969005584717,5.291119255410293e-24
4194,1,2,2,3.458954597590491e-05,5.026614076086844e-07,0.9999649524688721,8.690719753595406e-29
4195,2,2,2,7.589235906380054e-07,7.773690413159784e-06,0.9999915361404419,1.0
4196,2,2,2,3.01076340747386e-07,1.3332403625554434e-08,0.9999996423721313,1.0
4197,0,2,2,2.4550561192882014e-06,1.6734037444621208e-07,0.9999973773956299,1.0
4198,0,2,2,3.213477384633734e-06,3.8616911979261204e-07,0.9999964237213135,1.0
4199,4,2,2,6.427102738904011e-10,1.27004828875954e-09,1.0,0.9999313950538635
4200,4,2,2,3.450026895279734e-07,1.1959615449086414e-06,0.9999984502792358,0.9999638795852661
4201,0,2,2,1.0701166957005626e-06,1.249113523726919e-07,0.9999988079071045,1.0
4202,3,2,2,0.20217910408973694,0.13714927434921265,0.6606716513633728,0.9997550249099731
4203,4,2,2,2.29509886651158e-08,7.49239603692331e-09,1.0,0.9999614357948303
4204,1,2,2,9.845216845860705e-05,2.6490824893699028e-06,0.9998989105224609,5.08396891764946e-25
4206,3,2,2,2.252860156204406e-07,1.3447894353646461e-08,0.9999997615814209,0.9999354481697083
4207,1,2,2,0.00011167691991431639,9.703051546239294e-06,0.9998786449432373,5.126994283560241e-33
4208,0,2,2,1.0418304555059876e-05,5.327277904143557e-06,0.9999842643737793,1.0
4209,4,2,2,5.743246433986826e-10,9.60102775060534e-10,1.0,0.9997099041938782
4210,2,2,2,4.570643454826495e-07,2.7427576654304175e-08,0.9999995231628418,1.0
4211,1,2,2,1.7475191270932555e-05,7.80836671765428e-07,0.9999816417694092,2.150367612677419e-27
4213,4,2,2,7.169121296612957e-09,7.926019840454046e-10,1.0,0.9997932314872742
4214,1,2,2,1.601648000360001e-05,5.895519734622212e-07,0.9999834299087524,3.858138169107867e-38
4215,0,2,2,1.7518367485536146e-06,1.8603876128509e-07,0.9999979734420776,1.0
4216,2,2,2,5.9400102614404204e-09,1.8928392186978726e-09,1.0,1.0
4219,0,2,2,3.838395059574395e-06,1.2292348401388153e-06,0.9999949932098389,1.0
4221,0,2,2,1.1399804407119518e-06,3.077969381592993e-07,0.9999984502792358,1.0
4222,1,2,2,7.716020263615064e-06,5.484347411766066e-07,0.9999916553497314,4.977188458999711e-28
4223,1,2,2,1.7016398487612605e-05,1.34655033434683e-06,0.9999816417694092,1.0802119880300328e-24
4224,4,2,2,8.193360656605364e-09,6.059708290706567e-09,1.0,0.999808132648468
4225,2,2,2,7.048261085884633e-09,7.58279217194513e-10,1.0,1.0
4226,2,2,2,6.715858091865812e-09,1.0287007912168633e-09,1.0,1.0
4227,2,2,2,6.356251525119205e-09,7.526523293499565e-10,1.0,1.0
4229,2,2,2,4.562852140566065e-08,1.5804205943936722e-08,1.0,1.0
4230,0,2,2,1.090694013328175e-06,3.0815471063760924e-07,0.9999985694885254,1.0
4231,1,2,2,1.0889350960496813e-05,9.097608426600345e-07,0.9999881982803345,1.5989141116042978e-29
4233,2,2,2,1.6324916529697475e-08,4.478240953176282e-06,0.9999954700469971,1.0
4234,4,2,2,6.008286757008818e-09,1.2261464732432614e-08,1.0,0.9998926520347595
4235,1,2,2,0.0572536364197731,0.31512948870658875,0.6276168823242188,1.9215529989584236e-25
4236,1,2,2,0.23446114361286163,0.004649239592254162,0.7608895301818848,6.429717427485578e-26
4237,3,2,2,2.2679524924740235e-09,6.7479324350472325e-09,1.0,0.9998400211334229
4238,2,2,1,0.4689105451107025,0.4769374132156372,0.054152071475982666,1.0
4239,0,2,2,1.0893400940403808e-05,2.5845352865871973e-05,0.9999632835388184,0.9999912977218628
4240,0,2,0,0.9799937009811401,0.011712362989783287,0.008293925784528255,1.0
4241,0,2,2,0.3931761682033539,0.0334940105676651,0.5733298659324646,0.9999994039535522
4242,4,2,0,0.814978837966919,0.003947826102375984,0.1810733675956726,0.999971866607666
4243,2,2,2,6.142137354281374e-10,6.464175328346755e-08,0.9999998807907104,1.0
4244,3,2,2,0.2911296784877777,0.021269559860229492,0.6876007318496704,0.9999006986618042
4245,2,2,0,0.9255084991455078,0.01696288213133812,0.05752863734960556,1.0
4246,1,2,2,0.0808631181716919,0.027103185653686523,0.8920336961746216,1.5626271464237925e-30
4247,0,2,2,2.732797383941943e-06,9.109698112297338e-06,0.9999881982803345,1.0
4248,0,2,2,6.541676611959701e-06,1.7503929484519176e-05,0.9999759197235107,1.0
4250,2,2,2,2.7338720176572906e-10,6.4176615133249015e-09,1.0,1.0
4251,2,2,2,8.244307458937783e-09,2.1095747371191464e-08,1.0,1.0
4252,3,2,2,1.5378665921161883e-05,0.00012801255797967315,0.9998565912246704,0.9969035387039185
4253,2,2,2,1.0813015478561283e-06,8.787687875155825e-06,0.9999901056289673,1.0
4256,1,2,2,2.0988159121770877e-07,3.794825533987023e-05,0.9999618530273438,8.995386102661485e-10
4258,4,2,2,3.826140515528209e-10,4.925928109855704e-08,1.0,0.9999668598175049
4259,2,2,2,7.557410697245359e-08,5.563646823247836e-07,0.9999992847442627,1.0
4260,2,2,2,2.112888978444971e-05,5.3722535085398704e-05,0.9999251365661621,1.0
4262,4,2,2,7.173654559267106e-09,1.0401575991636491e-06,0.999998927116394,0.999700665473938
4264,2,2,2,6.186993598651311e-14,2.904432553837988e-12,1.0,1.0
4265,4,2,2,1.3323541055154653e-11,1.5277686893355735e-09,1.0,0.9996155500411987
4266,1,2,2,7.865487106073488e-08,1.795059233700158e-06,0.9999980926513672,5.535148077731589e-13
4268,2,2,2,3.5815492083202116e-07,2.2851841094961856e-06,0.9999973773956299,1.0
4270,2,2,2,2.42166493080731e-06,1.56890087055217e-06,0.9999960660934448,1.0
4272,2,2,2,8.10457922995056e-09,1.674451937105914e-07,0.9999998807907104,1.0
4274,1,2,2,3.7067520679556765e-06,2.174896508222446e-05,0.9999746084213257,1.3756446605839301e-05
4277,4,2,2,1.319670595023581e-08,1.4849262015559361e-06,0.9999985694885254,0.9996567964553833
4278,4,2,2,1.1612648904701928e-06,2.927415607700823e-06,0.9999958276748657,0.999237060546875
4279,0,2,2,1.3432796541756886e-12,1.1923661710766531e-11,1.0,0.9997519850730896
4280,3,2,2,1.0084344914673693e-08,5.869790697943245e-07,0.9999994039535522,0.9994879961013794
4281,0,2,2,3.299707884707459e-08,9.694774405488715e-08,0.9999998807907104,1.0
4284,1,2,2,3.177454459546425e-07,1.6890146071091294e-05,0.9999827146530151,2.1491909814319587e-12
4285,2,2,2,5.463599336508196e-06,1.907964815472951e-06,0.9999926090240479,1.0
4286,0,2,2,1.0603542222042961e-07,4.751968845084775e-07,0.9999994039535522,1.0
4287,2,2,2,1.4782077784047942e-08,4.1509366610625875e-07,0.9999996423721313,1.0
4288,2,2,2,1.4984276042184774e-09,1.6155462745359728e-08,1.0,1.0
4289,4,2,2,1.3060455330560217e-06,5.1071398047497496e-05,0.9999476671218872,0.9999127388000488
4290,0,2,2,1.6100164756949198e-08,1.1568712352527655e-06,0.9999988079071045,0.9999983906745911
4291,1,2,2,2.72442065352152e-07,1.0150034540856723e-05,0.9999896287918091,4.44525585282369e-25
4292,0,2,2,2.6798971028418883e-12,1.8149259872757284e-11,1.0,0.9998463988304138
4293,1,2,2,2.0654516319495997e-08,2.8690359954453015e-07,0.9999997615814209,1.777914593326102e-09
4294,3,2,2,3.856463592910586e-09,3.0256499030656414e-06,0.9999970197677612,0.999945878982544
4295,1,2,2,3.050007035199087e-05,4.316267222748138e-05,0.9999263286590576,0.03000611811876297
4296,1,2,2,7.80466780270217e-06,8.150737812684383e-06,0.9999841451644897,1.74531443184214e-16
4297,4,2,2,5.2607705583795905e-05,9.449269418837503e-05,0.9998528957366943,0.9997872710227966
4298,0,2,2,1.714951025633127e-08,1.092418742132395e-07,0.9999998807907104,1.0
4299,0,2,2,1.9178092713900696e-07,6.038860078660946e-07,0.9999991655349731,1.0
4302,3,2,2,6.788853852413013e-07,1.6043239838836598e-06,0.9999977350234985,0.9985990524291992
4303,1,2,2,1.9070173493673792e-06,6.325683443719754e-06,0.999991774559021,0.04990945756435394
4304,3,2,2,1.5532517863903195e-05,0.00012585737567860633,0.9998586177825928,0.9999009370803833
4305,3,2,2,1.751097222779663e-08,1.7914058844326064e-05,0.9999821186065674,0.9956970810890198
4306,3,2,2,1.235803104293609e-08,7.151355418955063e-08,0.9999998807907104,0.9998348355293274
4307,1,2,2,2.0137349565629847e-08,1.7960149989448837e-06,0.9999982118606567,3.156865531432329e-19
4308,0,2,2,2.2125392717953218e-07,4.7095195441215765e-06,0.9999949932098389,0.999988853931427
4309,4,2,2,1.7040735142415109e-12,1.4223764388532345e-08,1.0,0.9999173879623413
4310,0,2,2,0.000443290889961645,1.3999881048221141e-05,0.9995428323745728,1.0
4311,1,2,2,5.6449893370835724e-11,4.4473711824366546e-08,1.0,0.0019860619213432074
4312,2,2,2,3.207854024367407e-05,1.192688955597987e-06,0.9999667406082153,1.0
4313,4,2,2,2.1294184193720866e-09,6.76827554002557e-08,0.9999998807907104,0.9995469450950623
4314,0,2,2,9.302499165642075e-06,7.403461495414376e-06,0.9999833106994629,1.0
4315,4,2,2,7.990599470986126e-08,2.555405842485925e-08,0.9999998807907104,0.9997873902320862
4316,1,2,2,6.2972917476145085e-06,1.8266925962961977e-06,0.9999918937683105,1.3476896378301857e-16
4317,4,2,2,0.00011388146958779544,7.271057984326035e-05,0.9998134970664978,0.9970363974571228
4318,3,2,2,1.1082896890002303e-05,9.799566214496735e-06,0.9999791383743286,0.9999337792396545
4319,1,2,2,2.048831362344572e-07,3.903238336988579e-07,0.9999994039535522,0.04166664928197861
4320,3,2,2,3.897810074704466e-06,7.0378032432927284e-06,0.9999890327453613,0.999933660030365
4321,4,2,2,4.4980377061909493e-11,4.076832649246853e-09,1.0,0.9991135597229004
4322,0,2,2,3.721600296557881e-05,1.136718651650881e-06,0.9999616146087646,0.9999969005584717
4323,0,2,2,1.0594106321371033e-11,1.6119310053408498e-10,1.0,0.999995768070221
4324,2,2,2,3.94421704186243e-06,9.262509593099821e-06,0.9999867677688599,1.0
4325,3,2,2,3.8449780959126656e-07,5.162758043297799e-06,0.9999945163726807,0.9988158941268921
4326,2,2,2,7.603922491661308e-10,1.4030561157341026e-09,1.0,1.0
4327,1,2,2,4.772477524284113e-09,1.8800168390953331e-06,0.9999980926513672,0.004308932926505804
4328,3,2,2,1.2329989829140686e-07,4.309567430027528e-06,0.9999955892562866,0.9986748695373535
4329,0,2,2,2.6603204972275307e-08,1.7174578204048885e-07,0.9999998807907104,0.9999996423721313
4330,2,2,2,3.717386468093942e-11,1.0970161667955836e-08,1.0,1.0
4331,1,2,2,4.6678351850459876e-08,3.300862317701103e-06,0.9999966621398926,0.00011011335300281644
4332,3,2,2,4.542213716263177e-09,1.0519098623262835e-06,0.999998927116394,0.9985790252685547
4333,1,2,2,4.9200112698599696e-05,1.459053692087764e-05,0.9999362230300903,8.342013611825741e-37
4334,3,2,2,1.0392430666028574e-10,2.455685716995504e-07,0.9999997615814209,0.9968079328536987
4335,1,2,2,1.0637354534992483e-05,1.6279864212265238e-05,0.9999730587005615,1.464913666716569e-14
4336,3,2,2,9.88733539486475e-10,2.0850055904020337e-08,1.0,0.9985764622688293
4337,4,2,2,0.00026664466713555157,7.589898450532928e-05,0.999657392501831,0.9997819066047668
4338,0,2,2,1.2258844606094499e-08,4.25123491964996e-09,1.0,1.0
4339,3,2,2,4.0253058841699385e-07,3.5624619698637616e-08,0.9999996423721313,0.999184250831604
4340,3,2,2,0.00036310323048383,0.00010677175305318087,0.9995301961898804,0.9999373555183411
4342,4,2,2,5.458644409372937e-06,1.0886291420320049e-05,0.9999836683273315,0.9977770447731018
4343,0,2,2,1.3719125036004698e-07,3.4003443261099164e-07,0.9999995231628418,1.0
4344,1,2,2,4.99148500310298e-10,1.233600027683579e-10,1.0,9.259276288406393e-15
4345,4,2,2,0.00014825985999777913,6.582788046216592e-05,0.9997859597206116,0.9997089505195618
4347,4,2,2,5.984337576592225e-07,4.274600996723166e-06,0.9999951124191284,0.9992750287055969
4348,2,2,2,6.0620610753403525e-09,9.641955784900347e-07,0.9999990463256836,1.0
4349,0,2,2,2.0664331790848367e-12,1.2625644453534424e-11,1.0,0.9999971985816956
4351,0,2,2,6.949157249636073e-09,4.0868474115995923e-07,0.9999996423721313,1.0
4352,1,2,0,0.8462933897972107,0.021053114905953407,0.13265353441238403,2.750095436453887e-34
4353,4,2,2,5.851370224263519e-05,0.00574520044028759,0.9941961765289307,0.9999791979789734
4354,1,2,0,0.508999764919281,0.13831451535224915,0.3526857793331146,3.2324564381244e-21
4356,4,2,2,5.125261637317635e-08,7.001501245440522e-08,0.9999998807907104,0.9995825290679932
4357,1,2,2,4.3421017892342206e-08,2.100847041219822e-06,0.9999978542327881,4.380155435581634e-18
4358,2,2,2,1.6022259785586357e-07,2.6847885692404816e-06,0.9999971389770508,1.0
4361,3,2,2,1.3151153777091196e-10,1.0924708249149262e-07,0.9999998807907104,0.9966840744018555
4363,2,2,2,2.636364737629293e-10,2.8456929257458796e-08,1.0,1.0
4364,0,2,2,4.822267783310963e-06,5.45679654351261e-07,0.9999946355819702,1.0
4366,0,2,2,7.705630800103336e-09,4.24590274050729e-09,1.0,1.0
4367,1,2,2,0.00031805166509002447,8.533366781193763e-06,0.9996733665466309,3.482497380477863e-18
4368,2,2,2,0.0001455186284147203,6.481619038822828e-06,0.9998480081558228,1.0
4369,0,2,2,1.133812190801109e-07,6.69194903935022e-08,0.9999997615814209,1.0
4370,2,2,2,2.103195947711356e-05,7.630511390743777e-06,0.9999713897705078,1.0
4371,0,2,2,3.1321091553682123e-11,5.59595869642493e-10,1.0,0.9999998211860657
4372,3,2,2,0.00010035200830316171,1.5221388821373694e-05,0.9998843669891357,0.999901533126831
4373,1,2,2,4.565415545609852e-10,5.505002231842582e-09,1.0,0.05555437132716179
4374,3,2,2,1.940734648542275e-07,3.308073530661204e-07,0.9999994039535522,0.99848872423172
4375,1,2,2,6.406114039236854e-07,1.2378910469124094e-05,0.999987006187439,0.02113802544772625
4377,0,2,2,3.6775008038780754e-10,2.0893248020570354e-08,1.0,1.0
4379,1,2,1,0.31390416622161865,0.5372872352600098,0.1488085836172104,2.1701678129315963e-31
4381,1,2,0,0.4287172853946686,0.2617708444595337,0.30951187014579773,1.1852204185676225e-24
4383,4,2,2,2.4839876822113638e-09,4.0818576962919906e-07,0.9999996423721313,0.9999733567237854
4384,3,2,2,8.805030482506027e-09,3.3255328162340447e-06,0.9999966621398926,0.9997759461402893
4386,4,2,2,2.607171882118564e-05,7.356516817935699e-08,0.9999737739562988,0.9999301433563232
4387,4,2,2,1.1575867868429679e-11,9.725091132395391e-08,0.9999998807907104,0.9998888969421387
4388,3,2,2,0.00023260129091795534,0.0002465725701767951,0.9995208978652954,0.9998866319656372
4390,4,2,2,0.0002483714488334954,7.056120375636965e-05,0.9996811151504517,0.9998384714126587
4395,3,2,2,3.3543688005011063e-07,4.707143261839519e-07,0.9999991655349731,0.9998736381530762
4396,0,2,2,2.918682753261237e-07,3.9989154743125255e-07,0.9999994039535522,1.0
4398,2,2,2,0.0021408461034297943,2.3085785869625397e-06,0.9978569149971008,1.0
4399,2,2,2,5.613286502281767e-10,1.4032676132202937e-09,1.0,1.0
4400,1,2,2,4.817497369913326e-07,1.0833835403900594e-05,0.9999886751174927,0.03738866746425629
4402,1,2,2,2.5270452397307963e-09,5.377776446380267e-09,1.0,3.377280052840881e-11
4403,2,2,2,7.106841337645164e-08,3.211162265870371e-06,0.9999966621398926,1.0
4404,1,2,2,3.527659373503411e-07,4.646255183615722e-05,0.9999531507492065,3.5858858580602537e-17
4406,4,2,0,0.7389962077140808,0.03622204810380936,0.2247818410396576,0.9995760917663574
4407,2,2,2,4.742686243730532e-09,1.6240043754223166e-09,1.0,1.0
4408,0,2,2,1.0643141923338817e-10,2.032320054468073e-07,0.9999997615814209,1.0
4409,0,2,2,1.8896266738011036e-06,3.4055494325002655e-05,0.9999639987945557,0.9999997615814209
4410,2,2,2,2.935257505803923e-12,1.1980946013068206e-08,1.0,1.0
4412,4,2,2,2.969554324661061e-10,1.4712360041357897e-07,0.9999998807907104,0.9998761415481567
4414,3,2,2,4.201618608590252e-09,2.4233864692746465e-08,1.0,0.9985232353210449
4415,3,2,2,1.431657636885575e-07,5.335002128958877e-07,0.9999994039535522,0.9998170733451843
4416,2,2,2,1.1462783788829256e-07,2.609471083658832e-09,0.9999998807907104,1.0
4417,3,2,2,2.349508321231042e-07,2.996868886384618e-08,0.9999997615814209,0.9991312026977539
4418,2,2,2,1.1462783788829256e-07,2.609471083658832e-09,0.9999998807907104,1.0
4419,4,2,2,2.563461566751357e-05,2.8185871997266077e-05,0.9999462366104126,0.9999499320983887
4420,2,2,2,6.449445066891712e-08,8.626444270021238e-08,0.9999997615814209,1.0
4421,4,2,2,2.3854336177464575e-05,3.1936476716509787e-06,0.999972939491272,0.9993104338645935
4422,0,2,2,5.3595725947597206e-12,2.1348955936417724e-10,1.0,0.9999969005584717
4423,4,2,2,0.0002719708427321166,7.959181675687432e-05,0.9996484518051147,0.9997757077217102
4424,3,2,2,2.7227211370911553e-13,1.612054822963671e-09,1.0,0.9995743632316589
4426,3,2,2,3.4984395824722014e-07,9.90569606074132e-06,0.9999897480010986,0.9995343685150146
4427,1,2,2,1.1062650795423679e-09,3.6300926709031955e-09,1.0,1.1071510461896361e-12
4430,4,2,2,0.1822124421596527,0.025341713801026344,0.7924458980560303,0.9998942613601685
4432,0,2,1,0.38998734951019287,0.4559106230735779,0.15410193800926208,1.0
4433,4,2,2,1.7037258714935888e-08,5.9485167014372564e-08,1.0,0.9998571872711182
4434,2,2,2,2.994425193914019e-11,7.873904195321302e-09,1.0,1.0
4435,1,2,2,1.47330370126042e-08,8.583343742429861e-07,0.9999991655349731,3.6576780075847637e-06
4436,0,2,2,1.943880646726459e-11,1.9500063785926613e-09,1.0,0.9999408721923828
4437,4,2,2,3.0325041734613478e-05,7.800647239264435e-08,0.9999696016311646,0.9998683333396912
4438,4,2,2,1.5430003195288089e-12,3.0063961986570575e-08,1.0,0.9998205304145813
4439,1,2,2,6.967218268982833e-06,5.6811654758348595e-06,0.9999873638153076,1.1129185375732039e-14
4440,1,2,2,1.905117841261017e-09,3.086273281383001e-08,1.0,4.209796523017709e-15
4442,2,2,2,1.1462783788829256e-07,2.609471083658832e-09,0.9999998807907104,1.0
4443,0,2,2,4.5780125219607726e-06,8.350001934331885e-08,0.9999953508377075,1.0
4444,3,2,2,0.00019215069187339395,0.00010700774873839691,0.9997009038925171,0.9999451637268066
4445,0,2,2,1.54488516272977e-05,1.372578481095843e-05,0.9999707937240601,1.0
4446,0,2,2,9.855392590907286e-08,4.162645694805178e-08,0.9999998807907104,1.0
4447,3,2,2,3.4829897685995093e-06,9.138500900007784e-06,0.9999873638153076,0.9999474883079529
4448,3,2,2,3.639481077621909e-12,5.415343728998323e-10,1.0,0.9995774626731873
4449,2,2,2,0.0015554765705019236,1.4416734757105587e-06,0.998443067073822,1.0
4450,2,2,2,5.52296264277885e-10,2.8009374819504274e-09,1.0,1.0
4452,4,2,2,1.4456131847140341e-09,1.125284416048089e-05,0.9999887943267822,0.9999110102653503
4456,4,2,2,7.225124942777938e-10,2.6845377476547583e-08,1.0,0.9997175931930542
4458,1,2,2,4.663950559091745e-09,1.1175183445288894e-08,1.0,1.4870787320706549e-18
4460,0,2,2,0.00014946145529393107,1.5872814401518553e-05,0.9998346567153931,0.9999995231628418
4461,2,2,2,9.93003704934381e-05,6.936019053682685e-05,0.9998313188552856,1.0
4462,3,2,2,3.69779968423245e-07,2.47226751071139e-07,0.9999994039535522,0.9998446702957153
4463,0,2,2,9.313666282650956e-08,1.9693258934694313e-07,0.9999996423721313,1.0
4464,2,2,2,2.88393486869154e-09,1.0918809856264033e-08,1.0,1.0
4465,3,2,2,6.724745617248118e-05,1.618775786482729e-05,0.9999165534973145,0.9998704791069031
4467,3,2,2,1.7837670895914925e-07,3.3428287338210794e-07,0.9999995231628418,0.9983565211296082
4468,0,2,2,3.241639734419266e-10,1.472023285487012e-07,0.9999998807907104,0.9999991059303284
4469,4,2,2,8.588393884956247e-11,5.14031661680292e-09,1.0,0.9995973110198975
4470,0,2,2,3.6775008038780754e-10,2.0893248020570354e-08,1.0,1.0
4471,4,2,2,8.628541081634467e-07,3.622883014031686e-05,0.9999629259109497,0.9998425245285034
4472,4,2,1,0.12745904922485352,0.8648058176040649,0.007735090795904398,0.9999518990516663
4474,3,2,0,0.8630883693695068,0.010227536782622337,0.12668412923812866,0.9999666213989258
4475,1,2,1,0.0444149412214756,0.873046875,0.08253814280033112,6.075036077144205e-20
4476,2,2,0,0.9692413210868835,0.0003121149493381381,0.0304466150701046,1.0
4478,0,2,0,0.610299825668335,0.22266429662704468,0.16703595221042633,1.0
4479,1,2,0,0.700383186340332,0.010514894500374794,0.2891019284725189,9.260522940444483e-40
4480,1,2,2,1.4246754886926283e-09,2.797146958499752e-09,1.0,5.310373252243039e-10
4481,0,2,2,4.8110033318282674e-11,1.1720110393298455e-07,0.9999998807907104,1.0
4482,4,2,2,1.1134051192129846e-07,5.821460217703134e-05,0.9999417066574097,0.999932587146759
4483,4,2,2,1.1179515646553284e-11,4.654595286979202e-08,1.0,0.9999167919158936
4484,1,2,2,2.038268394244369e-05,6.8607560024247505e-06,0.9999727010726929,8.046362421818224e-33
4485,0,2,2,3.7391034712896953e-11,2.9680613522486965e-09,1.0,0.9998754262924194
4486,2,2,2,3.2945506973192096e-05,1.193783759845246e-06,0.9999659061431885,1.0
4487,0,2,2,8.232839757149613e-12,2.3336436782983583e-08,1.0,1.0
4488,4,2,2,0.00011097762762801722,5.482265987666324e-05,0.9998341798782349,0.9997906684875488
4489,4,2,2,4.799600361593548e-08,1.5291687915919283e-08,1.0,0.999769926071167
4490,4,2,2,1.91747512872098e-05,2.6252178940922022e-05,0.9999545812606812,0.9993018507957458
4491,2,2,2,0.00023062319087330252,9.181556379189715e-05,0.9996776580810547,1.0
4492,4,2,2,5.6106913689291105e-05,7.319829455809668e-05,0.9998706579208374,0.9999430775642395
4493,0,2,2,8.333000778293354e-08,3.0856902810683096e-08,0.9999998807907104,1.0
4494,2,2,2,3.085514617851004e-05,8.611294106231071e-06,0.9999605417251587,1.0
4495,4,2,2,5.3968732260933905e-11,6.332642854545156e-09,1.0,0.998924970626831
4496,1,2,2,0.00011161545990034938,4.381691667276755e-07,0.9998879432678223,5.187660788245612e-21
4497,0,2,2,6.097053851378265e-12,3.4694969119897223e-10,1.0,0.9999951124191284
4498,1,2,2,2.809794352742756e-07,1.3605639651359525e-05,0.9999861717224121,0.008751815184950829
4499,2,2,2,2.5652663993014357e-08,1.7138121393145411e-06,0.9999983310699463,1.0
4500,3,2,2,2.720605858652636e-11,2.49375471383928e-08,1.0,0.9998870491981506
4501,4,2,2,6.943523800373441e-08,4.994526534574106e-06,0.9999948740005493,0.9963580369949341
4502,4,2,2,1.804806259997349e-07,3.5152974305674434e-05,0.9999645948410034,0.9998927116394043
4503,2,2,0,0.9111120700836182,0.03888760879635811,0.05000028386712074,1.0
4506,3,2,0,0.9927802681922913,0.0009649754501879215,0.006254713982343674,0.999969482421875
4507,1,2,0,0.46693164110183716,0.19243237376213074,0.3406360447406769,2.8834815488043566e-29
4508,4,2,0,0.8134559988975525,0.0428699292242527,0.1436740607023239,0.9999370574951172
4510,4,2,0,0.7431250214576721,0.05139901116490364,0.20547594130039215,0.9999768733978271
4511,3,2,1,0.43126052618026733,0.5517244935035706,0.01701495051383972,0.9999802112579346
4513,1,2,0,0.8981376886367798,0.002601392799988389,0.09926089644432068,6.90480829135735e-26
4514,4,2,0,0.8814128637313843,0.019046679139137268,0.09954037517309189,0.9999750852584839
4515,0,2,0,0.6382044553756714,0.20634804666042328,0.15544749796390533,1.0
4516,3,2,0,0.9809707999229431,0.0010926880640909076,0.017936477437615395,0.999967634677887
4517,3,2,2,2.5244935386581346e-06,0.0010506759863346815,0.9989468455314636,0.9995288848876953
4518,3,2,0,0.7092264294624329,0.019070137292146683,0.27170342206954956,0.999926745891571
4519,2,2,0,0.8024972677230835,0.1250993311405182,0.07240334898233414,1.0
4520,0,2,2,1.446816000338913e-08,7.823338421530934e-08,0.9999998807907104,0.9999998211860657
4521,4,2,2,1.0861674892836959e-09,5.773852080892539e-07,0.9999994039535522,0.9999619722366333
4522,2,2,2,6.705806043783014e-08,1.1197433877896401e-06,0.9999988079071045,1.0
4523,4,2,2,4.4383639125067376e-11,1.616308225038665e-07,0.9999998807907104,0.99985271692276
4525,1,2,2,1.6451724704769077e-10,6.987239942191081e-08,0.9999998807907104,3.0014912226761226e-06
4526,1,2,2,8.727113709028345e-06,6.9322227318480145e-06,0.9999843835830688,4.255225441077799e-15
4527,4,2,2,2.11280704043304e-09,1.1545287037506569e-07,0.9999998807907104,0.9996256232261658
4528,3,2,2,1.7347905441056355e-06,2.3083921405486763e-06,0.9999959468841553,0.9997130632400513
4529,3,2,2,1.0688723932616995e-06,1.7003746677346498e-07,0.9999988079071045,0.9994066953659058
4530,3,2,2,2.833697010373726e-07,2.7600497887192432e-08,0.9999997615814209,0.9991862773895264
4531,3,2,2,0.0001702239824226126,0.0002865983115043491,0.9995431900024414,0.9999246001243591
4532,0,2,2,1.1812665434263181e-05,8.225856618082616e-06,0.9999799728393555,1.0
4533,4,2,2,2.763980091913254e-06,1.1809936950157862e-05,0.9999854564666748,0.9970905780792236
4534,1,2,2,1.0473240763531066e-05,1.1363477824488655e-05,0.9999781847000122,5.134972850574793e-13
4536,0,2,2,0.00017934934294316918,7.574126357212663e-06,0.9998130202293396,0.9999961853027344
4537,2,2,2,5.649303691512841e-09,9.121666977307541e-09,1.0,1.0
4538,3,2,2,4.5253247549226217e-07,6.980283160373801e-07,0.9999988079071045,0.9995693564414978
4539,1,2,2,4.312288410801557e-07,1.2184789738967083e-05,0.9999873638153076,0.007107023149728775
4541,0,2,2,5.750612763755214e-10,5.3315851289426064e-08,1.0,1.0
4542,2,2,2,1.5145565157581586e-06,0.00012171218259027228,0.9998767375946045,1.0
4543,4,2,2,0.38281694054603577,0.11520850658416748,0.5019745826721191,0.9998031258583069
4544,0,2,0,0.8158302903175354,0.06717092543840408,0.11699873208999634,1.0
4545,4,2,0,0.9353947639465332,0.033818721771240234,0.030786532908678055,0.9997234344482422
4546,0,2,0,0.9721264839172363,0.005330995656549931,0.022542526945471764,1.0
4547,4,2,0,0.8998093008995056,0.05332894250750542,0.04686178267002106,0.9999719262123108
4548,4,2,0,0.7631685137748718,0.0029147460591048002,0.2339167594909668,0.9997571110725403
4549,0,2,2,0.37095940113067627,0.008226582780480385,0.6208140254020691,1.0
4550,4,2,0,0.8998093008995056,0.05332894250750542,0.04686178267002106,0.9999719262123108
4551,0,2,0,0.7642912268638611,0.000124881902593188,0.23558388650417328,0.9999995827674866
4552,2,2,0,0.7728684544563293,0.21153230965137482,0.015599207021296024,1.0
4553,1,2,1,0.05659031495451927,0.9268981218338013,0.01651153713464737,8.683245050346072e-23
4554,0,2,0,0.8158302903175354,0.06717092543840408,0.11699873208999634,1.0
4556,4,2,0,0.7631685137748718,0.0029147460591048002,0.2339167594909668,0.9997571110725403
4557,1,2,0,0.7516036629676819,0.14614634215831757,0.10224998742341995,4.818021731716817e-38
4558,4,2,0,0.741862952709198,0.050121285021305084,0.20801576972007751,0.9999921917915344
4559,4,2,0,0.6779389977455139,0.09382487088441849,0.228236123919487,0.9999497532844543
4560,2,2,2,1.0859429799836562e-08,3.767139933330554e-09,1.0,1.0
4563,0,2,2,3.469065312788899e-11,3.596557274221368e-09,1.0,0.9999595880508423
4564,3,2,2,4.620269919541897e-06,4.20755981167531e-07,0.9999948740005493,0.9992679357528687
4566,3,2,2,0.0001860972261056304,0.0006044870824553072,0.9992094039916992,0.9998844861984253
4567,2,2,2,1.375881741871865e-09,1.0264438543572396e-07,0.9999998807907104,1.0
4568,1,2,2,7.775294761813711e-06,1.2704093705906416e-06,0.9999909400939941,0.0
4569,1,2,2,3.067550435886801e-09,5.519174450796527e-09,1.0,1.007214421467275e-16
4570,1,2,2,6.839569778094301e-06,2.3952204628585605e-06,0.9999908208847046,6.980626820171754e-17
4571,2,2,2,0.0003161482163704932,0.00012616650201380253,0.9995576739311218,1.0
4572,0,2,2,6.501423195004463e-05,2.853611294995062e-05,0.9999065399169922,1.0
4573,1,2,2,2.0697029867733363e-07,4.6786749408056494e-07,0.9999992847442627,0.03845929354429245
4574,2,2,2,2.629805385367945e-05,5.956885161140235e-06,0.9999676942825317,1.0
4575,3,2,2,4.384663205431183e-12,3.7318953483023165e-10,1.0,0.9990240335464478
4576,1,2,2,0.00014767413085792214,3.7436987554428924e-07,0.9998519420623779,5.598053342713173e-22
4578,1,2,2,3.7716401379839226e-07,1.5058021745062433e-05,0.999984622001648,0.002472859574481845
4579,0,2,2,5.301390437750797e-10,2.714758693400654e-07,0.9999997615814209,1.0
4580,4,2,2,1.0639451125671329e-10,4.435102951561021e-09,1.0,0.9995686411857605
4581,1,2,2,7.403564872277002e-09,2.126917024725117e-06,0.9999978542327881,0.0034595790784806013
4582,1,2,2,8.27015639970341e-07,0.0001208618632517755,0.9998782873153687,2.6691018982691543e-17
4583,3,2,0,0.749015748500824,0.2009086012840271,0.05007559806108475,0.9999359250068665
4584,2,2,0,0.9109576344490051,0.0502784438431263,0.038763925433158875,1.0
4585,2,2,0,0.7994239330291748,0.0015081266174092889,0.19906799495220184,1.0
4586,2,2,0,0.8546789288520813,0.13110880553722382,0.014212265610694885,1.0
4587,0,2,2,0.04767593741416931,0.005311189219355583,0.9470129013061523,0.9999998807907104
4590,1,2,0,0.941702663898468,0.010233467444777489,0.04806390032172203,1.871111959638899e-29
4591,4,2,2,0.06632358580827713,0.00465472461655736,0.9290217161178589,0.9994543790817261
4596,0,2,0,0.8025701642036438,0.0419812835752964,0.15544849634170532,1.0
4597,3,2,0,0.9887365698814392,0.0007196975057013333,0.010543735697865486,0.9999778270721436
4598,2,2,0,0.8218969106674194,0.06655813008546829,0.1115448847413063,1.0
4600,3,2,0,0.7745534181594849,0.007718066684901714,0.21772845089435577,0.9999368786811829
4601,2,2,0,0.9044392704963684,0.08691365271806717,0.008647071197628975,1.0
4602,3,2,2,0.20461398363113403,0.011216485872864723,0.7841694951057434,0.9998903870582581
4603,2,2,2,0.15702100098133087,0.019519098103046417,0.8234598636627197,1.0
4604,1,2,0,0.5685405731201172,0.15488126873970032,0.27657821774482727,3.2854358945291005e-38
4605,3,2,2,4.309128598833922e-06,0.0005184757173992693,0.999477207660675,0.9996328949928284
4606,4,2,0,0.9404489398002625,0.0025626744609326124,0.05698835477232933,0.9999701380729675
4607,4,2,2,0.004043709486722946,0.002020804909989238,0.9939355254173279,0.9999189972877502
4609,2,2,2,7.136302659915827e-11,1.6592196061537834e-08,1.0,1.0
4610,1,2,2,5.1253465471745585e-08,2.635599230416119e-06,0.9999973773956299,7.328362244152231e-06
4611,3,2,2,1.1101366492738407e-09,6.043712801329093e-07,0.9999994039535522,0.9972448945045471
4612,1,2,2,3.968292003264651e-05,1.5098150470294058e-05,0.9999451637268066,2.473617070143229e-36
4613,0,2,2,5.9127594313757026e-12,1.766653601187329e-09,1.0,0.9999195337295532
4614,0,2,2,3.403045411687344e-05,3.937416840926744e-05,0.9999266862869263,1.0
4615,3,2,2,1.304025359916139e-10,4.402418429805266e-09,1.0,0.9976806640625
4616,2,2,2,3.270707748015411e-05,9.38327229960123e-06,0.9999579191207886,1.0
4617,2,2,2,8.597108802632647e-08,1.919942427264232e-09,0.9999998807907104,1.0
4618,2,2,2,2.2508245365315815e-06,2.7506197852744663e-07,0.9999974966049194,1.0
4619,0,2,2,3.4450004022801295e-05,4.116561740374891e-06,0.9999613761901855,0.9999998211860657
4620,3,2,2,4.067823738296283e-06,2.8337658477539662e-06,0.999993085861206,0.9999381899833679
4621,4,2,2,1.4582664107365417e-06,7.3663272814883385e-06,0.9999911785125732,0.998123824596405
4622,0,2,2,1.1392336318749585e-07,1.9753282742840383e-07,0.9999996423721313,1.0
4623,4,2,2,1.4210564149019778e-11,3.647193436151497e-09,1.0,0.9990933537483215
4624,1,2,2,3.867415580316447e-05,1.54965121623718e-07,0.999961256980896,2.3431183320271623e-20
4625,4,2,2,1.0247503540172787e-10,1.803092897212366e-09,1.0,0.9936656951904297
4626,0,2,2,6.38896082705287e-08,2.0990593441183591e-07,0.9999996423721313,0.9999963641166687
4627,2,2,2,1.1268708188794108e-09,3.936663688364206e-07,0.9999996423721313,1.0
4628,1,2,2,7.985990757575223e-10,4.389246743841113e-09,1.0,4.792673202747011e-12
4629,2,2,2,2.323523773384295e-08,1.0550393199082464e-06,0.999998927116394,1.0
4630,1,2,2,5.388914132709033e-07,0.00012111098476452753,0.9998782873153687,1.5450506306461528e-17
4631,1,2,2,0.20773416757583618,0.0068476153537631035,0.7854181528091431,2.0828724137951477e-16
4632,3,2,0,0.9132421016693115,0.010109882801771164,0.07664798200130463,0.9999602437019348
4635,2,2,0,0.8443812131881714,0.009641112759709358,0.1459776908159256,1.0
4636,3,2,2,0.3427499830722809,0.1374148279428482,0.5198352336883545,0.9999474287033081
4637,2,2,0,0.7095574140548706,0.24411295354366302,0.04632960259914398,1.0
4638,3,2,0,0.9368639588356018,0.00025882149930112064,0.06287726014852524,0.9999791383743286
4639,1,2,0,0.583506166934967,0.09751506894826889,0.3189787268638611,5.710055770649103e-25
4640,4,2,2,0.4432629644870758,0.03229396417737007,0.5244430899620056,0.999967098236084
4641,1,2,2,4.4099178921896964e-06,0.00012238485214766115,0.999873161315918,3.071235210594381e-10
4642,2,2,0,0.692459225654602,0.2541476786136627,0.05339307710528374,1.0
4643,0,2,0,0.42106395959854126,0.3735733926296234,0.20536261796951294,1.0
4644,3,2,0,0.7512344717979431,0.1546594351530075,0.09410607814788818,0.9999551177024841
4646,0,2,1,0.2732183337211609,0.4473126530647278,0.27946898341178894,1.0
4647,2,2,0,0.810042142868042,0.15023979544639587,0.03971809893846512,1.0
4648,0,2,0,0.4619382917881012,0.39097926020622253,0.14708249270915985,1.0
4649,0,2,0,0.8575281500816345,0.018708661198616028,0.12376320362091064,1.0
4650,1,2,0,0.48020070791244507,0.06682152301073074,0.4529778063297272,9.395005727994594e-18
4651,4,2,1,0.06776897609233856,0.9303649663925171,0.0018660930218175054,0.9997647404670715
4652,0,2,0,0.6949207782745361,0.01192012894898653,0.29315903782844543,1.0
4653,1,2,0,0.8168182969093323,0.058004435151815414,0.125177264213562,2.4909279980321067e-33
4655,2,2,0,0.9224358797073364,0.0028667279984802008,0.07469732314348221,1.0
4656,3,2,0,0.827191174030304,0.053866609930992126,0.1189422458410263,0.9999438524246216
4658,4,2,1,0.00013024690269958228,0.9990768432617188,0.0007929228013381362,0.9999186992645264
4659,4,2,0,0.8816127777099609,0.03694729879498482,0.08143993467092514,0.9998291730880737
4660,4,2,0,0.8894850611686707,0.026370422914624214,0.08414450287818909,0.9999618530273438
4662,3,2,0,0.86232990026474,0.006246472708880901,0.13142360746860504,0.9998533129692078
4664,0,2,0,0.6499283313751221,0.18468213081359863,0.16538946330547333,1.0
4665,3,2,0,0.8683280944824219,0.001584723126143217,0.13008719682693481,0.9999444484710693
4666,2,2,0,0.9583924412727356,0.024566054344177246,0.017041459679603577,1.0
4668,3,2,0,0.8719481825828552,0.08064837008714676,0.047403451055288315,0.999976396560669
4669,2,2,0,0.6506006717681885,0.21001264452934265,0.13938665390014648,1.0
4671,1,2,0,0.5894841551780701,0.02181904762983322,0.3886968791484833,3.3368004992859726e-28
4672,1,2,0,0.7064238786697388,0.002038804814219475,0.2915373146533966,0.0
4673,0,2,0,0.6063693761825562,0.0023710259702056646,0.39125964045524597,0.9999997615814209
4675,4,2,2,2.8292366227589127e-09,8.745200830162503e-07,0.9999991655349731,0.9999691247940063
4676,2,2,2,4.8082675618843496e-08,2.5436679607082624e-07,0.9999997615814209,1.0
4677,1,2,2,3.519434343957073e-08,2.23188681047759e-06,0.9999977350234985,0.00011015323252649978
4678,2,2,2,0.00010560790542513132,1.5006573903519893e-06,0.9998928308486938,1.0
4680,4,2,2,0.00016424525529146194,0.0008693717536516488,0.9989664554595947,0.9999571442604065
4681,1,2,2,2.0743262663103224e-09,2.4131098896873482e-08,1.0,3.2370822689031797e-10
4683,0,2,2,1.410257954859162e-08,1.1075492523104913e-08,1.0,1.0
4684,2,2,2,1.3912681424699258e-06,1.630676962349753e-07,0.9999984502792358,1.0
4685,4,2,2,7.30966348783113e-05,4.6022396418266e-05,0.9998809099197388,0.9991090297698975
4686,4,2,2,0.00015546118083875626,0.0002593431272543967,0.9995852112770081,0.99992835521698
4687,2,2,2,2.8024110179103445e-06,1.0284029485774226e-06,0.9999960660934448,1.0
4688,1,2,2,1.7567914255778305e-05,1.5926843843772076e-05,0.9999665021896362,1.6191615756500077e-11
4689,1,2,2,8.342280199968855e-10,4.624750027382163e-10,1.0,1.4473899155845491e-16
4690,2,2,2,0.0017020985251292586,2.906834424720728e-06,0.9982950091362,1.0
4691,3,2,2,1.054965901962912e-12,4.860056801447854e-09,1.0,0.9992998838424683
4692,4,2,2,9.38326934374345e-07,6.614290668949252e-06,0.9999924898147583,0.9991246461868286
4694,2,2,2,2.3697863671401365e-09,9.04540087276473e-09,1.0,1.0
4695,0,2,2,8.419839825357656e-10,1.9335267609221773e-07,0.9999997615814209,1.0
4696,2,2,2,8.107982466754038e-06,0.0002928074391093105,0.9996991157531738,1.0
4697,2,2,0,0.952105700969696,0.002859127940610051,0.045035090297460556,1.0
4698,0,2,0,0.859928548336029,0.11834096908569336,0.0217304490506649,1.0
4699,3,2,0,0.8921730518341064,0.004611318930983543,0.10321555286645889,0.9999765157699585
4700,1,2,2,0.0673496276140213,0.0058790408074855804,0.9267712831497192,2.7660992062076844e-18
4702,0,2,2,0.4532182812690735,0.010772157460451126,0.5360095500946045,1.0
4704,1,2,2,0.012633508071303368,0.00047986290883272886,0.9868865609169006,4.003154338495452e-24
4705,0,2,2,0.10455228388309479,0.04394098371267319,0.8515067100524902,1.0
4707,2,2,0,0.9772260189056396,0.00028648515581153333,0.022487519308924675,1.0
4708,0,2,0,0.7153907418251038,0.08080586791038513,0.2038034349679947,1.0
4709,1,2,0,0.8504011034965515,0.005043603014200926,0.14455533027648926,1.927034946692828e-29
4710,2,2,0,0.9661571383476257,0.009267760440707207,0.024575114250183105,1.0
4711,1,2,0,0.6752896308898926,0.26669326424598694,0.0580170601606369,0.0
4712,3,2,2,0.03620414435863495,0.135056272149086,0.828739583492279,0.9999563694000244
4713,2,2,0,0.827639102935791,0.010988088324666023,0.16137278079986572,1.0
4714,0,2,1,0.21208424866199493,0.6027619242668152,0.18515382707118988,1.0
4715,4,2,0,0.7750009298324585,0.08457440882921219,0.14042460918426514,0.9999542236328125
4716,1,2,2,0.3202173113822937,0.03749026358127594,0.6422924399375916,9.349021329588988e-25
4717,3,2,0,0.5147832036018372,0.015827974304556847,0.46938881278038025,0.999954879283905
4718,2,2,0,0.9009530544281006,0.00397726334631443,0.09506960213184357,1.0
4719,2,2,0,0.9505730867385864,0.019908912479877472,0.029517939314246178,1.0
4720,4,2,0,0.8590864539146423,0.012530038133263588,0.1283835619688034,0.9994848370552063
4722,0,2,0,0.9162595272064209,0.047544095665216446,0.03619639202952385,1.0
4724,0,2,0,0.9434569478034973,0.018831998109817505,0.0377110131084919,1.0
4725,1,2,2,0.03970348834991455,0.0030895802192389965,0.9572069048881531,5.478246134029127e-24
4726,0,2,1,0.21208424866199493,0.6027619242668152,0.18515382707118988,1.0
4727,4,2,0,0.7511109113693237,0.03578346595168114,0.2131056785583496,0.9999738335609436
4728,1,2,2,0.37717169523239136,0.1186676025390625,0.5041607022285461,8.800089140684003e-26
4729,0,2,0,0.620313286781311,0.041079793125391006,0.33860698342323303,1.0
4730,3,2,0,0.572899580001831,0.13475215435028076,0.29234829545021057,0.9996885657310486
4734,3,2,2,6.899814497529633e-09,3.7202437397354515e-07,0.9999996423721313,0.9997873306274414
4735,3,2,2,1.0568324881887747e-08,2.3342106487689307e-06,0.999997615814209,0.999910295009613
4736,3,2,2,2.53501597491379e-09,1.8208668279839912e-06,0.9999982118606567,0.9988638162612915
4737,4,2,2,5.359303031582385e-05,1.7532595109059912e-07,0.9999462366104126,0.99989914894104
4739,0,2,2,4.4590655306819826e-05,2.7900925488211215e-05,0.9999275207519531,1.0
4740,3,2,2,2.9152139036092706e-10,1.4868525965994195e-08,1.0,0.9979439973831177
4741,2,2,2,6.091543400543742e-05,7.474324320355663e-06,0.9999315738677979,1.0
4742,0,2,2,1.90782802889089e-08,1.9047590171794582e-08,1.0,1.0
4743,1,2,2,6.544857114931801e-06,2.5331066808575997e-06,0.9999909400939941,8.333649456847191e-17
4744,1,2,2,0.0001996811479330063,7.61161936679855e-06,0.999792754650116,1.0782417157866005e-18
4745,3,2,2,5.12144724780228e-05,1.2954198609804735e-05,0.9999357461929321,0.9999497532844543
4746,1,2,2,8.701614717665507e-08,3.0869802003508084e-07,0.9999995231628418,0.03999999910593033
4748,2,2,2,7.795492029671891e-10,3.488130895235031e-09,1.0,1.0
4750,4,2,2,4.978199796834559e-11,5.022484095285051e-10,1.0,0.9922473430633545
4752,1,2,2,1.009778998195543e-06,1.3015082004130818e-05,0.9999860525131226,0.003172234632074833
4753,3,2,2,3.56685687930014e-11,2.5174010431783245e-08,1.0,0.9999087452888489
4754,3,2,2,4.29444879657126e-09,1.1253328011662234e-06,0.999998927116394,0.9996324181556702
4756,4,2,0,0.9287497401237488,0.038117218762636185,0.03313307464122772,0.999979555606842
4757,1,2,0,0.8360664248466492,0.07691115140914917,0.08702246099710464,1.829912260194063e-25
4758,1,2,2,0.008167000487446785,0.0012631083372980356,0.9905698299407959,2.864558867887723e-10
4759,4,2,0,0.588972806930542,0.314330130815506,0.09669705480337143,0.9996495246887207
4760,1,2,0,0.81402987241745,0.008029785007238388,0.17794033885002136,1.6874369385498475e-21
4761,4,2,0,0.8024814128875732,0.005733252502977848,0.1917853206396103,0.9993245005607605
4762,2,2,0,0.8070980310440063,0.12007058411836624,0.07283136248588562,1.0
4763,3,2,0,0.8118154406547546,0.13585896790027618,0.052325539290905,0.999794065952301
4764,4,2,0,0.6176377534866333,0.016419827938079834,0.36594244837760925,0.9999749064445496
4765,3,2,0,0.97372967004776,0.0035746500361710787,0.022695763036608696,0.9999409914016724
4766,2,2,0,0.5642692446708679,0.03617020323872566,0.3995606005191803,1.0
4767,1,2,0,0.9024139046669006,0.07225005328655243,0.02533605881035328,3.798894182196477e-30
4768,2,2,0,0.7751341462135315,0.19743336737155914,0.027432512491941452,1.0
4769,1,2,0,0.9247279763221741,0.049226921051740646,0.026045046746730804,4.3824977282660286e-32
4770,2,2,0,0.8761115670204163,0.06409689038991928,0.059791553765535355,1.0
4771,3,2,2,0.4714515805244446,0.025516878813505173,0.5030315518379211,0.9999169707298279
4772,4,2,0,0.6176377534866333,0.016419827938079834,0.36594244837760925,0.9999749064445496
4773,2,2,0,0.5949271321296692,0.006405722815543413,0.3986671268939972,1.0
4774,3,2,2,0.4714515805244446,0.025516878813505173,0.5030315518379211,0.9999169707298279
4775,1,2,0,0.7787907719612122,0.20985980331897736,0.011349421925842762,3.807132916472859e-32
4776,1,2,0,0.8360664248466492,0.07691115140914917,0.08702246099710464,1.829912260194063e-25
4777,2,2,0,0.7751341462135315,0.19743336737155914,0.027432512491941452,1.0
4778,1,2,2,0.053590551018714905,0.051098812371492386,0.8953106999397278,1.7271520082945672e-22
4779,2,2,0,0.552969753742218,0.1401304453611374,0.3068998157978058,1.0
4780,0,2,0,0.6321070194244385,0.252856582403183,0.11503642052412033,1.0
4782,1,2,2,0.24891111254692078,0.01536515261977911,0.7357237339019775,6.125285782333424e-40
4784,2,2,2,0.31144654750823975,0.28553834557533264,0.4030151069164276,1.0
4785,3,2,2,8.31356583574916e-09,2.9668003165284063e-08,1.0,0.9997959733009338
4786,4,2,2,3.031232376216053e-09,6.298819243966136e-07,0.9999994039535522,0.9999656677246094
4787,3,2,2,2.126799181212391e-08,2.0267631043680012e-05,0.9999797344207764,0.9997153282165527
4788,3,2,2,4.887605875580903e-09,9.007525250126491e-07,0.9999990463256836,0.9984965920448303
4789,1,2,2,3.917381036444567e-05,9.709633559396025e-06,0.9999511241912842,4.965318379015241e-37
4791,2,2,2,4.342762622400187e-05,1.6445136452603037e-06,0.9999549388885498,1.0
4792,0,2,2,5.1014643898117384e-12,5.241033562697339e-08,1.0,1.0
4793,1,2,2,8.453617738268804e-06,2.223115643573692e-06,0.9999892711639404,6.527954501251018e-39
4794,2,2,2,1.2398338355978922e-07,4.223770666555993e-09,0.9999998807907104,1.0
4795,0,2,2,1.3494573977368418e-05,2.6601182412377966e-07,0.9999862909317017,1.0
4796,2,2,2,0.0003532457340043038,0.0001295926922466606,0.9995170831680298,1.0
4797,1,2,2,9.373758075525984e-06,2.3684115149080753e-05,0.9999668598175049,1.7860938965298173e-24
4798,3,2,2,3.4520397207415954e-07,5.929964004280919e-07,0.9999990463256836,0.9998016953468323
4799,0,2,2,5.094900075164333e-07,3.5045431445723807e-07,0.9999991655349731,1.0
4800,2,2,2,1.7088118697827781e-09,1.1715601822004373e-08,1.0,1.0
4801,4,2,2,0.00015767868899274617,8.045655704336241e-05,0.9997618794441223,0.9997686743736267
4802,3,2,2,5.176987311061865e-13,2.3672925841822234e-09,1.0,0.9994543790817261
4803,0,2,2,9.923313371018594e-08,1.9229673853260465e-07,0.9999996423721313,0.9999986886978149
4804,4,2,2,3.4494843093035854e-10,1.755021116878197e-06,0.9999982118606567,0.9996865391731262
4805,1,2,2,9.597548311646165e-10,5.682784465221857e-09,1.0,4.8726092063099136e-14
4806,0,2,2,2.2797264076501733e-09,5.011418124922784e-07,0.9999995231628418,0.9999999403953552
4807,0,2,2,1.254875456879745e-07,3.2708824164728867e-06,0.9999966621398926,1.0
4808,0,0,1,0.35692840814590454,0.5546585917472839,0.08841303735971451,1.0
4809,4,0,0,0.5218509435653687,0.019251350313425064,0.45889773964881897,0.9999598860740662
4810,2,0,0,0.9366404414176941,0.028819894418120384,0.034539636224508286,1.0
4811,2,0,0,0.7808141112327576,0.006599863059818745,0.21258598566055298,1.0
4812,3,0,0,0.9055026173591614,0.00748630054295063,0.08701114356517792,0.9999324679374695
4813,0,0,0,0.5098334550857544,0.09176944941282272,0.3983970582485199,1.0
4814,1,0,0,0.9128382205963135,0.04184266924858093,0.045319125056266785,2.4541010070643738e-39
4816,4,0,2,0.26420602202415466,0.003044569632038474,0.7327494025230408,0.9999672174453735
4817,4,0,1,0.37748846411705017,0.5756545066833496,0.04685702919960022,0.999967634677887
4818,3,0,1,0.1495974212884903,0.4811089038848877,0.3692937195301056,0.9999303221702576
4819,0,0,0,0.6921151876449585,0.25158077478408813,0.0563039667904377,1.0
4820,0,0,0,0.7780330777168274,0.027048785239458084,0.19491811096668243,1.0
4821,1,0,1,0.20536991953849792,0.5360203385353088,0.25860974192619324,1.2329654244396394e-28
4822,3,0,0,0.7674099206924438,0.04966476932168007,0.1829252988100052,0.9995798468589783
4824,3,0,0,0.5925546884536743,0.004336975980550051,0.4031083285808563,0.9999554753303528
4825,1,0,0,0.585832953453064,0.03682063892483711,0.3773464262485504,0.0
4827,4,0,0,0.7849457263946533,0.014339037239551544,0.20071528851985931,0.9999779462814331
4828,1,0,2,0.4505651295185089,0.029479073360562325,0.5199558138847351,8.601559428673107e-28
4830,1,2,2,1.874898680753745e-09,3.7706908706525155e-09,1.0,3.61673961890574e-08
4831,4,2,2,3.031232376216053e-09,6.298819243966136e-07,0.9999994039535522,0.9999656677246094
4832,1,2,2,9.108122611678482e-08,4.322083896113327e-06,0.9999955892562866,3.595985390347778e-06
4833,2,2,2,9.24229963394918e-12,2.027713641439277e-08,1.0,1.0
4834,3,2,2,3.2524110338272294e-06,4.211632642636687e-07,0.9999963045120239,0.999054491519928
4836,3,2,2,0.00018437043763697147,0.0004804270574823022,0.9993351101875305,0.9998795986175537
4838,4,2,2,5.4060550610302016e-05,3.903789183823392e-05,0.9999067783355713,0.9997864365577698
4839,3,2,2,9.190035825668019e-07,1.3933751574768394e-07,0.999998927116394,0.9993575215339661
4840,1,2,2,6.19235015619779e-06,2.1447303879540414e-06,0.9999916553497314,8.727990542350657e-16
4841,3,2,2,0.00013509541167877614,0.00010283065057592466,0.9997619986534119,0.9999410510063171
4842,2,2,2,4.267591793905012e-05,4.385097327030962e-06,0.9999529123306274,1.0
4843,2,2,2,3.4716782693067216e-07,1.844511814397265e-07,0.9999994039535522,1.0
4845,0,2,2,2.3837921220293268e-11,8.49156245319449e-10,1.0,0.9999951124191284
4846,2,2,2,0.0001644077419769019,1.4837220874142076e-07,0.9998354911804199,1.0
4847,4,2,2,1.185595094321812e-10,2.413495403530419e-09,1.0,0.9925715923309326
4849,1,2,2,7.806683015587623e-07,1.951775084307883e-05,0.9999796152114868,0.007276744116097689
4850,2,2,2,9.263028122319383e-10,4.183138724300761e-09,1.0,1.0
4851,4,2,2,3.7416533871237334e-08,2.6232917207380524e-06,0.9999973773956299,0.9962188005447388
4852,3,2,2,8.967973741391688e-08,6.262535862333607e-06,0.9999935626983643,0.9994191527366638
4855,2,0,0,0.7848875522613525,0.006712509319186211,0.20839998126029968,1.0
4856,4,0,2,0.06684475392103195,0.0018390193581581116,0.9313161969184875,0.9999750852584839
4857,1,0,0,0.9380486607551575,0.0004453984438441694,0.061505965888500214,2.099045607367609e-39
4858,4,0,0,0.7027981877326965,0.15012377500534058,0.14707812666893005,0.9997677803039551
4859,2,0,0,0.5053204298019409,0.010312001220881939,0.48436757922172546,1.0
4860,1,0,0,0.846860945224762,0.1068536639213562,0.046285491436719894,2.2239627884562996e-27
4861,0,0,0,0.6836035251617432,0.003890733700245619,0.31250569224357605,1.0
4862,2,0,0,0.7903606295585632,0.14940980076789856,0.060229551047086716,1.0
4863,3,0,0,0.914095938205719,0.0024843825958669186,0.08341967314481735,0.9999521970748901
4864,0,0,1,0.4437541365623474,0.45134830474853516,0.10489760339260101,0.9999997615814209
4865,3,2,2,8.737447205930948e-05,2.131763903889805e-05,0.9998912811279297,0.9964081645011902
4866,4,0,2,0.15817545354366302,0.03808274865150452,0.8037418127059937,0.9998520612716675
4867,1,0,1,0.3681428134441376,0.49959883093833923,0.1322583258152008,5.300683799455645e-24
4868,4,0,0,0.7511180639266968,0.005175046157091856,0.24370692670345306,0.9999672174453735
4869,3,0,2,0.20456287264823914,0.014611021615564823,0.7808260321617126,0.9999008178710938
4871,4,0,0,0.8609605431556702,0.022837921977043152,0.11620151996612549,0.9990279674530029
4872,2,0,0,0.9464236497879028,0.004340897314250469,0.049235451966524124,1.0
4874,4,0,2,0.011074809357523918,0.02668967843055725,0.9622355699539185,0.9998698234558105
4876,4,0,0,0.9078003168106079,0.04033367708325386,0.051865916699171066,0.9999740123748779
4877,3,0,1,0.33161526918411255,0.6429896354675293,0.025395093485713005,0.9998879432678223
4878,1,0,0,0.5184178948402405,0.003194027580320835,0.47838807106018066,1.2049997182054077e-33
4880,1,0,0,0.676318347454071,0.17659243941307068,0.1470891535282135,0.0
4885,2,2,2,1.303174929079276e-10,3.7149607834408016e-08,1.0,1.0
4887,0,2,2,6.0240701316161e-11,6.323396917196078e-09,1.0,0.999997079372406
4888,0,2,2,0.0010927499970421195,2.2395475753000937e-05,0.9988848567008972,1.0
4889,2,2,2,1.882987689383331e-12,1.7067985913499228e-09,1.0,1.0
4890,4,2,2,9.052240056917071e-05,0.0009118218440562487,0.9989976286888123,0.9997597932815552
4891,1,2,2,5.61986723823793e-09,5.940930591918914e-08,1.0,1.5696566767718634e-13
4893,3,2,2,2.0448082977964077e-06,1.224569246005558e-07,0.9999978542327881,0.9994835257530212
4896,2,2,2,9.930045780492947e-05,6.936019053682685e-05,0.9998313188552856,1.0
4897,0,2,2,2.372270699879664e-07,1.0149477702725562e-07,0.9999996423721313,1.0
4898,4,2,2,3.970484249293804e-05,2.666464297362836e-06,0.9999576807022095,0.9990825057029724
4899,2,2,2,4.029497624458145e-09,2.7833378268837805e-08,1.0,1.0
4900,4,2,2,0.00041031601722352207,0.00010628126619849354,0.9994833469390869,0.9995157122612
4901,0,2,2,3.1516915813267765e-12,8.174121102211274e-11,1.0,0.9999961853027344
4903,4,2,2,5.777910927484697e-10,2.015244263020577e-06,0.9999979734420776,0.999619722366333
4904,0,2,2,3.109854496315123e-13,1.5382143475628496e-11,1.0,0.9999970197677612
4905,4,2,2,3.2864377885744034e-07,1.5052335584186949e-05,0.999984622001648,0.9958005547523499
4906,0,2,2,2.8146391173322627e-07,1.320633600698784e-05,0.9999865293502808,1.0
4907,3,2,0,0.777656078338623,0.15680694580078125,0.06553693860769272,0.9998275637626648
4908,0,2,0,0.794832170009613,0.09497580677270889,0.11019193381071091,1.0
4909,4,2,0,0.8734285831451416,0.0917699933052063,0.034801434725522995,0.9999762177467346
4910,3,2,2,0.35769641399383545,0.07875176519155502,0.5635518431663513,0.9998376369476318
4911,4,2,2,0.1068289577960968,0.0004497491172514856,0.8927213549613953,0.9999058246612549
4912,1,2,2,1.6343809861041336e-08,2.6630437787389383e-05,0.9999734163284302,0.1667817234992981
4914,4,2,2,8.46927237542483e-14,2.7795696855292817e-09,1.0,0.9999510645866394
4915,0,2,2,2.9112886621297622e-15,1.1888621163913538e-11,1.0,0.9997984766960144
4916,2,2,2,4.579978296571571e-15,9.68784774624254e-11,1.0,1.0
4917,1,2,2,1.3501541031024633e-11,4.879562531812098e-09,1.0,0.08570532500743866
4918,4,0,0,0.8040989637374878,0.0023248661309480667,0.19357620179653168,0.999967634677887
4920,1,0,0,0.8776726126670837,0.08532341569662094,0.037003934383392334,3.794423265229e-27
4921,4,2,2,0.020299851894378662,0.0034873257391154766,0.976212739944458,0.9970998167991638
4922,0,0,1,0.0756753534078598,0.921334445476532,0.00299027469009161,0.9999996423721313
4924,0,0,0,0.6352510452270508,0.038035210222005844,0.3267137110233307,1.0
4925,2,0,0,0.7136163115501404,0.16659705340862274,0.11978667229413986,1.0
4927,1,0,0,0.575509786605835,0.05708160251379013,0.3674086630344391,3.4820081858635994e-17
4928,4,0,0,0.9390315413475037,0.03823256492614746,0.02273591049015522,0.9999306201934814
4929,4,2,2,0.00010000038309954107,0.002927890745922923,0.9969720840454102,0.9999597668647766
4930,1,0,0,0.8699535727500916,0.07644691318273544,0.05359955504536629,4.2105595646103323e-26
4931,1,0,1,0.03162943199276924,0.9159230589866638,0.052447520196437836,3.259888080706021e-30
4932,4,0,1,0.26415470242500305,0.711540699005127,0.024304626509547234,0.9998435974121094
4933,4,0,0,0.8025140762329102,0.02050630934536457,0.17697960138320923,0.999991238117218
4934,4,0,0,0.899468719959259,0.022892657667398453,0.0776386633515358,0.9996832013130188
4935,2,2,2,4.875623744737823e-07,5.111103291710606e-06,0.9999943971633911,1.0
4936,1,0,1,0.1486196666955948,0.7348781824111938,0.11650210618972778,2.9332409751413743e-18
4937,1,0,2,0.2454378604888916,0.29734161496162415,0.45722058415412903,7.469155068869387e-26
4938,2,0,2,0.43085840344429016,0.03581850230693817,0.5333231091499329,1.0
4939,2,0,0,0.9344186782836914,0.0014444822445511818,0.06413686275482178,1.0
4940,0,0,0,0.9226968288421631,0.03460830822587013,0.0426948107779026,1.0
4941,4,0,0,0.7984240055084229,0.032176509499549866,0.16939948499202728,0.9999348521232605
4942,3,0,2,0.371155321598053,0.008657174184918404,0.620187520980835,0.9999738335609436
4943,3,0,2,0.11256218701601028,0.004427739884704351,0.8830100893974304,0.9998500943183899
4944,1,0,0,0.9403665065765381,0.007649300154298544,0.051984190940856934,1.4241386483843866e-38
4945,0,0,1,0.011007232591509819,0.9874039888381958,0.0015888158231973648,1.0
4946,1,0,0,0.7002798318862915,0.009811000898480415,0.2899092137813568,0.0
4947,2,0,1,0.0018760738894343376,0.996580183506012,0.0015436947578564286,1.0
4948,3,0,0,0.9556189179420471,0.0016545116668567061,0.04272659122943878,0.9993685483932495
4949,1,2,2,1.1658337825792842e-05,0.0005503620486706495,0.9994379878044128,4.0493083220848306e-25
4950,3,2,2,0.0005716269952245057,0.00024818259407766163,0.9991801381111145,0.9999560713768005
4951,3,0,0,0.9511582255363464,0.01503858994692564,0.03380309417843819,0.9998588562011719
4952,1,0,0,0.8523361682891846,0.01981269381940365,0.12785111367702484,4.5287848410847944e-33
4953,1,0,0,0.4709230065345764,0.28666067123413086,0.2424163520336151,3.306916136096614e-33
4954,0,0,2,0.284839928150177,0.2476876676082611,0.4674723446369171,1.0
4955,2,0,0,0.8496950268745422,0.04109242558479309,0.10921258479356766,1.0
4956,1,0,0,0.8585004806518555,0.05016857385635376,0.09133096039295197,8.099575765383003e-34
4957,1,2,1,0.012417087331414223,0.5412302017211914,0.44635266065597534,2.582431508490069e-15
4958,3,0,2,0.2833717465400696,0.1454857885837555,0.5711424350738525,0.9997086524963379
4959,3,0,0,0.89034104347229,0.07545803487300873,0.034200962632894516,0.9999731779098511
4960,0,0,0,0.7325391173362732,0.07738090306520462,0.1900799423456192,1.0
4962,1,2,0,0.7750592827796936,0.09255311638116837,0.13238756358623505,0.0
4963,1,0,2,0.3960897922515869,0.08054749667644501,0.5233626961708069,1.988914455353097e-08
4965,4,0,0,0.9847004413604736,0.0018809777684509754,0.013418523594737053,0.999956488609314
4966,0,0,0,0.8874843120574951,0.004374038428068161,0.1081417128443718,1.0
4967,1,2,2,8.669311682751868e-06,6.612543802475557e-05,0.9999251365661621,1.2015680984911459e-11
4969,0,0,0,0.7482778429985046,0.05879693105816841,0.19292518496513367,1.0
4970,0,0,0,0.6955012083053589,0.03538252413272858,0.26911628246307373,1.0
4971,3,0,0,0.55455482006073,0.08964478969573975,0.3558003306388855,0.9997941255569458
4972,0,0,0,0.5385786294937134,0.031470973044633865,0.4299503564834595,1.0
4973,4,0,0,0.7066958546638489,0.05539243668317795,0.23791173100471497,0.9991989135742188
4974,4,0,0,0.6475634574890137,0.1327647715806961,0.2196718007326126,0.9998745918273926
4976,2,0,0,0.91782146692276,0.03858914226293564,0.04358939081430435,1.0
4977,0,0,2,0.33211010694503784,0.1886240690946579,0.47926586866378784,1.0
4979,1,2,2,6.7104401750839315e-06,4.465108577278443e-05,0.9999486207962036,5.177180639748258e-08
4980,2,0,0,0.7113850116729736,0.013409878127276897,0.275205135345459,1.0
4981,2,0,0,0.7966852188110352,0.07417358458042145,0.1291412115097046,1.0
4982,1,0,0,0.6914463639259338,0.051814135164022446,0.25673946738243103,3.471130964011523e-26
4984,1,0,1,0.3041927218437195,0.5556337833404541,0.14017347991466522,3.8450004354854364e-39
4985,4,0,1,0.43464353680610657,0.4884655773639679,0.07689086347818375,0.9996265172958374
4986,0,0,0,0.7279481291770935,0.26896563172340393,0.003086209064349532,1.0
4987,4,0,2,0.2475031018257141,0.061732228845357895,0.6907646656036377,0.9999430775642395
4989,4,0,2,0.08322148025035858,0.24769747257232666,0.6690810322761536,0.9998023509979248
4990,2,0,1,0.14301438629627228,0.8483608961105347,0.008624703623354435,1.0
4994,2,0,0,0.8169960975646973,0.014976872131228447,0.16802696883678436,1.0
4995,3,0,1,0.046869516372680664,0.8692851066589355,0.08384540677070618,0.9998455047607422
4996,4,2,2,0.00040982922655530274,0.003990469966083765,0.9955997467041016,0.9999657273292542
4998,4,0,1,0.3348788022994995,0.580324649810791,0.08479654043912888,0.9999179840087891
4999,1,0,0,0.5500292181968689,0.16978298127651215,0.28018781542778015,5.539814445668841e-35
5000,2,0,0,0.5790920257568359,0.1833040416240692,0.23760394752025604,1.0
5001,2,0,0,0.47700244188308716,0.047606080770492554,0.4753915071487427,1.0
5002,4,0,0,0.6333268284797668,0.014279189519584179,0.3523940145969391,0.9999549388885498
5003,1,0,0,0.5367695093154907,0.3057378828525543,0.15749259293079376,6.77479806215062e-31
5004,4,0,0,0.8255335688591003,0.032572824507951736,0.14189358055591583,0.9999829530715942
5007,1,0,0,0.8420593738555908,0.018391231074929237,0.1395493745803833,2.784367020169859e-33
5009,1,0,0,0.6211028695106506,0.0572594553232193,0.32163771986961365,1.5589393712523815e-26
5011,3,0,0,0.851165771484375,0.005559125915169716,0.14327506721019745,0.9999749660491943
5013,2,0,1,0.3456357419490814,0.6390905380249023,0.015273701399564743,1.0
5014,4,0,2,0.056070465594530106,0.00039551928057335317,0.9435341358184814,0.999656081199646
5015,2,0,0,0.7891420125961304,0.1591055542230606,0.05175242945551872,1.0
5017,0,0,0,0.7404754161834717,0.11635745316743851,0.14316721260547638,1.0
5018,1,0,0,0.8420593738555908,0.018391231074929237,0.1395493745803833,2.784367020169859e-33
5019,2,0,0,0.8634344935417175,0.025624768808484077,0.11094071716070175,1.0
5020,2,0,0,0.6754684448242188,0.06736597418785095,0.2571655511856079,1.0
5022,2,0,0,0.8955034613609314,0.00512675428763032,0.09936977177858353,1.0
5024,1,0,0,0.49434083700180054,0.017649821937084198,0.48800933361053467,1.6327192511216657e-36
5026,4,0,0,0.9098320603370667,0.05098973587155342,0.03917817771434784,0.9994850158691406
5027,0,0,2,0.43190473318099976,0.12840834259986877,0.4396868944168091,1.0
5028,2,0,2,0.024996262043714523,0.01913430169224739,0.9558693170547485,1.0
5029,2,0,0,0.7990571856498718,0.12244202941656113,0.07850068807601929,1.0
5030,0,0,0,0.8121411800384521,0.042264748364686966,0.1455940455198288,1.0
5031,1,0,2,0.020957380533218384,0.0224633626639843,0.9565792679786682,2.4559139241036622e-14
5032,2,0,2,0.3398132920265198,0.034984953701496124,0.6252017617225647,1.0
5033,2,0,0,0.5368351936340332,0.44673433899879456,0.016430482268333435,1.0
5034,2,0,0,0.6043891310691833,0.38406214118003845,0.011548688635230064,1.0
5035,4,0,2,0.4571370482444763,0.0062425145879387856,0.5366204380989075,0.9997771382331848
5036,1,0,0,0.6656474471092224,0.0009075697744265199,0.33344507217407227,2.022331389689276e-22
5037,3,0,0,0.848867654800415,0.11484675854444504,0.03628552705049515,0.9999847412109375
5038,4,0,0,0.7267486453056335,0.07358656078577042,0.19966484606266022,0.9999088644981384
5039,4,0,0,0.9098320603370667,0.05098973587155342,0.03917817771434784,0.9994850158691406
5041,3,0,0,0.5570440888404846,0.34570515155792236,0.0972507894039154,0.99995356798172
5045,3,0,0,0.9401797652244568,0.01616269163787365,0.043657541275024414,0.9999677538871765
5046,3,0,2,0.18538610637187958,0.17327357828617096,0.6413403749465942,0.9998565316200256
5047,4,0,0,0.6944330334663391,0.27099937200546265,0.034567561000585556,0.99983149766922
5048,0,0,0,0.6209514737129211,0.06586001068353653,0.31318849325180054,1.0
5049,4,0,0,0.9066479802131653,0.023650692775845528,0.06970136612653732,0.9997761845588684
5050,4,0,0,0.7931934595108032,0.04184127226471901,0.16496524214744568,0.9993963241577148
5051,2,0,0,0.826184868812561,0.07378672063350677,0.1000283807516098,1.0
5052,0,0,0,0.566567599773407,0.04704885929822922,0.3863835036754608,1.0
5053,2,0,0,0.940351128578186,0.010974045842885971,0.04867485165596008,1.0
5054,2,0,0,0.9871893525123596,0.002427077619358897,0.010383527725934982,1.0
5055,3,0,0,0.7695643305778503,0.18520858883857727,0.04522715136408806,0.9999697804450989
5056,1,0,0,0.6944024562835693,0.11174510419368744,0.1938524693250656,2.200195187457688e-25
5057,1,0,0,0.9817516207695007,0.012182805687189102,0.006065592169761658,1.9567416071313702e-36
5058,0,0,0,0.9282799959182739,0.005881710909307003,0.06583837419748306,1.0
5059,4,0,1,0.4370044469833374,0.4844458997249603,0.07854964584112167,0.9998959302902222
5060,0,0,0,0.4947735369205475,0.38902828097343445,0.11619815230369568,1.0
5061,1,0,0,0.9085897207260132,0.029754551127552986,0.06165570393204689,1.6240358411765684e-31
5062,3,0,0,0.7544589042663574,0.10517369955778122,0.14036734402179718,0.9999681115150452
5063,2,0,0,0.8025527000427246,0.17126818001270294,0.026179170235991478,1.0
5064,1,0,0,0.7874686121940613,0.0004492407024372369,0.21208208799362183,2.423282290441022e-24
5065,0,0,0,0.9870499968528748,0.0084541542455554,0.004495888948440552,1.0
5066,1,0,0,0.9825184345245361,0.0024455429520457983,0.015035951510071754,0.0
5067,0,0,1,0.32883986830711365,0.6539822220802307,0.017177846282720566,0.9999985694885254
5068,1,0,0,0.8340966105461121,0.00559048680588603,0.1603129506111145,0.0
5069,2,0,0,0.5129770040512085,0.05013406276702881,0.43688899278640747,1.0
5070,1,0,1,0.25404760241508484,0.7264758944511414,0.01947648450732231,3.4029121267511374e-23
5074,0,0,0,0.785106360912323,0.08001339435577393,0.13488024473190308,1.0
5075,0,0,0,0.7341240644454956,0.02228957787156105,0.24358637630939484,1.0
5076,0,0,0,0.4947735369205475,0.38902828097343445,0.11619815230369568,1.0
5077,1,0,0,0.9825184345245361,0.0024455429520457983,0.015035951510071754,0.0
5078,1,0,0,0.9817516207695007,0.012182805687189102,0.006065592169761658,1.9567416071313702e-36
5079,0,0,2,0.007496614940464497,0.0011851993622258306,0.9913182258605957,1.0
5080,4,0,0,0.8582851886749268,0.02316378988325596,0.11855103820562363,0.9998411536216736
5081,2,0,1,0.037683356553316116,0.8847523927688599,0.07756423205137253,1.0
5084,4,0,0,0.8534358739852905,0.03711634501814842,0.10944780707359314,0.999983549118042
5085,2,0,0,0.9478151798248291,0.0020684520713984966,0.05011627823114395,1.0
5086,3,0,1,0.10514795035123825,0.7157682776451111,0.17908377945423126,0.9995688796043396
5087,3,0,2,0.2574683427810669,0.012270558625459671,0.7302610278129578,0.9998661279678345
5088,1,0,0,0.9075149297714233,0.06732453405857086,0.025160521268844604,4.605533540949442e-37
5089,2,0,0,0.4437731206417084,0.3304711878299713,0.2257557362318039,1.0
5090,1,0,0,0.6257155537605286,0.003439816413447261,0.3708445727825165,3.4761187343000094e-23
5091,2,0,1,0.037683356553316116,0.8847523927688599,0.07756423205137253,1.0
5092,3,0,0,0.5882214307785034,0.07204005867242813,0.33973848819732666,0.999870240688324
5093,2,0,0,0.7994230389595032,0.16920727491378784,0.031369633972644806,1.0
5095,1,0,0,0.82783043384552,0.007889214903116226,0.16428032517433167,2.9867545909877176e-24
5096,2,0,0,0.7942283153533936,0.0013449466787278652,0.20442676544189453,1.0
5097,1,0,0,0.9075149297714233,0.06732453405857086,0.025160521268844604,4.605533540949442e-37
5100,3,0,2,0.2574683427810669,0.012270558625459671,0.7302610278129578,0.9998661279678345
5101,4,0,0,0.8546093702316284,0.09783130139112473,0.04755927994847298,0.9986708760261536
5103,4,0,0,0.6475634574890137,0.1327647715806961,0.219671830534935,0.9998745918273926
5105,2,0,0,0.91782146692276,0.03858914226293564,0.04358939081430435,1.0
5106,0,0,2,0.33211010694503784,0.1886240690946579,0.47926586866378784,1.0
5108,1,2,2,6.7104401750839315e-06,4.465108577278443e-05,0.9999486207962036,5.177180639748258e-08
5109,2,0,0,0.7113850116729736,0.013409878127276897,0.275205135345459,1.0
5110,2,0,0,0.7966852188110352,0.07417358458042145,0.1291412115097046,1.0
5111,1,0,0,0.6914463639259338,0.051814135164022446,0.25673946738243103,3.471130964011523e-26
5113,1,0,1,0.3041927218437195,0.5556337833404541,0.14017347991466522,3.8450004354854364e-39
5114,4,0,1,0.43464353680610657,0.4884655773639679,0.07689086347818375,0.9996265172958374
5115,0,0,0,0.7279481291770935,0.26896563172340393,0.003086209064349532,1.0
5116,4,0,2,0.24750317633152008,0.06173223629593849,0.6907645463943481,0.9999430775642395
5118,4,0,2,0.08322150260210037,0.24769750237464905,0.6690810322761536,0.9998023509979248
5119,2,0,1,0.14301438629627228,0.8483608961105347,0.008624703623354435,1.0
5123,2,0,0,0.8169960975646973,0.014976872131228447,0.16802696883678436,1.0
5124,3,0,1,0.046869516372680664,0.8692851066589355,0.08384540677070618,0.9998455047607422
5125,4,2,2,0.00040982881910167634,0.003990468103438616,0.9955997467041016,0.9999657273292542
5127,4,0,1,0.3348788321018219,0.5803245902061462,0.08479654788970947,0.9999179840087891
5128,1,0,0,0.5500292181968689,0.16978298127651215,0.28018781542778015,5.539814445668841e-35
5129,2,0,0,0.5790920257568359,0.1833040416240692,0.23760394752025604,1.0
5130,2,0,0,0.47700244188308716,0.047606080770492554,0.4753915071487427,1.0
5131,4,0,0,0.6333268284797668,0.014279190450906754,0.3523939847946167,0.9999549388885498
5132,1,0,0,0.5367695093154907,0.3057378828525543,0.15749259293079376,6.77479806215062e-31
5133,4,0,0,0.8255335688591003,0.032572824507951736,0.14189361035823822,0.9999829530715942
5136,1,0,0,0.8420593738555908,0.018391231074929237,0.1395493745803833,2.784367020169859e-33
5138,1,0,0,0.6211028695106506,0.0572594553232193,0.32163771986961365,1.5589393712523815e-26
5140,3,0,0,0.851165771484375,0.005559125915169716,0.14327506721019745,0.9999749660491943
5142,2,0,1,0.3456357419490814,0.6390905380249023,0.015273701399564743,1.0
5143,4,0,2,0.056070465594530106,0.0003955194551963359,0.9435341358184814,0.999656081199646
5144,2,0,0,0.7891420125961304,0.1591055542230606,0.05175242945551872,1.0
5146,0,0,0,0.7404754161834717,0.11635745316743851,0.14316721260547638,1.0
5147,1,0,0,0.8420593738555908,0.018391231074929237,0.1395493745803833,2.784367020169859e-33
5148,2,0,0,0.8634344935417175,0.025624768808484077,0.11094071716070175,1.0
5149,2,0,0,0.6754684448242188,0.06736597418785095,0.2571655511856079,1.0
5151,2,0,0,0.8955034613609314,0.00512675428763032,0.09936977177858353,1.0
5153,1,0,0,0.49434083700180054,0.017649821937084198,0.48800933361053467,1.6327192511216657e-36
5155,4,0,0,0.9098320603370667,0.05098973587155342,0.03917817771434784,0.9994850158691406
5156,0,0,2,0.43190473318099976,0.12840834259986877,0.4396868944168091,1.0
5157,2,0,2,0.024996262043714523,0.01913430169224739,0.9558693170547485,1.0
5158,2,0,0,0.7990571856498718,0.12244202941656113,0.07850068807601929,1.0
5159,0,0,0,0.8121411800384521,0.042264748364686966,0.1455940455198288,1.0
5160,1,0,2,0.020957380533218384,0.0224633626639843,0.9565792679786682,2.4559139241036622e-14
5161,2,0,2,0.3398132920265198,0.034984953701496124,0.6252017617225647,1.0
5162,2,0,0,0.5368351936340332,0.44673433899879456,0.016430482268333435,1.0
5163,2,0,0,0.6043891310691833,0.38406214118003845,0.011548688635230064,1.0
5164,4,0,2,0.4571370482444763,0.0062425145879387856,0.5366204380989075,0.9997771382331848
5165,1,0,0,0.6656474471092224,0.0009075697744265199,0.33344507217407227,2.022331389689276e-22
5167,4,0,0,0.7267486453056335,0.07358656078577042,0.19966484606266022,0.9999088644981384
5168,4,0,0,0.9098320603370667,0.05098973587155342,0.03917817771434784,0.9994850158691406
5169,4,0,0,0.9220426678657532,0.002831647638231516,0.07512562721967697,0.9999670386314392
5170,3,0,0,0.5570440888404846,0.34570515155792236,0.0972507894039154,0.99995356798172
5174,3,0,0,0.9401797652244568,0.01616269163787365,0.043657541275024414,0.9999677538871765
5175,3,0,2,0.18538610637187958,0.17327357828617096,0.6413403749465942,0.9998565316200256
5176,4,0,0,0.6944330334663391,0.27099937200546265,0.03456755355000496,0.99983149766922
5177,0,0,0,0.6209514737129211,0.06586001068353653,0.31318849325180054,1.0
5178,4,0,0,0.9066479802131653,0.023650692775845528,0.06970138102769852,0.9997761845588684
5179,4,0,0,0.7931934595108032,0.04184127226471901,0.16496524214744568,0.9993963241577148
5180,2,0,0,0.826184868812561,0.07378672063350677,0.1000283807516098,1.0
5181,0,0,0,0.566567599773407,0.04704885929822922,0.3863835036754608,1.0
5182,2,0,0,0.940351128578186,0.010974045842885971,0.04867485165596008,1.0
5183,2,0,0,0.9871893525123596,0.0024270799476653337,0.010383527725934982,1.0
5184,3,0,0,0.7695643305778503,0.18520858883857727,0.04522715136408806,0.9999697804450989
5185,1,0,0,0.6944024562835693,0.11174510419368744,0.1938524693250656,2.200195187457688e-25
5186,1,0,0,0.9817516207695007,0.012182805687189102,0.006065592169761658,1.9567416071313702e-36
5187,0,0,0,0.9282799959182739,0.005881710909307003,0.06583837419748306,1.0
5188,4,0,1,0.4370044469833374,0.4844458997249603,0.07854964584112167,0.9998959302902222
5189,0,0,0,0.4947735369205475,0.38902828097343445,0.11619815230369568,1.0
5190,1,0,0,0.9085897207260132,0.029754551127552986,0.06165570393204689,1.6240358411765684e-31
5191,3,0,0,0.7544589042663574,0.10517369955778122,0.14036734402179718,0.9999681115150452
5192,2,0,0,0.8025527000427246,0.17126818001270294,0.026179170235991478,1.0
5193,1,0,0,0.7874686121940613,0.0004492407024372369,0.21208208799362183,2.423282290441022e-24
5194,0,0,0,0.9870499968528748,0.0084541542455554,0.004495888948440552,1.0
5195,1,0,0,0.9825184345245361,0.0024455429520457983,0.015035951510071754,0.0
5196,0,0,1,0.32883986830711365,0.6539822220802307,0.017177846282720566,0.9999985694885254
5197,1,0,0,0.8340966105461121,0.00559048680588603,0.1603129506111145,0.0
5198,2,0,0,0.5129770040512085,0.05013406276702881,0.43688899278640747,1.0
5199,1,0,1,0.25404760241508484,0.7264758944511414,0.01947648450732231,3.4029121267511374e-23
5203,0,0,0,0.785106360912323,0.08001339435577393,0.13488024473190308,1.0
5204,0,0,0,0.7341240644454956,0.02228957787156105,0.24358637630939484,1.0
5205,0,0,0,0.4947735369205475,0.38902828097343445,0.11619815230369568,1.0
5206,1,0,0,0.9825184345245361,0.0024455429520457983,0.015035951510071754,0.0
5207,1,0,0,0.9817516207695007,0.012182805687189102,0.006065592169761658,1.9567416071313702e-36
5208,0,0,2,0.007496614940464497,0.0011851993622258306,0.9913182258605957,1.0
5209,4,0,0,0.8582851886749268,0.02316378988325596,0.11855103820562363,0.9998411536216736
5210,2,0,1,0.037683356553316116,0.8847523927688599,0.07756423205137253,1.0
5213,4,0,0,0.8534358739852905,0.03711634501814842,0.10944780707359314,0.999983549118042
5214,2,0,0,0.9478151798248291,0.0020684520713984966,0.05011627823114395,1.0
5215,3,0,1,0.10514795035123825,0.7157682776451111,0.17908377945423126,0.9995688796043396
5216,3,0,2,0.2574683427810669,0.012270558625459671,0.7302610278129578,0.9998661279678345
5217,1,0,0,0.9075149297714233,0.06732453405857086,0.025160521268844604,4.605533540949442e-37
5218,2,0,0,0.4437731206417084,0.3304711878299713,0.2257557362318039,1.0
5219,1,0,0,0.6257155537605286,0.003439816413447261,0.3708445727825165,3.4761187343000094e-23
5220,2,0,1,0.037683356553316116,0.8847523927688599,0.07756423205137253,1.0
5221,3,0,0,0.5882214307785034,0.07204005867242813,0.33973848819732666,0.999870240688324
5222,2,0,0,0.7994230389595032,0.16920727491378784,0.031369633972644806,1.0
5224,1,0,0,0.82783043384552,0.007889214903116226,0.16428032517433167,2.9867545909877176e-24
5225,2,0,0,0.7942283153533936,0.0013449466787278652,0.20442676544189453,1.0
5226,1,0,0,0.9075149297714233,0.06732453405857086,0.025160521268844604,4.605533540949442e-37
5229,3,0,2,0.2574683427810669,0.012270558625459671,0.7302610278129578,0.9998661279678345
5230,4,0,0,0.8546093702316284,0.09783130139112473,0.04755927994847298,0.9986708760261536
5232,1,0,0,0.8182773590087891,0.062133848667144775,0.11958882957696915,1.3505310432578925e-32
5233,0,0,0,0.6956012845039368,0.026115326210856438,0.27828335762023926,0.9999851584434509
5234,1,0,0,0.9404256343841553,0.024668565019965172,0.034905727952718735,0.0
5235,0,0,2,0.48945268988609314,0.010135103948414326,0.5004121661186218,0.9999944567680359
5238,1,0,0,0.9040073752403259,0.009334839880466461,0.08665779232978821,2.2841258238920304e-36
5239,4,0,0,0.6203054189682007,0.029112529009580612,0.3505820035934448,0.9995814561843872
5240,1,0,0,0.6107336282730103,0.08463221043348312,0.304634153842926,1.8656542674969153e-33
5241,1,0,0,0.4810633659362793,0.11914889514446259,0.3997877836227417,0.0
5244,1,0,0,0.755661129951477,0.14238286018371582,0.10195599496364594,2.427519353190356e-34
5245,2,0,0,0.4885528087615967,0.3752811551094055,0.13616608083248138,1.0
5246,3,0,1,0.48596882820129395,0.509306788444519,0.004724342841655016,0.9999648928642273
5247,3,0,2,0.14397761225700378,0.08878454566001892,0.7672378420829773,0.9999650120735168
5248,1,0,0,0.8948718309402466,0.07854794710874557,0.0265803299844265,0.0
5249,1,0,0,0.9040073752403259,0.009334839880466461,0.08665779232978821,2.2841258238920304e-36
5252,4,0,0,0.9402655363082886,0.009514229372143745,0.050220247358083725,0.9999672174453735
5253,1,0,0,0.9404256343841553,0.024668565019965172,0.034905727952718735,0.0
5254,1,0,0,0.678586483001709,0.13298724591732025,0.18842624127864838,1.7207033425513978e-25
5255,4,0,0,0.7214266657829285,0.13037210702896118,0.14820127189159393,0.992368757724762
5256,2,0,0,0.8919249176979065,0.09230022877454758,0.015774887055158615,1.0
5257,0,0,0,0.5914522409439087,0.1363760530948639,0.2721717059612274,1.0
5258,2,0,0,0.9732105731964111,0.005790956784039736,0.020998546853661537,1.0
5259,1,0,0,0.7322582602500916,0.23308174312114716,0.03465994447469711,1.8470468692101826e-35
5260,1,0,0,0.7716771960258484,0.15137667953968048,0.07694613933563232,0.0
5261,0,0,0,0.8679620027542114,0.028336774557828903,0.10370119661092758,1.0
5263,4,0,0,0.8896960616111755,0.012349497526884079,0.09795442968606949,0.9999694228172302
5264,0,0,0,0.773630678653717,0.1230197325348854,0.10334958136081696,0.9999998807907104
5266,0,0,1,0.2925889492034912,0.451284795999527,0.2561262845993042,1.0
5267,1,0,0,0.8729311227798462,0.03672588989138603,0.09034300595521927,9.670937597435365e-30
5268,4,0,0,0.9364029169082642,0.004820285830646753,0.05877678468823433,0.9999679923057556
5269,2,0,0,0.9552891254425049,0.0045570204965770245,0.040153868496418,1.0
5270,0,0,0,0.933833658695221,0.007796789053827524,0.05836964026093483,1.0
5271,4,0,0,0.7095421552658081,0.00731276161968708,0.28314509987831116,0.9998583197593689
5272,3,0,0,0.9859259724617004,0.0027805750723928213,0.011293519288301468,0.9999719858169556
5273,2,0,0,0.7799023389816284,0.1581285297870636,0.06196912005543709,1.0
5274,4,0,0,0.8169012069702148,0.04524665325880051,0.13785210251808167,0.9993414282798767
5275,2,0,0,0.8919249176979065,0.09230022877454758,0.015774887055158615,1.0
5276,2,0,1,0.19123205542564392,0.8056173324584961,0.0031506542582064867,1.0
5277,1,0,0,0.9636706113815308,0.006723249331116676,0.029606088995933533,5.617998021351096e-35
5280,3,0,0,0.9185383319854736,0.010788905434310436,0.0706728845834732,0.9999627470970154
5281,4,0,0,0.7664858102798462,0.17799465358257294,0.05551949888467789,0.9998998045921326
5283,3,0,0,0.9838247299194336,0.0018228403059765697,0.014352483674883842,0.9999841451644897
5284,0,0,0,0.9273685812950134,0.005086489021778107,0.06754496693611145,1.0
5285,3,0,2,0.4714515805244446,0.025516891852021217,0.5030315518379211,0.9999169707298279
5286,3,2,2,1.7350389498460572e-06,1.7443739125155844e-05,0.9999808073043823,0.9992067813873291
5287,4,0,2,0.23291753232479095,0.12518273293972015,0.6418997645378113,0.9999939799308777
5288,2,0,0,0.8476985692977905,0.01833377592265606,0.13396763801574707,1.0
5289,3,0,0,0.9495935440063477,0.01636255718767643,0.034043826162815094,0.9999740123748779
5290,3,0,0,0.9738731384277344,0.00039492538780905306,0.025731872767210007,0.999975860118866
5291,4,0,0,0.7265214323997498,0.18819648027420044,0.08528213948011398,0.9999725222587585
5292,1,0,0,0.7495231032371521,0.11987589299678802,0.13060098886489868,2.987249187190991e-30
5293,4,0,0,0.8610863089561462,0.05039316788315773,0.08852045983076096,0.9999351501464844
5295,2,0,0,0.7835073471069336,0.10384753346443176,0.11264513432979584,1.0
5296,0,0,0,0.7972389459609985,0.01856417953968048,0.1841968446969986,1.0
5297,3,0,0,0.9548359513282776,0.0064291683956980705,0.038734909147024155,0.999984622001648
5298,3,0,0,0.9089634418487549,0.01815781742334366,0.07287876307964325,0.999991238117218
5299,0,0,1,0.21880491077899933,0.5712097883224487,0.20998524129390717,1.0
5300,2,0,0,0.5053204298019409,0.01031199749559164,0.48436757922172546,1.0
5301,1,0,0,0.8980109095573425,0.04084669053554535,0.06114238128066063,2.553763828150121e-32
5302,4,0,0,0.6300807595252991,0.34213343262672424,0.027785781770944595,0.9999748468399048
5303,1,0,0,0.4709230065345764,0.28666067123413086,0.2424163520336151,3.306916136096614e-33
5305,1,0,0,0.43469125032424927,0.15506958961486816,0.4102391302585602,3.7500332763127964e-27
5306,2,0,0,0.7897768616676331,0.014434799551963806,0.19578832387924194,1.0
5307,4,0,0,0.7501022219657898,0.004995528608560562,0.24490220844745636,0.999825656414032
5308,4,0,0,0.9286593794822693,0.04148685932159424,0.02985372208058834,0.9998801946640015
5309,1,0,0,0.6399939656257629,0.02088026888668537,0.33912578225135803,4.909911598255224e-40
5310,4,0,0,0.9018245935440063,0.03106674924492836,0.06710870563983917,0.9995698928833008
5311,4,0,0,0.9208636283874512,0.05900483578443527,0.020131558179855347,0.9996641278266907
5312,3,0,0,0.7235859632492065,0.22380003333091736,0.0526139996945858,0.9999312162399292
5314,4,0,0,0.9847004413604736,0.0018809777684509754,0.013418523594737053,0.999956488609314
5315,0,0,0,0.8479041457176208,0.0292058102786541,0.12289010733366013,1.0
5316,4,0,0,0.706337571144104,0.011149541474878788,0.2825128436088562,0.9999117255210876
5317,1,0,0,0.8585004806518555,0.05016857385635376,0.09133096039295197,8.099575765383003e-34
5318,1,0,2,0.3883356750011444,0.03860974311828613,0.5730546116828918,3.9007403759490086e-27
5319,4,0,0,0.9383881092071533,0.005434807389974594,0.0561770424246788,0.9999846816062927
5320,0,0,0,0.7666171193122864,0.1071871742606163,0.12619565427303314,1.0
5322,3,0,0,0.7230361700057983,0.0259490218013525,0.2510148882865906,0.9999825954437256
5323,2,0,0,0.41949936747550964,0.25097665190696716,0.3295240104198456,1.0
5324,1,0,0,0.9563798904418945,0.0072361379861831665,0.0363839790225029,4.582839828319186e-30
5326,3,0,2,0.24990010261535645,0.04678913205862045,0.7033107280731201,0.9999547600746155
5327,2,0,0,0.8444284796714783,0.008721803314983845,0.14684973657131195,1.0
5328,2,0,0,0.9386075735092163,0.014321858994662762,0.047070540487766266,1.0
5329,1,0,0,0.5853726863861084,0.3341531753540039,0.08047409355640411,1.527269887070958e-16
5331,1,0,0,0.6340953707695007,0.08565781265497208,0.2802468538284302,0.0
5332,1,0,0,0.8083292841911316,0.027569621801376343,0.1641010046005249,0.0
5333,3,0,0,0.5688427090644836,0.003991696052253246,0.42716556787490845,0.9998958110809326
5334,0,0,0,0.6509861350059509,0.021446168422698975,0.3275677263736725,1.0
5335,4,0,0,0.7392584681510925,0.1393677443265915,0.12137386947870255,0.9999806880950928
5336,1,0,0,0.955286979675293,0.0152095016092062,0.029503537341952324,0.0
5337,1,0,2,0.04926912859082222,0.021104324609041214,0.92962646484375,0.0009585434454493225
5339,1,0,0,0.636585533618927,0.3415735960006714,0.02184082753956318,8.635821257079081e-24
5340,4,0,0,0.8998093008995056,0.05332890525460243,0.04686175659298897,0.9999719262123108
5342,1,0,2,0.23875044286251068,0.0679243728518486,0.6933251619338989,8.978332519575095e-18
5345,4,0,0,0.9618182182312012,0.019598618149757385,0.018583185970783234,0.9999458193778992
5346,2,0,0,0.7384306788444519,0.16905216872692108,0.09251710772514343,1.0
5347,1,0,1,0.15341542661190033,0.8209387063980103,0.02564583532512188,8.94561044283336e-28
5348,4,0,0,0.8660045266151428,0.002352372044697404,0.13164319097995758,0.995556116104126
5349,3,0,0,0.9573634266853333,0.013901401311159134,0.02873510867357254,0.9999679327011108
5350,3,0,0,0.8826150298118591,0.011180434376001358,0.10620450973510742,0.9999308586120605
5351,3,0,0,0.865074098110199,0.047921255230903625,0.08700459450483322,0.9999778270721436
5353,0,0,0,0.6398308873176575,0.03789450228214264,0.3222745954990387,1.0
5354,4,0,0,0.6659550666809082,0.2053009420633316,0.1287439912557602,0.9994066953659058
5355,1,0,2,0.2871985137462616,0.03145954757928848,0.6813418865203857,0.0
5358,1,0,0,0.9821351766586304,0.006971397902816534,0.01089340727776289,0.0
5359,2,0,0,0.5790504813194275,0.0021644840016961098,0.4187850058078766,1.0
5361,1,0,0,0.9574536085128784,0.013076433911919594,0.029469875618815422,1.3140205512921959e-37
5362,1,0,0,0.47449368238449097,0.10054809600114822,0.42495816946029663,5.667284306295143e-28
5363,1,0,0,0.9662830829620361,0.009588804095983505,0.024128085002303123,3.1086019280004916e-34
5364,2,0,0,0.6500912308692932,0.3099290430545807,0.039979707449674606,1.0
5365,4,0,0,0.8963412046432495,0.031054159626364708,0.07260464876890182,0.9999590516090393
5366,0,0,0,0.708681583404541,0.20191213488578796,0.08940629661083221,1.0
5367,0,0,0,0.8068544268608093,0.10207884013652802,0.09106674790382385,1.0
5368,1,0,2,0.34009939432144165,0.00036504361196421087,0.6595355272293091,1.6590093513317986e-23
5369,3,0,0,0.6775190830230713,0.1689358651638031,0.1535450518131256,0.9999769330024719
5370,0,0,0,0.9300112724304199,0.024607300758361816,0.04538140073418617,1.0
5371,2,0,0,0.7533517479896545,0.19759590923786163,0.04905230179429054,1.0
5372,0,0,0,0.7641240358352661,0.196358785033226,0.039517153054475784,1.0
5373,3,0,0,0.8576513528823853,0.0030244798399508,0.13932420313358307,0.9999850392341614
5374,1,0,0,0.94963538646698,0.005200977437198162,0.04516364634037018,9.25230999605755e-21
5375,1,0,1,0.3820534348487854,0.4805651009082794,0.13738146424293518,0.0
5376,1,0,0,0.8122446537017822,0.028432954102754593,0.15932230651378632,0.0
5377,1,0,1,0.15341542661190033,0.8209387063980103,0.02564583532512188,8.94561044283336e-28
5378,4,0,0,0.8848038911819458,0.02105480246245861,0.09414134919643402,0.9999242424964905
5379,2,0,0,0.9242013692855835,0.02013872191309929,0.05565996840596199,1.0
5380,4,0,0,0.5636278986930847,0.4031060039997101,0.03326611593365669,0.9981812238693237
5381,1,0,2,0.428420752286911,0.01986565813422203,0.5517135858535767,3.035365215260165e-39
5382,3,0,0,0.8811387419700623,0.021663930267095566,0.09719730168581009,0.9998039603233337
5383,4,0,0,0.8038739562034607,0.1276620477437973,0.06846397370100021,0.9999183416366577
5384,3,0,0,0.9253886938095093,0.01864307001233101,0.055968161672353745,0.9999250173568726
5387,2,0,0,0.9583924412727356,0.024566054344177246,0.017041467130184174,1.0
5388,2,0,0,0.9503677487373352,0.02799869515001774,0.02163359522819519,1.0
5389,3,0,0,0.9532036781311035,0.005920179188251495,0.04087619110941887,0.9999819397926331
5390,3,0,1,0.1136462464928627,0.8755931854248047,0.010760544799268246,0.9999126195907593
5391,4,0,0,0.5057610273361206,0.09002120792865753,0.40421774983406067,0.9999759197235107
5394,3,0,0,0.8974945545196533,0.00032609092886559665,0.10217934101819992,0.9999741911888123
5395,3,0,0,0.9180997014045715,0.021467285230755806,0.06043306365609169,0.9999723434448242
5397,1,0,0,0.8556591868400574,0.04947049170732498,0.09487028419971466,2.983154500868896e-19
5399,1,0,2,0.04007670655846596,0.004511385224759579,0.955411970615387,8.682615271870555e-27
5402,3,0,0,0.9335649013519287,0.0018533647526055574,0.06458169966936111,0.9999006986618042
5404,3,0,0,0.6982799768447876,0.005778491497039795,0.2959415018558502,0.9999800324440002
5406,4,0,0,0.9229784607887268,0.05726509168744087,0.01975642517209053,0.9998649954795837
5408,1,0,0,0.5178065299987793,0.2928013205528259,0.1893920749425888,2.768967836722844e-27
5409,0,0,0,0.9586172103881836,0.007367938291281462,0.03401485085487366,1.0
5410,0,0,0,0.39210593700408936,0.36691322922706604,0.24098077416419983,1.0
5412,4,0,0,0.6541814804077148,0.2317199558019638,0.11409853398799896,0.9999808073043823
5413,3,0,0,0.7254766821861267,0.01868435926735401,0.2558389902114868,0.9999731183052063
5414,4,0,0,0.46462324261665344,0.1300981640815735,0.40527859330177307,0.9979228973388672
5415,1,0,0,0.7259911298751831,0.18473578989505768,0.08927315473556519,4.457537584815318e-31
5416,3,0,0,0.858078122138977,0.078719861805439,0.06320199370384216,0.9999595284461975
5417,1,0,0,0.8939341306686401,0.05185580998659134,0.054210059344768524,1.8136876514601604e-22
5420,2,0,0,0.9653357267379761,0.003913505468517542,0.030750734731554985,1.0
5421,2,0,0,0.7579988241195679,0.13557812571525574,0.10642305761575699,1.0
5422,1,0,0,0.5061687231063843,0.43864428997039795,0.05518700182437897,3.474337170831658e-23
5425,1,0,2,0.23875044286251068,0.0679243728518486,0.6933251619338989,8.978332519575095e-18
5428,4,0,0,0.9618182182312012,0.019598618149757385,0.018583185970783234,0.9999458193778992
5429,2,0,0,0.7384306788444519,0.16905216872692108,0.09251710772514343,1.0
5430,1,0,1,0.15341542661190033,0.8209387063980103,0.02564583532512188,8.94561044283336e-28
5431,4,0,0,0.8660045266151428,0.002352372044697404,0.13164319097995758,0.995556116104126
5432,3,0,0,0.9573634266853333,0.013901401311159134,0.02873511239886284,0.9999679327011108
5433,3,0,0,0.8826150298118591,0.011180434376001358,0.10620448738336563,0.9999308586120605
5434,3,0,0,0.865074098110199,0.04792125150561333,0.08700457960367203,0.9999778270721436
5436,0,0,0,0.6398308873176575,0.03789450228214264,0.3222745954990387,1.0
5437,4,0,0,0.6659550666809082,0.2053009420633316,0.1287439912557602,0.9994066953659058
5438,1,0,2,0.2871985137462616,0.03145954757928848,0.6813418865203857,0.0
5441,1,0,0,0.9821351766586304,0.006971397902816534,0.01089340727776289,0.0
5442,2,0,0,0.5790504813194275,0.0021644840016961098,0.4187850058078766,1.0
5444,1,0,0,0.9574536085128784,0.013076433911919594,0.029469875618815422,1.3140205512921959e-37
5445,1,0,0,0.47449368238449097,0.10054809600114822,0.42495816946029663,5.667284306295143e-28
5446,1,0,0,0.9662830829620361,0.009588804095983505,0.024128085002303123,3.1086019280004916e-34
5447,2,0,0,0.6500912308692932,0.3099290430545807,0.039979707449674606,1.0
5448,4,0,0,0.8963412046432495,0.031054159626364708,0.07260464876890182,0.9999590516090393
5449,0,0,0,0.708681583404541,0.20191213488578796,0.08940629661083221,1.0
5450,0,0,0,0.8068544268608093,0.10207884013652802,0.09106674790382385,1.0
5451,1,0,2,0.34009939432144165,0.00036504361196421087,0.6595355272293091,1.6590093513317986e-23
5452,3,0,0,0.6775190830230713,0.1689358502626419,0.153545081615448,0.9999769330024719
5453,0,0,0,0.9300112724304199,0.024607300758361816,0.04538140073418617,1.0
5454,2,0,0,0.7533517479896545,0.19759590923786163,0.04905230179429054,1.0
5455,0,0,0,0.7641240358352661,0.196358785033226,0.039517153054475784,1.0
5456,3,0,0,0.8576513528823853,0.0030244782101362944,0.13932420313358307,0.9999850392341614
5457,1,0,0,0.94963538646698,0.005200977437198162,0.04516364634037018,9.25230999605755e-21
5458,1,0,1,0.3820534348487854,0.4805651009082794,0.13738146424293518,0.0
5459,1,0,0,0.8122446537017822,0.028432954102754593,0.15932230651378632,0.0
5460,1,0,1,0.15341542661190033,0.8209387063980103,0.02564583532512188,8.94561044283336e-28
5461,4,0,0,0.8848038911819458,0.02105480246245861,0.09414134919643402,0.9999242424964905
5462,2,0,0,0.9242013692855835,0.02013872191309929,0.05565996840596199,1.0
5463,4,0,0,0.5636278986930847,0.4031060039997101,0.03326611593365669,0.9981812238693237
5464,1,0,2,0.428420752286911,0.01986565813422203,0.5517135858535767,3.035365215260165e-39
5465,3,0,0,0.8811387419700623,0.021663924679160118,0.0971972793340683,0.9998039603233337
5466,4,0,0,0.8038738965988159,0.1276620775461197,0.0684640035033226,0.9999183416366577
5467,3,0,0,0.9253886938095093,0.018643060699105263,0.05596814677119255,0.9999250173568726
5470,2,0,0,0.9583924412727356,0.024566054344177246,0.017041467130184174,1.0
5471,2,0,0,0.9503677487373352,0.02799869515001774,0.02163359522819519,1.0
5472,3,0,0,0.9532036781311035,0.005920179188251495,0.040876202285289764,0.9999819397926331
5473,3,0,1,0.1136462464928627,0.8755931854248047,0.010760544799268246,0.9999126195907593
5474,4,0,0,0.5057610273361206,0.09002120792865753,0.40421774983406067,0.9999759197235107
5477,3,0,0,0.8974945545196533,0.00032609092886559665,0.10217934101819992,0.9999741911888123
5478,3,0,0,0.9180997014045715,0.021467285230755806,0.06043306365609169,0.9999723434448242
5480,1,0,0,0.8556591868400574,0.04947049170732498,0.09487028419971466,2.983154500868896e-19
5482,1,0,2,0.04007670655846596,0.004511385224759579,0.955411970615387,8.682615271870555e-27
5485,3,0,0,0.9335649013519287,0.0018533647526055574,0.06458169966936111,0.9999006986618042
5487,3,0,0,0.6982799768447876,0.005778491497039795,0.2959415018558502,0.9999800324440002
5489,4,0,0,0.9229784607887268,0.05726509168744087,0.01975642517209053,0.9998649954795837
5491,1,0,0,0.5178065299987793,0.2928013205528259,0.1893920749425888,2.768967836722844e-27
5492,0,0,0,0.9586172103881836,0.007367938291281462,0.03401485085487366,1.0
5493,0,0,0,0.39210593700408936,0.36691322922706604,0.24098077416419983,1.0
5495,4,0,0,0.6541814804077148,0.2317199558019638,0.11409853398799896,0.9999808073043823
5496,3,0,0,0.7254766821861267,0.01868435926735401,0.2558389902114868,0.9999731183052063
5497,4,0,0,0.46462324261665344,0.1300981640815735,0.40527859330177307,0.9979228973388672
5498,1,0,0,0.7259911298751831,0.18473578989505768,0.08927315473556519,4.457537584815318e-31
5499,3,0,0,0.858078122138977,0.078719861805439,0.06320199370384216,0.9999595284461975
5500,1,0,0,0.8939341306686401,0.05185580998659134,0.054210059344768524,1.8136876514601604e-22
5503,2,0,0,0.9653357267379761,0.003913505468517542,0.030750734731554985,1.0
5504,2,0,0,0.7579988241195679,0.13557812571525574,0.10642305761575699,1.0
5505,1,0,0,0.5061687231063843,0.43864428997039795,0.05518700182437897,3.474337170831658e-23
5508,3,0,0,0.8235666751861572,0.04070844128727913,0.13572493195533752,0.999973714351654
5509,4,0,0,0.7242625951766968,0.013712693005800247,0.2620247006416321,0.999772310256958
5512,2,0,0,0.9653357267379761,0.003913505468517542,0.030750734731554985,1.0
5513,4,0,0,0.9522331953048706,0.015156219713389874,0.03261059522628784,0.9999169707298279
5514,1,0,1,0.22435571253299713,0.4176817834377289,0.3579624891281128,7.737042051046384e-24
5516,3,0,0,0.858078122138977,0.078719861805439,0.06320199370384216,0.9999595284461975
5518,0,0,0,0.5330675840377808,0.40764519572257996,0.059287186712026596,1.0
5520,4,0,0,0.9805095195770264,0.015579513274133205,0.003910996951162815,0.9986644983291626
5521,1,0,0,0.8158912658691406,0.005260931793600321,0.17884787917137146,4.4319328959694217e-39
5522,1,0,0,0.8182773590087891,0.062133848667144775,0.11958882957696915,1.3505310432578925e-32
5523,0,0,0,0.6956012845039368,0.026115326210856438,0.27828335762023926,0.9999851584434509
5524,1,0,0,0.9404256343841553,0.024668565019965172,0.034905727952718735,0.0
5525,0,0,2,0.48945268988609314,0.010135103948414326,0.5004121661186218,0.9999944567680359
5528,1,0,0,0.9040073752403259,0.009334839880466461,0.08665779232978821,2.2841258238920304e-36
5529,4,0,0,0.6203054189682007,0.029112529009580612,0.3505820035934448,0.9995814561843872
5530,1,0,0,0.6107336282730103,0.08463221043348312,0.304634153842926,1.8656542674969153e-33
5531,1,0,0,0.4810633659362793,0.11914889514446259,0.3997877836227417,0.0
5534,1,0,0,0.755661129951477,0.14238286018371582,0.10195599496364594,2.427519353190356e-34
5535,2,0,0,0.4885528087615967,0.3752811551094055,0.13616608083248138,1.0
5536,3,0,1,0.4859689474105835,0.5093067288398743,0.004724344238638878,0.9999648928642273
5537,3,0,2,0.14397762715816498,0.08878454566001892,0.7672378420829773,0.9999650120735168
5538,1,0,0,0.8948718309402466,0.07854794710874557,0.0265803299844265,0.0
5539,1,0,0,0.9040073752403259,0.009334839880466461,0.08665779232978821,2.2841258238920304e-36
5542,4,0,0,0.9402655363082886,0.009514229372143745,0.050220247358083725,0.9999672174453735
5543,1,0,0,0.9404256343841553,0.024668565019965172,0.034905727952718735,0.0
5544,1,0,0,0.678586483001709,0.13298724591732025,0.18842624127864838,1.7207033425513978e-25
5545,4,0,0,0.7214266657829285,0.13037210702896118,0.14820127189159393,0.992368757724762
5546,2,0,0,0.8919249176979065,0.09230022877454758,0.015774887055158615,1.0
5547,0,0,0,0.5914522409439087,0.1363760530948639,0.2721717059612274,1.0
5548,2,0,0,0.9732105731964111,0.005790956784039736,0.020998546853661537,1.0
5549,1,0,0,0.7322582602500916,0.23308174312114716,0.03465994447469711,1.8470468692101826e-35
5550,1,0,0,0.7716771960258484,0.15137667953968048,0.07694613933563232,0.0
5551,0,0,0,0.8679620027542114,0.028336774557828903,0.10370119661092758,1.0
5553,4,0,0,0.8896960616111755,0.012349497526884079,0.09795442968606949,0.9999694228172302
5554,0,0,0,0.773630678653717,0.1230197325348854,0.10334958136081696,0.9999998807907104
5556,0,0,1,0.2925889492034912,0.451284795999527,0.2561262845993042,1.0
5557,1,0,0,0.8729311227798462,0.03672588989138603,0.09034300595521927,9.670937597435365e-30
5558,4,0,0,0.9364029169082642,0.004820285830646753,0.05877678468823433,0.9999679923057556
5559,2,0,0,0.9552891254425049,0.0045570204965770245,0.040153868496418,1.0
5560,0,0,0,0.933833658695221,0.007796789053827524,0.05836964026093483,1.0
5561,4,0,0,0.7095421552658081,0.00731276161968708,0.28314509987831116,0.9998583197593689
5562,3,0,0,0.9859259724617004,0.0027805764693766832,0.011293519288301468,0.9999719858169556
5563,2,0,0,0.7799023389816284,0.1581285297870636,0.06196912005543709,1.0
5564,4,0,0,0.8169012069702148,0.04524665325880051,0.13785210251808167,0.9993414282798767
5565,2,0,0,0.8919249176979065,0.09230022877454758,0.015774887055158615,1.0
5566,2,0,1,0.19123205542564392,0.8056173324584961,0.0031506542582064867,1.0
5567,1,0,0,0.9636706113815308,0.006723249331116676,0.029606088995933533,5.617998021351096e-35
5570,3,0,0,0.9185383319854736,0.010788905434310436,0.0706728845834732,0.9999627470970154
5571,4,0,0,0.7664858102798462,0.17799465358257294,0.05551949888467789,0.9998998045921326
5573,3,0,0,0.9838247299194336,0.0018228403059765697,0.014352483674883842,0.9999841451644897
5574,0,0,0,0.9273685812950134,0.005086489021778107,0.06754496693611145,1.0
5575,3,0,2,0.4714515805244446,0.025516878813505173,0.5030315518379211,0.9999169707298279
5576,3,2,2,1.7350389498460572e-06,1.7443739125155844e-05,0.9999808073043823,0.9992067813873291
5577,4,0,2,0.23291753232479095,0.12518273293972015,0.6418997645378113,0.9999939799308777
5578,2,0,0,0.8476985692977905,0.01833377592265606,0.13396763801574707,1.0
5579,3,0,0,0.9495935440063477,0.01636255718767643,0.034043826162815094,0.9999740123748779
5580,3,0,0,0.9738731384277344,0.0003949255624320358,0.025731880217790604,0.999975860118866
5581,4,0,0,0.7265214323997498,0.18819648027420044,0.08528213948011398,0.9999725222587585
5582,1,0,0,0.7495231032371521,0.11987589299678802,0.13060098886489868,2.987249187190991e-30
5583,4,0,0,0.8610863089561462,0.05039316788315773,0.08852045983076096,0.9999351501464844
5585,2,0,0,0.7835073471069336,0.10384753346443176,0.11264513432979584,1.0
5586,0,0,0,0.7972389459609985,0.01856417953968048,0.1841968446969986,1.0
5587,3,0,0,0.9548359513282776,0.006429166067391634,0.038734909147024155,0.999984622001648
5588,3,0,0,0.9089634418487549,0.01815781183540821,0.07287876307964325,0.999991238117218
5589,0,0,1,0.21880491077899933,0.5712097883224487,0.20998524129390717,1.0
5590,2,0,0,0.5053204298019409,0.010312002152204514,0.48436757922172546,1.0
5591,1,0,0,0.8980109095573425,0.04084669053554535,0.06114238128066063,2.553763828150121e-32
5592,4,0,0,0.6300807595252991,0.34213343262672424,0.027785781770944595,0.9999748468399048
5593,1,0,0,0.4709230065345764,0.28666067123413086,0.2424163520336151,3.306916136096614e-33
5595,1,0,0,0.43469125032424927,0.15506958961486816,0.4102391302585602,3.7500332763127964e-27
5596,2,0,0,0.7897768616676331,0.014434799551963806,0.19578832387924194,1.0
5597,4,0,0,0.7501022219657898,0.004995528608560562,0.24490220844745636,0.999825656414032
5598,4,0,0,0.9286593794822693,0.04148685932159424,0.02985372208058834,0.9998801946640015
5599,1,0,0,0.6399939656257629,0.02088026888668537,0.33912578225135803,4.909911598255224e-40
5600,4,0,0,0.9018245935440063,0.03106674924492836,0.06710870563983917,0.9995698928833008
5601,4,0,0,0.9208636283874512,0.05900483578443527,0.020131558179855347,0.9996641278266907
5602,3,0,0,0.7235859632492065,0.22380000352859497,0.0526139996945858,0.9999312162399292
5604,4,0,0,0.9847004413604736,0.0018809777684509754,0.013418523594737053,0.999956488609314
5605,0,0,0,0.8479041457176208,0.0292058102786541,0.12289010733366013,1.0
5606,4,0,0,0.706337571144104,0.011149541474878788,0.2825128436088562,0.9999117255210876
5607,1,0,0,0.8585004806518555,0.05016857385635376,0.09133096039295197,8.099575765383003e-34
5608,1,0,2,0.3883356750011444,0.03860974311828613,0.5730546116828918,3.9007403759490086e-27
5609,4,0,0,0.9383881092071533,0.005434807389974594,0.0561770424246788,0.9999846816062927
5610,0,0,0,0.7666171193122864,0.1071871742606163,0.12619565427303314,1.0
5612,3,0,0,0.7230361104011536,0.02594901993870735,0.2510148882865906,0.9999825954437256
5613,2,0,0,0.41949936747550964,0.25097665190696716,0.3295240104198456,1.0
5614,1,0,0,0.9563798904418945,0.0072361379861831665,0.0363839790225029,4.582839828319186e-30
5616,4,0,0,0.8954010009765625,0.0017491644248366356,0.10284990072250366,0.9998275637626648
5617,2,0,0,0.8404268622398376,0.04706960171461105,0.11250349879264832,1.0
5618,0,0,0,0.740719199180603,0.08788058906793594,0.17140020430088043,1.0
5619,3,0,0,0.9149057269096375,0.024203281849622726,0.06089093163609505,0.9998467564582825
5620,0,0,0,0.7172091603279114,0.0529940240085125,0.22979678213596344,1.0
5621,4,0,0,0.7128892540931702,0.20593927800655365,0.08117146790027618,0.9996697306632996
5622,4,0,0,0.8022546172142029,0.014542756602168083,0.18320266902446747,0.9999771118164062
5623,1,0,0,0.9085643887519836,0.025103868916630745,0.06633180379867554,2.17366114704337e-31
5624,3,0,0,0.7199820876121521,0.18765637278556824,0.0923614501953125,0.9997656941413879
5625,2,0,0,0.6086724996566772,0.22227783501148224,0.16904962062835693,1.0
5626,4,0,0,0.7853708267211914,0.1143759936094284,0.10025321692228317,0.9999862909317017
5627,0,0,0,0.47747769951820374,0.05323423445224762,0.46928808093070984,1.0
5628,3,0,0,0.6265734434127808,0.1984204351902008,0.17500616610050201,0.9998288154602051
5629,0,0,0,0.8585318922996521,0.05519600212574005,0.08627215772867203,1.0
5630,1,0,0,0.9545687437057495,0.036682065576314926,0.008749127388000488,4.061089851202249e-37
5631,1,0,0,0.9698042273521423,0.0007931931759230793,0.029402554035186768,0.0
5633,0,0,0,0.7892932891845703,0.022024713456630707,0.1886819452047348,1.0
5634,2,0,0,0.6170300841331482,0.1953275352716446,0.1876424252986908,1.0
5635,3,0,2,0.21174892783164978,0.009870842099189758,0.778380274772644,0.9999793767929077
5636,4,0,1,0.33010366559028625,0.6564303040504456,0.013466030359268188,0.9989421367645264
5637,3,0,0,0.8479394912719727,0.026341000571846962,0.12571947276592255,0.9997658729553223
5638,1,0,2,0.2022121548652649,0.2834234833717346,0.5143643617630005,1.81215878324742e-31
5639,0,0,0,0.753203272819519,0.03927507996559143,0.20752164721488953,1.0
5640,1,0,2,0.017666229978203773,0.0004140252131037414,0.9819197058677673,2.4422035845574225e-27
5641,3,0,0,0.8828117847442627,0.10051729530096054,0.01667095720767975,0.9999850392341614
5642,3,0,0,0.6459783315658569,0.1742652952671051,0.17975635826587677,0.9999618530273438
5643,4,0,0,0.9374303817749023,0.02883731573820114,0.03373232111334801,0.9999850392341614
5644,0,0,2,0.0030996601562947035,0.000957781623583287,0.9959425330162048,1.0
5646,4,0,0,0.6629074215888977,0.009838281199336052,0.3272542953491211,0.999893069267273
5647,4,0,2,0.3728739619255066,0.1960100531578064,0.431115984916687,0.9999697208404541
5649,2,0,0,0.8537715673446655,0.024575568735599518,0.12165284156799316,1.0
5651,1,0,0,0.9618929624557495,0.008150232024490833,0.029956704005599022,0.0
5652,3,0,0,0.6413987874984741,0.034759771078825,0.323841392993927,0.9999412894248962
5654,4,0,0,0.6632618308067322,0.2616187334060669,0.0751195028424263,0.9999678134918213
5655,4,0,0,0.9619768261909485,0.005330312065780163,0.03269289433956146,0.9999886751174927
5656,0,2,2,0.000566285103559494,8.77610727911815e-06,0.999424934387207,0.9999997019767761
5657,2,0,0,0.9300249218940735,0.03525111824274063,0.03472393751144409,1.0
5658,4,0,0,0.85561203956604,0.13322103023529053,0.011166929267346859,0.9998430609703064
5659,0,0,0,0.827518105506897,0.11499281972646713,0.0574890598654747,1.0
5660,2,0,0,0.940680205821991,0.0013785470509901643,0.0579412616789341,1.0
5661,0,0,0,0.6617814898490906,0.27844640612602234,0.05977212265133858,1.0
5662,2,0,0,0.4654589891433716,0.37063878774642944,0.16390228271484375,1.0
5664,3,0,0,0.9392681121826172,0.014526941813528538,0.04620502144098282,0.9999650120735168
5666,1,0,2,0.40849050879478455,0.023815620690584183,0.567693829536438,0.0
5667,4,0,0,0.8781754970550537,0.05949541553854942,0.06232904642820358,0.9999849200248718
5669,1,0,0,0.773612916469574,0.052736375480890274,0.17365071177482605,7.422956543663264e-38
5670,2,0,0,0.8011434674263,0.053851641714572906,0.14500491321086884,1.0
5671,1,0,0,0.8101667165756226,0.135371133685112,0.05446222051978111,1.422056156315778e-36
5673,0,0,2,0.4636724591255188,0.028417708352208138,0.5079098343849182,0.9999999403953552
5674,0,0,2,0.22677379846572876,0.017333270981907845,0.7558929324150085,1.0
5675,1,0,2,0.21037557721138,0.03021242283284664,0.7594120502471924,0.0
5676,1,0,0,0.6660420894622803,0.04020252451300621,0.29375535249710083,6.076153051253432e-26
5677,3,0,0,0.91907799243927,0.023635871708393097,0.057286106050014496,0.999961256980896
5679,0,0,1,0.3823554813861847,0.4446693956851959,0.17297516763210297,1.0
5680,0,0,0,0.9034150242805481,0.03197640925645828,0.06460856646299362,1.0
5681,2,0,0,0.9297826886177063,0.020839018747210503,0.04937829077243805,1.0
5682,4,0,0,0.8780906200408936,0.09613768011331558,0.025771673768758774,0.9995699524879456
5683,1,0,2,0.11401419341564178,0.10857350379228592,0.7774123549461365,4.0881542595627707e-10
5684,2,0,0,0.8560050129890442,0.02919631265103817,0.11479858309030533,1.0
5685,4,0,0,0.6511040925979614,0.005831373855471611,0.3430646061897278,0.9999526143074036
5686,0,0,1,0.4704461693763733,0.4983135461807251,0.031240247189998627,1.0
5688,0,0,0,0.6948956251144409,0.05744927376508713,0.24765510857105255,0.9999997615814209
5689,3,0,0,0.7407827377319336,0.21322216093540192,0.04599510133266449,0.9999564290046692
5690,2,0,0,0.9823046922683716,0.0004387182416394353,0.017256546765565872,1.0
5691,2,0,0,0.7945157885551453,0.14551128447055817,0.05997294932603836,1.0
5693,2,0,0,0.5987582802772522,0.3006896674633026,0.100552037358284,1.0
5694,3,0,0,0.898286759853363,0.0004009190306533128,0.1013123095035553,0.9999310374259949
5695,2,0,0,0.8531617522239685,0.01995253749191761,0.12688574194908142,1.0
5696,1,0,0,0.8240189552307129,0.008681506849825382,0.16729950904846191,1.7694393493504017e-28
5697,0,0,0,0.5820376873016357,0.3158934414386749,0.10206886380910873,1.0
5698,0,0,2,0.33480900526046753,0.03523332253098488,0.6299576759338379,1.0
5699,1,0,0,0.795081377029419,0.18633078038692474,0.01858777552843094,4.275987579274321e-29
5700,2,0,0,0.9502107501029968,0.002442042576149106,0.04734714701771736,1.0
5701,0,0,0,0.7834340333938599,0.04610465466976166,0.17046134173870087,0.9999998807907104
5702,2,0,0,0.7972514629364014,0.019665123894810677,0.1830834001302719,1.0
5703,3,0,0,0.9020872116088867,0.004461696837097406,0.09345114231109619,0.9999754428863525
5704,2,0,2,0.05451240390539169,0.006468294654041529,0.9390192031860352,1.0
5706,3,0,0,0.6763163208961487,0.06532388925552368,0.25835978984832764,0.9999113082885742
5707,1,0,0,0.9645735621452332,0.022202664986252785,0.01322374027222395,2.557836520107533e-24
5709,0,0,0,0.8834500908851624,0.005220220424234867,0.11132968217134476,1.0
5711,3,0,0,0.6763163208961487,0.06532388925552368,0.25835978984832764,0.9999113082885742
5712,0,0,0,0.6951465010643005,0.0015854485100135207,0.30326807498931885,1.0
5713,0,0,0,0.8902029991149902,0.06663817167282104,0.04315883293747902,1.0
5714,1,0,0,0.9678115248680115,0.020452063530683517,0.011736486107110977,0.0
5716,1,0,2,0.44529420137405396,0.012281570583581924,0.542424201965332,1.7413817519192122e-27
5720,2,0,0,0.9806060194969177,0.008833803236484528,0.010560192167758942,1.0
5721,2,0,0,0.873103141784668,0.0457787849009037,0.08111806213855743,1.0
5723,1,0,0,0.9393021464347839,0.0336105041205883,0.02708725444972515,0.0
5724,1,0,2,0.48423171043395996,0.029088985174894333,0.4866793751716614,0.0
5725,1,0,2,0.37038442492485046,0.02158605121076107,0.6080296039581299,1.366117114113078e-26
5726,3,0,0,0.7294483780860901,0.0504923053085804,0.2200593650341034,0.9998840689659119
5727,0,0,2,0.23523999750614166,0.051960818469524384,0.7127991914749146,1.0
5728,0,0,0,0.8587856292724609,0.1242995485663414,0.01691473461687565,1.0
5729,3,0,0,0.9073100090026855,0.0018056429689750075,0.09088438749313354,0.9999342560768127
5730,0,0,0,0.918228030204773,0.046251822263002396,0.035520169883966446,1.0
5732,3,0,0,0.9614755511283875,0.014480624347925186,0.024043835699558258,0.9999155402183533
5733,3,0,2,0.2873796224594116,0.2672187089920044,0.4454016387462616,0.9999331831932068
5734,1,0,0,0.954102635383606,0.016529321670532227,0.029367990791797638,1.4625076296620337e-37
5736,3,0,0,0.8822392821311951,0.00031839596340432763,0.11744235455989838,0.9999771118164062
5737,3,0,0,0.6921432018280029,0.07814711332321167,0.2297096848487854,0.9999729990959167
5738,0,0,2,0.24762070178985596,0.3201844394207001,0.4321948289871216,1.0
5739,4,0,0,0.8847957849502563,0.026957454159855843,0.08824677765369415,0.9999828338623047
5740,4,0,0,0.9376199245452881,0.022269267588853836,0.040110740810632706,0.999861478805542
5741,1,0,0,0.961048424243927,0.014373239129781723,0.024578340351581573,1.5488509887228273e-39
5743,0,0,1,0.3594604730606079,0.47185394167900085,0.1686856746673584,1.0
5744,2,0,0,0.5931258797645569,0.4035205543041229,0.003353618085384369,1.0
5745,2,0,0,0.6320769786834717,0.35280004143714905,0.015123042277991772,1.0
5747,0,0,0,0.5851994752883911,0.02548428811132908,0.38931629061698914,1.0
5748,2,0,0,0.9118475317955017,0.01187589205801487,0.07627663761377335,1.0
5749,3,2,2,0.0002503032155800611,0.0002925068838521838,0.9994571805000305,0.9998640418052673
5750,0,0,2,0.11401347070932388,0.04870309308171272,0.8372835516929626,1.0
5751,1,0,0,0.6912562251091003,0.1595977246761322,0.14914599061012268,4.1627346982957604e-30
5752,3,0,0,0.4229796230792999,0.2142769694328308,0.3627433478832245,0.9999476671218872
5753,1,0,0,0.8908349871635437,0.06577640026807785,0.043388646095991135,1.0328555404743001e-29
5754,1,0,0,0.8798327445983887,0.00236021401360631,0.11780707538127899,1.2824126149956795e-30
5755,0,0,2,0.32762524485588074,0.028816241770982742,0.6435585618019104,1.0
5756,3,0,0,0.8125866055488586,0.016914822161197662,0.1704985797405243,0.9992615580558777
5757,2,0,0,0.6769833564758301,0.13351817429065704,0.18949845433235168,1.0
5758,0,0,0,0.5470051169395447,0.2592432498931885,0.19375163316726685,1.0
5759,3,0,0,0.9034422636032104,0.012581737712025642,0.08397606015205383,0.999943196773529
5760,4,0,0,0.6401770710945129,0.03388696163892746,0.3259360194206238,0.9999748468399048
5761,2,0,1,0.11256006360054016,0.8324119448661804,0.05502798780798912,1.0
5762,0,0,1,0.35046717524528503,0.6272220015525818,0.022310839965939522,1.0
5763,0,0,0,0.8393533229827881,0.09405265003442764,0.06659393012523651,1.0
5766,2,0,0,0.8903838396072388,0.023907994851469994,0.08570821583271027,1.0
5767,0,0,1,0.01882433332502842,0.9756487011909485,0.005526980385184288,1.0
5771,0,0,0,0.7950197458267212,0.08273889869451523,0.12224136292934418,1.0
5772,0,0,0,0.6477593779563904,0.11621595174074173,0.23602469265460968,1.0
5773,4,2,2,0.005422919522970915,0.0016745756147429347,0.9929024577140808,0.9990653991699219
5774,0,0,0,0.7130364179611206,0.21866174042224884,0.06830184906721115,1.0
5775,1,0,2,0.4272804260253906,0.06838259845972061,0.504336953163147,4.421778800045833e-15
5776,3,0,0,0.771006166934967,0.06897146999835968,0.16002240777015686,0.9999582171440125
5777,4,0,0,0.8316205739974976,0.04061179608106613,0.12776760756969452,0.9999902248382568
5778,1,0,2,0.38747870922088623,0.058494385331869125,0.5540269017219543,2.1642661258025286e-17
5779,2,0,0,0.9926514029502869,0.00043508660746738315,0.006913452409207821,1.0
5781,4,0,2,0.3195343613624573,0.00864286907017231,0.671822726726532,0.9991694092750549
5782,1,0,0,0.8116511702537537,0.06214708834886551,0.1262017786502838,0.0
5784,1,0,0,0.717448353767395,0.11962445825338364,0.16292712092399597,2.8915521062444674e-16
5785,0,0,0,0.7130364179611206,0.21866174042224884,0.06830184906721115,1.0
5787,0,0,0,0.8596909642219543,0.07211136072874069,0.06819768249988556,1.0
5788,2,0,1,0.006046583876013756,0.9932847023010254,0.000668770051561296,1.0
5789,1,0,0,0.9919241070747375,0.0006117912125773728,0.00746411457657814,5.460813031845411e-38
5790,0,0,0,0.9458891749382019,0.025533108040690422,0.028577683493494987,1.0
5791,4,0,0,0.8101177215576172,0.026892784982919693,0.1629895120859146,0.996669352054596
5792,0,0,1,0.2635156810283661,0.5098349452018738,0.22664938867092133,1.0
5793,2,0,0,0.9588045477867126,0.006531242746859789,0.03466418385505676,1.0
5794,4,0,0,0.8557784557342529,0.0044694021344184875,0.13975225389003754,0.9996522068977356
5795,4,2,2,5.368911661207676e-05,0.002362920669838786,0.9975833892822266,0.9999485611915588
5796,0,0,0,0.8214240074157715,0.0717800036072731,0.10679597407579422,1.0
5797,3,0,2,0.44552427530288696,0.10576669871807098,0.44870901107788086,0.9999592304229736
5798,4,0,0,0.43836215138435364,0.21290114521980286,0.3487367033958435,0.9996203184127808
5801,4,0,0,0.9014692902565002,0.08471889048814774,0.013811847195029259,0.9988826513290405
5802,0,0,0,0.6586362719535828,0.010248802602291107,0.3311149477958679,1.0
5803,0,0,0,0.7880579829216003,0.008625171147286892,0.2033168375492096,1.0
5805,3,0,0,0.9479556083679199,0.024226870387792587,0.027817532420158386,0.9996189475059509
5806,3,0,0,0.821604311466217,0.09588958323001862,0.08250605314970016,0.9999846816062927
5807,4,0,0,0.7658045887947083,0.10802844911813736,0.1261669099330902,0.9994723200798035
5809,3,0,0,0.5946999788284302,0.034785788506269455,0.3705142140388489,0.9999585151672363
5810,2,0,0,0.716970682144165,0.14030520617961884,0.14272411167621613,1.0
5811,2,0,1,0.37136390805244446,0.5798467993736267,0.048789314925670624,1.0
5814,3,0,2,0.020009644329547882,0.021341616287827492,0.9586487412452698,0.9995782971382141
5815,3,0,0,0.8319604992866516,0.13686171174049377,0.031177787110209465,0.9999496936798096
5816,4,0,0,0.8728797435760498,0.02388591505587101,0.10323432087898254,0.9999750852584839
5817,2,0,0,0.8627556562423706,0.005827202927321196,0.1314171701669693,1.0
5818,0,0,0,0.6978991627693176,0.0638042762875557,0.2382965385913849,1.0
5821,2,0,1,0.37136390805244446,0.5798467993736267,0.048789314925670624,1.0
5822,3,0,0,0.5226916074752808,0.09022421389818192,0.3870842158794403,0.9999204874038696
5824,0,0,0,0.7371490001678467,0.015879729762673378,0.24697132408618927,1.0
5826,1,0,0,0.7679269909858704,0.11014263331890106,0.1219303086400032,2.8852844614465875e-35
5828,3,0,0,0.9050912261009216,0.000546039140317589,0.0943627804517746,0.9999507665634155
5829,2,0,2,0.2383795827627182,0.03576761111617088,0.7258527874946594,1.0
5830,2,0,0,0.7443903088569641,0.007109839469194412,0.24849992990493774,1.0
5832,2,0,0,0.8578154444694519,0.002940485952422023,0.13924412429332733,1.0
5833,4,0,0,0.8882139921188354,0.0469721294939518,0.06481397151947021,0.9999871850013733
5834,1,0,0,0.47886502742767334,0.47215163707733154,0.04898342117667198,9.102288317852925e-40
5835,1,0,2,0.2147902101278305,0.10134357213973999,0.6838662624359131,3.220058711577561e-32
5836,2,0,0,0.9438300132751465,0.004372813738882542,0.05179717019200325,1.0
5837,3,0,0,0.7189387679100037,0.014336410909891129,0.26672473549842834,0.9999860525131226
5838,4,0,0,0.6936135292053223,0.11072227358818054,0.19566424190998077,0.9997169375419617
5839,2,0,0,0.7938815951347351,0.03877409175038338,0.1673443466424942,1.0
5840,0,0,0,0.8161104321479797,0.06640861928462982,0.11748089641332626,1.0
5841,3,0,0,0.9432867169380188,0.013247030787169933,0.04346626624464989,0.9999765157699585
5842,0,0,0,0.7629433870315552,0.16465190052986145,0.07240478694438934,1.0
5843,1,0,0,0.8775849342346191,0.05969036743044853,0.06272467225790024,3.979880921407413e-32
5844,1,0,0,0.7273813486099243,0.09722935408353806,0.17538931965827942,0.0
5845,0,0,0,0.8161104321479797,0.06640861928462982,0.11748089641332626,1.0
5846,2,0,0,0.7938815951347351,0.03877409175038338,0.1673443466424942,1.0
5847,4,0,0,0.6936135292053223,0.11072227358818054,0.19566424190998077,0.9997169375419617
5848,3,0,0,0.7049525380134583,0.009675743989646435,0.28537169098854065,0.9998030662536621
5850,3,0,0,0.7209327816963196,0.08197184652090073,0.1970953643321991,0.999897301197052
5852,3,0,1,0.20210348069667816,0.5089820623397827,0.2889144718647003,0.9998958110809326
5854,1,0,0,0.9887032508850098,0.0018224949017167091,0.009474285878241062,4.712000965870024e-29
5855,4,0,0,0.7496008276939392,0.06090178340673447,0.18949738144874573,0.9997120499610901
5856,2,0,0,0.9589651226997375,0.0102766752243042,0.030758213251829147,1.0
5858,3,0,0,0.7150973081588745,0.006761287339031696,0.2781413495540619,0.9999377131462097
5859,0,0,0,0.9651113748550415,0.014771745540201664,0.020116927102208138,1.0
5861,3,0,0,0.7614498138427734,0.0017731128027662635,0.23677700757980347,0.9999666213989258
5862,4,0,0,0.5074344873428345,0.37353453040122986,0.11903098970651627,0.9999402761459351
5863,0,0,0,0.7443651556968689,0.01151395495980978,0.24412089586257935,1.0
5864,1,0,0,0.7448878288269043,0.05593286454677582,0.1991792470216751,2.3910852841488636e-30
5865,2,0,0,0.6994691491127014,0.05155980959534645,0.24897103011608124,1.0
5866,1,0,0,0.6887385249137878,0.2361982762813568,0.07506316155195236,1.1184715731360484e-05
5867,3,0,0,0.9813809394836426,0.00020842233789153397,0.018410513177514076,0.999968945980072
5868,1,0,0,0.5348005890846252,0.3078624904155731,0.15733690559864044,1.2149887792924012e-29
5869,3,0,0,0.7614498138427734,0.0017731128027662635,0.23677700757980347,0.9999666213989258
5870,3,0,0,0.8093131184577942,0.07784596085548401,0.11284095048904419,0.999960720539093
5871,0,0,0,0.6059777140617371,0.07386347651481628,0.32015880942344666,1.0
5872,4,0,0,0.7496008276939392,0.06090178340673447,0.18949738144874573,0.9997120499610901
5875,1,0,0,0.8709191679954529,0.015605988912284374,0.11347489804029465,1.2169015994043144e-40
5876,0,0,0,0.9460899829864502,0.033252548426389694,0.020657509565353394,1.0
5877,1,0,2,0.012308088131248951,0.012254604138433933,0.9754372239112854,8.716628537274531e-36
5878,4,0,0,0.6656266450881958,0.3194597363471985,0.014913628809154034,0.9998868107795715
5880,3,0,2,0.038283612579107285,9.61447658482939e-05,0.9616201519966125,0.9995830059051514
5881,0,0,0,0.9147060513496399,0.004153749439865351,0.08114027231931686,1.0
5882,2,0,0,0.8775115013122559,0.04835301637649536,0.07413545250892639,1.0
5883,0,0,0,0.9130378365516663,0.059104111045598984,0.027858097106218338,1.0
5884,4,0,0,0.4584093987941742,0.42087092995643616,0.12071961909532547,0.9998602271080017
5885,0,0,0,0.705066442489624,0.10088799148797989,0.19404558837413788,1.0
5888,1,0,0,0.886835515499115,0.008535110391676426,0.10462939739227295,0.0
5889,4,0,2,0.3359704911708832,0.14259788393974304,0.5214316844940186,0.9999529123306274
5890,1,0,0,0.9310442209243774,0.009909722954034805,0.059046003967523575,8.90164506310219e-35
5891,2,0,0,0.8775115013122559,0.04835301637649536,0.07413545250892639,1.0
5892,0,0,0,0.6107626557350159,0.09761646389961243,0.2916208803653717,1.0
5894,3,0,0,0.7913106083869934,0.004845956806093454,0.2038433700799942,0.9999561309814453
5895,1,0,0,0.8894849419593811,0.014228888787329197,0.09628614783287048,0.0
5896,2,0,0,0.9850560426712036,0.00024156426661647856,0.014702459797263145,1.0
5897,3,0,1,0.26243478059768677,0.6791960597038269,0.05836920812726021,0.9998352527618408
5898,1,0,2,0.36012399196624756,0.036498650908470154,0.6033773422241211,3.007814045379325e-22
5899,1,0,0,0.7917138338088989,0.009343002922832966,0.1989431530237198,1.2511056269304555e-30
5900,1,0,0,0.9035356044769287,0.024949466809630394,0.07151494175195694,0.0
5901,1,0,0,0.7840145230293274,0.18823891878128052,0.02774661034345627,1.3435829938980797e-36
5902,1,0,0,0.8149542808532715,0.02285238727927208,0.16219329833984375,1.0820569688277415e-27
5903,2,0,0,0.5027724504470825,0.1849348247051239,0.3122926652431488,1.0
5904,0,0,0,0.8131043910980225,0.048119738698005676,0.13877587020397186,1.0
5905,4,0,0,0.9450579285621643,0.006010781042277813,0.048931341618299484,0.9999938011169434
5906,3,0,2,0.0004200186813250184,0.00010299005953129381,0.9994770884513855,0.9999271035194397
5907,0,0,0,0.9710848927497864,0.009869728237390518,0.019045300781726837,1.0
5908,1,2,2,8.709861504030414e-06,0.000108838350570295,0.9998824596405029,9.251113601300293e-14
5910,4,2,2,4.437579627847299e-05,4.024518057121895e-05,0.999915361404419,0.9999405741691589
5911,2,0,0,0.5033639669418335,0.4824431836605072,0.014192820526659489,1.0
5912,0,0,0,0.7451453804969788,0.018246550112962723,0.2366081029176712,1.0
5913,1,0,2,0.30471858382225037,0.029222402721643448,0.6660590171813965,5.2576234325137035e-24
5914,4,0,0,0.8358883857727051,0.018221603706479073,0.14589007198810577,0.9999045133590698
5915,2,0,2,0.09535079449415207,0.018765337765216827,0.8858838677406311,1.0
5916,0,0,1,0.09520493447780609,0.601570725440979,0.3032243251800537,1.0
5919,1,0,0,0.8196802735328674,0.026802727952599525,0.1535169929265976,5.2149364307563456e-30
5920,1,0,2,0.035327065736055374,0.0034119184128940105,0.9612609148025513,6.879931109116185e-23
5921,2,0,0,0.7793269157409668,0.08579041063785553,0.1348825991153717,1.0
5923,4,0,1,0.28332239389419556,0.6452870965003967,0.07139047235250473,0.9996800422668457
5924,3,0,0,0.7627199292182922,0.007411416620016098,0.22986869513988495,0.9999434947967529
5925,4,2,1,1.9492787032504566e-05,0.9747612476348877,0.02521928772330284,0.9999771118164062
5926,2,0,0,0.969021201133728,0.001714948215521872,0.029263852164149284,1.0
5927,2,0,0,0.9709674119949341,0.0042699165642261505,0.024762649089097977,1.0
5928,4,0,1,0.3849320113658905,0.5859065651893616,0.029161417856812477,0.9998661875724792
5929,4,0,2,0.36799725890159607,0.0004196804657112807,0.6315830945968628,0.9999875426292419
5930,2,0,0,0.7938059568405151,0.012321175076067448,0.1938728243112564,1.0
5932,0,0,2,0.15471306443214417,0.007161466404795647,0.8381255269050598,1.0
5933,3,0,0,0.8787797093391418,0.0258624367415905,0.09535784274339676,0.9999663233757019
5934,3,0,0,0.7613128423690796,0.0030417258385568857,0.23564539849758148,0.9999564290046692
5935,0,0,0,0.9141397476196289,0.04527619853615761,0.040584128350019455,0.9999999403953552
5936,3,0,0,0.9322378635406494,0.005823361687362194,0.06193873658776283,0.9999668002128601
5937,1,0,0,0.6053152680397034,0.0011790686985477805,0.39350569248199463,9.471565614877896e-15
5938,0,0,0,0.762594997882843,0.021114058792591095,0.21629101037979126,1.0
5939,0,0,2,0.06795068085193634,0.010732985101640224,0.9213163256645203,0.9999997615814209
5940,3,0,2,0.1391693651676178,0.026534762233495712,0.834295928478241,0.9999663829803467
5941,3,0,1,0.0003467148635536432,0.9996026158332825,5.063246499048546e-05,0.999735414981842
5942,0,0,2,0.1078680008649826,0.2640988528728485,0.6280331611633301,1.0
5943,1,2,2,5.5018968851072714e-05,0.00012503885955084115,0.9998199343681335,2.739400928319924e-10
5945,3,0,1,0.36504825949668884,0.5744002461433411,0.06055150553584099,0.9999439120292664
5947,2,0,0,0.7938059568405151,0.012321175076067448,0.1938728243112564,1.0
5949,4,0,0,0.5915046334266663,0.043037738651037216,0.365457683801651,0.9999435544013977
5950,3,0,0,0.8315678834915161,0.10368572175502777,0.06474638730287552,0.9999076128005981
5952,2,0,2,0.2674632966518402,0.00030953349778428674,0.7322271466255188,1.0
5953,4,0,2,0.21752935647964478,0.014706967398524284,0.7677636742591858,0.9997593760490417
5954,3,0,2,0.48536983132362366,0.003527238965034485,0.5111029744148254,0.9998965859413147
5955,4,0,0,0.7111366391181946,0.061203666031360626,0.2276597023010254,0.9997091889381409
5956,0,0,2,0.1487053483724594,0.006752177607268095,0.844542384147644,0.9999991059303284
5957,4,0,0,0.568906307220459,0.18151985108852386,0.24957382678985596,0.9999620914459229
5958,1,0,0,0.9571494460105896,0.002035647165030241,0.04081488400697708,2.5938495750415235e-27
5959,2,0,0,0.8959566354751587,0.010628054849803448,0.09341529756784439,1.0
5964,4,0,2,0.2090993970632553,0.003015920054167509,0.7878847122192383,0.9996469020843506
5965,0,0,2,0.09997279196977615,0.060949575155973434,0.8390775918960571,1.0
5966,4,0,0,0.8143653273582458,0.004778094589710236,0.18085655570030212,0.9999565482139587
5967,3,0,1,0.1492309719324112,0.7392022013664246,0.11156678944826126,0.9998953342437744
5968,0,0,0,0.7314038276672363,0.25913116335868835,0.009464995935559273,0.9999998211860657
5970,4,0,0,0.9612913727760315,0.009735320694744587,0.02897341176867485,0.999471127986908
5971,4,0,2,0.4604851305484772,0.01725250855088234,0.5222623944282532,0.9999565482139587
5972,1,0,0,0.46257224678993225,0.3424204885959625,0.19500727951526642,2.3806841191607986e-18
5973,2,0,0,0.9901220202445984,0.0051040337421,0.004773867316544056,1.0
5974,3,0,0,0.7038740515708923,0.18567080795764923,0.11045518517494202,0.9999803900718689
5975,4,0,2,0.15254364907741547,0.004826217424124479,0.84263014793396,0.9985116720199585
5976,3,0,0,0.9831826686859131,0.005621984601020813,0.011195375584065914,0.9999656081199646
5977,0,0,0,0.9465014934539795,0.02644198201596737,0.027056438848376274,1.0
5978,3,0,0,0.781268835067749,0.005667299963533878,0.21306383609771729,0.9999856948852539
5979,0,0,1,0.30101504921913147,0.4175091087818146,0.28147590160369873,1.0
5980,1,0,0,0.696570634841919,0.14517953991889954,0.1582498550415039,1.9933068355481197e-30
5981,3,0,2,0.34580352902412415,0.0029355636797845364,0.6512609124183655,0.9999839067459106
5982,1,0,0,0.7790420055389404,0.05833526328206062,0.16262274980545044,9.411415319602365e-38
5983,3,0,0,0.6562198996543884,0.31811898946762085,0.025661088526248932,0.9999130964279175
5984,1,0,0,0.9270402193069458,0.028872011229395866,0.04408784583210945,5.193212108787772e-37
5985,2,0,0,0.9047785401344299,0.0017885924316942692,0.09343288838863373,1.0
5986,0,0,0,0.6867601275444031,0.23843002319335938,0.07480982691049576,0.9999996423721313
5987,3,0,0,0.9347065687179565,0.009043452329933643,0.056250058114528656,0.9999491572380066
5988,2,0,0,0.8011690974235535,0.039258960634469986,0.15957197546958923,1.0
5989,4,0,0,0.9039871096611023,0.05337757617235184,0.04263533651828766,0.9999725222587585
5990,1,0,2,0.19103790819644928,0.0018856748938560486,0.8070764541625977,9.57983682151018e-41
5991,4,0,0,0.8783527612686157,0.06066882237792015,0.06097837910056114,0.999774158000946
5993,1,0,0,0.8784616589546204,0.005209226626902819,0.1163291335105896,1.918381066603049e-33
5994,4,0,0,0.9540486335754395,0.03239917382597923,0.013552266173064709,0.9999665021896362
5995,4,0,0,0.925507128238678,0.03247674182057381,0.04201607033610344,0.9998371601104736
5996,2,0,0,0.9767065048217773,0.0036775122862309217,0.019615929573774338,1.0
5997,3,0,2,0.17797012627124786,0.08064737915992737,0.7413825392723083,0.9999513030052185
5998,1,0,0,0.727320671081543,0.00471452996134758,0.2679648697376251,0.0
5999,2,0,2,0.010146339423954487,0.0021813958883285522,0.9876722693443298,1.0
6000,4,2,2,2.0678440705523826e-05,1.3290566585055785e-06,0.9999780654907227,0.9986218214035034
6001,2,0,0,0.9322267770767212,0.014882669784128666,0.0528905875980854,1.0
6002,4,0,0,0.54978346824646,0.01463230885565281,0.43558424711227417,0.9995419383049011
6006,1,1,1,1.0078038940264378e-05,0.9999731779098511,1.66996760526672e-05,1.9291241264365735e-35
6011,4,2,2,0.10591088980436325,0.0036624292843043804,0.890426754951477,0.9999206066131592
6012,3,2,2,2.1336745703592896e-06,3.604076846386306e-05,0.9999618530273438,0.9999269843101501
6013,1,1,1,0.00030227130628190935,0.9996676445007324,3.0119521397864446e-05,2.1477348722982687e-23
6014,3,2,2,6.561072950717062e-06,1.991213321161922e-05,0.9999735355377197,0.9933072328567505
6016,0,2,2,4.382395335511546e-09,2.987492564443528e-08,1.0,1.0
6019,4,2,0,0.8050161600112915,0.11465612053871155,0.08032775670289993,0.9998611211776733
6020,4,0,1,9.464005046311286e-08,0.9998877048492432,0.00011220294254599139,0.9999356865882874
6021,3,2,2,0.019009701907634735,0.0016442436026409268,0.9793460369110107,0.9999315738677979
6022,2,2,2,0.01100184302777052,0.0009391498169861734,0.9880591034889221,1.0
6023,1,2,2,0.00014796160394325852,0.07197460532188416,0.9278773665428162,2.939524928942958e-15
6024,3,2,2,5.914089662439892e-09,1.526542405372311e-06,0.9999984502792358,0.9998653531074524
6025,2,2,2,5.263055413706752e-08,1.161463274002017e-06,0.9999988079071045,1.0
6026,2,2,2,1.8959502995130606e-05,8.400517981499434e-05,0.9998970031738281,1.0
6027,3,2,2,9.864994376940217e-10,1.7779891336999754e-08,1.0,0.9998729825019836
6029,3,0,0,0.9330508708953857,0.013475173152983189,0.05347386375069618,0.9999208450317383
6030,2,0,0,0.6425982117652893,0.12623241543769836,0.23116938769817352,1.0
6031,3,2,2,0.3139241337776184,0.28086668252944946,0.40520918369293213,0.9998422265052795
6032,2,0,0,0.9428825378417969,0.010483333840966225,0.04663414508104324,1.0
6034,1,2,2,0.12707637250423431,0.045767705887556076,0.8271558880805969,1.675035110596271e-35
6035,4,0,1,0.426522433757782,0.428058922290802,0.14541862905025482,0.9999392032623291
6036,2,2,2,8.784144245321812e-11,6.108548973315919e-07,0.9999994039535522,1.0
6037,3,2,0,0.5017309188842773,0.08465181291103363,0.41361722350120544,0.9998745918273926
6038,0,2,2,5.89294923969419e-09,5.586834390669537e-07,0.9999994039535522,0.9999994039535522
6039,2,2,2,4.030766831419896e-06,3.383083679864285e-08,0.9999959468841553,1.0
6040,4,2,2,2.7630103431874886e-05,1.659283498156583e-06,0.9999706745147705,0.9824783802032471
6041,3,2,2,6.084682172513567e-05,2.4521445084246807e-05,0.9999146461486816,0.9824130535125732
6044,0,2,2,1.533483009552583e-05,2.7517378953234584e-07,0.9999843835830688,0.9999951720237732
6045,4,2,2,0.0008228517253883183,3.7415564293041825e-05,0.999139666557312,0.9993336200714111
6047,0,0,1,0.1665753871202469,0.8173150420188904,0.016109535470604897,1.0
6049,4,2,2,0.000487233221065253,2.0918780137435533e-05,0.999491810798645,0.9994747638702393
6050,2,2,2,1.1551855999547556e-10,8.56466175758186e-10,1.0,1.0
6051,3,2,2,2.4293699496524823e-08,1.996149194383179e-06,0.9999979734420776,0.9991172552108765
6052,0,2,2,1.715291970960653e-11,3.9057518330665175e-10,1.0,0.9999937415122986
6053,4,2,2,7.07663730281638e-07,0.14611279964447021,0.8538864850997925,0.9998095631599426
6055,1,2,2,2.0501007114148706e-08,5.653595849253179e-07,0.9999994039535522,1.8841573137251544e-06
6056,0,2,2,1.395114468394354e-09,9.425935587614731e-08,0.9999998807907104,0.9999998211860657
6057,4,2,2,0.024739643558859825,0.0015710187144577503,0.9736893177032471,0.9987791776657104
6058,2,2,2,2.334727966513128e-10,3.237429524460822e-08,1.0,1.0
6060,3,0,0,0.8226805925369263,0.02159973792731762,0.15571962296962738,0.9999209046363831
6061,0,2,2,1.395114468394354e-09,9.425935587614731e-08,0.9999998807907104,0.9999998211860657
6062,2,0,0,0.7882043719291687,0.047324568033218384,0.1644710749387741,1.0
6063,3,2,2,5.582938555903638e-08,3.4863248856709106e-06,0.999996542930603,0.9987550377845764
6064,3,2,2,1.5335316350117978e-09,2.6882215564683065e-08,1.0,0.9868323802947998
6065,4,2,2,2.0213952733882934e-09,1.5271047232090496e-05,0.9999847412109375,0.9999285340309143
6066,1,0,0,0.6620455384254456,0.08261154592037201,0.25534287095069885,5.615202043035353e-37
6067,4,1,1,0.026005819439888,0.9725209474563599,0.0014731778064742684,0.9981016516685486
6068,3,1,1,1.4322344213724136e-05,0.9999853372573853,2.882839567064366e-07,0.9997281432151794
6069,2,1,1,0.3239506185054779,0.5930246710777283,0.08302474766969681,1.0
6071,0,2,2,1.2684014949471134e-09,4.256872614405438e-07,0.9999995231628418,0.9999999403953552
6072,2,2,2,9.791370839118407e-12,1.255973192115789e-08,1.0,1.0
6073,0,2,2,6.177978129073836e-09,3.6074013678444317e-06,0.9999964237213135,0.9999914169311523
6074,2,2,2,5.278764838440031e-12,6.077638392554263e-09,1.0,1.0
6075,2,2,2,7.634975984771586e-11,5.695566684948972e-09,1.0,1.0
6076,1,0,0,0.7588037252426147,0.0951608344912529,0.14603541791439056,3.696728025180044e-24
6077,4,2,2,4.040246470715658e-10,6.442570921194601e-09,1.0,0.9996379613876343
6078,1,2,2,1.0934919373539742e-05,0.00012790320033673197,0.9998611211776733,3.460254526893537e-16
6079,2,2,2,0.018299773335456848,0.007327700033783913,0.9743725657463074,1.0
6080,2,2,2,0.023285241797566414,6.697790377074853e-05,0.9766478538513184,1.0
6081,4,0,0,0.7835009098052979,0.048320673406124115,0.16817834973335266,0.9981534481048584
6083,3,2,2,6.434821564482718e-09,5.18969178742168e-09,1.0,0.9991174340248108
6084,1,2,2,1.6399235747144303e-08,6.46493703015949e-09,1.0,6.842877466739064e-19
6085,1,2,2,0.006939619313925505,0.003031353931874037,0.9900290369987488,7.911151245614874e-25
6086,0,2,0,0.8007678985595703,0.04252462834119797,0.1567074954509735,1.0
6087,1,0,0,0.5701656937599182,0.05769551172852516,0.37213876843452454,2.468135721471436e-18
6088,3,0,2,0.05544004589319229,0.023132173344492912,0.9214277267456055,0.9998548626899719
6089,2,2,2,1.0732115196532277e-09,5.079215497971745e-06,0.9999948740005493,1.0
6091,0,2,2,9.148402868586203e-11,5.02610930652736e-09,1.0,0.9999996423721313
6092,3,2,2,1.6639940980667234e-08,2.917458459705813e-06,0.9999971389770508,0.9990761876106262
6094,1,2,2,4.315678481248142e-08,1.2109703675378114e-05,0.9999878406524658,1.8751437380615243e-07
6095,2,1,1,0.0005561463767662644,0.9992722868919373,0.00017158113769255579,1.0
6096,0,2,2,4.685939192228261e-09,5.1093820729875006e-08,1.0,0.999925971031189
6097,2,2,2,7.63077882132146e-12,4.2113487697115204e-10,1.0,1.0
6098,1,2,2,0.12469432502985,0.001157220103777945,0.8741484880447388,6.119050004167179e-40
6100,0,2,2,1.1794651921803734e-09,6.01507750275232e-08,0.9999998807907104,1.0
6101,0,2,0,0.5608024001121521,0.06635013222694397,0.37284743785858154,0.9999977350234985
6102,3,0,1,0.16733406484127045,0.7463239431381226,0.0863419771194458,0.997475802898407
6103,0,0,0,0.6612449884414673,0.05992083624005318,0.27883413434028625,1.0
6104,2,1,1,0.02234959974884987,0.9702126383781433,0.0074377781711518764,1.0
6106,3,0,0,0.9003522396087646,0.02317301370203495,0.07647468894720078,0.9999596476554871
6107,0,0,2,0.29994094371795654,0.014164784923195839,0.6858943104743958,0.9999997615814209
6108,4,0,0,0.8470569252967834,0.06691926717758179,0.0860237330198288,0.9999688863754272
6109,4,0,0,0.9114426374435425,0.06058040261268616,0.027976999059319496,0.9999188780784607
6110,4,0,0,0.5945921540260315,0.10916513204574585,0.29624277353286743,0.9991657137870789
6112,0,2,2,4.037469989270903e-05,6.813543222961016e-06,0.9999527931213379,0.9999948143959045
6113,3,2,2,5.352455445972737e-06,0.4874301254749298,0.512564480304718,0.9947807788848877
6114,4,2,2,6.66680934955366e-05,7.974614709382877e-05,0.9998536109924316,0.9999731779098511
6115,0,0,0,0.6514066457748413,0.1114075630903244,0.2371857911348343,1.0
6116,0,2,0,0.6086059808731079,0.20716533064842224,0.18422864377498627,1.0
6117,4,2,2,4.289081534381012e-09,3.514867614740069e-07,0.9999996423721313,0.9999478459358215
6118,1,2,2,0.01692209392786026,0.05831710621714592,0.9247608184814453,8.377960425836507e-26
6119,4,2,2,1.7960888953894028e-07,8.616237323622045e-07,0.999998927116394,0.9960889220237732
6120,3,0,0,0.7568230628967285,0.03975105285644531,0.2034258395433426,0.9999675750732422
6121,2,0,0,0.7626445293426514,0.15684904158115387,0.08050646632909775,1.0
6122,4,0,0,0.8761497139930725,0.07585117965936661,0.04799911007285118,0.999901533126831
6123,1,2,2,0.17913535237312317,0.0011740848422050476,0.8196905851364136,2.1463565263798362e-37
6124,1,2,0,0.5624701976776123,0.019760435447096825,0.41776934266090393,3.3484045013947815e-21
6125,2,0,0,0.8465428948402405,0.019651848822832108,0.13380524516105652,1.0
6127,0,0,0,0.8748297095298767,0.06593114882707596,0.059239115566015244,1.0
6129,4,2,0,0.6619859337806702,0.015373732894659042,0.3226403295993805,0.9999579787254333
6130,3,1,1,0.004671100061386824,0.9951342940330505,0.00019462833006400615,0.9974393248558044
6131,4,0,2,0.21115201711654663,0.011696355417370796,0.7771516442298889,0.9999603033065796
6133,3,2,0,0.5299897193908691,0.33828333020210266,0.13172701001167297,0.9998853802680969
6134,4,2,2,1.1128412324978854e-07,9.275481716031209e-08,0.9999997615814209,0.9981456995010376
6135,1,0,0,0.7206299304962158,0.06556253880262375,0.21380756795406342,1.0397890789170845e-24
6136,4,1,1,2.9128914391662875e-08,0.9999994039535522,6.198245046107331e-07,0.9993137121200562
6137,4,1,2,0.04848884791135788,0.09910835325717926,0.8524028658866882,0.9999497532844543
6139,2,1,0,0.9187458157539368,0.030997799709439278,0.0502564013004303,1.0
6140,1,2,0,0.9155980944633484,0.054281145334243774,0.030120743438601494,4.37559450912113e-34
6141,3,2,2,2.104593193053006e-07,0.00010811178799485788,0.9998916387557983,0.9998278021812439
6143,1,2,0,0.7473528385162354,0.1264156997203827,0.12623143196105957,2.6965342416787178e-24
6145,3,2,2,6.84941303674691e-09,1.3381583130467334e-07,0.9999998807907104,0.9998177289962769
6146,2,2,2,1.7683640862742322e-06,1.0550218576099724e-05,0.9999876022338867,1.0
6147,4,1,1,1.1714271295204526e-06,0.9999988079071045,1.2835583262926775e-08,0.9993227124214172
6148,2,2,2,4.5486039823572355e-08,1.3748170886174194e-06,0.9999985694885254,1.0
6149,4,2,2,4.309951293635095e-07,1.2454854640964186e-06,0.9999983310699463,0.9999014735221863
6150,2,1,1,0.00010311974619980901,0.999893307685852,3.6037044992554e-06,1.0
6151,2,0,0,0.8128364682197571,0.12709473073482513,0.06006878241896629,1.0
6152,4,2,2,2.642609615577385e-06,0.00018839468248188496,0.9998089671134949,0.9974831938743591
6153,3,0,0,0.8916247487068176,0.10071411728858948,0.007661180570721626,0.9999675750732422
6154,2,1,1,2.255712024634704e-05,0.9999773502349854,1.477272348893166e-07,1.0
6157,3,2,2,0.13885881006717682,0.1195206567645073,0.7416205406188965,0.9999618530273438
6158,3,1,1,4.700362126186519e-07,0.9999995231628418,5.934970914722726e-08,0.9995661377906799
6159,4,2,2,9.612561614746884e-12,1.68151483848078e-08,1.0,0.9991790056228638
6160,2,2,2,7.276784209919729e-12,3.1830040825298056e-07,0.9999996423721313,1.0
6161,3,0,0,0.6972280144691467,0.02628590725362301,0.2764861285686493,0.999785304069519
6162,4,2,0,0.5619760751724243,0.415120005607605,0.022903967648744583,0.9995913505554199
6163,3,2,2,0.2224825769662857,0.09214441478252411,0.6853729486465454,0.9998569488525391
6164,1,1,1,0.0006306035211309791,0.999321460723877,4.7943573008524254e-05,5.75058410301478e-17
6165,0,2,2,3.2623384549346213e-10,3.605714837817686e-08,1.0,1.0
6166,1,0,2,0.0013300249120220542,0.22388218343257904,0.7747878432273865,9.410921858152121e-27
6167,1,2,2,7.575735025966424e-07,1.9785898075497244e-06,0.9999972581863403,0.009467639960348606
6168,3,0,0,0.7417572140693665,0.024335013702511787,0.2339078038930893,0.9999316930770874
6169,1,2,2,0.1357700079679489,0.04291999340057373,0.8213099837303162,1.2567612518675159e-27
6171,3,1,0,0.9150003790855408,0.022836223244667053,0.062163375318050385,0.9999486207962036
6172,1,2,2,5.183313191992056e-07,4.017084847873775e-06,0.9999954700469971,9.099474443772466e-17
6173,1,0,1,0.0008585324394516647,0.8102927207946777,0.18884874880313873,1.7584640433244514e-23
6174,0,2,2,6.833673071859891e-10,1.534457005902823e-08,1.0,1.0
6175,2,2,2,4.953281163011525e-08,1.3838302947988268e-06,0.9999985694885254,1.0
6176,4,2,2,3.630246965258266e-07,0.0003529200912453234,0.9996466636657715,0.9999080300331116
6177,0,1,1,0.013340451754629612,0.5008687376976013,0.48579081892967224,1.0
6179,1,2,2,9.494625885508867e-08,6.0338861658237875e-06,0.9999938011169434,6.733660395767671e-13
6180,4,2,2,1.892958749749596e-07,5.738060622206831e-07,0.9999991655349731,0.9985411763191223
6182,1,2,2,0.0024559826124459505,0.00024041581491474062,0.9973036050796509,4.71985990159338e-18
6183,4,2,2,1.3958841918793041e-05,6.9166744651738554e-06,0.9999791383743286,0.9982770085334778
6184,4,2,0,0.7599853277206421,0.1420968472957611,0.09791788458824158,0.9999681711196899
6185,2,0,2,0.42930659651756287,0.004575326107442379,0.5661181211471558,1.0
6186,1,2,2,0.07610107213258743,0.011192327365279198,0.9127066135406494,9.353698077934369e-38
6187,4,1,2,0.24848270416259766,0.3365318179130554,0.4149854779243469,0.9996294975280762
6188,1,0,2,0.2864026427268982,0.0953657403588295,0.6182315945625305,1.0931013374737171e-29
6189,0,2,2,0.002185952616855502,0.00028787096380256116,0.9975261092185974,1.0
6190,1,2,2,2.441511526285467e-07,6.105459033278748e-05,0.9999387264251709,3.7014384612898965e-11
6191,0,0,0,0.7300373911857605,0.05993809923529625,0.21002452075481415,1.0
6192,3,2,2,6.629824156334507e-08,1.8559654790806235e-06,0.9999979734420776,0.9998088479042053
6193,2,1,1,0.0013518230989575386,0.9978229999542236,0.0008251650142483413,1.0
6194,4,2,2,0.12411247193813324,0.05783025175333023,0.8180572986602783,0.9997138977050781
6195,1,2,2,5.774622309218103e-07,3.899634521076223e-06,0.9999954700469971,2.5909718769994382e-17
6196,3,2,2,6.629824156334507e-08,1.8559654790806235e-06,0.9999979734420776,0.9998088479042053
6197,4,2,2,0.007048591040074825,0.025912411510944366,0.9670389890670776,0.9995574355125427
6198,2,1,1,7.00795280863531e-05,0.9998396635055542,9.021494042826816e-05,1.0
6200,0,2,2,2.2764315872336738e-06,2.9750282237728243e-07,0.9999974966049194,0.9999961853027344
6201,0,1,1,1.2084927902833442e-06,0.9999972581863403,1.5636447869837866e-06,1.0
6202,0,2,2,3.826441115961643e-06,2.578654175522388e-06,0.9999935626983643,0.9999963641166687
6204,3,2,2,2.9852330044377595e-05,3.552495627445751e-06,0.9999666213989258,0.9965968132019043
6205,0,2,2,3.247654376536957e-07,1.5288510439859238e-06,0.9999980926513672,1.0
6206,4,2,2,0.0012354962527751923,0.0003887734201271087,0.998375654220581,0.994554340839386
6208,2,2,0,0.574715256690979,0.0920415148139,0.33324331045150757,1.0
6210,1,2,2,0.00018711703887674958,0.00020836523617617786,0.9996045231819153,1.4638995571303326e-10
6211,4,2,2,0.19586744904518127,0.004291313234716654,0.7998411655426025,0.9997096657752991
6212,1,2,0,0.6101502776145935,0.013354449532926083,0.37649527192115784,5.087005104799293e-29
6213,0,2,2,1.5712860346184243e-08,1.1128859966902382e-07,0.9999998807907104,1.0
6214,4,2,2,1.941004484251607e-06,6.939360901014879e-06,0.9999911785125732,0.9979050755500793
6216,3,2,0,0.3515043556690216,0.3512870669364929,0.2972085773944855,0.9999479055404663
6218,0,1,1,0.2573694884777069,0.5932751893997192,0.14935532212257385,1.0
6220,1,2,2,0.0002949831250589341,0.00031979955383576453,0.9993852376937866,1.4101669051219679e-12
6221,0,2,2,4.704211420403226e-08,1.726267441881646e-06,0.9999983310699463,0.9999990463256836
6222,4,2,2,6.761283293599263e-05,3.542878175721853e-06,0.9999288320541382,0.9997630715370178
6223,0,1,1,4.351490474618913e-07,0.9999980926513672,1.5218365660985e-06,0.9999943375587463
6224,4,2,2,0.0014552678912878036,0.001037677051499486,0.9975071549415588,0.9969193339347839
6225,1,2,2,4.375712681081723e-09,2.4729922643018654e-07,0.9999997615814209,3.4275241150204467e-15
6226,0,2,2,0.2812768220901489,0.08066542446613312,0.6380577683448792,0.9986004829406738
6227,4,2,2,0.32144173979759216,0.01627819426357746,0.6622800230979919,0.9995872974395752
6228,0,2,1,0.260839581489563,0.5725108981132507,0.16664953529834747,0.9999999403953552
6229,2,1,1,0.0005021874094381928,0.999488353729248,9.458033673581667e-06,1.0
6230,1,1,1,0.01092792022973299,0.9881587624549866,0.0009132869890891016,2.228267050472302e-21
6231,1,1,1,0.09137658774852753,0.898920476436615,0.009702976793050766,7.183227868571624e-34
6234,0,1,1,1.2198712795452593e-07,0.9999992847442627,5.344896862879978e-07,1.0
6235,3,0,0,0.9560701251029968,0.022148871794342995,0.021781038492918015,0.9999809265136719
6236,4,1,1,4.467117786788322e-09,1.0,4.611750981098339e-09,0.9998831748962402
6237,0,2,2,1.7842288571046083e-06,0.0002514710067771375,0.9997467398643494,0.9999998211860657
6240,4,1,1,3.8901356447240687e-07,0.9999996423721313,2.0972613867797918e-08,0.9999624490737915
6241,1,1,1,4.1336574213346466e-05,0.9999575614929199,1.0942917469947133e-06,1.445949276653903e-14
6242,2,2,2,1.0292981187376427e-06,7.614573405589908e-05,0.9999227523803711,1.0
6243,1,2,0,0.646544337272644,0.0013071335852146149,0.3521486222743988,0.0
6244,4,1,1,7.830869841463084e-10,1.0,5.298672611786515e-10,0.9997300505638123
6245,2,2,2,2.9106245191812263e-10,4.726025348844587e-09,1.0,1.0
6246,3,2,2,7.267779267294827e-08,2.552504520281218e-05,0.9999743700027466,0.9996083974838257
6247,0,0,0,0.9843908548355103,0.00018659979104995728,0.015422513708472252,1.0
6248,2,2,2,0.0003365676093380898,0.0020227546337991953,0.9976407289505005,1.0
6249,2,0,0,0.8678094744682312,0.12599176168441772,0.006198743358254433,1.0
6250,1,0,0,0.9386486411094666,0.0005530740018002689,0.06079821288585663,1.7326509020580136e-32
6251,1,2,2,1.2411122952471487e-05,0.00032954581547528505,0.9996581077575684,1.7394999329845007e-10
6252,3,1,1,3.265406485297717e-05,0.9999618530273438,5.539579433389008e-06,0.9997225999832153
6253,3,0,0,0.9560126066207886,0.014782411977648735,0.029205018654465675,0.9997245073318481
6254,4,1,1,1.340157673723752e-08,1.0,3.1854327176006336e-08,0.997674822807312
6256,3,2,2,1.3323890435401609e-08,8.814507168608543e-08,0.9999998807907104,0.9999032616615295
6257,3,1,1,1.0392272997705732e-06,0.9999902248382568,8.67818198457826e-06,0.9991772174835205
6258,4,2,2,2.146752642318006e-08,1.3775730849374668e-06,0.9999985694885254,0.9997968077659607
6259,4,1,1,9.769519238034263e-07,0.9999986886978149,3.317678647363209e-07,0.9999094605445862
6261,3,1,1,4.834264544228972e-08,0.9999998807907104,3.40399068932129e-08,0.9997542500495911
6262,4,2,2,5.813192910864018e-05,0.00011663761688396335,0.9998251795768738,0.9999668598175049
6263,4,0,0,0.46695855259895325,0.22198283672332764,0.31105855107307434,0.999853253364563
6265,0,1,1,1.645545069095533e-07,0.9999997615814209,1.2449997655039624e-07,1.0
6266,2,1,1,1.0473005204403307e-05,0.9999880790710449,1.4750476111657917e-06,1.0
6267,3,1,1,5.38645679171168e-07,0.9999991655349731,2.3836631157792e-07,0.9995625615119934
6268,3,1,1,7.439154433086514e-05,0.9999123811721802,1.3170481906854548e-05,0.9971262216567993
6269,2,2,2,0.0006922556785866618,0.0026571829803287983,0.9966505169868469,1.0
6270,3,0,0,0.9232499003410339,0.0039388216100633144,0.07281126081943512,0.9999797344207764
6271,2,2,2,0.015381088480353355,0.0014310503611341119,0.9831878542900085,1.0
6273,4,0,0,0.9459495544433594,0.03387724980711937,0.020173123106360435,0.9999763369560242
6274,0,0,0,0.9107174277305603,0.04221540689468384,0.04706713184714317,1.0
6275,3,2,2,0.02328978106379509,0.15583740174770355,0.8208728432655334,0.993118941783905
6276,3,1,1,1.33001931317267e-05,0.9999862909317017,4.1839874143079214e-07,0.9999262094497681
6277,2,1,0,0.8507441878318787,0.13769035041332245,0.011565419845283031,1.0
6279,3,2,2,0.00019630651513580233,0.00010215872316621244,0.9997015595436096,0.9999323487281799
6280,3,1,1,5.315310431797116e-07,0.9993591904640198,0.0006402946310117841,0.9996815919876099
6281,3,0,0,0.6622732877731323,0.0003940810274798423,0.3373325765132904,0.9999564290046692
6282,3,1,1,0.0013699766714125872,0.9982522130012512,0.0003777844540309161,0.9997751712799072
6283,2,1,1,8.530591912858654e-07,0.999998927116394,1.8052985240046837e-07,1.0
6284,0,1,1,4.2340161598986015e-08,0.9999997615814209,1.5007111642262316e-07,1.0
6285,4,2,2,4.151996801926572e-10,9.872152304524207e-07,0.9999990463256836,0.9999364018440247
6286,0,2,2,9.967046077363761e-10,3.815275988472422e-07,0.9999996423721313,0.9999999403953552
6287,1,1,1,2.1930418370175175e-06,0.9999970197677612,8.371229682779813e-07,2.073398310681318e-12
6288,1,2,2,0.04243644326925278,0.0011850680457428098,0.9563785791397095,9.912927700848782e-25
6289,2,1,1,3.066718932132062e-07,0.9999996423721313,3.1359668195563017e-09,1.0
6290,1,0,0,0.9600595831871033,0.018254121765494347,0.021686283871531487,0.0
6291,3,0,0,0.9180381894111633,0.012901770882308483,0.06906003504991531,0.9999833703041077
6292,3,2,2,2.6290207344459304e-08,7.07255765064474e-08,0.9999998807907104,0.9997988343238831
6293,2,1,1,4.091822702889658e-08,1.0,4.7803849767547035e-09,1.0
6294,3,2,2,1.0234103910988779e-06,0.003316073212772608,0.9966828227043152,0.9979196190834045
6295,2,2,2,1.1179272405570373e-06,4.05216542276321e-06,0.9999948740005493,1.0
6296,3,2,0,0.7644529938697815,0.003063516691327095,0.23248349130153656,0.999968945980072
6297,3,2,2,4.699504279415123e-05,2.3677806893829256e-05,0.9999293088912964,0.9999670386314392
6298,3,2,2,9.13666735868901e-06,2.844418986569508e-06,0.9999879598617554,0.9999600052833557
6299,3,2,2,5.248062873164372e-09,4.7297973537752114e-08,1.0,0.9997768998146057
6301,3,2,2,1.3740937276907061e-07,2.528267259549466e-06,0.9999973773956299,0.9988318085670471
6302,3,0,0,0.9782706499099731,0.005020224489271641,0.01670915074646473,0.9999718070030212
6303,3,0,1,0.2691294848918915,0.7273749113082886,0.0034956904128193855,0.9999845623970032
6304,0,2,2,3.4146080060692974e-13,1.1736742654144816e-11,1.0,0.9999994039535522
6305,0,1,1,0.026669930666685104,0.9654920101165771,0.007837994955480099,1.0
6306,4,1,1,4.0504182230449715e-09,1.0,3.0675140205715934e-10,0.9999464154243469
6309,3,2,2,1.3388999775543198e-07,9.30200940274517e-07,0.999998927116394,0.9998633861541748
6310,0,0,1,0.007876340299844742,0.9918742775917053,0.0002494208747521043,1.0
6311,3,2,2,4.246617635317307e-08,7.916855793155264e-08,0.9999998807907104,0.9997115135192871
6313,2,2,2,1.513008274223182e-09,4.9677829849770205e-08,1.0,1.0
6314,4,2,2,8.197599717096882e-12,1.0665895722183905e-08,1.0,0.9994918704032898
6315,1,2,2,5.212029918766348e-07,0.00011522829299792647,0.9998842477798462,9.247182788385544e-06
6316,2,1,1,2.860753556888085e-05,0.9999649524688721,6.412503353203647e-06,1.0
6317,1,2,2,2.6716650225466765e-08,1.7762511106411694e-07,0.9999998807907104,2.5866588381715785e-15
6318,0,0,0,0.9821486473083496,0.009974862448871136,0.007876540534198284,1.0
6319,1,1,1,8.405188418691978e-05,0.9997491240501404,0.00016686026356182992,2.3558404022861883e-25
6320,2,2,2,3.0864399036545365e-08,1.0792241482704412e-05,0.9999891519546509,1.0
6322,0,1,1,0.011677125468850136,0.9882462620735168,7.659418770344928e-05,1.0
6323,0,1,1,2.4228188899577674e-11,1.0,1.0831590832593996e-11,1.0
6324,0,0,1,0.04373714700341225,0.9557057619094849,0.0005571187939494848,1.0
6326,3,1,1,7.71869090385735e-05,0.9998621940612793,6.060902524041012e-05,0.9999632239341736
6327,0,2,0,0.8875582814216614,0.0036242275964468718,0.108817458152771,1.0
6328,0,2,2,1.4142726161188446e-14,3.9781714164174864e-13,1.0,0.9999991655349731
6329,3,2,2,1.7229974957899685e-07,2.0029517600050895e-07,0.9999996423721313,0.9995304346084595
6330,0,2,2,0.060346368700265884,0.12039056420326233,0.8192630410194397,1.0
6331,1,1,1,6.568338903889526e-07,0.9999383687973022,6.0926486185053363e-05,6.541131884500944e-31
6332,0,2,2,9.901153247976469e-13,2.3784101424451087e-11,1.0,1.0
6333,2,1,1,0.0002419296361040324,0.9997469782829285,1.1133019143017009e-05,1.0
6334,0,1,1,7.065101726766443e-06,0.9999626874923706,3.0192180929589085e-05,1.0
6336,0,2,2,1.325577288994323e-13,1.5106586771437835e-12,1.0,1.0
6337,2,2,2,1.1723824577813957e-08,3.014409344359592e-07,0.9999996423721313,1.0
6339,2,2,2,2.4073624871334687e-08,2.4244927772087976e-06,0.999997615814209,1.0
6340,4,1,0,0.8752651810646057,0.07319144159555435,0.05154343321919441,0.9999882578849792
6341,1,1,0,0.8731880187988281,0.10136999189853668,0.025441953912377357,0.0
6342,0,1,1,6.551052251779765e-07,0.9999991655349731,1.2676284200097143e-07,1.0
6343,3,2,2,7.092723564028347e-08,3.1627965313418827e-07,0.9999995231628418,0.9994855523109436
6344,1,1,1,0.010272638872265816,0.9871999025344849,0.0025274690706282854,2.0721500064204836e-29
6346,2,1,1,1.7704176116239978e-06,0.9999980926513672,1.464599108658149e-07,1.0
6347,0,1,1,0.4075537323951721,0.5830878019332886,0.009358481504023075,1.0
6349,1,0,0,0.9346087574958801,0.055119309574365616,0.010271964594721794,0.0
6351,4,2,2,3.511042151460586e-11,1.8143888169674938e-08,1.0,0.9999775886535645
6352,0,0,0,0.4874612092971802,0.14375655353069305,0.3687821924686432,1.0
6353,2,1,1,0.05173506215214729,0.9078401327133179,0.040424805134534836,1.0
6354,4,1,1,0.01974642463028431,0.9802234172821045,3.0124419936328195e-05,0.9999840259552002
6355,1,1,1,2.088936298605404e-06,0.9999942779541016,3.686451691464754e-06,7.379940878874483e-33
6356,1,0,0,0.8767264485359192,0.041276849806308746,0.08199670910835266,0.0
6358,1,2,2,8.107978146654204e-07,0.0014071837067604065,0.998591959476471,1.6871388184083735e-12
6359,4,2,2,5.510877344738763e-12,4.145798815358148e-09,1.0,0.9999648928642273
6360,1,0,0,0.7828482985496521,0.19380292296409607,0.023348765447735786,5.080722773670608e-36
6361,2,1,1,2.4447131181659643e-06,0.9999974966049194,1.1336711480680606e-07,1.0
6362,3,0,0,0.9185802340507507,0.0024613526184111834,0.0789584144949913,0.9999845623970032
6363,2,2,2,1.262672412849497e-06,5.428568101706333e-07,0.9999980926513672,1.0
6364,0,0,0,0.9569008350372314,0.009546056389808655,0.03355308994650841,1.0
6365,1,1,1,0.0051659392192959785,0.9888591766357422,0.005974894855171442,4.771627638985044e-26
6367,1,0,0,0.9090908169746399,0.06571203470230103,0.025197148323059082,0.0
6368,3,2,2,3.644876622743709e-09,2.3327855558363808e-07,0.9999997615814209,0.9979602694511414
6369,0,2,2,1.2968005304574842e-13,2.773138316203294e-11,1.0,1.0
6370,3,1,1,2.210212670661349e-07,0.9999995231628418,2.2020240919573553e-07,0.999948263168335
6371,1,2,2,5.207517915550852e-06,0.00041429101838730276,0.999580442905426,0.006613549310714006
6372,1,2,2,1.1484446531540016e-06,9.217866136168595e-06,0.9999896287918091,6.320527868447501e-12
6373,1,1,1,0.00012807095481548458,0.9998138546943665,5.805553155369125e-05,2.253671914148225e-26
6374,1,1,1,7.946573896333575e-05,0.9997187256813049,0.00020177295664325356,7.732341228912172e-24
6375,0,1,1,0.23709577322006226,0.7596009969711304,0.003303230507299304,1.0
6376,4,1,1,0.00012870668433606625,0.9989475607872009,0.0009238075581379235,0.9998047947883606
6377,0,2,2,2.1787561763630947e-06,5.350468200049363e-06,0.9999924898147583,1.0
6378,0,0,0,0.8712940216064453,0.0506494902074337,0.07805649936199188,1.0
6379,4,2,2,1.0368823577522335e-09,0.00024729038705118,0.9997527003288269,0.9998319745063782
6380,1,2,2,4.717640422313707e-06,1.7713531633489765e-05,0.9999774694442749,7.966202673025105e-23
6381,1,2,2,2.399550339760026e-06,1.4538754840032198e-05,0.9999830722808838,1.007715809464571e-06
6382,4,0,0,0.7870011925697327,0.1751706898212433,0.03782811388373375,0.9999769926071167
6383,4,0,0,0.9534206986427307,0.017182378098368645,0.029396964237093925,0.9999847412109375
6384,2,1,1,5.270966994430637e-06,0.9999940395355225,6.445230837925919e-07,1.0
6385,3,2,0,0.6878911256790161,0.05728163570165634,0.25482723116874695,0.999975860118866
6387,1,0,2,0.09421942383050919,0.21001578867435455,0.6957647204399109,2.339935320158637e-12
6388,2,0,0,0.7667821049690247,0.03678227588534355,0.19643551111221313,1.0
6390,1,0,1,0.139828622341156,0.8541245460510254,0.006046866532415152,1.1274459722126525e-30
6392,2,1,2,4.7109622869356826e-08,3.872375842206566e-08,1.0,1.0
6393,2,2,1,0.13026124238967896,0.8448632955551147,0.024875424802303314,1.0
6394,1,1,0,0.9695104956626892,0.008812587708234787,0.021677007898688316,0.0
6396,3,0,0,0.8037344217300415,0.15360240638256073,0.04266310855746269,0.9998844265937805
6397,3,0,0,0.9689342975616455,0.0004924691165797412,0.03057311289012432,0.9997993111610413
6398,2,0,0,0.9127467274665833,0.04088816046714783,0.04636511579155922,1.0
6399,0,1,1,6.982256763876649e-06,0.9999910593032837,1.9774890915869037e-06,1.0
6400,3,2,0,0.8492189645767212,0.001100805471651256,0.14968019723892212,0.9999771118164062
6402,1,1,1,0.00044833862921223044,0.9995324611663818,1.9192959371139295e-05,4.09333581579214e-34
6403,4,1,0,0.7977225184440613,0.04327088221907616,0.15900667011737823,0.9988037347793579
6404,1,0,0,0.9435644745826721,0.00519232964143157,0.051243193447589874,0.0
6407,0,2,2,1.5227958272134856e-07,6.542119081132114e-05,0.9999344348907471,1.0
6409,3,1,1,1.7863052562461235e-05,0.9999803304672241,1.7867779433800024e-06,0.9993200302124023
6410,0,1,1,0.22129350900650024,0.7411587238311768,0.037547722458839417,1.0
6411,4,2,2,1.7395955183019396e-06,2.30042733164737e-05,0.9999752044677734,0.999903678894043
6412,4,2,2,1.5943775224513956e-06,3.234393079765141e-05,0.9999661445617676,0.9998862147331238
6413,4,2,2,1.3511851193470648e-07,1.3847475202055648e-06,0.9999984502792358,0.9999040961265564
6414,4,1,1,0.000603045686148107,0.9993491768836975,4.777843423653394e-05,0.9999403953552246
6415,0,2,2,9.275548109144438e-06,1.977848341994104e-06,0.9999886751174927,0.9999972581863403
6416,3,1,1,0.002067243680357933,0.9975228905677795,0.00040985658415593207,0.9998180270195007
6417,3,1,1,0.05962241441011429,0.7301772832870483,0.21020027995109558,0.9999381899833679
6418,3,1,1,4.117825301364064e-05,0.9999576807022095,1.1517729490151396e-06,0.9997957944869995
6419,0,2,2,3.951628605136648e-05,2.128966480086092e-05,0.9999390840530396,0.9999977350234985
6420,2,1,1,5.961960141576128e-06,0.9999915361404419,2.47671891884238e-06,1.0
6422,3,2,2,2.072300588906728e-07,3.0458361379714916e-06,0.9999966621398926,0.9999105334281921
6423,0,2,2,5.252337675898389e-09,1.9004575335657137e-07,0.9999997615814209,1.0
6424,3,1,1,7.231947529362515e-05,0.9999247789382935,2.8494953312474536e-06,0.999627947807312
6425,2,1,1,5.841196859535103e-09,1.0,4.3019438011882016e-10,1.0
6426,3,2,2,4.0310334270543535e-07,9.310714403909515e-07,0.9999986886978149,0.9997594356536865
6427,4,2,2,0.005099419038742781,8.353839803021401e-05,0.9948170781135559,0.9997856616973877
6428,4,2,2,4.291119239496766e-06,0.0009250164148397744,0.9990707039833069,0.9988489151000977
6429,2,2,2,2.9224583641962454e-08,4.134038135816809e-06,0.9999958276748657,1.0
6431,4,2,2,2.3276273353189936e-08,2.7671512725646608e-06,0.9999972581863403,0.9999517798423767
6432,3,2,2,1.3604856576421298e-05,2.471259222147637e-06,0.9999839067459106,0.9999319911003113
6433,2,2,2,0.16593579947948456,9.30690293898806e-05,0.8339711427688599,1.0
6434,1,2,2,6.102973202359863e-06,1.457048983866116e-05,0.9999793767929077,1.075593774936499e-20
6435,2,1,1,0.3618015646934509,0.5657558441162109,0.07244257628917694,1.0
6436,0,1,1,1.3905557807447622e-06,0.9999984502792358,1.1282126877176779e-07,1.0
6437,1,1,1,0.009599793702363968,0.990356981754303,4.320891457609832e-05,5.300450505474066e-34
6438,4,2,2,0.0004047765687573701,9.934766467267764e-07,0.9995942711830139,0.9993144273757935
6439,4,1,1,2.5230356186511926e-05,0.9999681711196899,6.610125183215132e-06,0.9982030987739563
6442,1,1,1,0.0012302779359743,0.9987624883651733,7.256286153278779e-06,2.152870178460376e-31
6443,1,1,1,6.921920430613682e-05,0.9999089241027832,2.1822599592269398e-05,6.947518384193212e-33
6444,3,1,1,0.0005035787471570075,0.9994809031486511,1.5581206753267907e-05,0.9996350407600403
6445,2,1,1,0.16698043048381805,0.7148602604866028,0.11815927177667618,1.0
6446,0,2,2,8.90388651697549e-10,4.983841250805199e-08,1.0,0.9999982714653015
6447,2,1,1,9.87884595815558e-06,0.9999877214431763,2.4295190996781457e-06,1.0
6448,4,1,1,1.3817370927426964e-06,0.9999973773956299,1.2136590612499276e-06,0.9999457001686096
6449,3,1,1,2.445078280288726e-06,0.9999971389770508,3.715171885687596e-07,0.9999545216560364
6450,3,0,0,0.8373920917510986,0.006359204184263945,0.15624865889549255,0.9999778270721436
6451,4,0,0,0.6025689840316772,0.022425981238484383,0.3750050961971283,0.9999818205833435
6452,3,1,1,0.15956230461597443,0.7206475734710693,0.11979012936353683,0.9997921586036682
6453,2,0,0,0.9542292356491089,0.04216781258583069,0.0036029890179634094,1.0
6454,0,1,1,2.1832433048984967e-05,0.9999779462814331,2.4046454427661956e-07,1.0
6455,1,0,0,0.9765442609786987,0.0034451365936547518,0.020010655745863914,0.0
6456,3,1,1,0.07643847167491913,0.9167308807373047,0.006830623839050531,0.9999595284461975
6457,2,2,2,9.925936865329277e-06,0.00340617960318923,0.9965838193893433,1.0
6458,4,2,2,4.050276857014978e-06,7.6226392593525816e-06,0.999988317489624,0.9999867677688599
6459,1,1,1,6.5917588472075295e-06,0.9999933242797852,6.340036406982108e-08,4.804256787243683e-24
6461,4,0,0,0.9792019724845886,0.0018575600115582347,0.018940526992082596,0.9999758005142212
6462,4,2,2,6.075112537473615e-07,2.1735513655585237e-06,0.9999972581863403,0.9999688267707825
6463,0,1,1,0.0014073291094973683,0.9977255463600159,0.0008671506657265127,1.0
6464,3,1,1,1.7569007013662485e-06,0.9999957084655762,2.508382294763578e-06,0.9999634623527527
6465,4,1,1,6.3414540818484966e-06,0.9999936819076538,1.2139490523921381e-09,0.999956488609314
6466,3,2,2,3.1402682537651216e-11,6.263713547838279e-09,1.0,0.9996641874313354
6467,4,1,1,6.632124609495804e-07,0.9999991655349731,1.658630424117291e-07,0.9999745488166809
6468,3,0,0,0.9093808531761169,0.0013894847361370921,0.0892297700047493,0.9999545812606812
6469,4,1,1,9.964822311303578e-06,0.9999899864196777,5.5944354926396045e-08,0.9997796416282654
6470,1,1,1,0.13128438591957092,0.837120532989502,0.031595125794410706,1.45768474150101e-36
6471,0,2,0,0.8808831572532654,0.08762476593255997,0.03149208053946495,1.0
6472,0,0,0,0.8558048009872437,0.047325823456048965,0.09686945378780365,1.0
6474,3,1,1,6.87087185724522e-06,0.9999908208847046,2.2903641365701333e-06,0.9999602437019348
6476,0,1,1,0.41331425309181213,0.5192740559577942,0.06741166859865189,1.0
6477,2,1,1,1.8048316974272893e-07,0.9999996423721313,1.37244938969161e-07,1.0
6478,4,1,1,1.8490552974981256e-05,0.9999771118164062,4.354606062406674e-06,0.9999521970748901
6479,1,2,2,2.7680140846086942e-08,8.908164090826176e-07,0.9999991655349731,3.790488478649934e-10
6480,3,1,1,0.0003918614820577204,0.9996033310890198,4.8396759666502476e-06,0.999919056892395
6481,0,0,0,0.9569205045700073,0.012842456810176373,0.03023712709546089,1.0
6482,2,2,2,3.3054157029255293e-06,0.0005895694484934211,0.9994070529937744,1.0
6483,3,1,1,2.0240788217051886e-05,0.9999752044677734,4.600499323714757e-06,0.9933544397354126
6484,0,2,2,1.7362745552418346e-07,0.00020499651145655662,0.9997949004173279,1.0
6485,2,2,2,1.5064364333738922e-06,0.002288594376295805,0.9977098703384399,1.0
6487,4,2,2,7.439343335136073e-06,9.787241879166686e-07,0.9999916553497314,0.9999411106109619
6488,0,1,1,6.452726665884256e-06,0.9999924898147583,1.1072505685660872e-06,1.0
6489,1,2,2,5.52947597043385e-07,8.033551779362824e-08,0.9999992847442627,1.8421391001428704e-21
6491,0,2,2,9.206968343278277e-08,1.9889660052285763e-06,0.9999978542327881,1.0
6492,1,2,2,8.842624410476674e-09,3.479671661921202e-09,1.0,2.836966661590168e-09
6493,3,2,2,5.286337589893719e-09,3.093823579547461e-07,0.9999996423721313,0.9999671578407288
6494,2,2,2,2.049633167189313e-06,3.1288676836993545e-05,0.9999667406082153,1.0
6496,0,1,1,3.4191293707408477e-06,0.999993085861206,3.43870374308608e-06,1.0
6498,1,0,0,0.8236492276191711,0.009796208702027798,0.16655461490154266,0.0
6500,2,2,2,1.0618277883622795e-06,1.6113519905047724e-06,0.9999972581863403,1.0
6501,4,2,2,6.721693353028968e-05,0.0012150207767263055,0.9987177848815918,0.9999174475669861
6502,3,2,2,0.034410491585731506,1.1651818567770533e-05,0.9655779600143433,0.9998883008956909
6503,2,1,1,0.00025596265913918614,0.9992642998695374,0.0004796842986252159,1.0
6504,3,2,2,1.2373343452054542e-06,3.306822691229172e-06,0.9999954700469971,0.9999634623527527
6505,2,2,2,1.1311668268731978e-10,3.1741667627649406e-10,1.0,1.0
6506,2,2,2,5.3101262892596424e-05,0.00014281731273513287,0.9998040795326233,1.0
6507,0,2,2,4.9626681430936515e-08,1.8892265529757424e-07,0.9999997615814209,1.0
6508,1,2,2,0.007022674195468426,0.024634545668959618,0.9683428406715393,4.138654696728139e-12
6509,1,1,1,0.0017971433699131012,0.9970210194587708,0.001181763131171465,1.2558629583525422e-19
6510,2,1,1,0.0001643204886931926,0.9998328685760498,2.795494538077037e-06,1.0
6511,4,1,1,0.000416729599237442,0.9995399713516235,4.328777140472084e-05,0.9999768137931824
6512,4,2,2,3.462833774392493e-06,5.555486859520897e-05,0.9999409914016724,0.9995571374893188
6513,1,1,1,2.4052482331171632e-05,0.9999710321426392,4.8566057557764e-06,2.9037572409244923e-26
6514,3,1,1,6.722639795953e-07,0.9999992847442627,2.2248579867323315e-08,0.9994994401931763
6515,2,2,2,1.5007053661975078e-06,3.102552000200376e-06,0.9999953508377075,1.0
6516,2,2,2,3.321218173368834e-05,0.00015784137940499932,0.9998089671134949,1.0
6517,0,2,2,8.1604930528556e-06,8.557576620660257e-07,0.9999910593032837,0.9999961853027344
6518,2,1,1,0.00034728230093605816,0.9995952248573303,5.7494726206641644e-05,1.0
6519,4,1,1,3.471728859949508e-07,0.9999996423721313,1.4049067686983108e-08,0.9998794794082642
6520,0,1,1,4.251103860042349e-07,0.9999995231628418,3.4641478574570783e-09,1.0
6521,4,1,1,0.2555336654186249,0.6994885802268982,0.04497774690389633,0.9998955130577087
6522,4,2,2,1.0677331907515963e-08,4.054558758070925e-06,0.9999959468841553,0.9998677372932434
6523,3,1,1,9.57638164322816e-08,0.9999998807907104,5.850258055772883e-10,0.9998756647109985
6524,1,2,2,6.199732638378919e-08,1.9854890354054078e-07,0.9999996423721313,1.536268009473098e-19
6525,4,1,1,0.0008077422389760613,0.9991779923439026,1.4210508197720628e-05,0.9999449849128723
6526,2,1,1,0.4113065302371979,0.5867335796356201,0.0019599159713834524,1.0
6527,0,1,1,0.13038012385368347,0.8615667819976807,0.008053071796894073,1.0
6529,4,2,2,1.1792510576924542e-06,7.784759645801387e-07,0.9999979734420776,0.9999133348464966
6530,4,2,2,1.0382190112068201e-06,0.08126699179410934,0.9187320470809937,0.9999692440032959
6531,2,0,0,0.7374488115310669,0.059170205146074295,0.2033810168504715,1.0
6532,1,1,1,0.0004331325471866876,0.9995037317276001,6.309557647909969e-05,9.357827061387632e-20
6533,0,0,0,0.9725000262260437,0.01659231446683407,0.010907741263508797,1.0
6534,4,2,2,1.3025540113176248e-07,0.0014564358862116933,0.9985435009002686,0.9999616146087646
6537,4,1,1,9.315942861576332e-08,0.9999998807907104,4.4603147841826285e-09,0.9996342062950134
6538,1,2,2,1.477704813623859e-06,2.6567479380901204e-06,0.9999959468841553,2.4684737074697253e-16
6539,1,0,0,0.9779110550880432,9.632879664422944e-05,0.021992703899741173,6.7832525995573975e-34
6540,1,1,1,1.1963204087805934e-05,0.9999852180480957,2.80918789030693e-06,0.0
6541,2,0,1,0.025917937979102135,0.9730308651924133,0.0010511497966945171,1.0
6542,4,0,0,0.9074032306671143,0.0029008183628320694,0.08969596773386002,0.9999122619628906
6543,0,2,2,4.338687062954705e-07,2.6149476184400555e-07,0.9999992847442627,0.9999993443489075
6544,4,2,2,3.7971051369822817e-06,5.591457465925487e-06,0.9999905824661255,0.9998611211776733
6545,0,1,1,1.5636018360964954e-05,0.999983549118042,8.302725404973899e-07,1.0
6546,4,2,2,1.6455147999749897e-07,8.816567424219102e-05,0.9999116659164429,0.9999827742576599
6547,1,2,2,6.174493591970531e-06,0.00015289578004740179,0.9998408555984497,3.009572483189943e-29
6549,1,2,2,0.07518402487039566,0.05226333439350128,0.8725525736808777,4.3880930044637146e-36
6550,3,0,0,0.9186367988586426,0.07755661755800247,0.0038066143169999123,0.9999809265136719
6551,1,2,2,0.0018364890711382031,0.010784677229821682,0.9873787760734558,3.685414892052179e-23
6552,3,0,0,0.9414113759994507,0.0010683403816074133,0.057520218193531036,0.9999702572822571
6554,0,1,1,0.4837307929992676,0.49584296345710754,0.020426249131560326,1.0
6555,2,1,0,0.7775957584381104,0.0077742706052958965,0.21462997794151306,1.0
6556,3,2,2,5.921003207731701e-07,1.6631973664971156e-07,0.9999992847442627,0.9998835921287537
6557,0,2,2,9.04787782474159e-08,1.170597101918247e-06,0.9999986886978149,1.0
6559,4,0,0,0.9143431186676025,0.0710170641541481,0.014639879576861858,0.9999855756759644
6560,2,1,1,2.3249182135032243e-08,1.0,9.86510248490724e-11,1.0
6561,1,0,0,0.8924639821052551,0.02098516933619976,0.08655078709125519,7.728595433275307e-40
6562,2,0,0,0.8220688104629517,0.14342157542705536,0.034509602934122086,1.0
6563,1,2,2,2.7655925549652238e-08,4.06683175242506e-05,0.9999593496322632,3.899450374467752e-16
6564,0,2,2,8.320533595451707e-08,5.618655318784249e-09,0.9999998807907104,1.0
6565,2,1,1,3.4452923500793986e-06,0.9999960660934448,5.09811115989578e-07,1.0
6566,3,1,1,3.264102997491136e-05,0.9998897314071655,7.761984306853265e-05,0.9999638795852661
6567,0,2,2,2.9271404855535366e-07,1.7651998973633454e-07,0.9999996423721313,0.999991774559021
6568,2,1,1,0.004218503832817078,0.9957621693611145,1.936782427947037e-05,1.0
6569,4,2,2,2.422001443846966e-07,0.002097431803122163,0.9979022741317749,0.9998538494110107
6571,2,1,1,0.00014810175343882293,0.9998499155044556,1.988728854485089e-06,1.0
6572,2,2,2,1.2549788985793953e-09,2.4202995163591368e-09,1.0,1.0
6573,1,0,0,0.9690950512886047,0.006207136437296867,0.024697808548808098,4.558998436819003e-40
6574,1,1,1,1.3161677998141386e-05,0.9999866485595703,1.5386751783807995e-07,3.176673553701144e-40
6575,3,2,2,9.251064625459549e-08,1.4453844343620403e-08,0.9999998807907104,0.9999361038208008
6577,1,1,1,0.0010743237799033523,0.9988995790481567,2.613118886074517e-05,8.624782060830935e-26
6578,3,0,1,0.39135971665382385,0.6036588549613953,0.004981380421668291,0.9999793171882629
6579,3,2,2,7.106253718802691e-08,5.0672031903786774e-08,0.9999998807907104,0.9999376535415649
6580,2,0,0,0.9740481376647949,0.015674090012907982,0.010277731344103813,1.0
6581,2,0,0,0.8864708542823792,0.016005367040634155,0.0975237637758255,1.0
6582,1,0,0,0.9958213567733765,0.0010411340044811368,0.0031375261023640633,4.560456148644801e-34
6583,3,0,0,0.8123002648353577,0.09995690733194351,0.08774277567863464,0.9999752044677734
6584,3,1,1,0.001646784134209156,0.9980652928352356,0.00028788266354240477,0.9998233318328857
6585,4,1,1,0.004572395700961351,0.9952019453048706,0.0002257119631394744,0.9999873042106628
6586,3,2,0,0.9118734002113342,0.006834319792687893,0.0812922939658165,0.9999181032180786
6588,0,1,1,3.909847691829782e-06,0.999995231628418,8.92439572908188e-07,1.0
6589,0,0,0,0.9474672675132751,0.015263153240084648,0.03726955130696297,1.0
6590,2,1,1,1.2986967021788587e-06,0.9999984502792358,3.0731416700291447e-07,1.0
6591,4,0,0,0.7089319229125977,0.010666190646588802,0.28040188550949097,0.9999738335609436
6592,1,2,2,1.9983953336577542e-07,1.292304148137191e-07,0.9999996423721313,3.975102046816974e-18
6593,1,1,1,2.7094351935375016e-06,0.9999971389770508,1.2143203775849543e-07,3.1053392516645125e-15
6594,1,2,2,4.095424799288594e-07,1.5450887076440267e-06,0.9999980926513672,4.818956692020926e-11
6596,1,0,0,0.9487546682357788,0.003188694827258587,0.048056673258543015,2.960589198658268e-32
6597,0,1,0,0.7890545129776001,0.0842909961938858,0.1266545057296753,1.0
6598,2,1,1,1.1892174370586872e-05,0.9999867677688599,1.3567224641519715e-06,1.0
6599,2,1,1,1.1226761387206352e-07,0.9999998807907104,1.0820290441415636e-08,1.0
6600,0,0,1,0.41407784819602966,0.5823445916175842,0.003577574621886015,1.0
6601,4,1,1,8.49727657623589e-05,0.9999147653579712,2.649646262398164e-07,0.9996382594108582
6603,0,0,0,0.8101690411567688,0.03565707430243492,0.1541738510131836,0.999999463558197
6605,3,0,0,0.9667928218841553,0.00021008586918469518,0.03299710527062416,0.999939501285553
6606,2,0,0,0.7469233274459839,0.23590722680091858,0.017169445753097534,1.0
6607,4,1,1,0.0019744241144508123,0.9979816675186157,4.3868436478078365e-05,0.9999660849571228
6608,4,0,0,0.9705845713615417,0.008069559931755066,0.02134590782225132,0.9999655485153198
6609,4,1,1,0.2694747745990753,0.6950427293777466,0.035482484847307205,0.9999740719795227
6610,1,2,1,0.3420243561267853,0.4232434928417206,0.23473209142684937,8.270300985823209e-38
6611,4,1,1,0.41365817189216614,0.5712409615516663,0.0151008740067482,0.9999749064445496
6613,4,1,1,7.705843927396927e-06,0.9999908208847046,1.4679578725917963e-06,0.9998950362205505
6614,4,1,0,0.8582547903060913,0.13182592391967773,0.00991937518119812,0.9998810887336731
6615,4,1,1,0.019254609942436218,0.9798685908317566,0.0008768189582042396,0.9997680187225342
6616,1,0,0,0.7726883888244629,0.004318672697991133,0.22299298644065857,7.209524774561951e-38
6617,3,0,0,0.8990176916122437,0.0023485219571739435,0.09863382577896118,0.9999847412109375
6618,4,1,0,0.4028157889842987,0.23899297416210175,0.35819128155708313,0.9994152188301086
6620,2,1,1,0.18738433718681335,0.792163074016571,0.02045254409313202,1.0
6622,1,0,0,0.6934170722961426,0.27212339639663696,0.03445956110954285,1.0662266120849939e-36
6624,3,0,0,0.8300091624259949,0.09688005596399307,0.07311081141233444,0.9999730587005615
6625,3,0,0,0.8099937438964844,0.1473161280155182,0.04269009456038475,0.9999759793281555
6627,3,1,2,0.015992792323231697,0.028641384094953537,0.9553658366203308,0.9998735189437866
6628,3,0,0,0.780727207660675,0.024446340277791023,0.1948264241218567,0.9998950958251953
6629,2,0,0,0.8587114810943604,0.02107343077659607,0.12021512538194656,1.0
6630,1,0,0,0.9157174229621887,0.04448723420500755,0.03979536145925522,0.0
6633,4,1,1,0.0007651085034012794,0.9992309808731079,3.896054749930045e-06,0.9990602135658264
6635,4,1,0,0.5304715037345886,0.43715447187423706,0.03237396851181984,0.9999929070472717
6637,2,0,0,0.5396988391876221,0.40166929364204407,0.05863182246685028,1.0
6639,0,1,0,0.8466982841491699,0.09170151501893997,0.061600152403116226,1.0
6640,2,0,0,0.7867292761802673,0.102483831346035,0.11078689992427826,1.0
6641,1,1,0,0.5585554242134094,0.39676332473754883,0.04468119144439697,1.4032042302362988e-40
6642,2,1,0,0.8295645117759705,0.028732381761074066,0.1417030245065689,1.0
6643,3,1,1,0.11136344820261002,0.8540014028549194,0.034635115414857864,0.9999498724937439
6645,3,0,0,0.9518030881881714,0.01287171896547079,0.03532528132200241,0.9999534487724304
6646,1,2,0,0.7775797247886658,0.08544610440731049,0.13697417080402374,8.125375946225285e-27
6647,2,2,0,0.8135667443275452,0.005865863990038633,0.1805674284696579,1.0
6648,0,1,1,9.79374090093188e-06,0.9999892711639404,9.608119171389262e-07,1.0
6650,1,2,0,0.6953356266021729,0.10277562588453293,0.20188875496387482,0.0
6651,1,1,1,3.762171019161542e-09,1.0,5.657757817800757e-09,4.5635167194614523e-14
6652,2,1,1,0.00011262042971793562,0.9998860359191895,1.3309409041539766e-06,1.0
6654,3,0,2,0.444505512714386,0.0214981846511364,0.5339962840080261,0.9999644756317139
6655,1,1,0,0.5045350193977356,0.30550870299339294,0.18995629251003265,1.3667927106160465e-23
6656,0,1,1,0.0009597511379979551,0.9987508058547974,0.0002894443750847131,1.0
6657,1,2,0,0.9175942540168762,0.002244167495518923,0.08016159385442734,3.119977017834562e-40
6658,1,1,1,0.4084166884422302,0.5620684623718262,0.029514864087104797,0.0
6659,4,1,1,6.797085347898246e-07,0.9999992847442627,7.452621297865392e-10,0.999647855758667
6660,2,0,0,0.7753342986106873,0.03788873180747032,0.18677692115306854,1.0
6661,2,1,0,0.7607372403144836,0.02971077524125576,0.20955196022987366,1.0
6662,4,2,0,0.9451505541801453,0.01957634463906288,0.03527309373021126,0.9999068379402161
6663,4,2,0,0.7617775201797485,0.02261662669479847,0.21560585498809814,0.9990077018737793
6664,0,0,0,0.6679348945617676,0.19793415069580078,0.13413089513778687,1.0
6665,0,1,1,6.029586529621156e-06,0.9999934434890747,5.320119953466929e-07,1.0
6666,4,1,1,1.7010366718750447e-05,0.9999828338623047,1.2819481298720348e-07,0.9999769330024719
6667,0,2,0,0.9327260851860046,0.020233653485774994,0.047040268778800964,1.0
6668,1,2,0,0.6583428978919983,0.00043051253305748105,0.34122657775878906,0.0
6669,0,1,1,0.004388902802020311,0.9955511093139648,6.003204543958418e-05,1.0
6670,3,0,0,0.896295964717865,0.000604847155045718,0.10309919714927673,0.9999281764030457
6672,2,2,0,0.8898255825042725,0.007402939256280661,0.10277155041694641,1.0
6673,2,1,2,1.626624793971132e-06,0.19049258530139923,0.8095057606697083,1.0
6675,3,1,1,1.7773192666936666e-05,0.9999743700027466,7.890643246355467e-06,0.995294451713562
6676,4,0,0,0.9434899687767029,0.008871529251337051,0.04763856530189514,0.999936044216156
6677,0,1,1,3.957968147005886e-06,0.9999955892562866,4.814912699657725e-07,1.0
6678,0,0,0,0.9624696373939514,0.0022471738047897816,0.0352831594645977,1.0
6680,4,1,1,0.0002773147134575993,0.9996707439422607,5.1923740102211013e-05,0.999864935874939
6681,3,1,0,0.7203137278556824,0.2501412034034729,0.029545042663812637,0.9999281167984009
6682,2,1,0,0.9562007784843445,0.0031994490418583155,0.040599752217531204,1.0
6683,3,0,0,0.976740300655365,0.015888826921582222,0.0073708645068109035,0.9999614953994751
6685,2,0,0,0.6798553466796875,0.30402329564094543,0.016121333464980125,1.0
6686,4,0,0,0.9886996150016785,0.009344086050987244,0.0019562693778425455,0.9997184872627258
6687,2,2,0,0.8627160787582397,0.11015770584344864,0.027126174420118332,1.0
6689,4,2,2,0.0001255254028365016,3.9275369090319145e-06,0.9998705387115479,0.9992577433586121
6691,2,1,1,0.2711230218410492,0.7176574468612671,0.011219536885619164,1.0
6692,1,0,0,0.9825835824012756,0.002600785344839096,0.014815600588917732,1.073164041100155e-31
6693,3,0,0,0.7946062088012695,0.15462440252304077,0.05076933652162552,0.9999856352806091
6695,0,2,2,0.013780941255390644,0.00016813327965792269,0.9860510230064392,0.9999998807907104
6696,3,0,0,0.951453447341919,0.007514906115829945,0.041031692177057266,0.9999793171882629
6698,0,0,0,0.7255948781967163,0.010982763953506947,0.2634223401546478,1.0
6699,0,2,0,0.9028662443161011,0.056762099266052246,0.0403716079890728,1.0
6700,1,1,1,4.909173956235691e-09,1.0,4.360550143189812e-09,5.952535152069077e-20
6701,2,1,1,0.278005450963974,0.6887001991271973,0.03329431265592575,1.0
6703,0,1,1,0.35324913263320923,0.6387482285499573,0.00800265185534954,1.0
6704,4,2,2,0.42453452944755554,0.00727711571380496,0.5681883692741394,0.9999873638153076
6708,0,0,1,0.29370370507240295,0.6966796517372131,0.009616663679480553,1.0
6709,1,1,1,6.408011472558428e-07,0.9999990463256836,3.0450956955974107e-07,0.0
6711,2,0,0,0.7470182776451111,0.18541809916496277,0.06756365299224854,1.0
6712,4,1,1,8.343447552761063e-05,0.9999141693115234,2.3684840471105417e-06,0.9998656511306763
6713,0,0,0,0.7239902019500732,0.04647056385874748,0.22953926026821136,1.0
6714,2,0,0,0.7513840794563293,0.08043771237134933,0.1681782603263855,1.0
6715,4,0,0,0.9114499688148499,0.019346922636032104,0.06920308619737625,0.9999769926071167
6716,0,0,0,0.8599322438240051,0.05200980603694916,0.08805792778730392,1.0
6717,0,1,1,3.3762572115847433e-07,0.9999992847442627,4.3388402559685346e-07,1.0
6719,3,2,2,6.796073535042524e-07,1.3850767288658972e-07,0.9999991655349731,0.9999220967292786
6720,4,1,1,0.1294352114200592,0.8637775778770447,0.006787165068089962,0.9999265670776367
6721,3,1,1,0.1901017278432846,0.8067533373832703,0.003145009046420455,0.9998844265937805
6722,0,1,0,0.9498120546340942,0.03224378451704979,0.017944157123565674,1.0
6724,3,1,1,3.3115907172032166e-06,0.9999963045120239,4.1791565763560357e-07,0.9998425841331482
6726,2,1,1,4.927372732055346e-09,1.0,2.755428003820004e-11,1.0
6727,1,2,2,2.6058553430630127e-06,8.486381375405472e-07,0.999996542930603,1.7632909021791932e-10
6728,2,0,0,0.9044393301010132,0.004270820412784815,0.09128978848457336,1.0
6729,1,2,2,0.00019416488066781312,3.128210300928913e-05,0.9997746348381042,1.1001078863126188e-20
6730,0,0,0,0.8771275877952576,0.10294046998023987,0.019931988790631294,1.0
6731,4,1,1,1.5635778254363686e-05,0.999982476234436,1.8318653474125313e-06,0.9999660849571228
6732,2,0,0,0.9229339957237244,0.00991861429065466,0.06714737415313721,1.0
6733,0,0,0,0.7958369255065918,0.17696347832679749,0.027199674397706985,1.0
6734,3,2,2,0.00017840394866652787,8.283952047349885e-05,0.9997387528419495,0.9998737573623657
6735,1,1,1,0.3116397559642792,0.6724066734313965,0.01595359854400158,5.42363434150933e-38
6736,2,1,1,0.00014641681627836078,0.9997699856758118,8.356417674804106e-05,1.0
6737,0,2,2,4.6417611421212257e-10,1.411050902788702e-07,0.9999998807907104,0.9999997615814209
6738,0,2,2,2.5555753069284037e-09,5.079567877430691e-09,1.0,1.0
6739,0,0,0,0.8006285429000854,0.06697292625904083,0.13239847123622894,1.0
6740,2,0,0,0.8877867460250854,0.004033689387142658,0.10817952454090118,1.0
6741,3,0,0,0.9832010865211487,0.0007084085373207927,0.01609049178659916,0.9998560547828674
6742,0,1,1,3.058033689740114e-05,0.9999692440032959,1.9257902295066742e-07,1.0
6744,3,0,1,0.37147635221481323,0.3733084499835968,0.2552151381969452,0.9999597072601318
6745,0,1,1,3.416295442093542e-07,0.999998927116394,7.098096261870523e-07,1.0
6746,0,2,2,1.0855641363605173e-07,3.1502017350248934e-07,0.9999995231628418,1.0
6747,0,1,1,0.000299652514513582,0.9996665716171265,3.373840809217654e-05,1.0
6749,2,1,1,4.309254291001707e-05,0.9999538660049438,3.0888313631294295e-06,1.0
6751,4,1,1,7.370300590991974e-05,0.9990560412406921,0.0008702473132871091,0.9929113984107971
6753,1,1,1,0.00021543916955124587,0.9997559189796448,2.8614187613129616e-05,3.693778627874173e-35
6754,1,2,0,0.870774507522583,0.027742993086576462,0.10148246586322784,0.0
6758,4,0,0,0.8719887137413025,0.0005446925642900169,0.1274666041135788,0.9998405575752258
6759,1,1,1,1.9628281734185293e-05,0.9999790191650391,1.318566773989005e-06,3.5161456736955383e-38
6761,4,0,0,0.9680438041687012,0.0060431030578911304,0.025913016870617867,0.9998357892036438
6763,3,1,1,7.288218967005378e-06,0.9999914169311523,1.3064577615296002e-06,0.9997960329055786
6764,0,0,1,0.33083000779151917,0.45611807703971863,0.2130519300699234,1.0
6766,3,0,0,0.9231920838356018,0.0012861007126048207,0.07552182674407959,0.9999560117721558
6767,3,1,1,2.178107934014406e-05,0.9999747276306152,3.512516286718892e-06,0.9999660849571228
6768,2,0,0,0.9632545113563538,0.024063019081950188,0.012682454660534859,1.0
6770,2,1,1,5.906011210754514e-06,0.999992847442627,1.300742155763146e-06,1.0
6772,1,1,0,0.9101731181144714,0.05020318925380707,0.039623647928237915,2.4084686826879197e-29
6774,0,2,2,4.3394927651263515e-09,4.6150617549756134e-08,1.0,1.0
6775,0,1,1,1.5464507896467694e-08,1.0,7.641422605786374e-09,1.0
6776,3,1,1,2.0566956663969904e-05,0.9999785423278809,9.212487270815473e-07,0.9994602799415588
6777,4,2,2,1.2842372498766963e-08,6.383983418345451e-06,0.9999935626983643,0.9999685287475586
6779,4,0,0,0.8915109634399414,0.05238853767514229,0.05610056221485138,0.9999656677246094
6780,4,1,1,2.3906625301606255e-07,0.9999996423721313,1.661842361500021e-07,0.999786913394928
6781,3,1,1,5.8895271649817005e-05,0.9998971223831177,4.3980642658425495e-05,0.9999757409095764
6782,4,1,1,6.718332770105917e-06,0.999993085861206,1.9322216360251332e-07,0.9999268054962158
6784,1,0,0,0.9345415234565735,0.012761753052473068,0.05269668251276016,0.0
6785,3,1,1,6.954323180252686e-05,0.9995792508125305,0.0003512021794449538,0.9999720454216003
6786,1,2,2,2.2804792365604953e-07,3.835708866972709e-06,0.9999959468841553,1.4575033527908675e-24
6788,4,1,1,1.5516306461904605e-07,0.9999998807907104,7.238617705240813e-09,0.9999462962150574
6789,4,1,1,0.02701219543814659,0.9720081090927124,0.0009796577505767345,0.9999828934669495
6790,1,1,1,1.1014666370101622e-06,0.9999983310699463,5.770091320300708e-07,2.1573106789002684e-30
6791,1,1,1,1.4247943909140304e-05,0.9999841451644897,1.5923973251119605e-06,3.943136680732712e-35
6792,4,1,1,5.319956017046934e-06,0.9999946355819702,3.5174839041474115e-08,0.9996585845947266
6793,0,1,0,0.966304361820221,0.009592664428055286,0.024102943018078804,1.0
6794,0,1,1,8.181259403272634e-08,0.9999997615814209,1.39733003834408e-07,1.0
6795,4,0,0,0.924332857131958,0.04373534023761749,0.0319317989051342,0.9998128414154053
6797,0,1,1,1.6192343821330724e-07,0.9999985694885254,1.2166585747763747e-06,1.0
6798,1,0,0,0.8993968367576599,0.05946820601820946,0.041134849190711975,2.263405305546731e-40
6799,2,1,1,0.00048290405538864434,0.9994747042655945,4.237343819113448e-05,1.0
6800,2,2,2,6.364786258927779e-06,0.00010390624811407179,0.9998897314071655,1.0
6801,0,0,0,0.9095785021781921,0.03708859905600548,0.053332891315221786,1.0
6802,2,2,2,0.0005364015232771635,0.00026758748572319746,0.9991961121559143,1.0
6805,3,0,0,0.6596324443817139,0.0020724241621792316,0.3382951319217682,0.9997848272323608
6806,1,0,0,0.8548727631568909,0.059262506663799286,0.08586475998163223,0.0
6807,2,0,0,0.9230735301971436,0.02004176191985607,0.05688469484448433,1.0
6808,3,1,1,0.0004584068665280938,0.9993671774864197,0.0001744824694469571,0.999947726726532
6809,4,1,1,3.8771536310378e-06,0.999995231628418,9.058669547812315e-07,0.9999673962593079
6810,1,1,0,0.9562578201293945,0.028613748028874397,0.01512852031737566,2.187118617148888e-40
6811,1,0,0,0.9202789068222046,0.06872208416461945,0.010999022983014584,0.0
6815,0,2,2,1.1563440693862503e-06,2.6532254196354188e-05,0.9999722242355347,1.0
6816,3,2,2,1.3867273992218543e-05,2.904429129557684e-05,0.9999570846557617,0.9997611045837402
6817,3,0,0,0.9755284190177917,0.00816749595105648,0.016304075717926025,0.9999281764030457
6818,4,1,1,0.12167814373970032,0.8314602971076965,0.04686160385608673,0.9997115731239319
6819,1,0,0,0.7169176340103149,0.003932057414203882,0.2791503369808197,1.747800226091466e-37
6820,0,0,0,0.9580585360527039,0.010957232676446438,0.03098420612514019,1.0
6821,0,0,1,0.017521586269140244,0.9820985794067383,0.0003797807439696044,1.0
6822,3,1,1,1.688373231445439e-05,0.9999815225601196,1.6164150338227046e-06,0.999786376953125
6823,1,1,0,0.6783940196037292,0.047327928245067596,0.2742781341075897,0.0
6824,4,0,0,0.9012405276298523,0.0293105635792017,0.06944891810417175,0.9999428391456604
6826,3,1,1,0.00015851022908464074,0.9998278617858887,1.3592359209724236e-05,0.9998078942298889
6828,4,2,0,0.8487256169319153,0.014057247899472713,0.13721702992916107,0.9995684027671814
6829,0,0,0,0.7829659581184387,0.20601017773151398,0.011023933999240398,1.0
6830,4,0,0,0.9099688529968262,0.003983640111982822,0.08604755252599716,0.9996641874313354
6831,3,1,1,0.000311402342049405,0.9995478987693787,0.00014068058226257563,0.999958336353302
6832,4,1,1,6.124239916971419e-06,0.9999922513961792,1.682427296145761e-06,0.999981701374054
6835,4,2,2,3.1164937297489814e-08,4.615431521415303e-07,0.9999995231628418,0.9996691346168518
6836,3,1,1,5.2531054279825184e-06,0.9999879598617554,6.747468432877213e-06,0.9999615550041199
6838,1,2,2,0.00022532774892169982,0.004284518770873547,0.9954901337623596,1.9490843293531843e-22
6839,2,1,1,4.4142275328340475e-06,0.9999954700469971,1.368663333778386e-07,1.0
6840,0,2,2,1.9672816051752307e-06,6.467386992881075e-05,0.9999332427978516,1.0
6841,3,1,1,0.10629604011774063,0.8881536722183228,0.005550317000597715,0.999981164932251
6842,1,2,2,8.100070658656477e-08,3.852014529570624e-08,0.9999998807907104,4.8479951064890614e-14
6843,3,1,1,5.882851837668568e-06,0.9999872446060181,6.901674623804865e-06,0.9999737739562988
6844,1,1,1,0.003406896721571684,0.980880856513977,0.015712235122919083,2.8407372640163663e-30
6845,1,2,2,4.899911800748669e-07,7.68690597396926e-07,0.9999988079071045,9.149804744451622e-17
6847,2,2,2,2.499346919648815e-06,0.0001045425160555169,0.9998929500579834,1.0
6849,4,2,2,7.425629178214876e-07,2.174500650653499e-06,0.9999971389770508,0.9997516870498657
6850,2,2,2,0.05718027055263519,0.0011798263294622302,0.9416399598121643,1.0
6851,4,2,2,1.7178710720600066e-07,5.50602294424607e-07,0.9999992847442627,0.9995409846305847
6853,2,1,1,0.07169852405786514,0.9247289896011353,0.0035725163761526346,1.0
6855,2,1,1,9.003677519103803e-07,0.9999990463256836,8.075890889358561e-08,1.0
6856,2,2,2,2.2599409930990078e-05,7.341933815041557e-05,0.9999039173126221,1.0
6857,3,0,2,0.10462243109941483,0.014388486742973328,0.8809890747070312,0.9999781250953674
6858,1,0,0,0.863079309463501,0.05983845144510269,0.07708213478326797,0.0
6861,4,2,2,9.90600142358744e-07,2.4725834009586833e-05,0.9999743700027466,0.9999827146530151
6862,2,2,2,1.4256907888920978e-05,0.0005644626799039543,0.999421238899231,1.0
6863,0,2,2,1.075109157255838e-08,0.0006058902945369482,0.9993940591812134,1.0
6865,2,2,2,1.7331893104710616e-05,0.0007216266822069883,0.9992610812187195,1.0
6867,1,1,1,2.65443668467924e-06,0.9999953508377075,1.974740598598146e-06,5.65234558994026e-29
6868,3,1,2,4.1997913058366976e-07,6.140880941529758e-07,0.999998927116394,0.9999644160270691
6869,2,1,0,0.8448714017868042,0.07764818519353867,0.07748042792081833,1.0
6871,2,2,2,0.45715203881263733,0.045274768024683,0.4975731074810028,1.0
6872,1,0,0,0.9572561383247375,0.00023168523330241442,0.0425121895968914,1.9190230469437303e-36
6873,4,2,2,8.720414612639615e-09,4.677293873101007e-06,0.9999953508377075,0.9999662637710571
6874,1,2,2,4.854995950154262e-06,5.913901259191334e-05,0.9999359846115112,3.66843021138692e-18
6875,0,2,2,1.1396718946343753e-07,1.5136636648094282e-05,0.9999847412109375,1.0
6877,2,2,2,1.6157280242623528e-06,2.041453990386799e-05,0.9999779462814331,1.0
6878,4,2,2,1.1485753459439252e-09,4.9738225982309814e-08,1.0,0.9999268054962158
6879,4,0,0,0.924389660358429,0.010612673126161098,0.06499771773815155,0.9999826550483704
6881,3,0,0,0.711564838886261,0.13146212697029114,0.15697301924228668,0.9999761581420898
6882,4,2,2,4.55838176094403e-07,1.7326938177575357e-06,0.9999977350234985,0.9999831914901733
6883,3,2,2,1.5840456057958363e-07,5.9382568196042484e-08,0.9999998807907104,0.9998818039894104
6884,1,0,0,0.9160116314888,0.050664499402046204,0.03332393616437912,2.1128218852640194e-29
6885,0,0,0,0.9637663960456848,0.012797635979950428,0.02343600243330002,1.0
6888,0,2,2,2.351578132220311e-07,5.30791930941632e-06,0.9999943971633911,1.0
6889,3,0,2,0.2959936559200287,0.3025099039077759,0.4014964699745178,0.9997360706329346
6891,3,1,1,0.005447607021778822,0.9939380884170532,0.0006142339552752674,0.9999537467956543
6892,0,2,2,1.444211875423207e-06,4.498665930441348e-06,0.9999940395355225,1.0
6894,0,2,2,3.534345316413834e-10,4.083454907544137e-09,1.0,1.0
6895,3,0,0,0.8280746340751648,0.07452883571386337,0.09739658236503601,0.9999781250953674
6896,1,1,1,0.01895599253475666,0.9765619039535522,0.00448207650333643,8.463062797106683e-31
6899,0,2,2,1.0903880820478662e-07,2.861411303456407e-06,0.9999970197677612,1.0
6900,4,0,0,0.9090338349342346,0.012176809832453728,0.0787893608212471,0.99997878074646
6901,0,0,0,0.8955879807472229,0.015444494783878326,0.08896756172180176,1.0
6902,1,0,0,0.8908476233482361,0.05404861643910408,0.05510377511382103,3.388177876897966e-34
6903,0,0,0,0.7029297351837158,0.23169028759002686,0.06537999957799911,1.0
6904,3,0,0,0.8467375636100769,0.019129395484924316,0.13413310050964355,0.9999091029167175
6905,0,2,2,0.4300987124443054,0.0925009697675705,0.4774003028869629,1.0
6906,2,1,0,0.5439563989639282,0.1008996069431305,0.35514408349990845,1.0
6909,3,1,1,0.008032354526221752,0.9913111925125122,0.0006565242074429989,0.9999658465385437
6910,1,0,0,0.5110124945640564,0.02014143578708172,0.46884608268737793,6.103573978261877e-32
6911,2,0,0,0.9113053679466248,0.012425854802131653,0.0762687623500824,1.0
6912,0,1,1,0.016259126365184784,0.9834704995155334,0.0002703518548514694,1.0
6913,3,1,1,0.00020625947217922658,0.9997922778129578,1.4892696071910905e-06,0.9998828768730164
6914,3,1,1,8.698818874108838e-07,0.9999990463256836,3.369724765889259e-08,0.9997215867042542
6915,0,1,1,0.0028302515856921673,0.997017502784729,0.0001522176171420142,1.0
6916,2,0,0,0.48900681734085083,0.03530190885066986,0.4756912887096405,1.0
6917,4,1,1,0.0004731570661533624,0.9992720484733582,0.0002548558986745775,0.9973233342170715
6918,3,0,2,0.4090600311756134,0.0006003500893712044,0.5903396010398865,0.9999838471412659
6919,3,0,0,0.9845287203788757,0.0006069500232115388,0.014864372089505196,0.9999638199806213
6922,0,0,0,0.802461564540863,0.08680903166532516,0.11072949320077896,1.0
6923,2,0,0,0.7525043487548828,0.059123553335666656,0.18837201595306396,1.0
6924,3,0,1,0.004360241815447807,0.995326042175293,0.0003137326566502452,0.9999469518661499
6925,0,1,0,0.6769649982452393,0.2712959051132202,0.05173905938863754,1.0
6926,3,1,0,0.5570611357688904,0.22226765751838684,0.22067119181156158,0.9999446868896484
6928,1,1,1,0.4214712977409363,0.5492007732391357,0.02932797186076641,7.06475302188829e-31
6929,1,1,1,0.18944397568702698,0.8061239719390869,0.0044320435263216496,9.915257428969029e-27
6931,2,2,0,0.6460956335067749,0.11692679673433304,0.23697753250598907,1.0
6932,0,2,0,0.9546528458595276,0.017285572364926338,0.028061550110578537,0.9999998807907104
6933,3,1,1,0.0922229140996933,0.9053128361701965,0.0024642241187393665,0.9997223615646362
6934,1,0,0,0.9321912527084351,0.013512961566448212,0.05429579317569733,0.0
6935,0,0,0,0.9546388387680054,0.012791326269507408,0.03256979584693909,1.0
6936,1,0,0,0.6311067938804626,0.15841922163963318,0.21047404408454895,1.8825791872690236e-27
6937,2,0,0,0.9677799344062805,0.0045863790437579155,0.027633696794509888,1.0
6938,4,0,0,0.9521834850311279,0.007436319254338741,0.04038016498088837,0.9999493956565857
6939,0,0,0,0.821269154548645,0.12086523324251175,0.05786561220884323,1.0
6940,2,1,1,0.17721238732337952,0.8182503581047058,0.004537233617156744,1.0
6941,1,0,0,0.9366993308067322,0.008865074254572392,0.054435644298791885,2.9923467537038576e-40
6943,2,0,0,0.6996705532073975,0.1254541277885437,0.17487522959709167,1.0
6944,4,0,0,0.8578065037727356,0.06526503711938858,0.0769285038113594,0.9999878406524658
6945,0,2,0,0.9510878324508667,0.0010428510140627623,0.047869328409433365,1.0
6947,3,0,0,0.7599952816963196,0.06825471669435501,0.1717499941587448,0.9999649524688721
6948,1,0,0,0.6678569316864014,0.2191232442855835,0.11301983147859573,0.0
6950,2,0,0,0.8938459157943726,0.06296494603157043,0.04318917542695999,1.0
6951,1,1,1,0.0034154148306697607,0.9931100606918335,0.0034745584707707167,1.1641763827628529e-28
6953,3,0,0,0.9335390329360962,0.008848968893289566,0.05761206895112991,0.9998963475227356
6954,1,2,2,0.00044947071000933647,0.007245930843055248,0.9923045039176941,9.89406834772088e-27
6955,1,1,1,0.4339261054992676,0.44591283798217773,0.12016105651855469,6.897733984744926e-28
6956,3,0,0,0.9435904622077942,0.0023072529584169388,0.05410219356417656,0.9999351501464844
6958,4,1,1,0.0014541726559400558,0.9983975291252136,0.00014834455214440823,0.999897301197052
6959,0,0,1,0.33722934126853943,0.38360875844955444,0.27916190028190613,1.0
6960,4,1,0,0.5277080535888672,0.45828142762184143,0.014010496437549591,0.9993994235992432
6961,4,0,0,0.9760560989379883,0.0033886474557220936,0.020555278286337852,0.9999064803123474
6962,4,1,1,0.012989292852580547,0.9787642955780029,0.008246361277997494,0.9996350407600403
6963,0,1,1,0.03831234946846962,0.9000672698020935,0.06162039190530777,1.0
6964,2,1,1,0.16325704753398895,0.8146063685417175,0.022136565297842026,1.0
6966,2,2,0,0.9043347239494324,0.030736545100808144,0.06492875516414642,1.0
6967,3,0,0,0.8291012644767761,0.024917244911193848,0.14598138630390167,0.9999620914459229
6968,0,0,0,0.9445057511329651,0.00945258978754282,0.04604165256023407,1.0
6969,0,0,0,0.900573194026947,0.017214754596352577,0.08221207559108734,1.0
6970,2,1,0,0.7357355952262878,0.18111008405685425,0.08315425366163254,1.0
6971,3,1,1,0.002877358580008149,0.9970236420631409,9.89470281638205e-05,0.9999141097068787
6973,4,2,2,0.2509717047214508,0.08018618077039719,0.668842077255249,0.9999921917915344
6974,1,0,0,0.9818090796470642,0.011179095134139061,0.007011835929006338,0.0
6976,4,0,0,0.9242609143257141,0.025965837761759758,0.04977321997284889,0.9999885559082031
6977,1,2,0,0.7750853300094604,0.0026006249245256186,0.22231410443782806,0.0
6978,3,1,0,0.5780148506164551,0.3989207446575165,0.023064428940415382,0.9999827146530151
6980,3,2,0,0.584222674369812,0.3917875587940216,0.02398977242410183,0.999959409236908
6981,3,0,0,0.9349441528320312,0.0010215427028015256,0.06403426826000214,0.999556303024292
6982,0,1,1,1.819576823436364e-06,0.9999979734420776,1.9502739689869486e-07,1.0
6983,0,0,0,0.8696324229240417,0.05608410760760307,0.07428348809480667,0.9999998807907104
6985,2,2,0,0.8695045709609985,0.008448542095720768,0.12204691022634506,1.0
6986,4,1,1,0.001432451419532299,0.9976523518562317,0.0009151986450888216,0.9999668598175049
6987,3,0,0,0.9172506928443909,0.026745053008198738,0.05600419640541077,0.9999651908874512
6988,2,1,1,4.433596586750355e-06,0.9999954700469971,5.899103427964292e-08,1.0
6991,0,0,2,0.06839503347873688,0.0008624809561297297,0.9307425022125244,1.0
6992,4,1,1,0.0037592239677906036,0.9961370825767517,0.0001036425237543881,0.9998957514762878
6993,3,0,0,0.9010059833526611,0.007552189286798239,0.09144178777933121,0.9999032616615295
6994,2,0,0,0.6315954327583313,0.0854388028383255,0.2829657793045044,1.0
6995,4,1,1,0.00029412333969958127,0.9997010231018066,4.91318360218429e-06,0.9998942017555237
6996,1,0,0,0.8284129500389099,0.007988855242729187,0.1635981947183609,7.018996388080949e-38
6998,0,0,0,0.9662013053894043,0.005600728560239077,0.028197921812534332,1.0
6999,2,0,0,0.8022467494010925,0.1663994938135147,0.03135371208190918,1.0
7000,2,0,0,0.869593620300293,0.018894927576184273,0.11151141673326492,1.0
7001,4,2,0,0.8121979832649231,0.13241347670555115,0.055388566106557846,0.9999871850013733
7002,2,2,2,0.00020146259339526296,0.00210190680809319,0.997696578502655,1.0
7003,3,0,0,0.9825655221939087,0.0028089184779673815,0.0146255511790514,0.9999644160270691
7007,2,2,2,6.533556734211743e-05,2.162616146961227e-05,0.9999130964279175,1.0
7011,2,0,0,0.9206686615943909,0.014849863946437836,0.06448139995336533,1.0
7012,2,1,1,5.6237517753743305e-08,1.0,2.1138875094806053e-09,1.0
7013,1,1,1,0.01357169821858406,0.8673259019851685,0.119102343916893,9.661493906816597e-16
7014,1,2,2,7.13216479653056e-07,5.279129027258023e-07,0.9999988079071045,8.67581440716636e-12
7015,2,2,0,0.8324479460716248,0.036637648940086365,0.13091441988945007,1.0
7016,1,1,1,0.0023777007590979338,0.9976099729537964,1.2336701729509514e-05,1.9799999868573614e-35
7017,1,0,0,0.7990835905075073,0.1455543488264084,0.0553620420396328,5.397966449512712e-32
7018,3,0,1,0.38671576976776123,0.6105971932411194,0.0026870553847402334,0.9999722242355347
7019,0,0,0,0.5096529126167297,0.01739402674138546,0.47295308113098145,1.0
7021,2,1,0,0.6203369498252869,0.351871520280838,0.027791466563940048,1.0
7022,2,2,2,0.0002116449031746015,0.00032595283119007945,0.9994624257087708,1.0
7023,2,2,0,0.8836244940757751,0.0013170774327591062,0.11505837738513947,1.0
7024,4,0,0,0.9268690347671509,0.02189074642956257,0.05124016851186752,0.9997520446777344
7026,3,0,0,0.8348872661590576,0.012766649015247822,0.15234610438346863,0.9999690651893616
7027,0,0,0,0.9442298412322998,0.024106476455926895,0.03166358545422554,1.0
7029,1,1,1,3.5355897125555202e-06,0.9999922513961792,4.17867931901128e-06,0.0
7030,2,0,0,0.917629599571228,0.009479477070271969,0.07289087772369385,1.0
7031,1,0,0,0.947536826133728,0.019495725631713867,0.03296748548746109,0.0
7032,0,0,0,0.8102041482925415,0.12839655578136444,0.06139933690428734,1.0
7033,4,0,2,0.04543265327811241,0.0011191382072865963,0.9534482359886169,0.9996139407157898
7034,1,2,2,4.11288780810537e-08,5.43465876035043e-06,0.9999945163726807,2.698077878449112e-06
7036,3,0,0,0.43429145216941833,0.3106887936592102,0.25501975417137146,0.9999611973762512
7037,4,0,0,0.9458945393562317,0.0045322212390601635,0.04957321658730507,0.9999810457229614
7039,1,1,0,0.7881984710693359,0.15936852991580963,0.05243305861949921,6.027491965105124e-39
7040,0,2,2,3.1380023024496495e-09,4.244439821832202e-08,1.0,1.0
7041,3,1,1,1.0262455134579795e-06,0.9999988079071045,1.9795884043105616e-07,0.9998995661735535
7042,0,1,1,0.00033215919393114746,0.9996634721755981,4.368882400740404e-06,1.0
7043,1,0,0,0.8983322978019714,0.0021746628917753696,0.09949307888746262,1.47107103235915e-29
7045,4,0,0,0.7688712477684021,0.045429836958646774,0.18569894134998322,0.9999302625656128
7046,1,2,2,3.5579398627305636e-07,3.3189024861712824e-07,0.9999992847442627,1.1740390114847496e-20
7047,3,2,2,6.944834467503824e-07,1.1490899396449095e-06,0.9999980926513672,0.9997975826263428
7048,1,0,0,0.5212192535400391,0.21705946326255798,0.26172131299972534,7.929851686411204e-25
7049,0,0,1,0.3000960648059845,0.6776333451271057,0.022270567715168,1.0
7050,1,0,0,0.8671939373016357,0.01594821736216545,0.11685784161090851,1.485684513781449e-12
7051,0,0,0,0.9387688040733337,0.0010484658414497972,0.060182757675647736,1.0
7052,2,0,0,0.5722540616989136,0.37327712774276733,0.054468803107738495,1.0
7053,1,0,0,0.7534184455871582,0.22778402268886566,0.01879757083952427,0.0
7054,2,1,1,1.1535395060491282e-05,0.9999867677688599,1.6761435972512118e-06,1.0
7055,4,1,1,0.001934428233653307,0.9980149269104004,5.062421769252978e-05,0.9999927282333374
7056,0,0,0,0.8903772234916687,0.021135840564966202,0.08848702907562256,1.0
7057,0,1,0,0.9094122648239136,0.02583356201648712,0.0647541731595993,1.0
7058,0,0,0,0.9462383389472961,0.010831618681550026,0.0429299958050251,1.0
7059,3,1,1,4.802164426109812e-07,0.9999994039535522,1.159328633093537e-07,0.9987692832946777
7060,4,2,2,1.4759951909582014e-06,1.5214329778245883e-06,0.9999970197677612,0.9992638826370239
7061,3,2,2,1.285601958223026e-09,0.00011108556645922363,0.9998888969421387,0.9999361634254456
7062,3,1,1,3.258301717323775e-07,0.9999982118606567,1.5124538776944974e-06,0.9998757243156433
7063,1,2,2,9.79882202045701e-08,2.0164176817161206e-07,0.9999996423721313,5.055169970600938e-18
7064,4,0,0,0.8858693838119507,0.028301194310188293,0.08582942932844162,0.9999115467071533
7065,2,0,0,0.756046712398529,0.02316664159297943,0.2207866758108139,1.0
7067,3,2,2,1.1576636538279672e-08,9.784723431494058e-08,0.9999998807907104,0.9996276497840881
7069,4,0,0,0.9761688113212585,0.003397858701646328,0.020433392375707626,0.999957799911499
7072,2,2,2,1.5704449296549683e-08,0.00034858135040849447,0.9996514320373535,1.0
7073,2,1,1,1.62470132636372e-06,0.9999983310699463,5.6823221683544034e-08,1.0
7074,1,1,1,9.099612725549378e-07,0.9999986886978149,3.7815874520674697e-07,6.176822755190983e-35
7075,0,1,1,1.0757176823972259e-05,0.9999887943267822,4.985190571460407e-07,1.0
7076,2,0,1,0.12056945264339447,0.8769816160202026,0.0024489809293299913,1.0
7077,3,2,2,5.275995249576226e-07,5.4785650718258694e-05,0.9999446868896484,0.9997248649597168
7080,1,2,2,4.303775469338689e-08,2.3764023353578523e-05,0.9999762773513794,0.00020753403077833354
7081,4,2,2,4.400178443830782e-09,0.0002533862425480038,0.9997466206550598,0.9998369216918945
7082,0,0,0,0.8586674928665161,0.05031663179397583,0.09101586043834686,0.9999997615814209
7083,2,2,2,9.865478212134349e-09,1.0549517810432008e-06,0.999998927116394,1.0
7084,2,0,0,0.8909435868263245,0.005836570635437965,0.10321981459856033,1.0
7085,4,0,0,0.6988756060600281,0.020557673647999763,0.2805666923522949,0.9999198913574219
7086,2,2,2,5.110138090458349e-08,8.404917366533482e-07,0.9999991655349731,1.0
7087,3,0,0,0.9325539469718933,0.020617756992578506,0.046828363090753555,0.9999862909317017
7088,0,0,0,0.9428656697273254,0.027383197098970413,0.02975122071802616,1.0
7089,4,1,1,1.4626818867213842e-08,1.0,2.2619055073391792e-08,0.9991340637207031
7090,1,1,0,0.8254958391189575,0.10716740041971207,0.06733667105436325,1.324213820529449e-37
7091,2,1,1,5.2568888349924237e-05,0.9999388456344604,8.56173846841557e-06,1.0
7092,4,1,0,0.8795335292816162,0.07686518132686615,0.043601248413324356,0.9999684691429138
7094,3,2,2,1.7656186912518024e-07,2.408395403108443e-06,0.9999974966049194,0.999821662902832
7096,0,2,2,1.0172697753607629e-11,3.521973077763585e-12,1.0,1.0
7097,3,2,2,2.3770544999024423e-07,3.590483174775727e-06,0.9999961853027344,0.9997507333755493
7098,3,2,2,3.877843379740398e-09,3.013584048972007e-08,1.0,0.9945021867752075
7099,0,1,1,0.000747198355384171,0.9991299510002136,0.00012281001545488834,1.0
7101,4,0,0,0.9631093144416809,0.002430260181427002,0.03446047380566597,0.9999639391899109
7102,2,1,1,0.1307540386915207,0.8649526238441467,0.004293319769203663,1.0
7103,4,2,2,1.9228552083916384e-10,4.719245438877806e-08,1.0,0.9997133016586304
7104,0,1,1,0.00016693290672264993,0.9998162388801575,1.6865462384885177e-05,1.0
7105,4,1,0,0.6921748518943787,0.29289329051971436,0.014931873418390751,0.9999626278877258
7106,2,2,2,1.08250182151437e-08,9.415729351758273e-08,0.9999998807907104,1.0
7107,1,0,0,0.8757103681564331,0.003848663065582514,0.1204410120844841,1.7330158098280255e-36
7108,4,1,1,6.351324373099487e-06,0.9999935626983643,7.048918604368737e-08,0.9999029636383057
7109,4,1,1,3.859281036966422e-07,0.9999996423721313,1.1639912145255948e-08,0.9999290704727173
7110,4,1,1,5.401814462402399e-08,1.0,4.532894892772532e-10,0.999253511428833
7111,3,2,2,2.6542204523138935e-06,1.3987146303406917e-06,0.9999959468841553,0.9989987015724182
7112,4,1,1,0.06933353841304779,0.9065347909927368,0.02413169853389263,0.9999033808708191
7115,2,0,0,0.9158695936203003,0.06536737829446793,0.018763069063425064,1.0
7116,0,2,2,6.631588611583084e-10,8.653314731432715e-10,1.0,0.9999960064888
7117,2,2,2,2.0785577703463787e-08,0.0008956437814049423,0.9991043210029602,1.0
7118,0,2,2,0.0001529870933154598,0.00015474794781766832,0.9996922016143799,1.0
7119,2,2,2,7.746080399329003e-08,4.4920258801539603e-07,0.9999994039535522,1.0
7120,1,1,1,0.0027090245857834816,0.9972629547119141,2.8064996513421647e-05,0.0
7121,3,2,2,4.0231165598925145e-07,1.4162720844979049e-06,0.9999982118606567,0.9997824430465698
7122,1,1,1,0.001745902351103723,0.9980670809745789,0.00018708332208916545,7.2090369600901405e-31
7123,1,0,2,0.4662143290042877,0.04588721692562103,0.48789846897125244,6.312224518815015e-16
7124,0,0,1,0.026750681921839714,0.972244381904602,0.0010048995027318597,1.0
7126,2,2,2,1.701539575904576e-09,5.3614847672633914e-08,1.0,1.0
7127,1,1,1,3.402691239884348e-09,1.0,1.194518484126661e-09,3.997595327400717e-31
7128,3,2,2,0.23241153359413147,0.0015574540011584759,0.76603102684021,0.9999391436576843
7129,0,1,1,4.698054453911027e-06,0.9999914169311523,3.875309175782604e-06,1.0
7131,3,0,0,0.813273012638092,0.1704481542110443,0.016278866678476334,0.9999837279319763
7133,0,1,1,6.931846314728318e-07,0.9999992847442627,2.1605067956897983e-08,1.0
7134,4,1,1,0.25969570875167847,0.7310536503791809,0.009250681847333908,0.9999732971191406
7135,0,0,0,0.9827137589454651,0.004552486818283796,0.012733729556202888,1.0
7136,4,1,1,3.6261755553823605e-07,0.999998927116394,7.606392387060623e-07,0.9999701380729675
7138,0,1,1,3.997717431047931e-05,0.9999305009841919,2.957130709546618e-05,1.0
7140,4,2,2,0.01189632248133421,0.003442764515057206,0.9846609234809875,0.999983012676239
7141,3,2,1,0.12077552825212479,0.8717297315597534,0.007494696881622076,0.9999485611915588
7142,1,0,0,0.8986181616783142,0.04205723851919174,0.05932452902197838,3.943482785758857e-35
7144,1,1,1,0.0002570452634245157,0.9997270703315735,1.583001903782133e-05,0.0
7147,2,0,0,0.9048828482627869,0.04203302040696144,0.05308407172560692,1.0
7148,0,0,0,0.9793139100074768,0.0036568434443324804,0.017029231414198875,1.0
7150,1,2,2,5.367945732359658e-07,3.3511767583149776e-08,0.9999994039535522,2.267164942360747e-24
7151,3,2,2,3.915889101335779e-05,2.624234366521705e-05,0.9999345541000366,0.9996836185455322
7154,4,1,1,0.10473436117172241,0.8781343102455139,0.017131349071860313,0.9999717473983765
7155,3,1,0,0.8254080414772034,0.05128030106425285,0.12331163883209229,0.9999785423278809
7156,4,0,0,0.9631889462471008,0.007070417515933514,0.029740573838353157,0.999896764755249
7158,3,0,0,0.901725709438324,0.00010689726332202554,0.09816747903823853,0.9999550580978394
7159,4,2,2,9.606678474938235e-08,5.633655746350996e-06,0.9999942779541016,0.9996417164802551
7160,1,2,2,0.00027997413417324424,3.3203632483491674e-05,0.9996868371963501,8.813575284852532e-24
7161,4,0,0,0.9179081916809082,0.025837190449237823,0.05625452846288681,0.9997312426567078
7162,2,0,0,0.9139099717140198,0.018684450536966324,0.06740552186965942,1.0
7163,2,0,0,0.878850519657135,0.003659225534647703,0.11749027669429779,1.0
7164,1,1,1,1.252401602869213e-06,0.9999970197677612,1.7220935433215345e-06,1.887516556414846e-18
7165,2,1,0,0.5296501517295837,0.4643227756023407,0.006027014460414648,1.0
7166,4,1,1,0.0005122158327139914,0.9866004586219788,0.01288732048124075,0.9978090524673462
7167,4,0,0,0.9699354767799377,0.0025806634221225977,0.027483945712447166,0.9999340772628784
7170,4,0,0,0.8505962491035461,0.024170046672225,0.1252337098121643,0.9999914765357971
7171,4,0,0,0.9313112497329712,0.004283720627427101,0.06440504640340805,0.9999653100967407
7172,2,0,0,0.9472629427909851,0.002083088271319866,0.050653960555791855,1.0
7173,2,1,0,0.48039403557777405,0.4106683135032654,0.10893765836954117,1.0
7175,1,0,0,0.8504701256752014,0.01853569597005844,0.13099412620067596,0.0
7176,2,1,1,0.0005465705180540681,0.9992642998695374,0.00018914496467914432,1.0
7177,4,2,2,6.055948631455976e-08,3.0813607736490667e-06,0.9999967813491821,0.9998801350593567
7178,3,1,2,0.000685869890730828,0.024305349215865135,0.9750087857246399,0.9998342990875244
7179,0,2,2,1.5231067795884456e-10,5.259915281108363e-10,1.0,1.0
7180,3,2,2,9.465455264034972e-08,9.627061672290438e-07,0.999998927116394,0.9995747804641724
7182,0,1,1,0.11099234968423843,0.8855797648429871,0.0034278971143066883,1.0
7183,0,0,0,0.8505631685256958,0.08292008936405182,0.06651673465967178,1.0
7184,2,1,1,0.005918094422668219,0.9918044805526733,0.002277411287650466,1.0
7185,3,0,0,0.775921106338501,0.08676383644342422,0.13731501996517181,0.9999526739120483
7186,2,1,0,0.5415245294570923,0.34326523542404175,0.11521030217409134,1.0
7187,4,0,0,0.7868103981018066,0.04348718747496605,0.16970248520374298,0.9995878338813782
7188,1,0,0,0.9439824223518372,0.007447651121765375,0.04856990650296211,0.0
7190,0,1,1,0.0004599719832185656,0.9991727471351624,0.00036727284896187484,1.0
7191,4,1,1,1.0084469977300614e-05,0.9999873638153076,2.5046704195119673e-06,0.9997776746749878
7192,1,2,2,2.8785211725335103e-06,8.473443813272752e-06,0.9999886751174927,1.0429366259501194e-09
7193,0,0,0,0.8638996481895447,0.04336726665496826,0.09273307770490646,1.0
7194,4,0,0,0.8579921126365662,0.11799310892820358,0.024014737457036972,0.9999228715896606
7195,4,0,0,0.9054057598114014,0.016779733821749687,0.07781442999839783,0.9999891519546509
7196,3,1,1,0.012448310852050781,0.9838849306106567,0.0036667766980826855,0.9997560977935791
7197,0,0,0,0.9487879276275635,0.007118654437363148,0.04409337043762207,1.0
7199,0,0,0,0.9294655919075012,0.04645920917391777,0.024075251072645187,1.0
7200,3,0,0,0.8889578580856323,0.018431000411510468,0.09261120855808258,0.9998955726623535
7201,4,2,2,6.186898104942884e-08,3.0407286431000102e-06,0.9999967813491821,0.9999358654022217
7202,2,0,0,0.7985385656356812,0.18859386444091797,0.012867514044046402,1.0
7203,1,1,2,0.0962623655796051,0.43569934368133545,0.46803829073905945,0.0
7204,2,0,0,0.9736884236335754,0.01972845569252968,0.006583173759281635,1.0
7207,2,1,1,0.000949010020121932,0.9989666938781738,8.434779738308862e-05,1.0
7208,0,1,1,3.186812023159291e-07,0.9999994039535522,2.187038887768722e-07,1.0
7209,1,0,0,0.9931225180625916,0.0012205721577629447,0.005656844470649958,7.586924158532068e-40
7212,0,0,0,0.9545896053314209,0.0068371957167983055,0.03857314586639404,1.0
7213,4,1,1,0.001270583365112543,0.9982463121414185,0.0004831440164707601,0.9996170997619629
7214,4,0,0,0.900315523147583,0.020559506490826607,0.07912495732307434,0.9998409152030945
7215,3,1,1,7.979194197105244e-05,0.9999185800552368,1.6518665688636247e-06,0.9999203681945801
7216,1,0,0,0.9478002190589905,0.0010445854859426618,0.0511552095413208,9.966197313033099e-28
7217,3,0,0,0.8265916705131531,0.09358082711696625,0.07982753217220306,0.9999405145645142
7218,2,1,0,0.924633800983429,0.04013217240571976,0.03523407131433487,1.0
7221,3,1,1,0.0001720700820442289,0.9998260140419006,1.957412905539968e-06,0.9999781250953674
7224,2,1,1,0.06917157769203186,0.9230213165283203,0.00780707411468029,1.0
7226,4,1,1,1.575017267896328e-05,0.9999840259552002,2.339414493235381e-07,0.9999578595161438
7228,3,1,1,0.003175876336172223,0.9966993927955627,0.00012474505638238043,0.9999837279319763
7229,4,0,0,0.8615018725395203,0.015377180650830269,0.12312087416648865,0.999964714050293
7230,2,0,0,0.880715548992157,0.06791650503873825,0.0513678640127182,1.0
7231,2,1,1,0.00675060274079442,0.9728250503540039,0.020424382761120796,1.0
7232,3,0,2,0.442874938249588,0.00435321219265461,0.5527718663215637,0.9999843835830688
7234,4,0,0,0.841718852519989,0.0525783896446228,0.1057027131319046,0.998611569404602
7235,4,1,1,0.00034156913170590997,0.999630331993103,2.808202953019645e-05,0.9997366070747375
7236,0,0,0,0.9328822493553162,0.01368624810129404,0.05343141034245491,1.0
7237,1,0,0,0.6784869432449341,0.2893108129501343,0.03220215067267418,2.4935266858477438e-23
7238,3,0,0,0.917637288570404,0.002089662244543433,0.08027303218841553,0.9999653697013855
7239,2,0,0,0.9206980466842651,0.03687731549143791,0.04242466017603874,1.0
7240,4,2,2,0.08264485746622086,0.012990920804440975,0.9043641686439514,0.9998629689216614
7242,4,1,1,0.00023654272081330419,0.9997536540031433,9.798345672606956e-06,0.9999366998672485
7244,3,1,1,0.024944938719272614,0.9748319387435913,0.00022315143723972142,0.9999533295631409
7246,0,1,1,6.097081131883897e-05,0.9999351501464844,3.821061909548007e-06,1.0
7247,2,0,0,0.7063777446746826,0.06811158359050751,0.22551067173480988,1.0
7248,1,0,1,0.04444035515189171,0.9519389867782593,0.003620682517066598,0.0
7249,1,0,0,0.9381301403045654,0.001888984115794301,0.059980880469083786,1.881009509225365e-30
7250,0,1,1,0.3898128569126129,0.6009207963943481,0.009266329929232597,1.0
7252,1,0,1,0.13927093148231506,0.8513121604919434,0.009416872635483742,7.117303999915767e-26
7253,1,1,1,3.1365958719220544e-09,1.0,1.1574739389175193e-08,4.3808098815212304e-10
7254,1,1,1,3.152584326926444e-07,0.9999992847442627,3.5680693599715596e-07,1.7685145848580965e-15
7255,4,1,1,0.277042031288147,0.6519182920455933,0.07103972136974335,0.9998170137405396
7256,4,2,2,6.161136843729764e-05,2.4295475668623112e-05,0.9999140501022339,0.9975090026855469
7257,3,0,0,0.9822478890419006,0.006707898806780577,0.011044183745980263,0.9999811053276062
7258,1,0,0,0.9135010242462158,0.020661314949393272,0.06583770364522934,1.0687671044809041e-32
7259,2,0,0,0.9109433889389038,0.009475048631429672,0.07958158850669861,1.0
7260,2,2,2,1.4426554116653278e-05,0.00017959967954084277,0.9998059868812561,1.0
7261,3,1,1,0.0022826942149549723,0.9975563287734985,0.00016092779696919024,0.9999012351036072
7262,4,2,2,2.413294453162962e-08,3.647185394584085e-06,0.9999963045120239,0.9999724626541138
7263,0,0,1,0.12060984969139099,0.8164119720458984,0.0629781112074852,1.0
7264,1,2,2,1.3658767556989915e-06,7.161379045328431e-08,0.9999985694885254,2.1608846114584118e-17
7265,3,0,1,0.11772380769252777,0.8759947419166565,0.00628143735229969,0.9999758005142212
7266,1,2,2,1.9582099497483796e-08,3.307090139514912e-07,0.9999996423721313,4.527551676279473e-21
7267,2,0,0,0.9373939037322998,0.0021011100616306067,0.060504864901304245,1.0
7268,1,0,0,0.9791698455810547,0.014890470542013645,0.005939554423093796,2.025350670492213e-31
7269,3,0,0,0.9842360019683838,0.0006765589350834489,0.015087473206222057,0.9999770522117615
7271,3,1,1,0.006143619306385517,0.9930247068405151,0.0008316768798977137,0.9993912577629089
7272,0,2,2,7.025724403295075e-13,3.8438752625324923e-08,1.0,1.0
7273,3,0,0,0.9479995369911194,0.03051242046058178,0.021487966179847717,0.9999330639839172
7274,0,1,1,9.75264583757962e-07,0.9999990463256836,1.4342528942279387e-08,1.0
7276,0,0,0,0.8689131140708923,0.0008025597780942917,0.13028433918952942,1.0
7277,2,1,1,3.671339436550625e-05,0.9999591112136841,4.180090854788432e-06,1.0
7279,0,0,0,0.9367238879203796,0.0377119742333889,0.02556411176919937,1.0
7280,4,1,1,1.1382916227375972e-06,0.9999988079071045,4.341803028218294e-10,0.9999729990959167
7281,2,0,0,0.832129180431366,0.01847788505256176,0.14939287304878235,1.0
7282,2,1,1,9.982294386645663e-07,0.999998927116394,7.676668190015334e-08,1.0
7286,1,2,2,1.693785023348937e-08,1.7732131141201535e-07,0.9999998807907104,7.775422633196734e-21
7288,4,1,1,1.3134351775079267e-06,0.9999983310699463,3.153738816763507e-07,0.999800443649292
7289,2,0,0,0.8442930579185486,0.1337684690952301,0.02193847857415676,1.0
7290,3,2,2,9.467170457355678e-06,0.00013940992357674986,0.9998511075973511,0.9998794794082642
7291,3,0,0,0.8223929405212402,0.00470303650945425,0.17290399968624115,0.9999332427978516
7292,3,0,0,0.9796289801597595,7.701964932493865e-05,0.020293939858675003,0.9999734163284302
7293,3,2,2,2.6247173536830815e-06,2.5303592110503814e-07,0.9999971389770508,0.9996426701545715
7295,0,0,0,0.8842859268188477,0.013841906562447548,0.10187208652496338,1.0
7296,2,2,2,0.0006362707354128361,5.139487257110886e-06,0.999358594417572,1.0
7298,4,0,0,0.9376536011695862,0.015298294834792614,0.04704819992184639,0.9999514818191528
7299,1,2,2,9.549329860192302e-08,3.452627481692616e-07,0.9999995231628418,1.5818969924669815e-21
7300,1,1,1,6.460222266468918e-06,0.999991774559021,1.8047253433906008e-06,1.5608670963647216e-32
7301,0,1,1,2.4460856451469226e-08,1.0,2.9607657991981284e-10,1.0
7302,3,2,2,2.7624358267530624e-07,4.6112066343084734e-07,0.9999992847442627,0.9998252987861633
7304,3,0,0,0.9824443459510803,0.0026199701242148876,0.014935629442334175,0.9996832609176636
7305,2,0,0,0.7245306968688965,0.02874690480530262,0.24672242999076843,1.0
7306,4,1,1,6.661651423200965e-05,0.9999159574508667,1.7421943994122557e-05,0.9999796152114868
7307,4,0,2,0.280368834733963,0.014016956090927124,0.7056141495704651,0.9999698400497437
7309,1,0,0,0.937443196773529,0.012155203148722649,0.050401605665683746,0.0
7311,3,2,2,7.523248513052749e-08,1.1973357914030203e-06,0.9999986886978149,0.9998290538787842
7312,0,1,1,0.000299652514513582,0.9996665716171265,3.373840809217654e-05,1.0
7313,3,2,2,4.8118007356379167e-08,5.2685358298276697e-08,1.0,0.9999706745147705
7314,1,1,1,3.4182008334937564e-08,1.0,2.7303297400749216e-09,6.4349587299645655e-40
7315,1,0,1,0.014036617241799831,0.9846585988998413,0.0013047604588791728,1.0782712405584324e-28
7316,3,0,0,0.919337272644043,0.0014081870904192328,0.07925449311733246,0.9999593496322632
7318,4,2,2,5.7402434805453595e-08,3.3508324577269377e-06,0.9999966621398926,0.999903678894043
7319,4,1,1,1.589623188635869e-08,1.0,1.6813791470227102e-09,0.9999620914459229
7320,3,1,1,1.6624739146209322e-05,0.9999656677246094,1.7712916815071367e-05,0.9999621510505676
7321,4,0,0,0.9567599296569824,0.02301589585840702,0.020224129781126976,0.999897301197052
7322,3,1,2,0.4792592525482178,0.006148901302367449,0.5145918726921082,0.9999581575393677
7324,0,0,0,0.8232946991920471,0.007071400992572308,0.16963395476341248,1.0
7326,2,0,1,0.01777021400630474,0.9805786609649658,0.0016511535504832864,1.0
7327,2,0,0,0.9788877367973328,0.000511259539052844,0.0206010602414608,1.0
7328,1,2,0,0.6029077768325806,0.2822019159793854,0.11489034444093704,0.0
7329,1,2,2,3.500866796457558e-08,0.00018204502703156322,0.9998180270195007,1.263536561030006e-20
7330,1,2,2,0.00010976449266308919,1.1583001651160885e-05,0.9998786449432373,1.1210338635457965e-24
7331,2,0,0,0.6428468227386475,0.2229955941438675,0.13415759801864624,1.0
7332,4,0,0,0.9261060953140259,0.035570304840803146,0.03832358866930008,0.9999827742576599
7333,4,0,0,0.9417175650596619,0.037618376314640045,0.02066405490040779,0.9999796748161316
7334,2,0,0,0.9658190608024597,0.00595201225951314,0.028228968381881714,1.0
7335,0,2,2,3.047150864965431e-10,1.2440469765451212e-09,1.0,1.0
7336,4,0,0,0.9545458555221558,0.0008282862836495042,0.0446259081363678,0.9999752640724182
7337,1,2,0,0.6835139989852905,0.028122125193476677,0.2883639335632324,1.0997950867406894e-40
7338,2,1,1,8.4236731368037e-08,0.9999998807907104,4.965565736370081e-08,1.0
7339,0,0,0,0.9295680522918701,0.01380906905978918,0.05662290006875992,1.0
7340,2,2,2,9.079593610294978e-08,1.973753114725696e-06,0.9999978542327881,1.0
7342,1,0,0,0.76137775182724,0.13505566120147705,0.10356657207012177,4.5786292270057295e-39
7343,1,0,0,0.8345945477485657,0.0007925853133201599,0.16461296379566193,1.2390084839775027e-39
7344,2,0,0,0.9896247982978821,0.00036168910446576774,0.010013507679104805,1.0
7345,2,1,1,1.378233918103433e-07,0.9999998807907104,1.8491194353487117e-08,1.0
7346,3,1,1,3.4773580637192936e-07,0.9999995231628418,1.780125415962175e-07,0.9999211430549622
7347,3,2,2,4.252037797414232e-07,5.904068416384689e-07,0.999998927116394,0.9998689293861389
7348,0,0,1,0.3438953161239624,0.5725720524787903,0.08353257924318314,1.0
7350,4,0,1,0.09896107763051987,0.8944767713546753,0.006562177091836929,0.9999879002571106
7351,0,2,2,0.0004963116371072829,0.004086636006832123,0.9954169988632202,1.0
7352,4,2,1,1.7482703924542875e-06,0.9999980926513672,1.2978414076769695e-07,0.9999025464057922
7353,1,0,0,0.755469799041748,0.0014686653157696128,0.24306149780750275,1.0099243231335588e-37
7354,0,1,1,4.26899973149375e-08,1.0,7.033354787466806e-09,1.0
7355,0,0,0,0.8442069888114929,0.018055198714137077,0.13773778080940247,1.0
7356,2,0,0,0.9649568200111389,0.03005603514611721,0.004987060092389584,1.0
7357,4,1,1,0.12160689383745193,0.8601343035697937,0.01825881563127041,0.9997755289077759
7359,4,0,0,0.6851854920387268,0.06784462183713913,0.24696987867355347,0.9999310374259949
7360,4,0,0,0.7998628616333008,0.03288751095533371,0.1672496497631073,0.9999500513076782
7363,0,0,0,0.5232514142990112,0.0828510969877243,0.3938974440097809,1.0
7364,2,1,1,0.02865695394575596,0.9693242907524109,0.0020187036134302616,1.0
7366,4,0,0,0.642035722732544,0.3296624422073364,0.028301872313022614,0.9999889135360718
7367,2,0,0,0.9337689876556396,0.03249182552099228,0.03373909369111061,1.0
7369,3,1,1,0.24592971801757812,0.7313708066940308,0.022699469700455666,0.9999039769172668
7370,1,0,0,0.9545853734016418,0.003003692952916026,0.04241083189845085,4.565836773324908e-40
7371,2,1,2,0.0007066457183100283,5.0364928029011935e-05,0.9992430210113525,1.0
7372,3,0,0,0.6398309469223022,0.3105921447277069,0.04957686737179756,0.9999777674674988
7373,1,1,1,0.0012494934489950538,0.9986990690231323,5.1363334932830185e-05,3.1048237418823357e-22
7374,2,2,0,0.9531514644622803,0.011719905771315098,0.03512861207127571,1.0
7375,3,1,1,7.934427412692457e-05,0.9999179840087891,2.629485379657126e-06,0.997897744178772
7376,4,1,1,0.4833901822566986,0.4953349232673645,0.021274862810969353,0.9999767541885376
7378,3,2,2,0.0003944547788705677,0.0003148502146359533,0.9992907047271729,0.9999197125434875
7379,3,0,0,0.9774512648582458,0.000583856541197747,0.02196480892598629,0.999984860420227
7380,4,1,0,0.8264473676681519,0.10072725266218185,0.07282538712024689,0.9998753666877747
7381,0,0,0,0.8293489813804626,0.09233435988426208,0.07831671833992004,1.0
7382,0,2,2,0.4691745936870575,0.03219065070152283,0.4986347258090973,1.0
7383,0,0,1,0.2536858916282654,0.7431426644325256,0.0031714073847979307,1.0
7384,1,0,2,0.00011872035247506574,0.0023631907533854246,0.9975181818008423,1.3798310433403984e-18
7385,2,1,1,0.00015803787391632795,0.9998379945755005,3.918359197996324e-06,1.0
7386,2,0,0,0.9052547216415405,0.01832316257059574,0.0764220729470253,1.0
7387,2,0,0,0.9231780767440796,0.012685208581387997,0.06413672119379044,1.0
7388,2,0,0,0.9670009016990662,0.0014069604221731424,0.03159217908978462,1.0
7389,4,1,0,0.9863134622573853,0.006900022737681866,0.00678642001003027,0.999975860118866
7390,3,0,1,0.0012459276476874948,0.998504638671875,0.00024949893122538924,0.999971330165863
7391,0,2,2,3.575406992695207e-07,1.1706124496413395e-06,0.9999984502792358,1.0
7392,4,1,0,0.46443304419517517,0.1567569077014923,0.3788100481033325,0.999820351600647
7393,1,2,2,1.9447279342443835e-08,6.305695023911539e-07,0.9999994039535522,3.142945115698827e-19
7395,1,1,1,0.004675734788179398,0.9632481932640076,0.03207605332136154,2.150125643654031e-29
7396,3,1,0,0.7087411880493164,0.11598124355077744,0.17527765035629272,0.999860942363739
7398,0,1,1,9.193052392220125e-05,0.999903678894043,4.393235940369777e-06,1.0
7399,0,1,1,0.08175092190504074,0.9132577180862427,0.004991405643522739,1.0
7400,3,1,1,4.337471182225272e-06,0.9999550580978394,4.0574814192950726e-05,0.9998804330825806
7401,0,1,1,0.16234545409679413,0.8238386511802673,0.01381590310484171,1.0
7402,4,0,0,0.96671462059021,0.018725067377090454,0.01456029899418354,0.9999898672103882
7403,2,0,0,0.802849531173706,0.18254491686820984,0.014605597592890263,1.0
7404,4,0,0,0.9601808190345764,0.0005765860551036894,0.03924263268709183,0.9999523162841797
7405,1,1,1,0.37059321999549866,0.5962960124015808,0.033110737800598145,4.540321583454146e-33
7406,0,0,0,0.8901314735412598,0.07563725858926773,0.03423129767179489,1.0
7407,4,0,0,0.9262115359306335,0.012601558119058609,0.061186932027339935,0.9999556541442871
7408,4,2,0,0.5619418621063232,0.012310155667364597,0.42574793100357056,0.9999402761459351
7409,0,0,0,0.9666590094566345,0.0073505667969584465,0.025990426540374756,1.0
7410,1,2,2,0.44986438751220703,0.04621501639485359,0.5039205551147461,0.0
7411,1,1,1,0.0018635119777172804,0.9980946183204651,4.1809467802522704e-05,4.2730424534099744e-33
7414,1,0,1,0.38183167576789856,0.5808119773864746,0.03735640272498131,3.7847969016250315e-30
7415,1,0,0,0.5375583171844482,0.4421249330043793,0.02031676284968853,0.0
7417,4,0,0,0.9255275726318359,0.024301139637827873,0.050171274691820145,0.9998139142990112
7418,4,0,0,0.6754565238952637,0.2659388780593872,0.05860454589128494,0.9999791383743286
7419,1,1,1,0.010370620526373386,0.9879789352416992,0.0016504564555361867,0.0
7421,2,0,0,0.9540121555328369,0.02376667968928814,0.022221123799681664,1.0
7422,3,2,2,2.5939249326256686e-07,5.092530273032025e-07,0.9999992847442627,0.9998965859413147
7423,1,1,1,0.0003117623564321548,0.9996744394302368,1.3845305147697218e-05,3.7789567560158382e-22
7424,0,1,0,0.6956527233123779,0.036011066287755966,0.26833611726760864,1.0
7426,2,0,0,0.8806130290031433,0.011689268983900547,0.10769778490066528,1.0
7427,2,1,1,0.24719879031181335,0.7439878582954407,0.008813345804810524,1.0
7429,2,0,1,0.0781051367521286,0.9208756685256958,0.0010192720219492912,1.0
7430,4,2,0,0.5617958307266235,0.27196428179740906,0.1662399023771286,0.9999132752418518
7431,2,2,2,4.7291962346207583e-07,1.154098072220222e-06,0.9999983310699463,1.0
7432,4,0,0,0.6219503879547119,0.18816934525966644,0.18988026678562164,0.999989926815033
7433,1,1,1,0.0006268316064961255,0.9991095662117004,0.0002635822456795722,8.156895582663558e-38
7434,1,2,0,0.866037130355835,0.03763468563556671,0.0963282361626625,3.436471030165641e-30
7435,0,1,1,8.549130257051729e-07,0.9999991655349731,3.622206889986046e-08,0.9999998807907104
7437,4,1,0,0.9281942248344421,0.057160910218954086,0.014644885435700417,0.9999873638153076
7438,1,1,0,0.4838893413543701,0.3044440448284149,0.2116665542125702,7.0777295600101905e-25
7440,4,0,0,0.977112889289856,0.002669657813385129,0.02021748758852482,0.9999327659606934
7441,2,0,0,0.9708036780357361,0.0029606283642351627,0.026235708966851234,1.0
7442,2,0,0,0.8627182245254517,0.12006348371505737,0.01721826195716858,1.0
7443,4,1,1,0.008206327445805073,0.9913722276687622,0.0004214559157844633,0.9996500015258789
7447,1,1,1,3.5812176975014154e-06,0.9999948740005493,1.516326733508322e-06,1.639136840724014e-23
7449,3,1,1,3.519697565934621e-05,0.9999547004699707,1.0069619747810066e-05,0.9998655915260315
7450,3,0,0,0.6792617440223694,0.04619552940130234,0.27454277873039246,0.9999576807022095
7451,3,0,0,0.8717237114906311,0.008380218409001827,0.11989607661962509,0.9999700784683228
7452,2,1,1,1.6244177459157072e-05,0.999983549118042,1.529436133296258e-07,1.0
7454,4,0,0,0.7622510194778442,0.026266517117619514,0.21148253977298737,0.9999373555183411
7457,1,1,1,0.3194410502910614,0.6715306639671326,0.009028300642967224,1.075363354296345e-33
7459,4,0,0,0.9517389535903931,0.009000133723020554,0.039260879158973694,0.9999659657478333
7460,1,0,0,0.5409558415412903,0.035815898329019547,0.4232282340526581,1.3542708878620762e-40
7461,4,0,0,0.5325735211372375,0.4596835672855377,0.007742914836853743,0.999980092048645
7463,4,0,0,0.8632608652114868,0.045154064893722534,0.09158504009246826,0.9999833106994629
7466,1,0,0,0.8852358460426331,0.012910640798509121,0.10185350477695465,8.540742621127727e-38
7468,2,1,0,0.9564444422721863,0.013088301755487919,0.0304673220962286,1.0
7469,4,1,0,0.6444740891456604,0.0593828484416008,0.296143114566803,0.9999922513961792
7470,3,2,0,0.6222202181816101,0.1920458823442459,0.1857338845729828,0.9999673962593079
7471,1,0,0,0.957274854183197,0.00037908172816969454,0.04234607145190239,0.0
7473,1,1,1,0.00374388019554317,0.9956942796707153,0.0005618230788968503,5.292392316673948e-27
7476,4,1,0,0.6327695250511169,0.29571759700775146,0.07151290029287338,0.999968945980072
7477,2,2,0,0.854476809501648,0.0291859470307827,0.11633721739053726,1.0
7478,0,1,1,6.17295881966129e-05,0.9999216794967651,1.6580199371674098e-05,1.0
7479,3,1,2,0.08215057849884033,0.2810105085372925,0.6368389129638672,0.9999538064002991
7480,3,2,2,4.031241041957401e-05,4.007867119071307e-06,0.9999556541442871,0.9992924928665161
7481,4,0,0,0.9830615520477295,0.006529574748128653,0.010408833622932434,0.9999447464942932
7482,4,0,0,0.9291309714317322,0.039201606065034866,0.03166736662387848,0.999933123588562
7483,0,2,2,0.05268904194235802,0.006916707847267389,0.9403942227363586,1.0
7484,0,0,1,0.0050766379572451115,0.9948925971984863,3.071879837079905e-05,1.0
7485,1,1,0,0.6850969791412354,0.21619725227355957,0.09870573878288269,1.0046048820591046e-40
7486,4,0,0,0.8495269417762756,0.022766631096601486,0.12770642340183258,0.9999025464057922
7487,4,0,0,0.8979938626289368,0.06404668092727661,0.03795947507023811,0.9999526143074036
7489,0,0,0,0.7269812226295471,0.04777197912335396,0.2252468466758728,1.0
7490,0,1,1,1.0757176823972259e-05,0.9999887943267822,4.985190571460407e-07,1.0
7491,4,1,1,0.14230091869831085,0.8312627077102661,0.026436304673552513,0.9999812245368958
7492,1,2,2,0.27811992168426514,0.0006021641893312335,0.7212779521942139,2.7037805112416097e-30
7495,2,1,1,8.95630510058254e-05,0.9999059438705444,4.49075150754652e-06,1.0
7496,4,0,0,0.9505897760391235,0.010948287323117256,0.03846191242337227,0.9999004006385803
7497,0,0,2,0.19692061841487885,0.06405425816774368,0.7390251755714417,1.0
7499,2,1,0,0.8806366324424744,0.052445027977228165,0.06691838800907135,1.0
7500,3,2,0,0.6256700158119202,0.021044641733169556,0.3532853126525879,0.9999099969863892
7501,1,0,0,0.9713555574417114,0.0004973916220478714,0.028147144243121147,0.0
7502,2,1,1,0.002942861756309867,0.9970376491546631,1.9515173335094005e-05,1.0
7503,0,1,1,1.6481400962220505e-05,0.9978945851325989,0.0020889744628220797,1.0
7505,4,2,0,0.7784320712089539,0.009624423459172249,0.21194347739219666,0.9989967346191406
7506,2,0,1,0.3914969265460968,0.5850164890289307,0.023486562073230743,1.0
7507,4,2,0,0.7958816289901733,0.09416428208351135,0.10995415598154068,0.9995854496955872
7508,3,2,2,1.8794242350850254e-05,1.249235879186017e-06,0.9999799728393555,0.9997544884681702
7509,2,1,1,5.401749447742077e-08,0.9999994039535522,5.669351139658829e-07,1.0
7510,0,0,0,0.9457384347915649,0.004346100147813559,0.049915559589862823,1.0
7511,4,1,1,0.2888968288898468,0.705608069896698,0.005495134275406599,0.9999644160270691
7513,2,1,2,1.1825400747511594e-07,8.354052170034265e-07,0.9999990463256836,1.0
7515,4,1,1,0.0007800796302035451,0.9991124272346497,0.00010746289626695216,0.9999350309371948
7517,1,1,1,5.436414357973263e-05,0.9997010231018066,0.0002445851278025657,2.0217311033849175e-14
7518,4,1,1,0.01096634566783905,0.9845156669616699,0.004517939407378435,0.9999053478240967
7519,2,1,1,2.2702120077155996e-06,0.9999977350234985,3.546124105469062e-08,1.0
7521,0,0,0,0.9008537530899048,0.007293053902685642,0.09185311943292618,1.0
7522,0,0,0,0.9405310750007629,0.00811783317476511,0.051351096481084824,1.0
7523,0,1,1,6.673988650618412e-07,0.9999992847442627,1.572874275268532e-08,1.0
7524,4,1,0,0.9416969418525696,0.009013237431645393,0.04928973689675331,0.999963104724884
7525,4,1,1,0.00020809531270060688,0.9997912049293518,7.459122457476042e-07,0.9990893602371216
7526,3,0,0,0.9948830604553223,0.0026371278800070286,0.0024798368103802204,0.9999454617500305
7527,2,0,0,0.8823828101158142,0.015874728560447693,0.10174251347780228,1.0
7528,4,2,0,0.3787080943584442,0.3282407224178314,0.2930511236190796,0.9999820590019226
7529,3,0,0,0.8961713314056396,0.0032383278012275696,0.10059039294719696,0.9999790191650391
7531,3,0,0,0.8970481157302856,0.0011581898434087634,0.10179370641708374,0.999984860420227
7532,0,0,0,0.9418013095855713,0.03457900136709213,0.023619720712304115,1.0
7534,0,1,1,8.19795150164282e-06,0.9999902248382568,1.5537219724137685e-06,1.0
7535,1,1,1,0.39158424735069275,0.5756768584251404,0.03273883834481239,0.0
7536,2,2,2,3.523477516698126e-12,1.5628221206043236e-07,0.9999998807907104,1.0
7537,4,2,2,8.068650458881166e-07,1.6278281691484153e-05,0.9999828338623047,0.9997344017028809
7538,2,1,0,0.7307878732681274,0.15159353613853455,0.11761859059333801,1.0
7539,3,1,1,1.3396953590927296e-06,0.9999982118606567,3.9637632198719075e-07,0.9999648928642273
7540,0,1,1,0.07197912782430649,0.923677921295166,0.004342961125075817,1.0
7542,4,1,1,0.0002138035197276622,0.9997536540031433,3.256768832216039e-05,0.9994183778762817
7543,2,2,0,0.7585644125938416,0.00291408016346395,0.23852157592773438,1.0
7544,1,0,0,0.7770864963531494,0.21708615124225616,0.005827386863529682,2.820385571875159e-37
7545,0,1,1,0.004480419214814901,0.9946147799491882,0.0009048334904946387,1.0
7546,4,1,0,0.8854324221611023,0.06223562732338905,0.05233188718557358,0.9999731183052063
7547,3,0,0,0.5389562845230103,0.15242300927639008,0.30862075090408325,0.9996182918548584
7548,3,0,0,0.9543076753616333,0.0004978626384399831,0.04519452527165413,0.9999816417694092
7549,1,1,1,0.000446815334726125,0.9987427592277527,0.0008104905136860907,9.792407475889583e-35
7550,3,0,0,0.8619726896286011,0.07152993232011795,0.0664973258972168,0.9999402165412903
7551,4,1,1,2.434185944366618e-06,0.9999974966049194,1.095025865538446e-07,0.9999897480010986
7552,1,0,0,0.757121205329895,0.13374142348766327,0.10913735628128052,1.375896485628891e-27
7554,1,2,2,4.19280195274041e-06,5.588875410467153e-06,0.9999902248382568,6.024249433048896e-30
7556,0,1,1,1.0421879778732546e-05,0.9999887943267822,7.896473448454344e-07,1.0
7557,4,2,2,3.951462446138976e-08,2.1316003767424263e-05,0.9999786615371704,0.9997777342796326
7558,1,1,2,0.26793813705444336,0.23398251831531525,0.4980793297290802,0.0
7559,3,2,2,0.03822155296802521,0.0038184025324881077,0.9579600691795349,0.9999052882194519
7561,3,1,0,0.9318685531616211,0.014103010296821594,0.054028499871492386,0.9999297857284546
7562,3,2,0,0.9154428839683533,0.019943444058299065,0.06461364030838013,0.9999793767929077
7563,0,1,2,2.7359258955583776e-11,3.469103759812242e-08,1.0,1.0
7564,3,0,0,0.8080195188522339,0.0020809315610677004,0.1898995339870453,0.999922513961792
7565,3,2,2,0.3853670656681061,0.01633441634476185,0.5982985496520996,0.9999239444732666
7566,4,1,0,0.7697421908378601,0.1627362221479416,0.06752166897058487,0.9999679923057556
7568,0,1,1,0.42704570293426514,0.5325755476951599,0.04037873074412346,1.0
7569,0,1,0,0.8196426630020142,0.02234550192952156,0.15801186859607697,1.0
7570,4,1,0,0.8558977842330933,0.06742691248655319,0.07667522877454758,0.9999749064445496
7572,2,2,0,0.9090175032615662,0.007175486069172621,0.08380705118179321,1.0
7573,0,0,0,0.8602566123008728,0.024022601544857025,0.11572085320949554,1.0
7574,3,0,0,0.7152005434036255,0.05658182129263878,0.22821761667728424,0.999963641166687
7575,3,0,0,0.7176477909088135,0.0003150750999338925,0.2820371389389038,0.9997124075889587
7577,1,1,0,0.9358891248703003,0.025202857330441475,0.038907960057258606,1.0668589621170336e-29
7578,4,1,1,0.00027655434678308666,0.9997193217277527,4.087332854396664e-06,0.997914731502533
7579,4,0,0,0.7646552324295044,0.0023935798089951277,0.23295114934444427,0.9999831318855286
7580,3,1,1,2.891065742005594e-05,0.9999459981918335,2.5122997612925246e-05,0.9993798136711121
7581,2,2,0,0.5604282021522522,0.040903765708208084,0.3986680209636688,1.0
7582,2,0,0,0.8757283687591553,0.06813023239374161,0.05614141374826431,1.0
7583,4,0,0,0.9044071435928345,0.005315006710588932,0.09027786552906036,0.9999009966850281
7584,0,2,1,4.689975867222529e-06,0.9999898672103882,5.42759471500176e-06,1.0
7586,1,1,1,0.05956212803721428,0.9383366703987122,0.0021012132056057453,0.0
7587,3,1,1,0.0003824708401225507,0.9996035695075989,1.4026297321834136e-05,0.9998959302902222
7588,3,0,0,0.9319083094596863,0.006385382730513811,0.061706338077783585,0.9999911785125732
7590,0,1,1,2.4263399609480985e-05,0.9999756813049316,9.254670629843531e-08,1.0
7591,2,2,2,1.2188334785889765e-09,2.6398785379910805e-09,1.0,1.0
7592,3,2,2,2.806359873375186e-07,2.60219644587778e-06,0.9999971389770508,0.9999642372131348
7593,1,1,0,0.9083570241928101,0.01374451071023941,0.07789847254753113,0.0
7594,1,2,0,0.41750529408454895,0.18598370254039764,0.396511048078537,0.0
7595,3,0,0,0.8349012732505798,0.06611352413892746,0.09898518025875092,0.9999832510948181
7597,0,2,0,0.6920023560523987,0.20946341753005981,0.09853421896696091,1.0
7598,4,1,1,0.005123094189912081,0.99443519115448,0.00044169623288325965,0.9999898076057434
7599,1,2,0,0.9709460735321045,0.0043085552752017975,0.024745455011725426,0.0
7600,0,2,2,6.200461921679334e-09,2.4284777282446157e-06,0.999997615814209,1.0
7601,4,2,2,0.0004985301638953388,0.0007013537688180804,0.9988001585006714,0.9999856948852539
7602,2,2,2,1.1295008262024453e-09,3.024028671916312e-08,1.0,1.0
7603,2,1,0,0.5975515842437744,0.3745166063308716,0.02793181873857975,1.0
7605,1,0,0,0.751766562461853,0.23803627490997314,0.010197230614721775,0.0
7606,3,2,2,0.0768282413482666,0.0011222902685403824,0.9220494627952576,0.9999898672103882
7607,1,0,0,0.9471940398216248,0.03579428046941757,0.01701166480779648,0.0
7608,4,2,2,0.21383139491081238,0.06891821324825287,0.7172503471374512,0.9998856782913208
7609,2,1,1,8.458520710519224e-07,0.9999964237213135,2.783410536721931e-06,1.0
7610,3,1,0,0.8095623850822449,0.07055985182523727,0.11987774074077606,0.9998940229415894
7611,2,1,0,0.5823211669921875,0.03522828221321106,0.38245049118995667,1.0
7612,1,1,1,0.07804319262504578,0.9180125594139099,0.003944197669625282,1.0034228157908728e-18
7613,0,2,0,0.7826845049858093,0.00016289675841107965,0.21715261042118073,1.0
7614,4,1,0,0.950411319732666,0.03701821342110634,0.012570417486131191,0.9999309778213501
7615,0,2,2,0.0010448775719851255,0.0001690197386778891,0.9987860321998596,0.9999998807907104
7617,2,0,0,0.9469861388206482,0.011631233617663383,0.04138261824846268,1.0
7618,3,0,1,0.15948829054832458,0.7403703927993774,0.10014136880636215,0.9999815821647644
7619,0,0,2,0.001148427021689713,0.0002369370631640777,0.9986146688461304,0.9999998211860657
7620,2,1,0,0.5795012712478638,0.37905386090278625,0.04144490882754326,1.0
7621,1,0,0,0.8617797493934631,0.009440080262720585,0.12878023087978363,0.0
7622,3,2,0,0.5288404822349548,0.0355926975607872,0.43556684255599976,0.9999854564666748
7623,4,1,1,0.008492376655340195,0.9913985729217529,0.00010902637586696073,0.9999697804450989
7624,0,0,0,0.9507646560668945,0.01066691242158413,0.03856844827532768,1.0
7625,3,0,0,0.8377068042755127,0.010411717928946018,0.15188147127628326,0.9999857544898987
7626,2,1,0,0.698335587978363,0.08635923266410828,0.2153051495552063,1.0
7628,4,2,2,0.21316824853420258,0.05537797510623932,0.7314537763595581,0.9997766613960266
7630,1,0,0,0.7813329696655273,0.1164640560746193,0.10220296680927277,4.461199942616948e-35
7632,1,0,0,0.9241163730621338,0.037953101098537445,0.037930529564619064,2.3234649577276927e-40
7634,3,2,1,0.35414159297943115,0.6217184066772461,0.024139955639839172,0.9999509453773499
7635,1,0,0,0.8835394382476807,0.03333784639835358,0.08312270045280457,4.893838704869418e-40
7636,1,0,0,0.8551278114318848,0.06774122267961502,0.0771309956908226,5.5470942913670334e-33
7638,2,0,0,0.8095067739486694,0.12610962986946106,0.06438350677490234,1.0
7639,0,1,1,5.7965708037954755e-06,0.9999939203262329,2.852083582638443e-07,1.0
7640,2,1,0,0.7561132907867432,0.03121253103017807,0.21267417073249817,1.0
7641,3,0,0,0.6903819441795349,0.005724236834794283,0.30389389395713806,0.9999322295188904
7642,2,2,0,0.7157691717147827,0.005623424891382456,0.27860742807388306,1.0
7643,3,1,1,7.451279816450551e-05,0.9998853206634521,4.017264654976316e-05,0.9993700385093689
7644,0,0,0,0.9967417120933533,0.0006655881297774613,0.002592617180198431,1.0
7645,3,0,0,0.5822676420211792,0.0056393081322312355,0.41209304332733154,0.9996318817138672
7646,4,1,1,0.19769540429115295,0.6692611575126648,0.13304342329502106,0.9999205470085144
7648,2,0,1,0.029213665053248405,0.9705825448036194,0.00020378270710352808,1.0
7649,4,0,0,0.9485475420951843,0.007872258313000202,0.04358026385307312,0.9998657703399658
7650,2,0,0,0.951941967010498,0.0025301044806838036,0.04552783444523811,1.0
7651,1,0,0,0.9759426712989807,0.001948914723470807,0.02210831083357334,0.0
7654,0,0,0,0.9312041401863098,0.0321258120238781,0.036670081317424774,1.0
7655,3,1,1,0.0016974367899820209,0.9982185959815979,8.392833842663094e-05,0.9998772740364075
7656,2,0,0,0.9284260869026184,0.026916764676570892,0.04465717449784279,1.0
7657,1,2,0,0.7852816581726074,0.14077529311180115,0.07394299656152725,0.0
7658,3,0,0,0.9683874845504761,0.002170110121369362,0.029442427679896355,0.9999467730522156
7659,1,0,0,0.9053893685340881,0.001682927249930799,0.09292767196893692,0.0
7660,1,0,0,0.9730910062789917,0.0007476492319256067,0.02616136334836483,1.3054553946887033e-38
7661,2,1,0,0.7555280327796936,0.17819707095623016,0.0662749633193016,1.0
7663,1,0,0,0.954676628112793,7.086769619490951e-05,0.04525246098637581,8.62731618550024e-37
7664,4,0,0,0.7817683219909668,0.002817694330587983,0.21541395783424377,0.99991375207901
7667,1,0,0,0.9774640202522278,0.0038823545910418034,0.018653718754649162,0.0
7668,0,0,0,0.9117542505264282,0.018093746155500412,0.07015193998813629,1.0
7669,4,0,0,0.8241302967071533,0.04071987420320511,0.13514985144138336,0.9998831748962402
7670,0,0,0,0.8907374143600464,0.02191068045794964,0.08735189586877823,1.0
7671,1,1,0,0.6508374214172363,0.23629456758499146,0.11286799609661102,6.642637215986869e-36
7673,3,1,1,0.0007706178585067391,0.9987142086029053,0.0005151577643118799,0.9999547600746155
7674,4,2,0,0.7014366984367371,0.19362525641918182,0.10493804514408112,0.9999884366989136
7675,0,1,0,0.6144887804985046,0.23116156458854675,0.154349684715271,1.0
7676,2,2,0,0.806851327419281,0.16178974509239197,0.03135891258716583,1.0
7677,1,2,2,0.21153075993061066,0.049059852957725525,0.739409327507019,0.0
7678,0,2,0,0.8872814178466797,0.0003925325581803918,0.11232604831457138,1.0
7679,1,2,0,0.9305948615074158,0.029628867283463478,0.03977631404995918,0.0
7680,2,0,0,0.9663377404212952,0.00357968732714653,0.03008251264691353,1.0
7681,2,1,1,4.870879166674058e-08,0.9999998807907104,1.1982932868193075e-08,1.0
7682,0,1,1,3.825562816928141e-05,0.9999607801437378,9.392390438733855e-07,1.0
7683,1,0,0,0.7901679873466492,0.142230823636055,0.06760116666555405,2.6813537829193223e-38
7684,3,0,0,0.9051309823989868,0.06481600552797318,0.030053092166781425,0.999984085559845
7685,3,1,0,0.7539893984794617,0.19280794262886047,0.053202610462903976,0.9999213218688965
7686,0,0,0,0.9100431203842163,0.008045735768973827,0.08191119879484177,1.0
7687,3,0,0,0.7881715297698975,0.0018983758054673672,0.20993007719516754,0.9999727010726929
7688,2,0,0,0.9155837893486023,0.04698291793465614,0.03743326663970947,1.0
7690,3,2,1,0.1627548485994339,0.48427072167396545,0.35297441482543945,0.9999796748161316
7691,2,2,0,0.6929162740707397,0.19092009961605072,0.11616355925798416,1.0
7693,3,0,0,0.9527851343154907,0.002204121556133032,0.0450107604265213,0.9999849200248718
7694,0,2,0,0.7982649803161621,0.09953420609235764,0.10220085084438324,1.0
7695,2,1,0,0.8427481651306152,0.048303887248039246,0.10894790291786194,1.0
7697,4,0,0,0.9211016297340393,0.0526135116815567,0.026284905150532722,0.9999815821647644
7698,2,0,0,0.9762592315673828,0.006538997869938612,0.017201779410243034,1.0
7699,1,2,0,0.5848963856697083,0.14902859926223755,0.2660750448703766,1.0460008305703152e-36
7700,0,0,1,0.2884708344936371,0.5708484053611755,0.14068074524402618,0.9999998211860657
7701,0,0,0,0.9804103970527649,0.0030265655368566513,0.01656298339366913,1.0
7702,2,0,0,0.79096919298172,0.007361360359936953,0.20166943967342377,1.0
7703,1,0,0,0.9430624842643738,0.0003114604623988271,0.056626096367836,3.5426509538885494e-38
7704,3,1,1,0.060676075518131256,0.9349828362464905,0.004341054707765579,0.9999631643295288
7706,0,1,1,2.246277108497452e-05,0.999954342842102,2.318359474884346e-05,1.0
7707,2,1,1,0.021933186799287796,0.9741615056991577,0.0039053047075867653,1.0
7709,3,1,0,0.9818076491355896,0.0014144009910523891,0.016777904704213142,0.9999575018882751
7710,2,1,1,0.20281735062599182,0.7898644208908081,0.007318181451410055,1.0
7711,1,1,0,0.5170871019363403,0.3497084081172943,0.13320443034172058,4.352368155309396e-28
7712,2,1,1,3.634820313891396e-05,0.9999004602432251,6.320652028080076e-05,1.0
7713,4,2,2,0.47485533356666565,0.03457482531666756,0.4905698895454407,0.9999658465385437
7714,4,2,1,0.26066675782203674,0.4591602087020874,0.28017300367355347,0.9999386072158813
7715,3,2,2,0.24109332263469696,0.00453759403899312,0.7543691396713257,0.9999480843544006
7716,2,0,0,0.9647673964500427,0.01610497757792473,0.01912768743932247,1.0
7717,2,2,2,6.227498374755669e-07,7.178867917900789e-07,0.9999986886978149,1.0
7719,4,0,0,0.9769416451454163,0.01909426972270012,0.003964046481996775,0.9999679327011108
7720,4,1,1,0.0006582812638953328,0.9993391633033752,2.5735482722666347e-06,0.9998316168785095
7721,2,2,0,0.9075720906257629,0.04187716171145439,0.05055071786046028,1.0
7722,0,1,1,0.008818971924483776,0.98797208070755,0.003208971582353115,1.0
7723,0,0,1,0.41423743963241577,0.5595183372497559,0.026244180276989937,0.9999998807907104
7724,3,0,0,0.9072322845458984,0.017211472615599632,0.07555623352527618,0.9999841451644897
7726,1,2,2,0.11257033795118332,0.0007966856355778873,0.8866329193115234,4.828387714787877e-32
7727,4,1,2,0.2763075828552246,0.024278150871396065,0.6994143128395081,0.9999520182609558
7728,4,2,0,0.8390194773674011,0.10929670184850693,0.051683880388736725,0.9999479651451111
7730,2,0,0,0.9848392009735107,0.0012176133459433913,0.013943287543952465,1.0
7731,0,0,0,0.628277599811554,0.29583802819252014,0.07588431239128113,1.0
7733,1,2,0,0.6426616311073303,0.05237969756126404,0.304958701133728,4.8352959114166675e-34
7734,3,0,0,0.9904758334159851,0.0031317584216594696,0.006392376031726599,0.9999726414680481
7735,3,0,0,0.9566329121589661,0.03458515182137489,0.008781985379755497,0.9999316334724426
7736,2,1,0,0.6422845125198364,0.3489004075527191,0.008815188892185688,1.0
7737,2,1,1,0.25122496485710144,0.7434414029121399,0.005333633627742529,1.0
7738,2,0,0,0.8313968777656555,0.0373736247420311,0.13122951984405518,1.0
7740,0,0,0,0.5308976173400879,0.01650870032608509,0.4525936245918274,1.0
7741,4,1,0,0.5078991651535034,0.42369019985198975,0.06841065734624863,0.9999701976776123
7743,2,0,0,0.949343740940094,0.0032361194025725126,0.047420211136341095,1.0
7744,3,2,2,0.00469600223004818,0.0013517058687284589,0.993952214717865,0.9999393224716187
7746,0,0,2,0.16173051297664642,0.026973238214850426,0.8112962245941162,1.0
7747,0,0,0,0.9355713725090027,0.023553211241960526,0.04087540879845619,1.0
7748,1,1,0,0.9518342018127441,0.03231900930404663,0.015846792608499527,0.0
7749,1,1,0,0.6219260692596436,0.290781170129776,0.08729269355535507,0.0
7750,1,0,0,0.8366173505783081,0.13926585018634796,0.024116801097989082,9.733927825797624e-33
7751,0,0,0,0.6990169286727905,0.02061532810330391,0.28036773204803467,1.0
7752,0,1,0,0.8898956179618835,0.029433704912662506,0.08067069947719574,1.0
7753,2,0,0,0.7667767405509949,0.11275210231542587,0.12047124654054642,1.0
7754,2,1,1,2.736823034865665e-07,0.9999996423721313,1.1684294776159732e-07,1.0
7755,4,1,0,0.8812801837921143,0.09329691529273987,0.025422872975468636,0.9999517798423767
7757,4,0,0,0.9900013208389282,0.003696278901770711,0.006302305031567812,0.999972939491272
7758,4,0,0,0.9203664064407349,0.031992264091968536,0.04764130711555481,0.9998590350151062
7759,4,2,0,0.7691016793251038,0.039052970707416534,0.19184529781341553,0.9999825358390808
7760,4,0,2,0.3764266073703766,0.1591433733701706,0.4644300639629364,0.9999582171440125
7761,0,2,0,0.8947795033454895,0.0673423483967781,0.0378781333565712,1.0
7762,2,1,0,0.8344877362251282,0.14646022021770477,0.019052056595683098,1.0
7764,1,2,2,0.40845412015914917,0.024939069524407387,0.5666068196296692,3.025040243194455e-22
7765,1,1,1,0.05327283963561058,0.9413324594497681,0.005394673440605402,3.978800224390993e-37
7766,2,0,0,0.9247162938117981,0.04236781597137451,0.032915834337472916,1.0
7767,1,1,1,0.001007509883493185,0.998897910118103,9.452514495933428e-05,9.678752171766435e-23
7769,2,1,1,0.3598935008049011,0.5553536415100098,0.0847528800368309,1.0
7770,0,1,0,0.8958978652954102,0.08773103356361389,0.01637100614607334,1.0
7771,1,1,1,0.18357349932193756,0.811565637588501,0.0048608239740133286,5.797216140047118e-35
7773,4,1,0,0.892765462398529,0.051304157823324203,0.055930472910404205,0.9989055395126343
7774,3,1,0,0.9257642030715942,0.07089990377426147,0.003335835412144661,0.9998508095741272
7775,0,1,1,0.0003853788657579571,0.9996125102043152,2.0993845737393713e-06,1.0
7776,1,0,0,0.9522600173950195,0.020683949813246727,0.027056008577346802,8.939753110274354e-39
7778,3,2,2,0.00020578272233251482,0.007538638077676296,0.9922555685043335,0.9998325705528259
7779,2,2,2,0.003121082903817296,0.003705036360770464,0.9931738972663879,1.0
7781,4,0,0,0.9773086905479431,0.018925433978438377,0.003765827277675271,0.9999121427536011
7782,2,0,0,0.9566641449928284,0.0023400168865919113,0.0409957654774189,1.0
7783,0,0,0,0.8362846374511719,0.04383794963359833,0.11987744271755219,1.0
7784,0,0,0,0.92514967918396,0.008357950486242771,0.06649234890937805,1.0
7785,0,2,0,0.6354386806488037,0.23738664388656616,0.12717467546463013,1.0
7787,1,0,0,0.9170530438423157,0.019939908757805824,0.06300709396600723,1.012052783396991e-38
7788,4,2,0,0.8377960324287415,0.0005126685136929154,0.1616913229227066,0.9999234080314636
7789,1,0,0,0.8261680603027344,0.12009721994400024,0.05373479425907135,1.547547381612787e-34
7790,4,2,2,0.2834830582141876,0.1506580412387848,0.5658589601516724,0.9999767541885376
7791,3,1,0,0.9729717373847961,0.001989860786125064,0.025038398802280426,0.9999567866325378
7792,0,0,0,0.9869831800460815,0.004099804908037186,0.008917087689042091,1.0
7793,4,0,0,0.9089998602867126,0.07451538741588593,0.01648479886353016,0.9998660087585449
7794,2,1,1,0.001189541770145297,0.9987485408782959,6.187948019942269e-05,1.0
7795,4,1,1,0.024675387889146805,0.9746299982070923,0.0006946164648979902,0.9999907612800598
7796,3,2,0,0.8317565321922302,0.05994292348623276,0.10830052196979523,0.9999240636825562
7797,1,1,1,0.38575857877731323,0.5825788378715515,0.03166258707642555,1.6752421089525547e-32
7800,2,1,0,0.7811155915260315,0.08298332244157791,0.1359010934829712,1.0
7801,3,1,1,0.17526863515377045,0.47781381011009216,0.3469175696372986,0.9999704360961914
7802,1,2,2,0.3868531882762909,0.12876127660274506,0.4843854606151581,1.2961642412695946e-34
7804,1,1,0,0.8758345246315002,0.1077941432595253,0.016371270641684532,0.0
7806,3,1,1,0.0002501329581718892,0.999738872051239,1.1007949979102705e-05,0.9999801516532898
7807,3,0,0,0.9816806316375732,0.0015517014544457197,0.016767600551247597,0.9999746084213257
7808,1,0,0,0.8891175389289856,0.012124994769692421,0.0987575352191925,0.0
7809,4,2,0,0.9639831185340881,0.017735647037625313,0.01828126236796379,0.9999833703041077
7810,3,0,0,0.9114561080932617,0.06186121702194214,0.02668275684118271,0.9999401569366455
7812,0,2,2,0.009248973801732063,0.056258562952280045,0.9344924688339233,1.0
7813,1,2,2,0.38794946670532227,0.00919090211391449,0.602859616279602,0.0
7815,0,2,2,0.16970336437225342,0.06078271567821503,0.7695139050483704,1.0
7816,4,0,0,0.6016775965690613,0.16658401489257812,0.2317383736371994,0.9999755024909973
7817,3,1,1,0.11498302966356277,0.8555407524108887,0.029476223513484,0.9999607801437378
7818,4,0,0,0.97483891248703,0.005003880709409714,0.0201572272926569,0.9998341798782349
7819,4,2,2,0.3200794458389282,0.005899923853576183,0.6740206480026245,0.9998257756233215
7820,1,0,0,0.989707350730896,0.0003575402370188385,0.009935188107192516,4.204758574317883e-32
7821,2,0,0,0.6116236448287964,0.04850447550415993,0.33987191319465637,1.0
7822,3,1,1,0.08834931999444962,0.9094258546829224,0.0022248413879424334,0.999857485294342
7823,0,1,1,0.00017763429787009954,0.999817430973053,4.988195087207714e-06,1.0
7824,0,1,0,0.6782172322273254,0.09397422522306442,0.22780853509902954,1.0
7825,2,0,0,0.7467943429946899,0.22175028920173645,0.031455326825380325,1.0
7826,4,0,0,0.6442622542381287,0.0017684497870504856,0.3539692461490631,0.9999584555625916
7827,1,0,0,0.8033803701400757,0.11328066140413284,0.0833388939499855,7.704735404668054e-32
7828,0,1,1,2.3667043933528475e-05,0.9998629093170166,0.00011339408956700936,0.9999993443489075
7829,2,1,1,0.0006495296256616712,0.9991305470466614,0.00021990273671690375,1.0
7831,3,2,0,0.8382288813591003,0.020711250603199005,0.14105987548828125,0.9999294877052307
7832,3,0,0,0.8409448862075806,0.015654204413294792,0.14340092241764069,0.9999597668647766
7833,2,0,0,0.7263945937156677,0.23681949079036713,0.03678589686751366,1.0
7835,2,1,1,0.006997354328632355,0.9927871823310852,0.0002154620597139001,1.0
7836,2,0,0,0.9317901134490967,0.047809943556785583,0.020399905741214752,1.0
7838,1,1,1,0.03908427432179451,0.955870509147644,0.0050452398136258125,2.2317649671312017e-38
7839,2,0,0,0.7973788976669312,0.18935349583625793,0.013267588801681995,1.0
7840,2,2,2,0.176107719540596,0.08092454820871353,0.7429677248001099,1.0
7842,1,1,1,3.053314230783144e-06,0.9999967813491821,1.6875135600002977e-07,0.0
7843,1,1,0,0.8659364581108093,0.02754943072795868,0.10651413351297379,1.3115794216386636e-32
7844,0,1,0,0.7948000431060791,0.1866730898618698,0.018526816740632057,1.0
7845,2,2,0,0.7584311366081238,0.12680692970752716,0.11476191133260727,1.0
7846,1,1,1,5.244662020231772e-07,0.9999992847442627,1.5699377797773195e-07,4.8516325278282125e-33
7847,2,2,0,0.8409813046455383,0.09265660494565964,0.06636202335357666,1.0
7848,4,0,0,0.9384178519248962,0.009003699757158756,0.05257845297455788,0.9998812675476074
7849,2,1,0,0.4958581030368805,0.3709936738014221,0.13314829766750336,1.0
7850,2,0,0,0.8443918228149414,0.026778900995850563,0.1288292557001114,1.0
7851,1,2,0,0.5059008598327637,0.10672172904014587,0.38737738132476807,6.949717313043501e-38
7852,0,2,2,0.007437709718942642,0.12697811424732208,0.865584135055542,1.0
7853,4,2,2,0.00039491214556619525,1.744115616020281e-05,0.9995877146720886,0.999352216720581
7856,4,0,0,0.9229328632354736,0.059673283249139786,0.017393847927451134,0.9998221397399902
7857,0,0,0,0.6514704823493958,0.09178704768419266,0.2567424178123474,1.0
7858,4,1,0,0.9809811115264893,0.013134102337062359,0.005884788930416107,0.9999771118164062
7859,2,1,1,0.03683316335082054,0.9614701867103577,0.0016967185074463487,1.0
7860,3,1,1,0.00019864682690240443,0.9997997879981995,1.532069404674985e-06,0.99957674741745
7862,1,1,1,0.009930110536515713,0.9887662529945374,0.001303644385188818,0.0
7863,1,1,1,0.01460866816341877,0.9504722952842712,0.03491898998618126,8.062447100109156e-29
7864,1,1,0,0.9218465089797974,0.05784383416175842,0.020309636369347572,3.3508246847698894e-38
7865,4,2,0,0.9531415104866028,0.02918335609138012,0.017675146460533142,0.9999779462814331
7866,0,1,1,0.006687185261398554,0.9925600290298462,0.0007528161513619125,1.0
7867,2,0,0,0.9269759654998779,0.0005120814312249422,0.0725119486451149,1.0
7868,2,2,1,0.29544857144355774,0.6760002374649048,0.02855115942656994,1.0
7869,3,1,1,9.477951243752614e-05,0.9998785257339478,2.667854460014496e-05,0.9999445676803589
7870,3,1,0,0.8682950735092163,0.10365866124629974,0.02804635278880596,0.9999116659164429
7871,0,1,1,0.11061511933803558,0.8653964400291443,0.023988474160432816,1.0
7872,2,1,1,0.000646027852781117,0.9993454813957214,8.518983122485224e-06,1.0
7873,1,0,0,0.9314372539520264,0.02572229504585266,0.04284047335386276,0.0
7874,3,1,0,0.670039176940918,0.13762882351875305,0.1923319399356842,0.9999185800552368
7876,2,0,0,0.8262041211128235,0.03485560417175293,0.13894023001194,1.0
7877,1,1,1,0.0021859435364603996,0.9975292086601257,0.0002848881122190505,6.218215692592053e-39
7878,0,1,1,0.0009597506723366678,0.9987508058547974,0.0002894443750847131,1.0
7879,1,0,0,0.7387953400611877,0.041522733867168427,0.2196819931268692,3.1731960914320756e-38
7880,1,1,0,0.9486374258995056,0.0010786093771457672,0.050283949822187424,2.6833157128732542e-36
7881,3,2,2,0.0990004912018776,0.007193891331553459,0.8938055038452148,0.9999762177467346
7882,2,0,0,0.8846741914749146,0.10620813816785812,0.009117614477872849,1.0
7883,3,1,1,7.572834419988794e-06,0.9999923706054688,9.905561171308364e-08,0.9999340772628784
7884,3,1,1,0.0040917471051216125,0.9957982897758484,0.00010999075311701745,0.999448299407959
7885,1,1,1,7.790881113578507e-07,0.9999980926513672,1.0910764558502706e-06,1.6679378051658484e-36
7886,3,2,2,0.2684430778026581,0.0282910093665123,0.703265905380249,0.9999734163284302
7887,4,1,0,0.8601223230361938,0.06941036880016327,0.07046733051538467,0.9999740123748779
7888,2,1,1,0.0029510161839425564,0.9656845331192017,0.03136441856622696,1.0
7889,1,2,0,0.8270529508590698,0.07592848688364029,0.09701859951019287,0.0
7890,1,0,0,0.9099980592727661,0.032290101051330566,0.057711850851774216,7.23189678480459e-39
7893,0,0,0,0.9370403289794922,0.002072725212201476,0.06088684871792793,1.0
7895,3,0,0,0.9519460797309875,0.02945610135793686,0.01859782263636589,0.9999786615371704
7896,1,0,0,0.9613196849822998,0.010740364901721478,0.027939967811107635,0.0
7897,2,0,0,0.9923955202102661,0.000534528458956629,0.007069963961839676,1.0
7899,4,1,1,3.898044451489113e-05,0.9999247789382935,3.618331902544014e-05,0.9998953342437744
7900,1,1,0,0.6132234334945679,0.26532837748527527,0.12144815921783447,5.318566801965657e-33
7901,3,0,0,0.8171645998954773,0.004690845496952534,0.17814451456069946,0.9999635219573975
7902,0,0,0,0.907701313495636,0.006244953256100416,0.08605372160673141,1.0
7903,4,0,0,0.9013833403587341,0.027656828984618187,0.07095973193645477,0.9999068379402161
7904,2,1,0,0.8028407692909241,0.1395031213760376,0.05765608325600624,1.0
7906,2,1,0,0.7679033875465393,0.20845985412597656,0.02363673970103264,1.0
7907,4,0,0,0.5807541608810425,0.04671119153499603,0.3725346326828003,0.9999644160270691
7908,0,2,0,0.7242899537086487,0.0014444164698943496,0.27426567673683167,1.0
7909,4,0,0,0.962721049785614,0.002540400717407465,0.03473856672644615,0.9999480247497559
7911,1,1,0,0.6644578576087952,0.2673936188220978,0.06814850866794586,0.0
7912,0,2,0,0.5086158514022827,0.015231847763061523,0.47615233063697815,1.0
7913,4,1,0,0.9448227882385254,0.041194215416908264,0.013982963748276234,0.99986732006073
7914,4,1,1,0.00011922210251213983,0.9998804330825806,2.814700224007538e-07,0.9999703764915466
7915,1,0,0,0.9337615966796875,0.0037764706648886204,0.06246190890669823,4.9498850382485535e-39
7916,0,1,1,1.3567771020461805e-05,0.9999674558639526,1.8981210814672522e-05,1.0
7917,4,1,0,0.9380475878715515,0.01182541809976101,0.050126999616622925,0.9998750686645508
7919,2,1,1,0.24719879031181335,0.7439878582954407,0.008813345804810524,1.0
7920,4,0,0,0.870561957359314,0.06304962188005447,0.06638837605714798,0.9999646544456482
7921,0,2,0,0.6743562817573547,0.043498337268829346,0.28214535117149353,1.0
7922,4,2,0,0.6959384083747864,0.2814003527164459,0.022661225870251656,0.9999831318855286
7923,4,0,0,0.7924377918243408,0.1598990261554718,0.04766317084431648,0.9999805092811584
7924,0,2,0,0.7626199722290039,0.024787623435258865,0.21259234845638275,1.0
7925,3,1,1,0.07243409007787704,0.7947757244110107,0.132790207862854,0.9998570680618286
7927,2,0,0,0.9080165028572083,0.04146691411733627,0.050516609102487564,1.0
7928,0,1,1,3.159968287036463e-08,1.0,6.658204543263935e-10,1.0
7929,0,0,0,0.8667381405830383,0.03998187556862831,0.09328003972768784,1.0
7933,3,0,0,0.5760393142700195,0.046728603541851044,0.3772321045398712,0.9999738335609436
7934,4,0,0,0.8287687301635742,0.026048922911286354,0.14518241584300995,0.9999917149543762
7935,1,1,1,0.0004216236702632159,0.9995577931404114,2.051537376246415e-05,5.827491809419494e-15
7936,4,1,1,0.18631285429000854,0.8120765089988708,0.0016106176190078259,0.9998588562011719
7937,4,1,0,0.8351490497589111,0.014699717052280903,0.15015128254890442,0.9999532103538513
7938,3,1,1,5.673970235875458e-07,0.9999994039535522,4.0169640946885465e-09,0.9996960759162903
7939,4,2,0,0.6474692821502686,0.0507160946726799,0.30181464552879333,0.9999243021011353
7940,2,0,1,0.3276635706424713,0.6485706567764282,0.023765789344906807,1.0
7941,1,1,1,0.05525834485888481,0.923992395401001,0.02074926719069481,3.165824252574833e-36
7942,1,0,0,0.8557066917419434,0.004695904441177845,0.1395973414182663,9.803445640117683e-28
7943,3,0,2,0.4806828200817108,0.02104494534432888,0.49827221035957336,0.9999626874923706
7945,4,0,0,0.7931138277053833,0.1745414137840271,0.03234478831291199,0.9999696016311646
7946,1,2,0,0.6380574107170105,0.0453958697617054,0.3165467381477356,0.0
7947,2,0,0,0.7314577698707581,0.21080036461353302,0.05774185433983803,1.0
7948,1,0,0,0.838810384273529,0.078042171895504,0.08314744383096695,0.0
7949,0,1,1,0.1365920752286911,0.8616710305213928,0.001736901351250708,1.0
7951,3,2,0,0.5665619969367981,0.42062097787857056,0.012817013077437878,0.9999649524688721
7952,2,0,0,0.915606677532196,0.017077751457691193,0.06731560826301575,1.0
7953,2,2,2,0.09176616370677948,0.08477841317653656,0.8234554529190063,1.0
7954,3,0,0,0.9966698288917542,0.0006863085436634719,0.0026438890490680933,0.9991071820259094
7955,3,2,0,0.7347363829612732,0.1142997071146965,0.1509639024734497,0.9999714493751526
7957,2,0,1,0.0005720432964153588,0.9992749094963074,0.00015306301065720618,1.0
7958,2,0,0,0.9756385087966919,0.002611997304484248,0.021749548614025116,1.0
7960,4,1,0,0.7157697677612305,0.24640049040317535,0.0378296859562397,0.9999116063117981
7961,3,2,2,0.2186182588338852,0.010359016247093678,0.7710227966308594,0.999972403049469
7963,3,1,1,0.00015844688459765166,0.9998315572738647,1.0000808288168628e-05,0.9999358654022217
7964,1,0,0,0.9300780296325684,0.0019627329893410206,0.06795934587717056,4.806446249476115e-34
7965,4,1,0,0.9823073148727417,0.005653858184814453,0.01203877478837967,0.9999836683273315
7966,2,1,1,9.66572656579956e-07,0.999998927116394,5.8228728505582694e-08,1.0
7967,3,2,0,0.5128714442253113,0.0019170362502336502,0.4852115213871002,0.9999830722808838
7968,3,2,2,0.25744393467903137,0.000851157121360302,0.7417050004005432,0.9998170733451843
7969,1,1,0,0.7711872458457947,0.09333635866641998,0.13547629117965698,2.4311568521333666e-30
7970,1,2,0,0.8353608846664429,0.0013849282404407859,0.16325415670871735,0.0
7971,1,1,1,7.257508372049415e-08,0.9999983310699463,1.5796570096426876e-06,1.3785551849089094e-14
7972,4,2,2,0.23516108095645905,0.014543763361871243,0.7502952218055725,0.9998275637626648
7973,0,0,0,0.9206470251083374,0.033269111067056656,0.04608393833041191,1.0
7974,2,0,1,0.1595340222120285,0.8105699419975281,0.02989600971341133,1.0
7977,1,2,2,0.0035793185234069824,0.048552099615335464,0.9478685259819031,8.167101603656423e-26
7979,3,1,1,2.608052682262496e-06,0.9999972581863403,1.1086119400260941e-07,0.9999294281005859
7982,3,0,0,0.9872249364852905,0.0007769139483571053,0.01199818029999733,0.9999644756317139
7983,0,0,0,0.6727659106254578,0.22865408658981323,0.0985800251364708,0.9999996423721313
7984,1,2,2,0.16963841021060944,0.030091989785432816,0.8002696633338928,3.197178073571937e-21
7986,1,0,0,0.9482836127281189,0.01913888193666935,0.03257755935192108,3.710289814380365e-32
7988,0,2,0,0.5308311581611633,0.22018328309059143,0.24898558855056763,1.0
7989,4,0,0,0.8996991515159607,0.0036741187795996666,0.09662669152021408,0.9994720816612244
7990,4,0,0,0.9358884692192078,0.007385138887912035,0.05672638863325119,0.9999428987503052
7991,2,2,2,0.13607385754585266,0.0023547231685370207,0.8615713715553284,1.0
7992,0,0,1,0.06041141226887703,0.9271001815795898,0.012488387525081635,0.9999998807907104
7994,4,0,0,0.9808326959609985,0.00958629883825779,0.009581015445291996,0.9999629855155945
7995,2,0,0,0.8978399038314819,0.0849316269159317,0.01722847856581211,1.0
7997,4,1,1,0.002417485462501645,0.997580885887146,1.593301249158685e-06,0.9995598196983337
7998,1,0,0,0.9678053855895996,0.0021254357416182756,0.030069168657064438,2.837390048480048e-38
7999,2,0,0,0.9910513162612915,0.0027543986216187477,0.006194339133799076,1.0
8001,0,2,2,0.013543576002120972,0.0004578199004754424,0.9859986305236816,1.0
8002,3,0,0,0.7814708352088928,0.11492728441953659,0.1036018431186676,0.9999759793281555
8003,4,0,0,0.5455397963523865,0.4166470468044281,0.03781319037079811,0.9999707937240601
8004,4,2,0,0.8660224080085754,0.04156376048922539,0.09241382032632828,0.9999467134475708
8005,3,1,2,3.6750743674929254e-06,4.227534373058006e-05,0.9999539852142334,0.9998061060905457
8006,3,0,0,0.5742648243904114,0.011293184943497181,0.4144419729709625,0.9999334812164307
8009,2,0,0,0.9523123502731323,0.03729117661714554,0.010396502912044525,1.0
8010,2,0,0,0.7099901437759399,0.2812712788581848,0.008738601580262184,1.0
8011,4,0,0,0.517784833908081,0.42990320920944214,0.05231199413537979,0.9999724626541138
8012,1,1,1,0.01460866816341877,0.9504722952842712,0.03491898998618126,8.062447100109156e-29
8013,1,0,0,0.9238694310188293,0.0154030816629529,0.06072741001844406,2.1048218174831564e-32
8014,2,0,0,0.9911491870880127,0.0012186977546662092,0.007632214110344648,1.0
8015,2,0,0,0.9048495888710022,0.04077931120991707,0.05437108874320984,1.0
8016,2,0,0,0.9719220995903015,0.0033207980450242758,0.024757111445069313,1.0
8017,3,1,1,0.0005673814448527992,0.9993636012077332,6.901900633238256e-05,0.9998855590820312
8018,1,2,2,2.1502406525542028e-05,1.9303568478790112e-05,0.9999592304229736,9.324080473253485e-29
8019,2,2,0,0.9508650898933411,0.009001419879496098,0.04013353958725929,1.0
8020,1,0,0,0.8828686475753784,0.02113083377480507,0.09600061923265457,1.5979498300508806e-35
8021,4,0,0,0.5524104833602905,0.06466107815504074,0.3829284906387329,0.9999477863311768
8022,1,0,2,0.06023004278540611,0.06420476734638214,0.8755652904510498,5.432760659853769e-35
8023,1,2,2,4.400999387144111e-05,0.00031289338949136436,0.999643087387085,1.3339385873271042e-17
8024,2,2,0,0.9414637684822083,0.008571716025471687,0.04996460676193237,1.0
8025,4,0,0,0.7773537039756775,0.18419300019741058,0.03845332935452461,0.9999805092811584
8026,0,1,0,0.9007713794708252,0.004827782511711121,0.09440077096223831,1.0
8027,0,0,2,0.35154989361763,0.22827401757240295,0.42017608880996704,1.0
8028,2,0,0,0.7990086674690247,0.12276013940572739,0.07823130488395691,1.0
8029,4,0,0,0.9263288378715515,0.028238369151949883,0.04543273150920868,0.9999615550041199
8030,0,0,0,0.9873210191726685,0.0007270882488228381,0.011951911263167858,1.0
8031,4,0,0,0.8102824091911316,0.13761135935783386,0.05210626497864723,0.9999802708625793
8032,4,0,0,0.6484302282333374,0.04664783924818039,0.3049218952655792,0.9999802708625793
8033,2,1,0,0.7321844696998596,0.09921778738498688,0.1685977727174759,1.0
8034,2,0,1,0.043464675545692444,0.9395349621772766,0.017000291496515274,1.0
8035,0,2,0,0.5296281576156616,0.012645086273550987,0.45772677659988403,1.0
8037,2,0,2,0.2916422486305237,0.21420669555664062,0.49415114521980286,1.0
8038,2,1,1,0.0011343744117766619,0.9988547563552856,1.0919788110186346e-05,1.0
8039,4,1,1,0.010211982764303684,0.9895127415657043,0.00027524103643372655,0.9994914531707764
8040,2,1,1,3.436986662563868e-05,0.9999651908874512,4.0037201642917353e-07,1.0
8041,2,2,2,0.3295271396636963,0.002865192713215947,0.6676076054573059,1.0
8042,0,0,0,0.9720318913459778,0.0007781146559864283,0.027189983054995537,1.0
8043,3,2,2,0.13749326765537262,0.041079502552747726,0.8214271664619446,0.9999771118164062
8044,3,0,0,0.726615846157074,0.023613907396793365,0.24977023899555206,0.9999837875366211
8045,2,0,0,0.7243677973747253,0.26851513981819153,0.007117076776921749,1.0
8046,3,1,1,0.005346944089978933,0.9946017265319824,5.1387840358074754e-05,0.9994543790817261
8047,3,1,1,0.038200560957193375,0.9597379565238953,0.0020614475943148136,0.9999680519104004
8048,3,0,0,0.9743403792381287,0.0028098386246711016,0.022849813103675842,0.999965250492096
8049,0,0,0,0.6789425015449524,0.00018008284678217024,0.32087743282318115,1.0
8050,1,1,0,0.5000283122062683,0.3863905370235443,0.1135811135172844,1.2255299164532298e-35
8051,1,1,1,0.1358099728822708,0.8494149446487427,0.014775069430470467,2.3057682396814274e-37
8052,3,1,1,2.664813223418605e-07,0.9999997615814209,7.911311605823812e-09,0.9998135566711426
8053,4,2,2,5.751607022830285e-05,0.0006082278559915721,0.9993341565132141,0.9999932050704956
8054,0,0,0,0.6934527158737183,0.21604180335998535,0.09050548821687698,1.0
8055,0,1,1,0.015408036299049854,0.984078049659729,0.0005138976266607642,1.0
8057,4,1,0,0.8541693687438965,0.12487246096134186,0.020958108827471733,0.9999784827232361
8058,3,0,0,0.9166846871376038,0.012044237926602364,0.07127109915018082,0.9999527931213379
8059,1,0,1,0.08359752595424652,0.9122672080993652,0.004135271534323692,6.372205782135172e-39
8063,1,2,2,0.02217518910765648,0.0012385377194732428,0.9765862226486206,3.8057579127710985e-38
8066,0,0,0,0.9482940435409546,0.039875518530607224,0.011830490082502365,1.0
8067,2,1,1,1.1163026101712603e-05,0.9999885559082031,2.642057381763152e-07,1.0
8069,2,2,0,0.9524934887886047,0.0003874576650559902,0.04711908474564552,1.0
8070,1,1,1,0.05397605523467064,0.9410249590873718,0.0049990089610219,5.012258550327049e-35
8071,3,2,0,0.920413076877594,0.0018892647931352258,0.07769764214754105,0.9999582767486572
8072,2,0,0,0.9556158185005188,0.0008234556880779564,0.04356076568365097,1.0
8073,0,0,0,0.8882267475128174,0.012104220688343048,0.09966906905174255,1.0
8074,2,2,1,0.01690407283604145,0.9757372140884399,0.007358756382018328,1.0
8075,1,1,1,0.054820235818624496,0.7104685306549072,0.23471122980117798,5.853263175822355e-28
8076,4,2,2,0.3536038398742676,0.26157549023628235,0.3848206400871277,0.9999813437461853
8078,2,2,0,0.5993619561195374,0.03958530351519585,0.3610527217388153,1.0
8079,1,0,0,0.9475746154785156,0.026074709370732307,0.0263507217168808,2.2002950266089342e-39
8080,3,1,1,0.42767590284347534,0.4341059625148773,0.13821807503700256,0.9999589323997498
8081,4,1,1,0.15308435261249542,0.7908120155334473,0.05610368400812149,0.9998884201049805
8083,4,2,0,0.5347243547439575,0.0060083987191319466,0.4592672288417816,0.9988899230957031
8085,4,0,0,0.6439236998558044,0.2646617889404297,0.09141446650028229,0.9999385476112366
8088,0,1,1,0.015570259653031826,0.9821951985359192,0.002234566258266568,1.0
8090,1,2,0,0.5869306325912476,0.043226178735494614,0.36984318494796753,0.0
8091,3,1,1,0.024261746555566788,0.9756717085838318,6.653204036410898e-05,0.9999311566352844
8092,0,0,1,0.37032967805862427,0.6090438365936279,0.020626453682780266,1.0
8093,0,0,0,0.692355751991272,0.296230286359787,0.01141397561877966,1.0
8094,2,2,2,0.10309433192014694,0.0025687015149742365,0.8943368792533875,1.0
8096,1,2,0,0.5639218091964722,0.16645434498786926,0.2696238160133362,4.752801378325598e-22
8097,0,1,1,0.24728228151798248,0.6533246636390686,0.09939305484294891,1.0
8099,3,1,0,0.7856348752975464,0.01536437589675188,0.19900071620941162,0.9999715685844421
8100,1,1,0,0.5873245596885681,0.01842794194817543,0.39424747228622437,0.0
8101,0,0,0,0.5281383395195007,0.01635749079287052,0.4555041790008545,1.0
8102,3,1,1,0.029990702867507935,0.968778669834137,0.0012306089047342539,0.99990314245224
8103,3,1,1,0.00018618976173456758,0.9998120665550232,1.7408947314834222e-06,0.9999473094940186
8104,1,1,1,0.1804845631122589,0.6306240558624268,0.18889141082763672,6.87494566596737e-24
8106,1,0,0,0.993671178817749,0.00047700805589556694,0.005851781461387873,0.0
8107,2,1,1,4.907476977678016e-06,0.9999942779541016,7.922185432107653e-07,1.0
8108,3,1,0,0.9472344517707825,0.03620536997914314,0.01656017266213894,0.9999845027923584
8109,3,1,1,0.00021590011601801962,0.9997732043266296,1.095970128517365e-05,0.9975258111953735
8110,1,2,1,0.07216968387365341,0.9233231544494629,0.004507128614932299,0.0
8111,0,0,0,0.8853657841682434,0.04147815704345703,0.07315599173307419,1.0
8112,3,1,1,0.0008753766887821257,0.9990944862365723,3.0126060664770193e-05,0.999950110912323
8113,2,1,0,0.7324792146682739,0.24176664650440216,0.025754205882549286,1.0
8115,2,1,0,0.8851755857467651,0.09666980803012848,0.018154611811041832,1.0
8117,4,0,0,0.9423262476921082,0.02770315855741501,0.029970606788992882,0.9999850392341614
8119,3,0,0,0.9051977396011353,0.006785808131098747,0.08801642060279846,0.9999791383743286
8120,3,1,0,0.6391124725341797,0.24826107919216156,0.11262646317481995,0.999986469745636
8121,0,0,0,0.7411568760871887,0.04381502419710159,0.2150280922651291,1.0
8122,0,0,0,0.8869339227676392,0.04807239770889282,0.06499362736940384,1.0
8123,4,2,0,0.7371177673339844,0.14411181211471558,0.11877046525478363,0.9999792575836182
8124,3,1,1,0.01884179748594761,0.9771665930747986,0.003991568461060524,0.9998332858085632
8125,3,0,0,0.6729668378829956,0.000574162055272609,0.3264589309692383,0.9999657273292542
8126,1,2,2,0.0001583110133651644,0.00016708190378267318,0.9996746778488159,3.478206167528697e-09
8128,3,0,2,0.2235577404499054,0.011476941406726837,0.764965295791626,0.9999605417251587
8130,1,0,0,0.8045430183410645,0.05619698762893677,0.139259934425354,0.0
8131,1,1,0,0.7378891110420227,0.23811554908752441,0.023995328694581985,0.0
8132,4,0,0,0.811016321182251,0.026060817763209343,0.16292278468608856,0.9999895691871643
8133,1,0,0,0.9488397836685181,0.0023249012883752584,0.048835329711437225,2.8857875343215127e-38
8134,3,1,0,0.6527876853942871,0.3343203365802765,0.01289201807230711,0.9998856782913208
8136,4,0,0,0.9322117567062378,0.0006391084170900285,0.06714915484189987,0.9999117255210876
8137,2,1,0,0.5330144166946411,0.01362686324864626,0.4533587396144867,1.0
8139,4,0,0,0.7380639910697937,0.014460441656410694,0.24747557938098907,0.999941349029541
8141,0,0,0,0.6774571537971497,0.008594759739935398,0.31394803524017334,1.0
8142,3,1,1,1.5849089152197848e-08,0.9999997615814209,1.7171709032481886e-07,0.9994785189628601
8145,0,0,0,0.6186079978942871,0.1193443089723587,0.262047678232193,1.0
8146,2,0,0,0.9647604823112488,0.0074230944737792015,0.02781636454164982,1.0
8147,0,0,0,0.9714162945747375,0.00430574594065547,0.024277949705719948,1.0
8148,1,0,0,0.8918651342391968,0.023852473124861717,0.08428240567445755,0.0
8149,3,1,0,0.956364631652832,0.013004058972001076,0.030631376430392265,0.9999403357505798
8151,2,0,0,0.979333221912384,0.0038977216463536024,0.01676907390356064,1.0
8153,1,0,1,0.12040606141090393,0.8643075823783875,0.015286422334611416,3.456268485593489e-27
8154,4,1,1,0.10134243965148926,0.894310474395752,0.004347086418420076,0.9999802708625793
8155,3,0,2,0.045287929475307465,0.009637761861085892,0.9450743198394775,0.9999555945396423
8156,2,0,0,0.7803205251693726,0.12767045199871063,0.09200897812843323,1.0
8157,2,1,0,0.9418264627456665,0.03388432040810585,0.02428922988474369,1.0
8158,1,0,2,0.14529184997081757,0.15374097228050232,0.7009672522544861,1.7137491218238816e-37
8159,0,1,0,0.8973715901374817,0.06046245992183685,0.04216586798429489,1.0
8160,4,1,0,0.7187028527259827,0.19597485661506653,0.08532225340604782,0.9998341798782349
8161,0,0,0,0.989150881767273,0.00024058896815404296,0.010608508251607418,1.0
8162,2,0,0,0.8092421293258667,0.039299774914979935,0.15145805478096008,1.0
8163,1,2,2,1.5469375284737907e-05,4.3159576307516545e-05,0.999941349029541,4.19369010004611e-12
8164,2,0,0,0.7728554010391235,0.023987170308828354,0.20315738022327423,1.0
8166,0,0,0,0.8830026388168335,0.06601125001907349,0.050986096262931824,1.0
8167,1,1,1,0.0004526924167294055,0.9969640374183655,0.00258327042683959,1.0221073990613489e-32
8168,2,0,0,0.8506021499633789,0.06043273210525513,0.08896518498659134,1.0
8170,1,0,0,0.6014978289604187,0.1588851809501648,0.2396169900894165,0.0
8171,3,0,0,0.6507371664047241,0.04023919999599457,0.3090236186981201,0.9999173283576965
8172,0,0,0,0.9926142692565918,0.0018235157476738095,0.00556216761469841,1.0
8173,1,0,0,0.7913384437561035,0.17341095209121704,0.035250551998615265,1.8929076864562084e-36
8174,3,0,0,0.5819335579872131,0.2669331133365631,0.15113328397274017,0.999878466129303
8175,0,0,0,0.7555108666419983,0.03770379349589348,0.20678529143333435,1.0
8176,0,0,0,0.9892098307609558,0.0006129935500212014,0.010177277959883213,1.0
8177,1,0,0,0.733817994594574,0.21165058016777039,0.05453147366642952,9.443224140662087e-25
8178,0,1,1,2.050068178505171e-05,0.9999772310256958,2.2456761143985204e-06,1.0
8179,3,0,0,0.918552577495575,0.05638100579380989,0.025066465139389038,0.9999908804893494
8180,0,1,1,1.385697373734729e-06,0.9999984502792358,1.1025738899661519e-07,1.0
8181,0,1,1,0.0030813138000667095,0.9967840909957886,0.00013462058268487453,1.0
8183,3,2,2,8.990053902380168e-05,0.000887965434230864,0.9990221261978149,0.9998618364334106
8184,1,0,0,0.7602516412734985,0.09617715328931808,0.14357121288776398,2.823015248573311e-39
8185,1,1,1,1.0541008350628545e-06,0.9999988079071045,1.6595269869412732e-07,2.68589231085206e-24
8186,2,0,0,0.6016156673431396,0.03731126710772514,0.3610731065273285,1.0
8187,0,1,1,0.0015431912615895271,0.9984304308891296,2.6341574994148687e-05,1.0
8188,4,0,0,0.5364705324172974,0.06212494522333145,0.4014045298099518,0.999505877494812
8189,3,0,0,0.7014054656028748,0.21557408571243286,0.08302043378353119,0.9999668598175049
8190,0,1,1,2.551300681830071e-08,1.0,1.9623665192813888e-10,1.0
8192,4,1,1,2.136439206879004e-06,0.9999978542327881,2.838346002675962e-09,0.9997808337211609
8194,3,1,0,0.8810759782791138,0.0324944332242012,0.0864296481013298,0.9999859929084778
8195,1,1,0,0.9039605855941772,0.012110895477235317,0.08392854034900665,0.0
8196,0,0,0,0.8936169147491455,0.025566665455698967,0.08081641048192978,1.0
8197,1,0,0,0.8915359377861023,0.040121231228113174,0.06834279745817184,0.0
8199,0,0,0,0.8439534902572632,0.0589500293135643,0.09709646552801132,1.0
8200,4,0,0,0.684990406036377,0.3034802973270416,0.01152936089783907,0.9997410178184509
8201,4,0,0,0.6106168627738953,0.029969144612550735,0.3594139516353607,0.9999645352363586
8203,2,1,0,0.8783795237541199,0.09576424211263657,0.02585613913834095,1.0
8204,2,0,0,0.9572333097457886,0.01282590627670288,0.02994079887866974,1.0
8205,0,1,0,0.8051720857620239,0.11769390106201172,0.07713396102190018,1.0
8206,4,2,2,0.1385354846715927,0.15992054343223572,0.701543927192688,0.9960410594940186
8207,3,0,1,0.13559241592884064,0.8447874784469604,0.019620049744844437,0.9999657869338989
8208,3,0,1,0.2378215789794922,0.7249298095703125,0.0372486412525177,0.999966025352478
8209,1,0,0,0.7650266289710999,0.015106582082808018,0.2198667824268341,4.1049908798963623e-29
8210,1,0,0,0.7490595579147339,0.21886169910430908,0.03207874670624733,0.0
8211,3,0,0,0.9557081460952759,0.0005076562520116568,0.04378419369459152,0.999840259552002
8212,0,0,0,0.8938747644424438,0.044027961790561676,0.06209734454751015,1.0
8214,3,2,2,0.10345727205276489,0.016218401491642,0.8803243637084961,0.9999875426292419
8215,1,1,0,0.5517445802688599,0.3210222125053406,0.12723314762115479,0.0
8216,1,0,2,0.2914661765098572,0.08072002232074738,0.6278138160705566,6.263858216594662e-33
8218,4,1,1,0.0014805285027250648,0.9984285235404968,9.090049570659176e-05,0.9999662041664124
8219,1,0,0,0.5988190174102783,0.23505587875843048,0.1661251187324524,3.9466240679818304e-28
8220,2,0,0,0.9558837413787842,0.02147507295012474,0.02264127880334854,1.0
8221,0,1,1,0.0021050579380244017,0.997849702835083,4.522365998127498e-05,1.0
8222,3,1,2,0.076369509100914,0.007834292016923428,0.9157962203025818,0.9999548196792603
8223,4,1,1,0.0002808865683618933,0.9997188448905945,1.997478022985888e-07,0.9999768137931824
8224,0,0,0,0.4908658564090729,0.1717969924211502,0.33733710646629333,1.0
8226,4,2,0,0.5690914392471313,0.007637700065970421,0.42327094078063965,0.9971304535865784
8228,4,0,0,0.9119076132774353,0.0721135139465332,0.015978846698999405,0.9999740719795227
8231,3,1,1,0.00023332676209975034,0.9997547268867493,1.198697373183677e-05,0.999890923500061
8232,2,0,0,0.7449938654899597,0.06309498101472855,0.19191110134124756,1.0
8233,4,0,0,0.8257797360420227,0.041944991797208786,0.13227532804012299,0.9999925494194031
8234,3,0,0,0.9456049203872681,0.017682870849967003,0.036712195724248886,0.9999836683273315
8235,1,0,0,0.9750084280967712,0.004779260139912367,0.020212316885590553,0.0
8237,3,0,0,0.9113768935203552,0.0436217226088047,0.045001473277807236,0.9999814033508301
8238,1,1,1,7.537058263551444e-05,0.9996318817138672,0.00029276820714585483,1.2955645994975383e-26
8239,1,1,1,0.02326672337949276,0.974012553691864,0.0027207129169255495,0.0
8240,2,0,0,0.7189546823501587,0.1023106798529625,0.17873463034629822,1.0
8242,0,0,0,0.754824161529541,0.2013269066810608,0.04384888336062431,1.0
8243,2,0,0,0.9760638475418091,0.004033554345369339,0.019902553409337997,1.0
8244,2,0,2,0.11213706433773041,0.020047597587108612,0.867815375328064,1.0
8245,4,0,1,0.44590866565704346,0.5504029989242554,0.0036883491557091475,0.9999778866767883
8246,0,1,1,0.07005932927131653,0.7373476624488831,0.19259300827980042,1.0
8250,4,0,0,0.9605902433395386,0.03002491593360901,0.009384920820593834,0.9999734163284302
8254,1,0,1,0.43950510025024414,0.5041553974151611,0.056339483708143234,2.0760859199105622e-26
8255,0,0,0,0.49588003754615784,0.2210623025894165,0.28305771946907043,1.0
8256,1,0,0,0.5025862455368042,0.16003580391407013,0.33737796545028687,1.3397849540009385e-34
8257,2,0,0,0.7110881805419922,0.054466892033815384,0.23444493114948273,1.0
8258,2,1,2,0.13160717487335205,0.024347322061657906,0.8440454602241516,1.0
8259,2,1,1,0.011399266310036182,0.9883463978767395,0.00025427158107049763,1.0
8260,1,0,0,0.5332122445106506,0.10774034261703491,0.35904744267463684,4.690158011261956e-38
8261,1,1,1,0.00035962951369583607,0.9996090531349182,3.128440584987402e-05,1.113473707669469e-33
8262,1,0,0,0.45599567890167236,0.45254001021385193,0.09146425127983093,4.078954491888169e-35
8263,2,0,2,0.34998705983161926,0.010627036914229393,0.6393859386444092,1.0
8264,1,0,2,0.09682763367891312,0.036928098648786545,0.8662443161010742,0.0
8265,2,1,1,0.009974732995033264,0.989609956741333,0.0004152656183578074,1.0
8267,4,1,1,0.03421067073941231,0.9652480483055115,0.0005412368918769062,0.9999755620956421
8268,4,0,0,0.6882869005203247,0.13062980771064758,0.1810833215713501,0.999942421913147
8269,3,0,0,0.7817089557647705,0.05058268457651138,0.16770830750465393,0.9999875426292419
8270,0,0,0,0.7164148092269897,0.119440957903862,0.16414421796798706,1.0
8272,2,0,0,0.8945091962814331,0.0015632110880687833,0.10392753779888153,1.0
8273,3,0,0,0.7711701393127441,0.043863821774721146,0.18496613204479218,0.9999756813049316
8274,1,0,0,0.5332202315330505,0.19017264246940613,0.27660709619522095,0.0
8275,2,0,0,0.8553903698921204,0.03273405134677887,0.11187557131052017,1.0
8276,3,0,0,0.9309433102607727,0.0006323238485492766,0.06842434406280518,0.9999820590019226
8278,4,1,1,6.381085404427722e-05,0.9999232292175293,1.3012465387873817e-05,0.9999217391014099
8279,2,1,1,1.0709885600590496e-06,0.9999988079071045,1.8046476668587275e-07,1.0
8280,0,0,2,0.33929139375686646,0.006802722811698914,0.6539058685302734,0.9999982714653015
8281,1,0,0,0.7412230968475342,0.1987154185771942,0.0600614920258522,0.0
8282,3,0,2,0.21626049280166626,0.005484846420586109,0.7782546877861023,0.9997552633285522
8283,4,0,1,0.0617254413664341,0.9378584027290344,0.00041615049121901393,0.9999446272850037
8285,3,1,1,0.00044800821342505515,0.9995185136795044,3.351797568029724e-05,0.999940037727356
8286,3,0,2,0.2298443764448166,0.006094358395785093,0.7640612721443176,0.9999273419380188
8287,3,0,0,0.49713334441185,0.26409783959388733,0.2387688159942627,0.9998788833618164
8288,3,1,1,0.018828805536031723,0.9794312119483948,0.0017399368807673454,0.9999698400497437
8290,0,0,0,0.9931579232215881,0.0002919476537499577,0.00655012670904398,1.0
8292,0,0,0,0.7486976385116577,0.142710879445076,0.10859149694442749,1.0
8293,4,0,0,0.7378808259963989,0.03949636593461037,0.22262278199195862,0.9999752044677734
8294,4,0,0,0.9614551663398743,0.027352096512913704,0.011192685924470425,0.99992436170578
8295,0,0,0,0.6929379105567932,0.2894962728023529,0.017565816640853882,1.0
8296,2,0,0,0.9667007923126221,0.0006507484940811992,0.03264839947223663,1.0
8297,1,1,1,0.008626706898212433,0.9912115931510925,0.00016169999435078353,4.001263384054061e-34
8299,4,1,0,0.5831612348556519,0.30104318261146545,0.1157955601811409,0.9999266266822815
8301,2,0,0,0.9886054396629333,0.0012780389515683055,0.010116423480212688,1.0
8303,1,2,2,1.813730499122812e-08,4.5517691660279525e-07,0.9999995231628418,0.10000000149011612
8304,3,2,2,1.5628853589078062e-07,1.4910142454027664e-05,0.9999849796295166,0.9990789890289307
8305,2,2,2,4.48960096530171e-12,8.726046551998934e-09,1.0,1.0
8306,3,2,2,8.966035913715587e-09,8.871209615790576e-07,0.9999991655349731,0.9997738599777222
8307,4,2,2,1.9070222379014012e-06,0.0003231547598261386,0.999674916267395,0.9986432790756226
8309,3,2,2,2.0484961282818404e-08,1.7110390899688355e-06,0.9999983310699463,0.9994064569473267
8311,3,2,2,0.014233574271202087,0.013334442861378193,0.9724318981170654,0.999967634677887
8312,0,0,0,0.7897852063179016,0.021042145788669586,0.18917256593704224,0.9999991059303284
8313,1,2,2,3.878871002171991e-09,1.4796815150930342e-07,0.9999998807907104,0.07167590409517288
8314,4,2,2,2.8975324539715075e-07,2.4282837330247276e-05,0.9999754428863525,0.9969530701637268
8315,1,2,2,6.472290806414094e-06,1.8474705711923889e-06,0.999991774559021,1.1399431798508886e-07
8316,1,2,2,9.876922391072185e-09,1.2818200048059225e-06,0.9999986886978149,6.135672414586679e-09
8317,2,2,2,0.04105403274297714,0.0035902652889490128,0.9553556442260742,1.0
8318,0,2,2,0.009706351906061172,0.014917127788066864,0.975376546382904,1.0
8319,0,0,0,0.9305117130279541,0.03736395016312599,0.03212432190775871,1.0
8320,1,0,0,0.8671071529388428,0.0035417734179645777,0.12935101985931396,0.0
8321,2,0,0,0.732627809047699,0.0013446408556774259,0.2660275995731354,1.0
8322,1,1,1,4.586423074215418e-06,0.9999949932098389,3.8081336128925614e-07,0.0
8323,0,1,0,0.9935328960418701,0.0019712448120117188,0.004495743662118912,1.0
8324,0,1,1,0.039007481187582016,0.9606889486312866,0.00030353537295013666,1.0
8325,1,0,0,0.9436319470405579,0.0027962608728557825,0.05357172340154648,0.0
8326,1,2,2,0.001579995616339147,0.12470442056655884,0.8737155795097351,1.2487699936520315e-21
8327,3,0,2,0.2741641402244568,0.001089021097868681,0.724746823310852,0.9999783635139465
8328,4,0,0,0.7133800983428955,0.13931474089622498,0.14730513095855713,0.9998824596405029
8330,2,0,0,0.4838375449180603,0.037697259336709976,0.47846519947052,1.0
8331,1,0,2,0.002527182921767235,0.0002671168476808816,0.9972056746482849,5.468669140772614e-26
8332,2,0,0,0.7898194789886475,0.002316949423402548,0.20786355435848236,1.0
8333,1,1,1,4.98181134389597e-06,0.9999949932098389,7.697576620557811e-08,2.8701492714340923e-33
8334,1,0,1,0.4933280646800995,0.5021047592163086,0.004567214287817478,0.0
8335,3,1,1,0.013244623318314552,0.9850606322288513,0.0016946931136772037,0.9999670386314392
8336,3,1,0,0.8841786980628967,0.08852286636829376,0.02729841321706772,0.9999834299087524
8337,1,1,1,0.026580141857266426,0.9709648489952087,0.0024549774825572968,3.0305430195376518e-27
8338,1,0,0,0.9318395853042603,0.008457871153950691,0.05970258638262749,9.043444234916788e-35
8339,4,0,0,0.9470286965370178,0.02110818587243557,0.03186310827732086,0.9999761581420898
8340,4,0,1,0.005136767867952585,0.9945328235626221,0.0003304282727185637,0.9999837279319763
8341,3,1,1,0.008361606858670712,0.9901663064956665,0.0014720807084813714,0.9998628497123718
8342,1,0,0,0.856513261795044,0.023849213495850563,0.11963754147291183,5.065702916844385e-38
8344,3,1,1,0.0216254610568285,0.976182758808136,0.0021917219273746014,0.999957263469696
8345,0,0,0,0.924672544002533,0.03970573842525482,0.035621654242277145,1.0
8346,3,0,1,0.10478964447975159,0.8615572452545166,0.03365308791399002,0.9999738335609436
8347,0,0,0,0.6247316598892212,0.11482378840446472,0.2604445517063141,1.0
8348,1,0,2,0.018526840955018997,5.732414501835592e-05,0.981415867805481,1.3667913023596157e-08
8349,3,0,0,0.9695104956626892,0.003490663366392255,0.02699882537126541,0.9999702572822571
8350,0,0,0,0.6945183277130127,0.2742040455341339,0.031277552247047424,1.0
8352,3,1,0,0.9294672012329102,0.045213643461465836,0.025319121778011322,0.9999653697013855
8353,0,0,0,0.9167490601539612,0.020796872675418854,0.06245413422584534,0.9999997615814209
8354,2,1,1,0.006712925620377064,0.9926706552505493,0.0006163857760839164,1.0
8355,3,0,0,0.9434805512428284,0.045334283262491226,0.011185206472873688,0.9999786019325256
8356,3,0,0,0.911542534828186,0.011339997872710228,0.0771174356341362,0.9999693036079407
8357,3,1,1,0.314758837223053,0.6732233762741089,0.01201777346432209,0.9999094009399414
8358,3,0,0,0.7379958033561707,0.0919618085026741,0.17004239559173584,0.9999771118164062
8359,2,0,0,0.8531665205955505,0.019095631316304207,0.12773793935775757,1.0
8360,2,1,1,0.0008169685024768114,0.9991592168807983,2.3875831175246276e-05,1.0
8362,1,0,2,0.04051107168197632,0.0005084366421215236,0.9589805006980896,4.045021778283161e-36
8363,2,0,0,0.4869537949562073,0.041232138872146606,0.47181400656700134,1.0
8365,2,0,1,0.01774592697620392,0.7928370833396912,0.1894170194864273,1.0
8367,2,0,0,0.9515167474746704,0.02244976907968521,0.02603350207209587,1.0
8368,4,0,1,0.08362805098295212,0.8917031288146973,0.0246688574552536,0.9999600648880005
8369,0,1,1,0.13758546113967896,0.849875807762146,0.012538722716271877,1.0
8370,3,0,0,0.6758562922477722,0.18328072130680084,0.14086294174194336,0.9999606013298035
8372,2,0,0,0.8022758364677429,0.17498166859149933,0.022742459550499916,1.0
8373,1,1,1,0.01460866816341877,0.9504722952842712,0.03491898998618126,8.062447100109156e-29
8374,3,0,1,0.17774412035942078,0.7599549293518066,0.06230096146464348,0.9999730587005615
8375,0,0,0,0.91904217004776,0.010261391289532185,0.07069642841815948,1.0
8376,2,0,1,0.4586380422115326,0.5266609191894531,0.01470100786536932,1.0
8377,4,1,1,0.00982617400586605,0.9901556968688965,1.8133956473320723e-05,0.9999711513519287
8378,0,0,0,0.7003250122070312,0.2680484354496002,0.03162654861807823,1.0
8379,2,1,1,0.0005225909990258515,0.9994120597839355,6.530644168378785e-05,1.0
8381,4,1,1,0.03948011249303818,0.9587427377700806,0.0017771018901839852,0.9973493814468384
8382,2,1,1,0.000198160094441846,0.9997697472572327,3.21550942317117e-05,1.0
8383,4,0,0,0.940233051776886,0.038859568536281586,0.020907361060380936,0.9999861717224121
8384,3,0,2,0.2892177999019623,0.11149779707193375,0.5992843508720398,0.9999588131904602
8385,1,0,0,0.5023007988929749,0.39775553345680237,0.09994367510080338,1.4259958410150045e-31
8386,4,0,0,0.8984321355819702,0.025891117751598358,0.07567667961120605,0.999857485294342
8387,4,2,2,1.6924453802857897e-06,0.0001785338099580258,0.999819815158844,0.9994383454322815
8388,2,2,0,0.9748584032058716,0.019423261284828186,0.005718377884477377,1.0
8389,3,2,2,3.779957467031636e-07,1.88512206023006e-06,0.9999977350234985,0.9997771978378296
8390,3,2,2,0.0001439886837033555,3.3601754694245756e-05,0.9998224377632141,0.9969232678413391
8391,2,2,2,3.004010196150375e-08,1.5731620806036517e-05,0.9999842643737793,1.0
8392,1,2,2,4.267563326720847e-06,1.3149629012332298e-06,0.9999943971633911,4.333102321396609e-09
8393,0,2,2,5.58171322495582e-08,1.624363562768849e-06,0.9999983310699463,1.0
8396,1,2,2,2.6073965209150174e-09,2.5069493148066613e-09,1.0,1.6932645285905323e-09
8398,0,1,1,0.0028111834544688463,0.9969852566719055,0.0002035267825704068,1.0
8399,2,1,1,4.516164722190297e-07,0.9999991655349731,3.470535432370525e-07,1.0
8401,1,2,0,0.7753826379776001,0.028719009831547737,0.19589842855930328,0.0
8402,3,0,0,0.9313763976097107,0.002527273027226329,0.06609642505645752,0.999962568283081
8403,2,1,1,0.0054700556211173534,0.9382340312004089,0.05629594624042511,1.0
8404,3,1,1,0.10583790391683578,0.8741311430931091,0.020031021907925606,0.9999191164970398
8405,2,1,1,0.1421586573123932,0.8524289131164551,0.005412451457232237,1.0
8406,0,1,1,0.12362518906593323,0.8540874719619751,0.022287381812930107,1.0
8407,3,1,1,0.0021675899624824524,0.9978300929069519,2.320150315426872e-06,0.9999524354934692
8408,4,1,0,0.9308757185935974,0.033483415842056274,0.03564086928963661,0.9999828934669495
8409,3,1,1,1.554443770146463e-06,0.9999911785125732,7.226556590467226e-06,0.9983257055282593
8410,4,0,0,0.9427022933959961,0.020812418311834335,0.036485299468040466,0.9999499320983887
8411,2,1,1,0.00813346728682518,0.990231454372406,0.0016350641380995512,1.0
8412,4,0,0,0.9215906262397766,0.0264334287494421,0.05197597295045853,0.9999912977218628
8413,1,0,0,0.8930909633636475,0.011258772574365139,0.09565024077892303,0.0
8414,0,0,0,0.8930425643920898,0.0337737612426281,0.073183573782444,1.0
8415,0,0,0,0.4543195068836212,0.42568472027778625,0.11999575048685074,1.0
8417,2,1,1,0.09370992332696915,0.904473066329956,0.0018169389804825187,1.0
8418,1,2,0,0.8665450811386108,0.06689812988042831,0.06655673682689667,0.0
8419,4,2,0,0.49845120310783386,0.21090032160282135,0.29064851999282837,0.9999166131019592
8420,0,2,0,0.8836065530776978,0.003003244986757636,0.11339020729064941,1.0
8421,2,0,0,0.9820744395256042,0.004420293960720301,0.013505268841981888,1.0
8423,1,2,0,0.6703397631645203,9.171199053525925e-05,0.3295685350894928,1.8341399417762525e-39
8424,1,2,2,0.02020561508834362,0.03402376174926758,0.9457706212997437,4.443377673904861e-30
8425,0,1,0,0.8825579285621643,0.07237468659877777,0.045067403465509415,1.0
8426,3,0,0,0.7607510685920715,0.0403839610517025,0.19886493682861328,0.9999510645866394
8427,4,0,0,0.5141463875770569,0.0051350980065763,0.4807185232639313,0.9999702572822571
8429,3,2,2,0.34886690974235535,0.01597478985786438,0.6351582407951355,0.999975323677063
8431,4,1,0,0.6715147495269775,0.2818256616592407,0.04665953665971756,0.9999831318855286
8432,2,2,0,0.8669106364250183,0.004362077917903662,0.12872731685638428,1.0
8433,1,0,0,0.9620486497879028,0.004637045320123434,0.03331432119011879,1.0896643994928532e-38
8434,4,0,0,0.6004458665847778,0.3319341242313385,0.06761997938156128,0.999984622001648
8435,4,0,0,0.9751756191253662,0.004681161604821682,0.02014320157468319,0.9999847412109375
8437,1,1,1,0.0002801877271849662,0.9996682405471802,5.156909173820168e-05,1.764761954707823e-33
8438,0,1,1,0.28723058104515076,0.7051829099655151,0.007586493156850338,1.0
8439,3,1,0,0.5853198170661926,0.15019577741622925,0.26448434591293335,0.9999605417251587
8441,2,0,0,0.8822258114814758,0.0819016620516777,0.0358724445104599,1.0
8442,3,2,2,0.2650943398475647,0.019253885373473167,0.71565181016922,0.9999589323997498
8443,1,2,0,0.6335042119026184,0.018485045060515404,0.34801074862480164,1.7237532157684508e-38
8444,0,2,2,6.914850928296801e-06,9.666106961958576e-06,0.9999834299087524,1.0
8446,3,1,1,1.893956505227834e-05,0.9995772242546082,0.00040385546162724495,0.9999645352363586
8447,4,2,2,0.0003422625595703721,0.005672271829098463,0.9939855933189392,0.9999731779098511
8450,1,1,1,0.469868928194046,0.49659305810928345,0.033537983894348145,0.0
8452,0,2,2,0.01181214302778244,1.3519103958969936e-05,0.988174319267273,0.9999998807907104
8453,3,0,0,0.9898590445518494,0.003817602526396513,0.0063234050758183,0.9999698400497437
8454,1,2,2,0.015932733193039894,0.018051505088806152,0.9660158157348633,1.1584012555278393e-26
8455,2,1,1,0.022596869617700577,0.9759308695793152,0.0014722973573952913,1.0
8457,2,1,1,0.32226836681365967,0.6677563786506653,0.009975278750061989,1.0
8458,2,0,0,0.6688510775566101,0.32238680124282837,0.008762153796851635,1.0
8459,2,1,1,0.004022929817438126,0.9954820871353149,0.0004949552821926773,1.0
8460,2,0,0,0.7107614278793335,0.18257072567939758,0.10666794329881668,1.0
8461,3,0,0,0.6602941751480103,0.2078351229429245,0.13187068700790405,0.9999637007713318
8462,4,0,0,0.9609353542327881,0.018026405945420265,0.021038243547081947,0.9997695684432983
8463,1,0,0,0.7577512860298157,0.10336592048406601,0.1388828456401825,0.0
8464,2,0,0,0.5582886934280396,0.13036957383155823,0.3113417625427246,1.0
8465,4,0,0,0.9703730344772339,0.0021166764199733734,0.027510318905115128,0.9989549517631531
8466,2,0,0,0.5718810558319092,0.2741928994655609,0.1539260447025299,1.0
8467,0,1,1,5.116212832945166e-06,0.999994158744812,7.620972155564232e-07,1.0
8468,2,1,1,0.019297955557703972,0.9806453585624695,5.674981730408035e-05,1.0
8469,3,0,1,0.2825636863708496,0.6340705752372742,0.08336576074361801,0.9999856352806091
8470,1,0,0,0.7778642773628235,0.006364747416228056,0.21577103435993195,0.0
8471,4,0,0,0.781997561454773,0.11825411766767502,0.09974835813045502,0.9999871850013733
8473,1,2,0,0.9466354250907898,0.0001828858075896278,0.05318163335323334,0.0
8474,1,2,2,0.4241248071193695,0.032525625079870224,0.54334956407547,1.0353311534863549e-39
8475,4,0,0,0.7219923734664917,0.09558475017547607,0.18242286145687103,0.9999934434890747
8476,3,0,1,0.41868260502815247,0.4324965178966522,0.1488208770751953,0.9999715685844421
8477,4,2,2,1.308583130743557e-09,2.0908730220980942e-05,0.9999791383743286,0.9937025904655457
8478,1,0,1,0.44889310002326965,0.47574543952941895,0.07536140084266663,4.650303773652956e-33
8479,0,1,1,0.0014376112958416343,0.9980452060699463,0.0005171123193576932,0.9999995827674866
8480,0,0,0,0.9941253662109375,0.0013516370672732592,0.004523069132119417,1.0
8481,3,1,1,0.0004408384847920388,0.9995455145835876,1.3572242096415721e-05,0.9994848370552063
8482,0,2,0,0.6222473978996277,0.038324352353811264,0.33942827582359314,1.0
8483,2,0,0,0.990475594997406,0.004176045302301645,0.005348404869437218,1.0
8484,4,2,0,0.9737026691436768,0.0003236467018723488,0.02597375400364399,0.9999192953109741
8485,1,1,1,0.06394495815038681,0.9344064593315125,0.0016486130189150572,0.0
8486,2,1,0,0.9114971160888672,0.022590460255742073,0.06591255217790604,1.0
8487,4,1,0,0.685751736164093,0.15570788085460663,0.15854036808013916,0.9999426007270813
8491,0,1,1,0.003947908524423838,0.9918205738067627,0.004231547005474567,1.0
8494,0,1,1,0.09084703028202057,0.9029072523117065,0.006245752796530724,1.0
8495,3,0,2,0.4185217022895813,0.003246558364480734,0.578231692314148,0.9999772906303406
8496,3,1,1,0.040302153676748276,0.9339377284049988,0.025760183110833168,0.9999744892120361
8498,3,0,0,0.9356364607810974,0.008714584633708,0.055648937821388245,0.9998672008514404
8499,0,0,0,0.902830958366394,0.07295651733875275,0.024212440475821495,1.0
8500,0,0,0,0.8935601711273193,0.034007634967565536,0.07243210822343826,1.0
8502,4,0,0,0.927446186542511,0.0017957540694624186,0.07075804471969604,0.999929666519165
8503,2,0,1,0.38004857301712036,0.5996252298355103,0.020326167345046997,1.0
8504,1,0,0,0.8846222162246704,0.0925581082701683,0.022819677367806435,4.428761757544655e-40
8505,0,0,0,0.8517218828201294,0.05346887931227684,0.09480921179056168,1.0
8506,4,2,0,0.7927688956260681,0.13274067640304565,0.07449043542146683,0.9999687075614929
8508,3,0,0,0.9606105089187622,0.0055837975814938545,0.03380568325519562,0.9999723434448242
8510,1,0,2,0.1988459974527359,0.007104592397809029,0.7940495014190674,1.0378025933198377e-35
8512,4,1,0,0.9217073321342468,0.027802113443613052,0.05049044266343117,0.99991774559021
8513,3,0,1,0.09185902029275894,0.8407110571861267,0.06742990016937256,0.9999595284461975
8514,1,2,0,0.8382530808448792,0.05089790001511574,0.11084908246994019,0.0
8515,3,2,0,0.9536410570144653,0.019289234653115273,0.027069715782999992,0.9999765753746033
8516,1,0,0,0.48273539543151855,0.4304896295070648,0.0867750346660614,1.2642741494153162e-31
8517,0,2,0,0.7530487179756165,0.17040100693702698,0.07655028253793716,1.0
8518,1,2,2,2.58749750514653e-08,1.6965439044724917e-06,0.9999983310699463,3.59042815034627e-07
8521,4,1,0,0.8346280455589294,0.10501355677843094,0.06035839766263962,0.9999766945838928
8522,3,0,0,0.996080219745636,0.00029381559579633176,0.0036259873304516077,0.9999746680259705
8523,2,2,0,0.9003452658653259,0.0022665164433419704,0.09738828986883163,1.0
8524,4,0,0,0.8974485993385315,0.0727866068482399,0.029764782637357712,0.9999881982803345
8525,4,1,1,0.13470599055290222,0.8543170094490051,0.01097696740180254,0.9999551177024841
8526,0,0,0,0.9417139291763306,0.02632654458284378,0.03195948153734207,1.0
8527,4,1,0,0.5439136028289795,0.4411911964416504,0.014895201660692692,0.9999740719795227
8528,2,0,0,0.7937721014022827,0.17732085287570953,0.028907079249620438,1.0
8529,1,0,1,0.4493129253387451,0.4782232642173767,0.07246384024620056,1.3244667268762902e-37
8530,4,2,2,6.687020270845778e-09,2.7805609192910197e-07,0.9999997615814209,0.9995754361152649
8531,0,2,2,6.343146651488496e-06,2.038727870967705e-06,0.9999916553497314,0.9999992847442627
8532,4,2,2,0.17349857091903687,0.04624464735388756,0.7802568078041077,0.9999669790267944
8533,4,2,2,3.645584456535289e-08,1.042502162817982e-06,0.999998927116394,0.9843838214874268
8534,1,2,2,0.03619431331753731,0.007410046644508839,0.9563956260681152,4.887918813008195e-36
8535,1,2,2,0.14581815898418427,0.008546540513634682,0.8456352949142456,5.902387269060732e-29
8536,1,2,1,0.0964757651090622,0.680746853351593,0.2227773517370224,1.3566993511006592e-18
8537,2,2,1,0.1583104133605957,0.5319701433181763,0.3097195029258728,1.0
8539,0,2,2,1.2796336434917066e-08,9.845781278272625e-06,0.9999901056289673,0.9999998807907104
8540,0,0,0,0.5203337669372559,0.008774391375482082,0.4708918333053589,1.0
8541,2,0,2,0.016055142506957054,0.005572586786001921,0.9783721566200256,1.0
8542,4,1,1,0.12258493900299072,0.764684796333313,0.11273028701543808,0.9999880194664001
8543,3,1,1,0.005145457107573748,0.9943264126777649,0.0005281021003611386,0.9999412894248962
8544,2,0,0,0.9804902672767639,0.0013935063034296036,0.01811622455716133,1.0
8545,0,0,0,0.9553934931755066,0.013548830524086952,0.031057726591825485,1.0
8547,2,0,0,0.9157025218009949,0.031158002093434334,0.05313945189118385,1.0
8548,4,0,0,0.9895423650741577,0.0017379260389134288,0.00871962308883667,0.9999102354049683
8549,0,0,0,0.7517776489257812,0.1360270380973816,0.11219531297683716,1.0
8550,1,0,0,0.8539596796035767,0.03669728711247444,0.10934311151504517,8.416212589719495e-40
8551,3,0,1,0.0003723426489159465,0.999624490737915,3.1207218853523955e-06,0.9999391436576843
8552,3,0,1,0.36652690172195435,0.6236338019371033,0.009839294478297234,0.9999025464057922
8555,3,2,0,0.7301656007766724,0.2550548315048218,0.014779536984860897,0.9999729990959167
8556,2,1,1,1.5251360309775919e-05,0.9999841451644897,6.156523113531875e-07,1.0
8557,2,0,0,0.8311666250228882,0.005277024582028389,0.16355638206005096,1.0
8558,4,0,0,0.909859299659729,0.0730956569314003,0.017045030370354652,0.9999822378158569
8559,1,0,0,0.8447952270507812,0.01533748023211956,0.13986732065677643,1.015084913593957e-24
8560,4,0,0,0.8545305728912354,0.13019268214702606,0.015276710502803326,0.9999834895133972
8561,0,2,0,0.9414401054382324,0.03830404579639435,0.020255832001566887,1.0
8562,4,2,2,0.010325414128601551,0.01538162399083376,0.9742929935455322,0.9999055862426758
8563,4,1,0,0.7934374809265137,0.13094380497932434,0.07561872154474258,0.9999649524688721
8564,1,2,2,0.032760944217443466,0.0004596845537889749,0.966779351234436,1.5071805762892002e-40
8565,1,0,0,0.5891903042793274,0.014135422185063362,0.3966742753982544,2.2293913239903703e-24
8566,0,0,0,0.9848277568817139,0.004513623658567667,0.010658640414476395,1.0
8568,0,1,1,2.531596010157955e-06,0.9999971389770508,3.020698500222352e-07,1.0
8569,3,0,0,0.8610321283340454,0.0187333133071661,0.1202346459031105,0.9999680519104004
8572,1,1,0,0.79400235414505,0.0010451371781527996,0.2049524337053299,2.809462054547541e-27
8573,4,1,1,0.004046599380671978,0.9957467913627625,0.0002066210436169058,0.9987269639968872
8575,2,0,0,0.8081113696098328,0.033790454268455505,0.15809817612171173,1.0
8579,4,0,0,0.9576070308685303,0.02909238263964653,0.013300630263984203,0.9997458457946777
8581,3,0,0,0.864483654499054,0.09207259118556976,0.0434437058866024,0.9999748468399048
8582,3,0,0,0.9531354308128357,0.018480218946933746,0.028384260833263397,0.999949038028717
8583,4,1,1,0.0012370694894343615,0.9974918365478516,0.0012710598530247808,0.999973714351654
8584,0,2,0,0.49022719264030457,0.08341499418020248,0.4263577461242676,0.9999994039535522
8585,3,0,0,0.8710471391677856,0.0693235993385315,0.059629280120134354,0.9999693632125854
8587,0,1,1,4.3477707549755e-06,0.9999874830245972,8.227409125538543e-06,1.0
8589,1,1,1,0.21125052869319916,0.7610471248626709,0.027702338993549347,0.0
8591,2,0,0,0.9041700959205627,0.0562218576669693,0.03960806503891945,1.0
8592,1,1,1,0.00021715648472309113,0.999714195728302,6.858475535409525e-05,1.1061885978261954e-22
8593,0,2,0,0.6870688796043396,0.19872309267520905,0.11420804262161255,1.0
8594,1,1,1,5.4897616792004555e-05,0.9999426603317261,2.481536512277671e-06,5.185882308884459e-36
8595,4,0,0,0.68281489610672,0.1716354340314865,0.1455497145652771,0.9999261498451233
8596,4,0,0,0.898535966873169,0.027191001921892166,0.07427307963371277,0.9999774098396301
8597,3,0,0,0.7402692437171936,0.17447052896022797,0.08526026457548141,0.9996540546417236
8598,3,0,2,0.48287466168403625,0.0033567354548722506,0.5137686133384705,0.999930202960968
8599,1,0,0,0.9744422435760498,0.0035610029008239508,0.021996812894940376,0.0
8600,0,1,1,6.952935564186191e-06,0.9999923706054688,6.88561271999788e-07,1.0
8601,1,2,0,0.49951767921447754,0.4549550414085388,0.04552723094820976,1.5917769645804895e-39
8602,1,1,2,2.4054039386101067e-05,0.018334683030843735,0.9816411733627319,1.2615350547200314e-17
8603,1,1,0,0.7046999931335449,0.13740189373493195,0.15789809823036194,6.560976940341911e-38
8604,0,2,0,0.7274177074432373,0.0847102701663971,0.1878720372915268,1.0
8605,0,2,0,0.7701739072799683,0.09838400781154633,0.13144207000732422,1.0
8606,0,2,0,0.9075502157211304,0.04966190829873085,0.04278784245252609,0.9999997615814209
8607,3,2,2,0.00802453514188528,0.0005963235162198544,0.9913791418075562,0.9999539256095886
8608,3,1,0,0.8257724046707153,0.1458248496055603,0.028402723371982574,0.9999831318855286
8609,3,2,2,0.11581998318433762,0.09633629024028778,0.787843644618988,0.9999693036079407
8610,2,2,0,0.85409015417099,0.0010846412042155862,0.14482520520687103,1.0
8611,2,0,0,0.987144410610199,0.004096142016351223,0.008759545162320137,1.0
8612,4,0,0,0.8915917873382568,0.04452217370271683,0.06388605386018753,0.9999746084213257
8613,3,0,1,0.18748189508914948,0.809924304485321,0.0025937589816749096,0.9999610781669617
8614,2,0,1,0.4039139449596405,0.5289245843887329,0.06716147810220718,1.0
8615,4,0,0,0.9810816049575806,0.011300237849354744,0.007618173025548458,0.9986431002616882
8616,0,1,1,0.006143877282738686,0.9937602877616882,9.578157914802432e-05,1.0
8617,4,2,0,0.5861314535140991,0.27185893058776855,0.14200960099697113,0.9999286532402039
8618,0,1,0,0.9099541306495667,0.07509373873472214,0.014952036552131176,1.0
8619,4,2,0,0.8081007599830627,0.02524084597826004,0.1666584461927414,0.9999405145645142
8621,4,2,2,0.2725367248058319,0.30589112639427185,0.4215720593929291,0.9999816417694092
8625,1,2,2,2.4863973521860316e-05,5.8750716561917216e-05,0.9999163150787354,1.5106418248492346e-19
8627,3,0,0,0.8935973048210144,0.0009424716699868441,0.1054602712392807,0.9999417662620544
8629,1,1,1,7.495213480979146e-07,0.9999992847442627,2.001853793842656e-08,4.975804450127134e-35
8630,3,1,0,0.543572187423706,0.43383336067199707,0.022594420239329338,0.9999529123306274
8631,4,1,1,0.38329216837882996,0.6145411133766174,0.00216671428643167,0.99997478723526
8632,2,0,0,0.8395125269889832,0.10028599202632904,0.060201577842235565,1.0
8634,3,0,0,0.5124290585517883,0.4715917408466339,0.015979178249835968,0.9999850988388062
8635,2,2,0,0.8872581720352173,0.007505376823246479,0.10523644089698792,1.0
8637,0,1,1,0.000299652514513582,0.9996665716171265,3.373840809217654e-05,1.0
8638,2,1,1,0.08889840543270111,0.9048776626586914,0.0062239510007202625,1.0
8640,0,1,1,0.03470047935843468,0.963425874710083,0.0018736000638455153,1.0
8641,0,2,0,0.9774752855300903,0.0010568907018750906,0.021467870101332664,1.0
8642,4,0,0,0.7742977738380432,0.10521753877401352,0.1204846203327179,0.9977521300315857
8643,3,0,1,0.01517979335039854,0.9845779538154602,0.00024224644585046917,0.9999560713768005
8645,2,0,0,0.5930376052856445,0.009502912871539593,0.3974595367908478,1.0
8646,0,1,0,0.7415096759796143,0.10092364996671677,0.1575666218996048,1.0
8647,0,0,0,0.7231873273849487,0.1379953771829605,0.13881723582744598,1.0
8648,1,0,1,0.40920454263687134,0.5033906102180481,0.08740488439798355,3.495956244777725e-34
8650,2,1,0,0.8921476006507874,0.08476419746875763,0.023088183254003525,1.0
8651,1,2,0,0.39015528559684753,0.2604188323020935,0.3494258522987366,0.0
8652,1,2,0,0.7220672369003296,0.0010877983877435327,0.2768450677394867,0.0
8653,4,2,0,0.8793562054634094,0.03889782354235649,0.08174602687358856,0.999912440776825
8654,4,1,1,0.39178207516670227,0.4485630393028259,0.15965482592582703,0.9999924898147583
8655,0,2,2,7.940912473713979e-05,0.00011360857024556026,0.9998070597648621,1.0
8656,3,2,2,0.018339091911911964,0.09827534109354019,0.8833855390548706,0.999981164932251
8657,0,0,2,0.2293584942817688,0.023985473439097404,0.7466561198234558,1.0
8659,3,0,0,0.8558082580566406,0.06873275339603424,0.07545902580022812,0.9999690055847168
8660,0,1,1,0.000299652514513582,0.9996665716171265,3.373840809217654e-05,1.0
8661,0,0,0,0.6300122737884521,0.15166382491588593,0.21832391619682312,1.0
8663,2,2,0,0.9623935222625732,0.010589600540697575,0.02701690047979355,1.0
8665,2,2,2,0.2992817461490631,0.001068711164407432,0.6996495127677917,1.0
8666,3,1,1,3.265682244091295e-05,0.9999651908874512,2.1954933799861465e-06,0.9998844265937805
8667,2,2,0,0.9050043821334839,0.01561735663563013,0.07937829196453094,1.0
8668,1,2,0,0.8997269868850708,0.005376443732529879,0.09489665180444717,0.0
8669,2,0,0,0.8923255801200867,0.0724932849407196,0.03518115356564522,1.0
8671,0,1,0,0.6541725397109985,0.22996963560581207,0.11585784703493118,1.0
8674,4,0,0,0.7949866652488708,0.16630274057388306,0.038710594177246094,0.9999527931213379
8675,4,1,1,1.7484553609392606e-05,0.9999765157699585,6.0439351727836765e-06,0.9999384880065918
8677,1,2,0,0.6349367499351501,0.0018627271056175232,0.3632005453109741,0.0
8678,3,1,0,0.9252890944480896,0.038114435970783234,0.03659648448228836,0.9999690055847168
8679,0,0,0,0.9133816957473755,0.06120303273200989,0.025415286421775818,1.0
8680,4,1,1,0.0008630736265331507,0.9990660548210144,7.086046389304101e-05,0.999982476234436
8681,1,0,0,0.8317201733589172,0.027323197573423386,0.14095667004585266,5.644487073543431e-28
8682,4,0,0,0.8201807141304016,0.0012520968448370695,0.17856723070144653,0.9996447563171387
8683,4,0,1,0.12242414802312851,0.8738692998886108,0.0037065171636641026,0.9999386072158813
8685,1,0,0,0.6456161141395569,0.0005516185774467885,0.3538323640823364,2.672371504604551e-36
8686,4,2,0,0.8886225819587708,0.027517009526491165,0.08386033773422241,0.9999834895133972
8688,0,2,1,0.44744935631752014,0.45859968662261963,0.09395100176334381,1.0
8689,2,0,0,0.8976898193359375,0.059178244322538376,0.04313192144036293,1.0
8692,3,2,2,0.3877299726009369,0.006850468926131725,0.6054195761680603,0.9999600648880005
8693,4,2,2,7.042915967758745e-06,0.011114465072751045,0.9888784885406494,0.9999345541000366
8694,1,2,0,0.9499381184577942,0.001952198101207614,0.048109736293554306,0.0
8696,3,1,1,1.5070581227405455e-08,0.9999997615814209,1.8076690366797266e-07,0.9997963905334473
8697,1,1,1,0.0017859669169411063,0.998023271560669,0.00019078610057476908,6.805091491966791e-31
8698,4,2,0,0.6030552983283997,0.07518726587295532,0.32175740599632263,0.9999544024467468
8699,2,0,0,0.8967792987823486,0.03595124930143356,0.06726954877376556,1.0
8703,0,0,0,0.7804859280586243,0.05914365127682686,0.16037043929100037,1.0
8704,3,0,0,0.5868245363235474,0.4046615958213806,0.008513844572007656,0.9999663829803467
8705,2,0,0,0.8518596887588501,0.027938000857830048,0.12020230293273926,1.0
8706,3,0,0,0.9029787182807922,0.05376868322491646,0.043252646923065186,0.9999526739120483
8707,1,1,1,0.003634311957284808,0.9961962699890137,0.0001694596285233274,2.5147528817688876e-24
8708,3,2,2,0.14635467529296875,0.0007694112719036639,0.852875828742981,0.9999790787696838
8709,1,0,0,0.8871949911117554,0.009722525253891945,0.10308249294757843,0.0
8710,0,0,0,0.6918295621871948,0.011881412006914616,0.29628902673721313,1.0
8711,2,0,0,0.9346771836280823,0.012074996717274189,0.05324777960777283,1.0
8712,0,0,0,0.7873558402061462,0.04188874736428261,0.17075544595718384,1.0
8713,3,2,2,2.37519561778754e-05,0.0008898715022951365,0.9990863800048828,0.999640166759491
8714,2,1,1,0.47377797961235046,0.4776279330253601,0.04859407991170883,1.0
8715,0,0,0,0.9441109299659729,0.04013324901461601,0.01575581356883049,1.0
8716,2,0,1,0.06720644980669022,0.9231709837913513,0.009622601792216301,1.0
8717,3,1,1,5.882015940983365e-08,0.9999996423721313,2.4548637611587765e-07,0.9998226165771484
8719,2,0,2,0.45492833852767944,0.01287841796875,0.5321932435035706,1.0
8721,3,1,1,0.00020625947217922658,0.9997922778129578,1.4892696071910905e-06,0.9998828768730164
8722,2,1,0,0.7749427556991577,0.14349012076854706,0.0815671905875206,1.0
8723,1,0,1,0.32049891352653503,0.5174237489700317,0.16207733750343323,2.6694496344885564e-31
8724,1,1,1,0.03105613961815834,0.966888427734375,0.0020554186776280403,4.537161500940785e-24
8725,2,1,1,0.020928071811795235,0.978892982006073,0.00017892206960823387,1.0
8726,0,0,0,0.9689569473266602,0.001652425853535533,0.029390623793005943,1.0
8728,1,1,1,0.007874667644500732,0.9909847974777222,0.0011405522236600518,1.6993617401701986e-29
8729,3,0,2,0.1804356575012207,0.01617155596613884,0.803392767906189,0.9999613165855408
8730,0,2,2,0.014515940099954605,0.016832780092954636,0.9686513543128967,1.0
8731,3,0,0,0.9903834462165833,0.005749001633375883,0.0038676117546856403,0.9999711513519287
8732,1,2,0,0.9222645163536072,0.0036545919720083475,0.07408089935779572,0.0
8733,0,1,0,0.5312467813491821,0.11080218851566315,0.3579510450363159,1.0
8734,2,1,1,0.14026300609111786,0.8162803053855896,0.04345669969916344,1.0
8735,4,1,1,0.004973683040589094,0.9945953488349915,0.000430955522460863,0.9999890923500061
8736,3,0,0,0.4275270700454712,0.3218175768852234,0.25065532326698303,0.9999040961265564
8737,4,0,0,0.6252532005310059,0.18213576078414917,0.19261102378368378,0.9998703002929688
8738,2,1,0,0.8677170872688293,0.08789679408073425,0.04438618943095207,1.0
8739,4,1,0,0.7641044855117798,0.22141428291797638,0.014481263235211372,0.999982476234436
8740,0,1,1,0.12412165850400925,0.8715503811836243,0.004327909089624882,1.0
8741,1,2,0,0.8556843400001526,0.0018571369582787156,0.14245857298374176,1.1987344710687692e-36
8742,2,2,0,0.9357380270957947,0.004252265207469463,0.06000974401831627,1.0
8743,2,0,0,0.9830499291419983,0.0021920357830822468,0.014758079312741756,1.0
8744,3,1,1,9.543069978690255e-08,0.9999979734420776,1.8939360870717792e-06,0.9998608231544495
8746,3,1,0,0.776450514793396,0.09381791204214096,0.12973164021968842,0.999984860420227
8747,3,1,1,8.63871828187257e-05,0.999913215637207,3.749391339624708e-07,0.9998915791511536
8748,2,0,0,0.8067891001701355,0.038675300776958466,0.1545356959104538,1.0
8749,2,2,1,0.33247697353363037,0.6588106155395508,0.008712333627045155,1.0
8750,4,2,0,0.7363079786300659,0.18351082503795624,0.08018118888139725,0.999514639377594
8752,1,1,1,0.39080503582954407,0.5513724684715271,0.05782246217131615,0.0
8753,2,1,0,0.8502684831619263,0.13025622069835663,0.019475307315587997,1.0
8754,2,2,0,0.6499167680740356,0.028979787603020668,0.3211034834384918,1.0
8755,4,0,0,0.9451501369476318,0.012556527741253376,0.04229329526424408,0.9998811483383179
8756,0,0,1,0.0031132593285292387,0.9951932430267334,0.001693482743576169,1.0
8757,3,1,1,0.00025754611124284565,0.9995309114456177,0.00021153570560272783,0.9998748898506165
8758,1,0,0,0.8602021336555481,0.045160602778196335,0.09463723748922348,0.0
8759,3,2,2,0.2973079979419708,0.3158678412437439,0.3868241012096405,0.9999074935913086
8761,3,1,0,0.7949802279472351,0.03530975803732872,0.16971004009246826,0.9999229311943054
8762,2,0,0,0.9163295030593872,0.008664829656481743,0.07500570267438889,1.0
8763,2,0,0,0.8897548913955688,0.0013499053893610835,0.10889522731304169,1.0
8764,3,0,0,0.6552174687385559,0.10197177529335022,0.24281078577041626,0.9999808073043823
8765,1,0,0,0.6909428834915161,0.049280066043138504,0.2597770094871521,5.023372367277719e-35
8766,3,0,0,0.9758805632591248,0.016630640253424644,0.00748876016587019,0.9999728798866272
8767,0,1,1,0.02419196255505085,0.9725562334060669,0.003251796355471015,1.0
8768,3,0,0,0.9424068331718445,0.02237951196730137,0.0352136567234993,0.9999740719795227
8769,3,0,0,0.723778247833252,0.14068132638931274,0.1355404257774353,0.9999412298202515
8770,2,1,0,0.9132168292999268,0.04771698638796806,0.0390661396086216,1.0
8772,2,0,0,0.9520555138587952,0.0009781353874132037,0.046966392546892166,1.0
8773,1,0,1,0.4191402196884155,0.5268222689628601,0.05403755232691765,2.4369124547756495e-21
8774,0,2,0,0.837445855140686,0.002109857741743326,0.1604442596435547,1.0
8778,1,1,1,0.12463843077421188,0.8699474930763245,0.005414042621850967,1.0612537737778997e-39
8779,1,1,0,0.7135695815086365,0.01756991818547249,0.26886042952537537,2.0092622197644034e-35
8780,2,1,0,0.9210556149482727,0.00713996309787035,0.07180443406105042,1.0
8781,2,0,0,0.9140887260437012,0.0037981567438691854,0.08211307972669601,1.0
8782,3,1,1,2.445078280288726e-06,0.9999971389770508,3.715171885687596e-07,0.9999545216560364
8783,0,0,0,0.9723482728004456,0.0009802478598430753,0.026671456173062325,1.0
8784,0,0,0,0.9138383269309998,0.025613637641072273,0.0605480894446373,1.0
8786,0,0,0,0.8787223696708679,0.0017379464115947485,0.11953964084386826,1.0
8787,0,1,1,4.33818313467782e-05,0.9997362494468689,0.0002203516778536141,1.0
8788,2,2,0,0.974816620349884,0.002033588010817766,0.023149779066443443,1.0
8789,1,0,0,0.6726904511451721,0.057661768049001694,0.2696477770805359,1.3762179571480052e-36
8790,4,1,0,0.9661588072776794,0.015073795802891254,0.0187674667686224,0.9999142289161682
8791,4,1,1,6.636761827394366e-05,0.9999322891235352,1.2814929277737974e-06,0.9999393224716187
8792,1,0,0,0.9702591300010681,0.019514214247465134,0.010226670652627945,3.493778988387064e-39
8794,4,0,0,0.6051914691925049,0.38010865449905396,0.01469984371215105,0.9999891519546509
8796,0,1,1,3.2984549761749804e-05,0.9999666213989258,4.266327948698745e-07,1.0
8797,0,1,0,0.8709974884986877,0.10117274522781372,0.027829833328723907,1.0
8798,4,1,1,0.010438861325383186,0.9887430667877197,0.000818025553599,0.9999856352806091
8799,3,2,0,0.8166249394416809,0.09160176664590836,0.09177332371473312,0.9999642968177795
8800,1,2,0,0.519792914390564,0.40992215275764465,0.07028496265411377,0.0
8801,0,2,0,0.854719877243042,0.0289983619004488,0.11628172546625137,1.0
8803,4,1,1,0.19801191985607147,0.799980103969574,0.0020079633686691523,0.9998865127563477
8804,2,0,0,0.9256095886230469,0.04882152006030083,0.025568896904587746,1.0
8805,2,1,0,0.5441855788230896,0.23944473266601562,0.21636967360973358,1.0
8806,3,1,1,4.791975698026363e-06,0.9999921321868896,3.0333694667206146e-06,0.9997904300689697
8807,2,1,0,0.9566459059715271,0.014044963754713535,0.02930918149650097,1.0
8808,3,0,0,0.891834020614624,0.05215451121330261,0.05601143464446068,0.9999654293060303
8809,1,0,0,0.9651985168457031,0.0034415686968714,0.03135984018445015,0.0
8811,3,0,0,0.8388323783874512,0.05908619239926338,0.10208141058683395,0.9999589920043945
8812,0,1,1,0.02460324577987194,0.9739859700202942,0.0014107441529631615,1.0
8813,3,1,1,0.06655419617891312,0.9313452243804932,0.0021005538292229176,0.9999312162399292
8815,2,0,0,0.7019640207290649,0.16307203471660614,0.1349640041589737,1.0
8817,3,0,0,0.9091106057167053,0.047130558639764786,0.043758928775787354,0.9999731779098511
8818,2,1,1,0.001484788372181356,0.9983491897583008,0.00016599075752310455,1.0
8819,3,1,1,0.003986290190368891,0.9960021376609802,1.1539063962118234e-05,0.9999140501022339
8820,4,0,0,0.986552894115448,0.0007287090411409736,0.01271839439868927,0.999842643737793
8821,4,1,0,0.7937319278717041,0.1184815913438797,0.08778650313615799,0.9999246001243591
8822,0,2,0,0.8494972586631775,0.044690392911434174,0.10581234097480774,1.0
8823,4,0,0,0.9186189770698547,0.01711990311741829,0.06426110863685608,0.9999480247497559
8825,2,0,0,0.9178745746612549,0.025486523285508156,0.05663885176181793,1.0
8827,3,0,0,0.89420485496521,0.005183435045182705,0.10061171650886536,0.9999762177467346
8828,0,0,0,0.8847675919532776,0.006849889177829027,0.1083824560046196,1.0
8829,3,0,0,0.9363977909088135,0.011853115633130074,0.051749102771282196,0.99995356798172
8831,3,0,0,0.6797966957092285,0.01669308729469776,0.30351021885871887,0.9999651312828064
8832,4,1,2,0.020398074761033058,0.08866632729768753,0.8909356594085693,0.9998059272766113
8835,0,2,2,0.245329812169075,0.011234981939196587,0.7434351444244385,1.0
8836,2,0,0,0.8558400869369507,0.09725123643875122,0.04690873250365257,1.0
8837,0,0,0,0.8729787468910217,0.05837404727935791,0.06864720582962036,1.0
8838,4,1,1,0.1454106867313385,0.8472436666488647,0.007345664780586958,0.9998257756233215
8839,3,1,0,0.6306285262107849,0.34609514474868774,0.02327641472220421,0.9999741315841675
8840,1,1,0,0.7337362170219421,0.24298103153705597,0.02328275702893734,1.3902113908750791e-39
8841,1,0,0,0.7180367708206177,0.018686823546886444,0.2632763683795929,0.0
8842,4,0,0,0.8486100435256958,0.007717454340308905,0.14367245137691498,0.9999772310256958
8844,1,0,0,0.9714127779006958,0.008079924620687962,0.020507289096713066,0.0
8845,4,0,0,0.9373549818992615,0.013978700153529644,0.04866630956530571,0.9999908804893494
8846,2,2,0,0.953980028629303,0.001360433641821146,0.04465951398015022,1.0
8847,0,1,1,2.681178784769145e-06,0.9999972581863403,4.81671875718348e-08,1.0
8848,2,2,2,0.04007400944828987,0.018872227519750595,0.9410538077354431,1.0
8849,4,0,0,0.8173038959503174,0.080553337931633,0.10214272141456604,0.9999495148658752
8850,3,2,0,0.7737985849380493,0.014606821350753307,0.2115946114063263,0.9999784827232361
8851,1,0,0,0.9009150862693787,0.04582888260483742,0.05325605347752571,7.243992793148641e-39
8852,0,0,0,0.5947439074516296,0.26786723732948303,0.13738888502120972,1.0
8854,3,0,0,0.6138649582862854,0.11118634790182114,0.27494868636131287,0.9999675154685974
8855,3,1,1,2.511834645702038e-05,0.9999600648880005,1.4838575225439854e-05,0.9997316002845764
8856,1,1,0,0.5942769050598145,0.30069541931152344,0.1050276905298233,5.497073255116034e-37
8857,3,1,1,0.004657309036701918,0.9946681261062622,0.0006745569407939911,0.998881459236145
8860,2,0,0,0.9574827551841736,0.02768103964626789,0.014836190268397331,1.0
8861,1,0,0,0.7630848288536072,0.13246163725852966,0.10445357114076614,7.684143443389995e-39
8862,0,2,1,0.06250008195638657,0.9327168464660645,0.004783096257597208,1.0
8863,4,0,0,0.9062583446502686,0.0034510467667132616,0.09029065817594528,0.999806821346283
8865,1,0,0,0.9644656777381897,0.004820909351110458,0.030713405460119247,0.0
8866,4,2,0,0.7952548861503601,0.06795576214790344,0.13678930699825287,0.9999505877494812
8867,2,2,0,0.9331820011138916,0.013204452581703663,0.05361359566450119,1.0
8868,2,0,0,0.873886227607727,0.03670504316687584,0.08940872550010681,1.0
8869,2,0,0,0.9677435159683228,0.012711034156382084,0.0195454191416502,1.0
8870,3,0,0,0.9575197100639343,0.002612273907288909,0.03986799344420433,0.9999621510505676
8871,1,1,1,0.0010168555891141295,0.9988930821418762,9.0071014710702e-05,2.6269087076521418e-23
8872,0,0,1,0.30397793650627136,0.622004508972168,0.07401754707098007,1.0
8873,2,0,0,0.9059281349182129,0.03063301369547844,0.06343892216682434,1.0
8874,0,0,0,0.6097077131271362,0.006453195586800575,0.38383907079696655,1.0
8875,3,2,2,0.001220591482706368,0.0003783327993005514,0.9984011054039001,0.9996447563171387
8876,2,1,0,0.8507756590843201,0.003004716942086816,0.1462196707725525,1.0
8877,2,1,1,0.2542762756347656,0.7115789651870728,0.03414477780461311,1.0
8878,0,0,1,0.016116099432110786,0.9787930846214294,0.0050907800905406475,1.0
8879,0,1,1,7.43686854320913e-08,0.9999995231628418,3.915538400178775e-07,1.0
8880,1,1,0,0.7548545002937317,0.15776081383228302,0.08738470077514648,1.9557992731504688e-39
8881,0,0,0,0.703385591506958,0.18514016270637512,0.11147425323724747,1.0
8883,1,1,1,0.054820235818624496,0.7104685306549072,0.23471122980117798,5.853263175822355e-28
8884,4,1,1,0.051844947040081024,0.9450907111167908,0.003064370946958661,0.9999526143074036
8885,2,1,0,0.4939611256122589,0.48174741864204407,0.024291381239891052,1.0
8886,2,0,0,0.855402410030365,0.10580854117870331,0.03878909349441528,1.0
8887,2,1,0,0.8546749949455261,0.08184638619422913,0.06347858905792236,1.0
8888,0,1,1,0.38803309202194214,0.5872360467910767,0.024730848148465157,1.0
8889,4,1,0,0.9321619868278503,0.008418843150138855,0.059419091790914536,0.999955952167511
8890,0,0,0,0.8023796677589417,0.019487164914608,0.17813318967819214,1.0
8891,4,0,0,0.5511856079101562,0.23614351451396942,0.21267089247703552,0.999951958656311
8894,1,0,0,0.5179023742675781,0.29380887746810913,0.18828867375850677,3.70393592297725e-39
8895,2,0,0,0.691337525844574,0.041809529066085815,0.2668529450893402,1.0
8897,1,0,0,0.8849241733551025,0.0990489050745964,0.01602688618004322,1.9183288766757227e-27
8901,3,1,0,0.961999773979187,0.01145639456808567,0.0265438724309206,0.9998633861541748
8902,1,1,1,0.013213809579610825,0.986568808555603,0.00021744715922977775,9.28346219630548e-41
8903,0,0,0,0.8296166062355042,0.15714667737483978,0.01323666237294674,1.0
8904,1,0,0,0.8436849117279053,0.09729813784360886,0.059016965329647064,3.1358282651417063e-28
8906,1,0,2,0.2894894778728485,0.0852484330534935,0.6252621412277222,9.408712462134799e-23
8907,0,0,0,0.9782465696334839,0.0002531842910684645,0.021500248461961746,1.0
8908,4,0,2,0.1458989977836609,0.050534918904304504,0.8035660982131958,0.9998766779899597
8909,2,0,0,0.9714550971984863,0.006214039400219917,0.0223308764398098,1.0
8910,1,0,0,0.7369447946548462,0.25018540024757385,0.012869764119386673,7.336940113139391e-36
8911,1,0,0,0.7953165173530579,0.015896806493401527,0.18878662586212158,4.315096645431405e-32
8912,3,0,0,0.9551460146903992,0.007395986933261156,0.03745798394083977,0.999984860420227
8913,2,0,0,0.9093648791313171,0.054920222610235214,0.03571489825844765,1.0
8914,3,1,0,0.9822068214416504,0.004695269279181957,0.013097956776618958,0.9999821186065674
8915,0,1,0,0.8880592584609985,0.07148190587759018,0.040458861738443375,1.0
8916,0,1,0,0.8422440886497498,0.11963166296482086,0.03812425583600998,1.0
8917,0,0,1,1.2757003787555732e-05,0.9999866485595703,6.292393095463922e-07,1.0
8918,0,0,0,0.8856378793716431,0.06126876920461655,0.05309334397315979,1.0
8919,0,1,0,0.6269323229789734,0.027218377217650414,0.34584927558898926,1.0
8920,3,0,0,0.976851761341095,0.0017254974227398634,0.021422719582915306,0.999961256980896
8921,2,1,1,0.0008060907712206244,0.9985272884368896,0.0006665604887530208,1.0
8922,1,2,1,0.2457905113697052,0.7519693970680237,0.002240084344521165,1.1000256298527796e-32
8923,2,2,0,0.766841471195221,0.0025173358153551817,0.23064112663269043,1.0
8924,2,0,0,0.9887571930885315,0.0026875496841967106,0.008555281907320023,1.0
8925,2,1,1,0.013391278684139252,0.9861518740653992,0.0004568701551761478,1.0
8926,1,0,0,0.9112890362739563,0.02148493193089962,0.06722602993249893,0.0
8927,0,0,0,0.9335682392120361,0.0026645564939826727,0.06376729905605316,1.0
8928,0,0,2,0.40517744421958923,0.06758008897304535,0.5272424817085266,1.0
8929,3,2,0,0.45771050453186035,0.3480485677719116,0.19424092769622803,0.9999544024467468
8930,4,1,1,3.8297999708447605e-05,0.9999253749847412,3.633784581325017e-05,0.9999518990516663
8931,4,2,0,0.8931008577346802,0.01006055437028408,0.09683852642774582,0.9999645352363586
8932,3,2,0,0.9917746186256409,0.0010089633287861943,0.007216393481940031,0.9999375939369202
8934,0,1,1,0.006044997833669186,0.9939199686050415,3.50396876456216e-05,0.9999991059303284
8935,4,1,1,0.0060456241481006145,0.9935623407363892,0.000392019166611135,0.9999935626983643
8936,3,2,2,0.0703992024064064,0.0025622958783060312,0.9270384907722473,0.9999735951423645
8937,0,0,0,0.9400992393493652,0.03242148458957672,0.027479330077767372,0.9999997019767761
8938,4,2,2,0.0014743758365511894,0.013628760352730751,0.9848967790603638,0.9998435974121094
8939,4,1,1,0.38329216837882996,0.6145411133766174,0.00216671428643167,0.99997478723526
8940,1,1,1,7.864238682486757e-07,0.9999990463256836,1.2283041428418073e-07,1.352612696816405e-32
8942,1,0,2,0.01851908303797245,0.05926160886883736,0.9222192764282227,8.716857787371534e-32
8945,1,2,2,0.0026785151567310095,0.000906732864677906,0.9964146614074707,1.5048051783011496e-26
8947,1,1,0,0.6964830756187439,0.0591563880443573,0.24436049163341522,2.200995434400555e-30
8948,3,1,0,0.7408193349838257,0.017616046592593193,0.24156460165977478,0.9999773502349854
8949,1,2,2,0.18185274302959442,0.0005968394689261913,0.8175504207611084,0.0
8950,3,0,0,0.9173063635826111,0.0016853793058544397,0.08100821822881699,0.9999849796295166
8955,3,0,0,0.8260010480880737,0.07445018738508224,0.09954874217510223,0.9999504089355469
8956,1,0,0,0.9462054371833801,0.03709718585014343,0.016697367653250694,0.0
8958,3,0,0,0.9866549968719482,0.0020863476675003767,0.011258705519139767,0.9999731779098511
8959,2,1,0,0.7107398509979248,0.24686989188194275,0.04239027574658394,1.0
8960,4,0,0,0.7241292595863342,0.2242954671382904,0.05157528817653656,0.9997276663780212
8961,4,2,2,1.4214067700635269e-09,8.07320793683175e-06,0.9999918937683105,0.9998658299446106
8962,2,1,1,0.25940802693367004,0.7349809408187866,0.005611049011349678,1.0
8963,3,0,0,0.9608515501022339,0.024149689823389053,0.014998751692473888,0.9999699592590332
8964,2,1,1,0.0003324407443869859,0.9996638298034668,3.745042022273992e-06,1.0
8965,4,0,0,0.9474751949310303,0.028144586831331253,0.024380242452025414,0.9999367594718933
8967,0,0,0,0.9713732004165649,0.010465138591825962,0.018161702901124954,1.0
8968,3,0,0,0.9529423713684082,0.008533114567399025,0.03852448612451553,0.9999752640724182
8971,2,0,0,0.9787327647209167,0.0073447804898023605,0.013922489248216152,1.0
8973,3,0,0,0.7575157284736633,0.2138133943080902,0.028670886531472206,0.9999553561210632
8974,0,0,0,0.5857402086257935,0.38361823558807373,0.030641598626971245,0.9999999403953552
8975,2,1,1,0.081238754093647,0.9115642309188843,0.007196944206953049,1.0
8976,0,0,0,0.9555568695068359,0.010678861290216446,0.033764343708753586,1.0
8977,1,1,0,0.8233925700187683,0.10618224740028381,0.07042518258094788,0.0
8978,2,1,1,0.001122722402215004,0.9987886548042297,8.86367415660061e-05,1.0
8980,1,2,2,0.0004026381648145616,0.030356502160429955,0.9692408442497253,7.019605555868723e-17
8981,2,1,1,0.0019023144850507379,0.997607946395874,0.0004897377802990377,1.0
8982,2,1,0,0.71525639295578,0.11500617116689682,0.16973748803138733,1.0
8984,0,1,0,0.9894027709960938,0.006173693574965,0.004423597827553749,1.0
8985,1,2,0,0.6269209980964661,0.19184477627277374,0.1812342405319214,6.907666278799955e-34
8986,0,2,0,0.5293372273445129,0.3328300714492798,0.13783276081085205,1.0
8987,2,2,0,0.8782500624656677,0.017740396782755852,0.10400962829589844,1.0
8988,0,0,0,0.7185937762260437,0.07838168740272522,0.2030245065689087,0.9999998211860657
8989,0,2,2,0.40850505232810974,0.06368036568164825,0.5278145670890808,1.0
8991,3,1,0,0.6678344011306763,0.25632244348526,0.07584313303232193,0.9999572038650513
8993,2,0,1,0.21371504664421082,0.6919997930526733,0.09428514540195465,1.0
8994,0,0,1,0.06310097128152847,0.9133506417274475,0.023548346012830734,1.0
8995,3,0,1,0.19154910743236542,0.801058828830719,0.007392032537609339,0.9999664425849915
8996,4,1,1,3.162760435770906e-07,0.9999996423721313,1.8530758039148054e-09,0.9993412494659424
8998,4,1,0,0.5615264177322388,0.20994263887405396,0.2285309135913849,0.9999858140945435
8999,3,1,1,0.00019645938300527632,0.999514102935791,0.00028945296071469784,0.9985663890838623
9000,4,2,2,0.2403620332479477,0.08809195458889008,0.6715460419654846,0.9988441467285156
9001,1,2,0,0.8876771926879883,0.07982595264911652,0.0324968621134758,0.0
9002,4,2,0,0.6442750692367554,0.2716456353664398,0.08407925814390182,0.9999842047691345
9003,3,2,0,0.815444827079773,0.04807645455002785,0.1364787369966507,0.9999641180038452
9004,1,0,2,0.2913815975189209,0.0073714968748390675,0.7012469172477722,0.0
9006,4,0,0,0.7711957693099976,0.06459613889455795,0.1642080843448639,0.9999765157699585
9008,2,0,0,0.8925438523292542,0.05101751536130905,0.05643868446350098,1.0
9009,4,0,2,0.022107677534222603,0.03380325809121132,0.9440890550613403,0.9997332096099854
9011,2,0,0,0.7166218161582947,0.11467576026916504,0.1687023937702179,1.0
9013,3,2,0,0.9877071976661682,0.0008354034507647157,0.011457390151917934,0.9999571442604065
9015,2,0,0,0.9802308678627014,0.00898000504821539,0.010789071209728718,1.0
9016,2,0,0,0.7783167362213135,0.050545237958431244,0.17113804817199707,1.0
9017,2,0,0,0.897405207157135,0.05908134579658508,0.043513454496860504,1.0
9018,2,0,0,0.9490048885345459,0.0309978649020195,0.019997267052531242,1.0
9020,3,0,0,0.9752230048179626,0.004476249683648348,0.020300667732954025,0.9999364018440247
9021,4,0,0,0.921557605266571,0.029312996193766594,0.04912934824824333,0.9999788999557495
9022,0,1,0,0.9529730081558228,0.022621195763349533,0.02440568245947361,1.0
9023,2,0,0,0.9003791213035583,0.013341092504560947,0.0862797424197197,1.0
9024,3,0,0,0.7704745531082153,0.03928372636437416,0.190241739153862,0.999961256980896
9025,4,1,0,0.9376964569091797,0.01814442127943039,0.04415907338261604,0.9997124075889587
9027,4,0,0,0.6492558717727661,0.33728647232055664,0.013457602821290493,0.9999666213989258
9029,1,0,0,0.9625654816627502,0.0066540418192744255,0.030780469998717308,9.53320160861745e-40
9030,1,1,0,0.8961308002471924,0.005257440730929375,0.09861176460981369,0.0
9031,0,2,0,0.8115254640579224,0.0008661926840431988,0.18760830163955688,1.0
9032,0,2,1,0.12484437972307205,0.7982387542724609,0.07691686600446701,1.0
9033,2,1,1,3.881561497109942e-06,0.9999936819076538,2.437605417071609e-06,1.0
9034,3,1,1,0.4066210389137268,0.5895105004310608,0.0038684881292283535,0.9999628663063049
9035,4,1,0,0.6115412712097168,0.33138641715049744,0.05707235261797905,0.9999802112579346
9037,3,1,1,0.0323990136384964,0.9649884700775146,0.002612526062875986,0.9999207258224487
9038,0,0,0,0.8401592373847961,0.010756032541394234,0.14908474683761597,1.0
9039,3,1,1,5.0716217003810016e-08,0.9999998807907104,9.717267346331937e-08,0.9998689293861389
9040,3,0,0,0.6915003061294556,0.2207002490758896,0.08779941499233246,0.9998723268508911
9041,2,0,0,0.6399914622306824,0.27091631293296814,0.08909223228693008,1.0
9044,2,0,0,0.8599891066551208,0.07061376422643661,0.06939710676670074,1.0
9046,3,1,0,0.5383397936820984,0.03509458899497986,0.42656558752059937,0.9999867081642151
9047,4,1,0,0.7941149473190308,0.18938808143138885,0.016496917232871056,0.999580979347229
9050,0,0,0,0.9892510771751404,0.0009103704360313714,0.009838505648076534,1.0
9051,3,2,0,0.9533025026321411,0.001411355216987431,0.045286182314157486,0.9999817609786987
9052,1,2,0,0.8511030673980713,0.008508960716426373,0.1403879076242447,0.0
9053,2,2,0,0.895298182964325,0.004176794085651636,0.10052508860826492,1.0
9054,1,1,1,0.01929335482418537,0.9797437191009521,0.0009629360865801573,8.903494974377923e-35
9055,4,1,1,0.003353819018229842,0.9965722560882568,7.396154978778213e-05,0.9995226263999939
9056,2,0,0,0.5116512179374695,0.11410524696111679,0.37424349784851074,1.0
9057,4,1,0,0.9118785858154297,0.06431765854358673,0.023803750053048134,0.9999707937240601
9059,4,2,0,0.6660796403884888,0.2151099592447281,0.11881040781736374,0.9999851584434509
9060,3,0,0,0.8131605386734009,0.1668398678302765,0.019999569281935692,0.9999678730964661
9061,0,1,1,0.0018192699644714594,0.9971202611923218,0.0010604499839246273,1.0
9062,1,1,0,0.9100189805030823,0.03071604110300541,0.05926501750946045,0.0
9063,4,2,2,0.442082017660141,0.006147958803921938,0.551770031452179,0.9997647404670715
9064,4,1,0,0.8538225293159485,0.11789555847644806,0.028282029554247856,0.9997599720954895
9066,2,0,0,0.8532358407974243,0.00997055321931839,0.1367935985326767,1.0
9067,1,1,2,0.4906735122203827,0.013955927453935146,0.4953705668449402,5.889990080181474e-35
9070,3,1,1,2.7026609927816025e-07,0.9999996423721313,5.1289866576098575e-08,0.9978569149971008
9071,0,0,0,0.7285392880439758,0.11207396537065506,0.15938684344291687,1.0
9072,4,1,1,0.009337346069514751,0.9903281331062317,0.00033449145848862827,0.999657928943634
9073,1,0,0,0.7582799196243286,0.060073643922805786,0.1816464513540268,3.760572314043286e-30
9074,2,0,0,0.47090086340904236,0.08777790516614914,0.4413212239742279,1.0
9075,0,2,2,1.9018508510271204e-06,2.217856547304109e-07,0.9999978542327881,0.9999998807907104
9077,1,0,0,0.7396227717399597,0.22086438536643982,0.03951282799243927,1.8465744084411903e-29
9078,1,1,1,0.1462048441171646,0.8392374515533447,0.014557705260813236,1.1765051152518764e-35
9081,1,1,0,0.742962658405304,0.11372705549001694,0.14331024885177612,0.0
9082,3,2,0,0.9057207703590393,0.01616865210235119,0.07811062783002853,0.9999767541885376
9083,1,0,1,0.2455219179391861,0.733080267906189,0.021397821605205536,4.644371077197202e-36
9084,4,0,0,0.7951379418373108,0.03687800094485283,0.16798409819602966,0.9999054074287415
9085,3,2,0,0.9118111729621887,0.0009833923541009426,0.08720549196004868,0.9999737739562988
9086,2,1,0,0.7710202932357788,0.19589722156524658,0.03308257833123207,1.0
9087,2,0,0,0.4875700771808624,0.41424086689949036,0.09818906337022781,1.0
9089,2,0,0,0.7213802933692932,0.021083619445562363,0.2575361132621765,1.0
9091,4,1,1,0.11888699233531952,0.8193317651748657,0.06178120896220207,0.9999068379402161
9092,4,1,2,0.33412423729896545,0.2867880165576935,0.37908774614334106,0.998124361038208
9093,2,0,0,0.8284915089607239,0.010822716169059277,0.16068579256534576,1.0
9094,3,1,0,0.5885956287384033,0.36977294087409973,0.04163143411278725,0.9997212290763855
9096,3,1,1,0.00031340602436102927,0.9966366291046143,0.0030499098356813192,0.9997746348381042
9097,3,2,2,0.09474096447229385,0.009667960926890373,0.8955910205841064,0.9999381899833679
9098,4,0,0,0.5290501713752747,0.04324084892868996,0.42770901322364807,0.9999557733535767
9099,0,2,0,0.7201813459396362,0.023449167609214783,0.2563695013523102,1.0
9100,2,1,0,0.9335411190986633,0.01312374696135521,0.05333520472049713,1.0
9101,0,2,0,0.8212156891822815,0.05642905458807945,0.12235528975725174,1.0
9102,1,1,0,0.8800005912780762,0.03265039995312691,0.0873490497469902,2.1793435675504815e-33
9103,2,2,0,0.9123538136482239,0.011028979904949665,0.07661720365285873,1.0
9104,0,1,1,0.28114697337150574,0.6717916131019592,0.04706142470240593,1.0
9105,2,2,2,0.10580115765333176,0.059756048023700714,0.8344428539276123,1.0
9106,0,2,0,0.8052189350128174,0.013548014685511589,0.18123312294483185,1.0
9107,2,0,0,0.9174680709838867,0.007753497920930386,0.07477835565805435,1.0
9108,4,2,0,0.7021902203559875,0.09827294945716858,0.19953685998916626,0.9995788335800171
9109,4,1,1,2.084843799821101e-05,0.9999723434448242,6.85414852341637e-06,0.9997714161872864
9110,4,1,1,0.00026136034284718335,0.999735414981842,3.198088279532385e-06,0.9999678134918213
9111,1,1,1,0.0005315491580404341,0.999314546585083,0.00015390226326417178,4.74333054401381e-20
9112,1,1,1,2.445156133035198e-05,0.9999741315841675,1.4511801964545157e-06,2.4604776737678716e-24
9113,4,0,0,0.9272543787956238,0.002663764636963606,0.07008190453052521,0.9999865889549255
9115,2,1,0,0.6224197745323181,0.32491734623908997,0.052662868052721024,1.0
9116,4,1,1,8.250330574810505e-05,0.9999070167541504,1.0461075362400152e-05,0.9999579787254333
9117,0,1,1,0.012041189707815647,0.9876279830932617,0.0003307891311123967,1.0
9118,4,2,0,0.945896565914154,0.010254891589283943,0.04384845495223999,0.9999790191650391
9119,1,1,1,0.00012879759015049785,0.9997417330741882,0.00012942170724272728,5.083535903116344e-28
9120,0,1,1,0.021473033353686333,0.9763877391815186,0.0021392235066741705,1.0
9121,1,1,1,3.29710564983543e-05,0.9999648332595825,2.226893684564857e-06,2.473501984302951e-39
9122,3,0,0,0.7082142233848572,0.01477179117500782,0.277013897895813,0.9999688863754272
9123,3,2,2,0.04824334383010864,0.13400699198246002,0.8177496790885925,0.9999774694442749
9125,2,2,0,0.5361893773078918,0.028643561527132988,0.43516701459884644,1.0
9126,3,0,0,0.9628961682319641,0.008854665793478489,0.028249114751815796,0.9999814629554749
9127,0,0,0,0.9756565093994141,0.0131228594109416,0.011220627464354038,1.0
9129,2,0,0,0.4900015592575073,0.3375473618507385,0.17245106399059296,1.0
9130,3,0,0,0.5852532982826233,0.08370602875947952,0.3310406506061554,0.9999575614929199
9134,0,0,0,0.5856707096099854,0.16122251749038696,0.2531067132949829,1.0
9135,2,0,0,0.6964430809020996,0.004556138999760151,0.2990008592605591,1.0
9137,3,0,1,0.35815396904945374,0.5471844673156738,0.09466153383255005,0.9999182224273682
9138,2,0,0,0.9137601852416992,0.05679444596171379,0.02944541536271572,1.0
9139,3,0,0,0.6056963801383972,0.21309512853622437,0.1812085062265396,0.9999573826789856
9140,1,1,1,0.08591333031654358,0.9120960235595703,0.0019906575325876474,8.259925592627144e-36
9143,0,0,0,0.983394980430603,0.005368281155824661,0.011236738413572311,1.0
9144,1,0,0,0.772713840007782,0.003996106330305338,0.22328999638557434,2.871658325061074e-28
9145,1,0,0,0.7732778787612915,0.0037002526223659515,0.22302187979221344,3.874991025218916e-39
9146,2,1,0,0.529045045375824,0.10447108745574951,0.3664838671684265,1.0
9148,0,1,1,0.1320364624261856,0.8559279441833496,0.012035613879561424,1.0
9149,0,2,0,0.5286966562271118,0.05753081291913986,0.4137725532054901,1.0
9150,2,0,0,0.9444428086280823,0.026262275874614716,0.029295003041625023,1.0
9152,4,1,1,4.361504397820681e-05,0.999945878982544,1.0468368600413669e-05,0.9997785091400146
9153,2,1,0,0.6916710734367371,0.2818845212459564,0.026444466784596443,1.0
9155,4,0,0,0.7222074270248413,0.1513785719871521,0.12641403079032898,0.9999845623970032
9156,0,1,0,0.906767725944519,0.032081663608551025,0.06115060672163963,1.0
9157,3,1,1,0.1809816211462021,0.8126744031906128,0.0063439588993787766,0.9999722242355347
9158,3,2,0,0.5350550413131714,0.05502711236476898,0.4099178612232208,0.9999833703041077
9159,0,1,0,0.7366511821746826,0.2578454613685608,0.005503341555595398,1.0
9160,3,1,0,0.7454541325569153,0.1851392686367035,0.06940662860870361,0.9999856352806091
9161,1,0,0,0.9263609647750854,0.0017986726015806198,0.0718403309583664,2.4090625995556337e-35
9162,3,1,1,2.3256072267940908e-07,0.9999858140945435,1.3982663404021878e-05,0.9999551177024841
9164,0,0,0,0.8254246115684509,0.023086067289114,0.1514892429113388,1.0
9165,4,1,1,3.257042635596008e-06,0.9999964237213135,2.8616238978429465e-07,0.9999262094497681
9166,2,2,0,0.8526719808578491,0.003044850891456008,0.1442832052707672,1.0
9167,1,2,0,0.6791288256645203,0.009634883143007755,0.31123632192611694,7.663942150743071e-34
9168,1,0,0,0.9597374200820923,0.014817147515714169,0.025445368140935898,4.9270088968703895e-37
9169,1,0,0,0.8885499238967896,0.07207748293876648,0.03937256336212158,0.0
9170,4,0,0,0.9638962745666504,0.015687398612499237,0.02041640318930149,0.9999794363975525
9171,0,0,0,0.8902621269226074,0.012547519989311695,0.09719035774469376,1.0
9172,4,0,1,0.3196280896663666,0.6377008557319641,0.04267100989818573,0.9999676942825317
9173,0,2,2,6.479476066800771e-09,4.818400043404836e-07,0.9999995231628418,0.9999999403953552
9176,3,2,2,1.5143388054639217e-07,3.5545028367778286e-05,0.9999643564224243,0.9991706013679504
9177,3,2,2,4.188706952845678e-05,5.264229912427254e-06,0.9999529123306274,0.9993806481361389
9178,3,2,2,5.333744047675282e-05,0.00010608074080664665,0.9998406171798706,0.9995659589767456
9180,0,2,2,4.9015340397584595e-11,7.724743067427653e-10,1.0,0.9998828768730164
9182,3,2,2,7.602206551382551e-06,0.0009178079199045897,0.9990745782852173,0.9991049766540527
9183,2,2,2,2.755789303351963e-12,1.934170601458618e-09,1.0,1.0
9184,4,0,0,0.9198668599128723,0.05663909390568733,0.0234940517693758,0.9999823570251465
9185,1,1,0,0.9220854640007019,0.034246399998664856,0.04366813227534294,1.4700577977618465e-38
9186,2,0,0,0.9061107039451599,0.005600369069725275,0.08828891068696976,1.0
9187,0,0,0,0.8036321401596069,0.14812804758548737,0.04823984578251839,1.0
9189,1,0,0,0.9481338858604431,0.000679488992318511,0.05118663236498833,2.342388092189935e-37
9190,0,0,0,0.7336094975471497,0.03419870883226395,0.232191801071167,1.0
9191,4,1,1,0.0017093367641791701,0.9978383183479309,0.0004523731186054647,0.9999828934669495
9192,3,0,0,0.9273965954780579,0.0068137687630951405,0.0657896101474762,0.9999735951423645
9194,1,1,1,0.1012580618262291,0.8811736106872559,0.017568295821547508,2.7970029451800495e-39
9195,0,0,0,0.8042821884155273,0.10745296627283096,0.08826477825641632,1.0
9196,3,0,0,0.9840403199195862,0.0005888743326067924,0.015370836481451988,0.9999600648880005
9197,2,1,1,0.00014070307952351868,0.9998223185539246,3.705069320858456e-05,1.0
9198,3,0,0,0.8649182915687561,0.09368620812892914,0.041395485401153564,0.9996702671051025
9199,0,0,0,0.56482994556427,0.2576550245285034,0.17751501500606537,0.9999996423721313
9200,0,1,1,6.495856268884381e-06,0.999991774559021,1.7698341707728105e-06,0.999998152256012
9201,3,1,1,0.3693293333053589,0.6180998682975769,0.012570829130709171,0.9998711347579956
9202,0,0,0,0.8704738020896912,0.0786885991692543,0.05083753913640976,1.0
9203,3,0,0,0.5457747578620911,0.0278320349752903,0.42639318108558655,0.9999730587005615
9204,3,0,0,0.7550135850906372,0.025552816689014435,0.21943354606628418,0.9999798536300659
9205,0,0,0,0.8289912343025208,0.06267707049846649,0.10833171010017395,1.0
9206,0,1,0,0.9428766965866089,0.017010614275932312,0.04011274501681328,1.0
9207,0,0,0,0.9352095723152161,0.003906587138772011,0.06088383495807648,1.0
9208,2,1,1,0.0005228871596045792,0.9994706511497498,6.4659998315619305e-06,1.0
9209,3,1,0,0.9487379193305969,0.03008967824280262,0.021172327920794487,0.9999346137046814
9210,1,0,0,0.7693486213684082,0.0784459039568901,0.15220555663108826,0.0
9211,4,0,0,0.7354719042778015,0.0039170291274785995,0.26061099767684937,0.99997478723526
9212,4,2,2,0.10117435455322266,0.007826374843716621,0.8909991979598999,0.9996967315673828
9213,0,0,0,0.9661915898323059,0.023282842710614204,0.010525475256145,1.0
9214,1,1,1,0.0002809232100844383,0.9992020726203918,0.0005170702352188528,1.2965599923151705e-28
9215,3,1,1,0.3449811041355133,0.6060522794723511,0.04896668717265129,0.9998290538787842
9217,3,1,1,0.39876025915145874,0.5936641097068787,0.00757566886022687,0.9998907446861267
9218,3,1,1,0.038023244589567184,0.9618596434593201,0.00011712904233718291,0.9999490976333618
9219,1,2,2,0.0020900629460811615,0.00011817648919532076,0.9977916479110718,4.286957600163318e-25
9220,2,0,0,0.8823925852775574,0.025711581110954285,0.09189586341381073,1.0
9221,4,0,0,0.9929397106170654,0.0036509698256850243,0.0034093281719833612,0.9997156858444214
9225,4,0,0,0.4808686375617981,0.43536102771759033,0.08377034962177277,0.9997597336769104
9226,3,0,0,0.9057342410087585,0.0013723571319133043,0.09289342910051346,0.9988031983375549
9227,4,0,0,0.8719927668571472,0.08517663925886154,0.04283061996102333,0.999978244304657
9230,2,0,0,0.7310853600502014,0.23463615775108337,0.034278396517038345,1.0
9231,0,0,0,0.8385809063911438,0.09996466338634491,0.06145453825592995,1.0
9233,0,0,0,0.9446287155151367,0.027858402580022812,0.027512798085808754,1.0
9234,2,1,1,0.3059527575969696,0.6061739921569824,0.08787321299314499,1.0
9235,1,1,1,0.13450348377227783,0.45285606384277344,0.41264045238494873,1.381902319660176e-34
9236,1,0,0,0.989368736743927,0.0011717454763129354,0.009459530003368855,1.7677800516996865e-39
9237,3,1,1,0.0004002031055279076,0.9995771050453186,2.270044024044182e-05,0.9999526143074036
9238,1,0,0,0.8020935654640198,0.1645764261484146,0.03332996740937233,7.91133820548852e-38
9239,0,2,0,0.6494989395141602,0.09287415444850922,0.25762686133384705,0.9999992251396179
9240,4,1,1,0.3621530830860138,0.6244106888771057,0.013436206616461277,0.9999867677688599
9241,4,0,0,0.9500585794448853,0.01118032168596983,0.03876109421253204,0.9999423623085022
9242,4,0,0,0.858171820640564,0.11932631582021713,0.022501826286315918,0.9999793767929077
9243,0,0,0,0.970370888710022,0.0025087976828217506,0.02712029218673706,1.0
9244,1,0,0,0.857240617275238,0.012379312887787819,0.1303800493478775,0.0
9246,3,1,0,0.8502638339996338,0.035788390785455704,0.1139477863907814,0.9999839663505554
9247,2,1,1,0.1195627823472023,0.8786243796348572,0.0018128410447388887,1.0
9248,3,0,0,0.9025934934616089,0.007470174226909876,0.08993635326623917,0.9999810457229614
9249,2,0,1,0.3772984445095062,0.6207014918327332,0.002000098815187812,1.0
9251,2,2,0,0.624070942401886,0.056051742285490036,0.3198772966861725,1.0
9253,3,0,0,0.9125360250473022,0.011334902606904507,0.07612906396389008,0.9999784231185913
9255,1,1,0,0.58245450258255,0.2308674156665802,0.18667808175086975,1.2447423556872438e-33
9256,3,0,0,0.8267966508865356,0.0611749030649662,0.11202844977378845,0.9999829530715942
9257,0,0,0,0.885697066783905,0.0500333309173584,0.06426957994699478,1.0
9258,3,1,2,1.2776859875884838e-05,0.02378562092781067,0.9762016534805298,0.9931756854057312
9259,4,1,1,0.006136308889836073,0.9937471151351929,0.00011653611727524549,0.9986644983291626
9260,0,1,0,0.6884104013442993,0.2912064492702484,0.020383119583129883,1.0
9261,2,2,0,0.8633659482002258,0.00091088394401595,0.13572314381599426,1.0
9262,0,0,0,0.9774050116539001,0.016965463757514954,0.0056294044479727745,1.0
9263,3,0,0,0.8655568361282349,0.020777618512511253,0.11366559565067291,0.9999906420707703
9266,1,0,0,0.9839674830436707,0.0005710927071049809,0.015461435541510582,1.3658283389923184e-32
9269,4,0,0,0.96300208568573,0.010622000321745872,0.02637590281665325,0.9999646544456482
9271,4,2,0,0.9620555639266968,0.00038743371260352433,0.037557024508714676,0.9998853206634521
9273,1,0,0,0.9664855003356934,0.0019522537477314472,0.0315622054040432,2.408482856597051e-38
9274,4,0,0,0.7650539875030518,0.06271661818027496,0.17222939431667328,0.9996874928474426
9275,0,2,0,0.754254162311554,0.18551768362522125,0.06022818014025688,1.0
9276,3,0,0,0.6574424505233765,0.22163818776607513,0.12091931700706482,0.9999787211418152
9277,0,1,1,3.653193516583997e-07,0.9999996423721313,9.759088648308989e-09,1.0
9278,1,0,0,0.975674033164978,0.001139576779678464,0.023186441510915756,1.6092623668183345e-39
9281,3,0,0,0.9544860124588013,0.010055421851575375,0.03545859083533287,0.9999620318412781
9282,0,0,0,0.7674798965454102,0.025602342560887337,0.20691779255867004,1.0
9283,3,0,1,0.0583418644964695,0.9410423636436462,0.0006157980533316731,0.9999785423278809
9284,3,1,1,0.002565432107076049,0.997033953666687,0.0004005718801636249,0.999923050403595
9285,0,1,1,0.0027400467079132795,0.9969281554222107,0.0003318175149615854,1.0
9287,3,0,0,0.9785505533218384,0.01229355949908495,0.009155980311334133,0.9999693632125854
9288,0,0,0,0.8974167704582214,0.04416810721158981,0.05841505900025368,0.9999998807907104
9289,0,1,1,5.033379693486495e-06,0.9999943971633911,6.186561449794681e-07,1.0
9290,4,2,2,0.2333907186985016,0.00317895645275712,0.7634302973747253,0.9999505877494812
9291,0,1,1,1.0757176823972259e-05,0.9999887943267822,4.985190571460407e-07,1.0
9293,4,1,0,0.8284645080566406,0.12367284297943115,0.047862708568573,0.9999828934669495
9294,1,0,1,0.37258851528167725,0.6134453415870667,0.013966121710836887,1.2321865836936492e-34
9295,1,0,0,0.6026660203933716,0.3659203350543976,0.03141369670629501,4.260171539301736e-40
9296,2,0,0,0.612014651298523,0.3250049948692322,0.0629803016781807,1.0
9297,4,1,1,0.005834557116031647,0.9941034913063049,6.193867739057168e-05,0.999983549118042
9298,0,0,0,0.9580942988395691,0.002561672357842326,0.03934398666024208,1.0
9299,0,0,0,0.9409834742546082,0.021563155576586723,0.0374533049762249,0.9999997615814209
9300,3,1,0,0.8331391215324402,0.004605390131473541,0.1622554510831833,0.9999739527702332
9301,2,0,0,0.9751494526863098,0.005325661040842533,0.01952498033642769,1.0
9302,0,1,0,0.5184892416000366,0.04212801903486252,0.43938276171684265,1.0
9304,1,1,1,0.026138825342059135,0.9719418883323669,0.0019193211337551475,6.818162895108386e-30
9305,2,0,0,0.9482602477073669,0.003120320150628686,0.04861947149038315,1.0
9306,4,1,1,0.3310585618019104,0.6375643610954285,0.031377073377370834,0.999975323677063
9307,4,1,1,0.004392530303448439,0.9954071044921875,0.00020037480862811208,0.9998446106910706
9308,0,2,0,0.8990391492843628,0.0052793193608522415,0.09568161517381668,1.0
9310,0,0,0,0.9588648676872253,0.020548449829220772,0.020586621016263962,1.0
9311,2,2,2,0.4091219902038574,0.046736400574445724,0.5441415905952454,1.0
9314,0,0,0,0.49340933561325073,0.39984264969825745,0.10674802958965302,1.0
9315,4,0,0,0.46246039867401123,0.2625814378261566,0.27495813369750977,0.9994312524795532
9316,1,0,0,0.9232568144798279,0.04694333299994469,0.029799804091453552,0.0
9317,0,0,0,0.9782803058624268,0.00637911818921566,0.015340598300099373,1.0
9318,0,1,1,0.29755160212516785,0.6929749846458435,0.009473367594182491,1.0
9319,2,1,1,0.012280110269784927,0.9875762462615967,0.00014367148105520755,1.0
9320,1,2,0,0.8196243643760681,0.14002592861652374,0.04034966975450516,1.2528292425421227e-32
9322,1,2,0,0.7973628640174866,0.05187638849020004,0.15076079964637756,0.0
9323,0,0,0,0.9065550565719604,0.010345934890210629,0.08309894800186157,1.0
9324,1,1,1,0.07349704951047897,0.9252707958221436,0.0012321145040914416,1.1612734405712303e-33
9325,4,2,0,0.8458456993103027,0.025452138856053352,0.1287020742893219,0.9999493956565857
9326,3,0,0,0.9393125772476196,0.0017769542755559087,0.05891048163175583,0.9999756217002869
9327,4,0,0,0.7688567638397217,0.19119912385940552,0.03994414210319519,0.9999892115592957
9328,1,0,0,0.9140705466270447,0.04938332736492157,0.03654613718390465,1.3174210154714168e-27
9330,3,0,0,0.9165114164352417,0.06389620900154114,0.0195922888815403,0.9999743700027466
9333,2,1,1,0.14636923372745514,0.8478152751922607,0.005815517622977495,1.0
9336,4,0,0,0.707091748714447,0.24314627051353455,0.04976199194788933,0.9999411702156067
9337,1,0,0,0.9584380388259888,0.018482498824596405,0.02307945117354393,3.9192226740031456e-30
9338,2,0,1,0.15239384770393372,0.8375270962715149,0.01007907185703516,1.0
9340,0,0,1,0.019320230931043625,0.913688600063324,0.0669911801815033,1.0
9341,0,1,0,0.955634593963623,0.031087525188922882,0.013277885504066944,1.0
9342,3,1,1,7.727657066425309e-05,0.9998940229415894,2.8686317818937823e-05,0.9999751448631287
9343,1,0,0,0.8736438751220703,0.03194892033934593,0.09440724551677704,0.0
9344,1,1,1,0.0007581650279462337,0.9992349147796631,6.943919743207516e-06,3.1548791586855e-39
9345,4,2,0,0.9087961316108704,0.017626114189624786,0.07357781380414963,0.9999713897705078
9346,3,1,1,0.0027819524984806776,0.9971828460693359,3.5219043638790026e-05,0.9999566078186035
9348,0,1,0,0.8891880512237549,0.02263643406331539,0.08817554265260696,1.0
9349,2,0,0,0.9611290097236633,0.000615522381849587,0.03825550526380539,1.0
9350,1,2,0,0.935940682888031,0.015559014864265919,0.04850027710199356,1.5376072725255533e-36
9353,3,1,1,4.933312084176578e-06,0.9999948740005493,2.050497300842835e-07,0.9999305605888367
9354,1,0,0,0.5360523462295532,0.06377795338630676,0.40016970038414,0.0
9355,1,2,0,0.9380722641944885,0.027183474972844124,0.034744344651699066,0.0
9356,2,2,2,0.34511834383010864,0.007083165924996138,0.647798478603363,1.0
9358,1,1,0,0.7982653975486755,0.01801733672618866,0.183717280626297,1.3205087981517463e-34
9359,0,1,2,0.1441143900156021,0.012722427025437355,0.8431631922721863,1.0
9360,4,2,0,0.9221721291542053,0.013364940881729126,0.06446295231580734,0.9998278617858887
9361,1,1,0,0.8721556663513184,0.041234761476516724,0.08660958707332611,7.3250604455479485e-34
9362,1,0,0,0.9822729229927063,0.009833826683461666,0.007893175818026066,1.8753070683920118e-27
9363,2,0,0,0.9729620218276978,0.01634903810918331,0.010688974522054195,1.0
9364,2,0,0,0.9024469256401062,0.018668603152036667,0.07888451218605042,1.0
9365,2,0,0,0.9570236206054688,0.01334100216627121,0.02963539958000183,1.0
9367,1,1,1,2.3327171220444143e-05,0.9999693632125854,7.266419288498582e-06,1.4797962895954875e-35
9368,2,0,0,0.9376329183578491,0.016118617728352547,0.04624836519360542,1.0
9369,1,1,0,0.541063129901886,0.0702211856842041,0.38871559500694275,0.0
9370,2,0,0,0.6660951375961304,0.016097649931907654,0.3178071975708008,1.0
9371,4,1,1,9.238807052724951e-09,1.0,1.351349501049759e-11,0.9999504089355469
9372,2,2,0,0.8342325687408447,0.09285009652376175,0.07291736453771591,1.0
9373,0,1,1,0.0001292682281928137,0.9997233748435974,0.00014733064745087177,1.0
9375,4,0,0,0.7470237612724304,0.14338438212871552,0.10959192365407944,0.9998512268066406
9376,1,2,0,0.6399540305137634,0.2972603738307953,0.0627855733036995,0.0
9377,3,0,0,0.8415871858596802,0.07148522883653641,0.08692756295204163,0.9999836087226868
9380,4,2,2,0.1825534850358963,0.21873044967651367,0.5987160801887512,0.999977707862854
9382,3,2,0,0.788714587688446,0.09686924517154694,0.11441615223884583,0.999967634677887
9387,0,2,2,0.31150442361831665,0.01830904372036457,0.6701865792274475,1.0
9389,0,0,0,0.9563384652137756,0.00789141096174717,0.03577011451125145,1.0
9390,2,1,1,0.022789202630519867,0.9648365378379822,0.012374252080917358,1.0
9392,1,1,0,0.7303248643875122,0.19993992149829865,0.06973518431186676,7.087578903435672e-34
9393,0,0,0,0.9923230409622192,4.972019087290391e-05,0.00762725668027997,1.0
9394,3,0,0,0.9765878319740295,0.0046251374296844006,0.018787046894431114,0.9999857544898987
9395,1,1,1,0.3090563118457794,0.5815155506134033,0.10942814499139786,0.0
9398,0,1,1,0.012111010029911995,0.9826211333274841,0.005267914850264788,1.0
9399,3,2,0,0.9582602381706238,0.020356863737106323,0.02138288877904415,0.9999878406524658
9400,3,1,2,0.03232542797923088,0.008316773921251297,0.959357738494873,0.999739944934845
9401,1,1,1,0.37007108330726624,0.6218633055686951,0.008065611124038696,1.6894940307876638e-12
9402,2,1,1,0.4177989363670349,0.5791047811508179,0.0030963546596467495,1.0
9403,0,1,1,0.45135143399238586,0.5102674961090088,0.038381047546863556,0.9999998807907104
9404,4,0,0,0.8633834719657898,0.09353011846542358,0.04308637976646423,0.999971866607666
9405,2,0,0,0.9508298635482788,0.0016120977234095335,0.04755805432796478,1.0
9406,4,0,0,0.833126962184906,0.05150002986192703,0.11537300795316696,0.9999884366989136
9408,3,0,0,0.9842476844787598,0.00038024462992325425,0.01537210214883089,0.9999638199806213
9409,1,2,0,0.9761494994163513,0.0006211446598172188,0.023229310289025307,1.5069051236105873e-34
9410,3,0,0,0.9345449209213257,0.0025959901977330446,0.06285908818244934,0.9997285604476929
9411,0,2,0,0.8743360042572021,0.03089633211493492,0.0947677493095398,1.0
9413,0,0,0,0.7581393718719482,0.1422794610261917,0.09958119690418243,1.0
9414,1,0,0,0.9184691905975342,0.0011608179192990065,0.08036994934082031,2.802398621375118e-35
9415,3,1,2,4.5227978262118995e-05,3.58878678525798e-05,0.9999189376831055,0.999836802482605
9416,3,0,0,0.8691776990890503,0.0865979716181755,0.04422431439161301,0.9999902248382568
9417,3,2,2,2.809364787026425e-06,0.00019024456560146064,0.9998069405555725,0.9997904300689697
9419,4,2,2,0.0023873914033174515,0.004835369531065226,0.9927772283554077,0.9993665814399719
9420,0,2,2,0.0015665566315874457,0.00530538335442543,0.9931280612945557,1.0
9421,4,1,1,0.002987433923408389,0.9968603849411011,0.00015218435146380216,0.999407172203064
9423,4,0,0,0.9708912372589111,0.022293085232377052,0.006815672852098942,0.9999603629112244
9425,1,1,1,0.01460866816341877,0.9504722952842712,0.03491898998618126,8.062447100109156e-29
9427,4,0,0,0.9298033714294434,0.03496193885803223,0.03523462265729904,0.9999867677688599
9428,4,0,0,0.7629355788230896,0.07669445127248764,0.16036993265151978,0.9999508261680603
9429,4,1,0,0.6457452774047852,0.17188607156276703,0.18236863613128662,0.999976634979248
9430,1,0,0,0.9889348149299622,0.0064098769798874855,0.004655206575989723,1.8745139684190629e-32
9431,3,0,0,0.5902475714683533,0.100384920835495,0.3093675374984741,0.9999671578407288
9432,4,1,1,0.0008083006832748652,0.9990242719650269,0.00016739395505283028,0.9999487996101379
9433,1,0,0,0.9526202082633972,0.0032793476711958647,0.044100429862737656,2.2254861691021015e-40
9434,1,1,1,1.9254077869845787e-06,0.9999760389328003,2.2081299903220497e-05,1.059565797159072e-25
9435,3,1,0,0.9180368185043335,0.008037670515477657,0.07392553985118866,0.999961256980896
9436,1,0,0,0.8630807399749756,0.011128940619528294,0.1257903128862381,2.70165390090165e-29
9437,0,1,1,2.486942321411334e-05,0.999974250793457,8.676490210746124e-07,1.0
9438,4,1,1,0.0024059321731328964,0.9969088435173035,0.0006852417718619108,0.9999459981918335
9441,0,0,1,0.23302523791790009,0.7588399648666382,0.008134780451655388,1.0
9442,3,0,0,0.9307495355606079,0.004803646355867386,0.06444686651229858,0.9999654293060303
9443,3,0,0,0.9040272235870361,0.0003403733717277646,0.09563246369361877,0.9999836683273315
9445,2,2,2,0.081214539706707,0.10899832844734192,0.8097870945930481,1.0
9446,2,2,1,0.015414908528327942,0.9354672431945801,0.04911787807941437,1.0
9447,0,1,1,3.857334831991466e-06,0.9999945163726807,1.6374222013837425e-06,1.0
9448,2,0,0,0.915332019329071,0.05471925809979439,0.029948705807328224,1.0
9449,3,0,2,0.21590681374073029,0.005170684773474932,0.7789224982261658,0.9998054504394531
9450,3,0,0,0.7417051196098328,0.15365080535411835,0.10464403033256531,0.9998725056648254
9451,3,2,2,0.27096420526504517,0.08900752663612366,0.6400282979011536,0.9999531507492065
9452,4,1,1,0.08011803776025772,0.9174404144287109,0.002441548742353916,0.9998904466629028
9453,0,0,0,0.5745961666107178,0.11917607486248016,0.30622774362564087,1.0
9454,2,0,0,0.8351028561592102,0.13889417052268982,0.026003031060099602,1.0
9455,0,1,1,1.9371356756892055e-05,0.9999761581420898,4.471621195989428e-06,1.0
9456,4,0,0,0.5975551009178162,0.35549578070640564,0.04694915562868118,0.9999704360961914
9457,0,0,0,0.8527712821960449,0.006955259013921022,0.14027342200279236,1.0
9458,4,0,0,0.8190092444419861,0.034683115780353546,0.1463075876235962,0.9999827742576599
9460,2,1,2,0.016055142506957054,0.005572586786001921,0.9783721566200256,1.0
9462,1,0,0,0.6401795148849487,0.2373150736093521,0.12250540405511856,0.0
9463,3,0,0,0.8558682799339294,0.002807584824040532,0.14132411777973175,0.9999918341636658
9464,3,0,0,0.9759798049926758,0.0032092982437461615,0.020810846239328384,0.9998953342437744
9465,3,0,1,0.0038432518485933542,0.9960094690322876,0.00014723096683155745,0.9998867511749268
9466,2,1,1,0.00010123505489900708,0.9998210072517395,7.777714199619368e-05,1.0
9468,2,0,0,0.9459593892097473,0.03926477208733559,0.014775922521948814,1.0
9469,0,0,0,0.941688597202301,0.0075355456210672855,0.05077590048313141,1.0
9470,4,2,2,1.9174231056240387e-05,7.909887790447101e-05,0.9999016523361206,0.9996196627616882
9472,2,2,0,0.8342904448509216,0.027349896728992462,0.13835962116718292,1.0
9473,4,1,0,0.6374836564064026,0.2937721312046051,0.0687442421913147,0.9999534487724304
9474,0,2,0,0.9571648240089417,0.005955863744020462,0.03687934949994087,1.0
9475,0,0,0,0.9897510409355164,0.0029649774078279734,0.0072840177454054356,1.0
9476,3,0,0,0.9216451048851013,0.03848465159535408,0.0398702472448349,0.9999784231185913
9477,2,0,0,0.8275872468948364,0.05263271927833557,0.11978001147508621,1.0
9478,4,1,1,0.005887347273528576,0.9934952855110168,0.0006173651199787855,0.9996909499168396
9479,1,0,1,0.4166264533996582,0.4820171594619751,0.10135641694068909,6.578621991953277e-35
9480,4,0,0,0.9576122760772705,0.010620787739753723,0.031766995787620544,0.9999445676803589
9481,3,0,0,0.7521485090255737,0.10677546262741089,0.1410760134458542,0.9999558925628662
9482,3,0,0,0.9440625905990601,0.009353425353765488,0.046584002673625946,0.9999784827232361
9484,3,1,1,0.0014543930301442742,0.9985274076461792,1.8121205357601866e-05,0.9999415278434753
9485,3,2,0,0.761563777923584,0.01857709512114525,0.21985915303230286,0.9999675750732422
9487,0,0,0,0.9827425479888916,0.000597974460106343,0.016659537330269814,1.0
9489,2,2,0,0.8076419830322266,0.12290104478597641,0.06945695728063583,1.0
9490,2,2,0,0.9441252946853638,0.012677199207246304,0.043197523802518845,1.0
9491,1,2,2,1.0404902468508226e-06,5.4208639994612895e-06,0.9999935626983643,1.8362923681625176e-10
9492,2,2,2,9.343150253471322e-08,1.4730552777564299e-07,0.9999997615814209,1.0
9493,4,2,2,1.9797424499756744e-07,1.432826138625387e-06,0.9999983310699463,0.9999694228172302
9494,4,2,2,3.18513049268887e-10,5.079876359559421e-07,0.9999995231628418,0.999860405921936
9495,0,2,2,1.8434862795402296e-05,3.5025798297283472e-06,0.9999780654907227,0.9994649291038513
9496,1,0,0,0.9622865319252014,0.0008384255925193429,0.03687494248151779,3.4466137214582576e-35
9497,0,2,2,1.8840589177671063e-07,1.7716929789912683e-07,0.9999996423721313,1.0
9498,0,0,0,0.540313720703125,0.006869032979011536,0.45281726121902466,1.0
9499,1,2,2,4.878145318798488e-07,1.824440187192522e-05,0.9999812841415405,1.5429382771436906e-10
9500,0,0,1,0.029459839686751366,0.9661757946014404,0.004364291671663523,1.0
9501,0,2,2,5.83588473546115e-07,5.772897202405147e-05,0.9999417066574097,0.9999666213989258
9502,3,2,2,0.00041694589890539646,1.2486560081015341e-05,0.9995705485343933,0.9985151290893555
9503,3,2,2,6.69926407681487e-07,4.136567440582439e-06,0.9999951124191284,0.9985193610191345
9504,0,2,2,1.7475738786743023e-05,0.0008122065337374806,0.9991703033447266,0.9996891617774963
9505,2,2,2,8.163750919720769e-08,2.5441569960094057e-05,0.9999744892120361,1.0
9506,3,0,0,0.9896023869514465,0.006848374381661415,0.0035492072347551584,0.999976634979248
9507,3,0,0,0.9535159468650818,0.0035616594832390547,0.04292241111397743,0.9999841451644897
9508,4,0,0,0.932673990726471,0.016716288402676582,0.050609659403562546,0.9999687075614929
9509,3,1,0,0.7405398488044739,0.16786625981330872,0.09159397333860397,0.9999794363975525
9510,3,2,0,0.8775176405906677,0.005120482295751572,0.11736191064119339,0.9999762177467346
9511,1,1,1,0.19028893113136292,0.7433021664619446,0.06640885770320892,1.6435134087992244e-34
9512,1,1,0,0.9003243446350098,0.013960110023617744,0.08571556955575943,1.0012263514616175e-38
9513,1,0,0,0.8480818867683411,0.0999598503112793,0.05195821076631546,1.1831509057257196e-34
9514,2,0,0,0.686647355556488,0.068184494972229,0.24516814947128296,1.0
9515,3,0,0,0.6784304976463318,0.11017512530088425,0.21139444410800934,0.9999532699584961
9516,3,0,0,0.7330268621444702,0.03860592469573021,0.22836722433567047,0.9999681711196899
9517,4,1,0,0.6934430003166199,0.23670655488967896,0.0698503777384758,0.9999369382858276
9518,1,1,1,1.0101696368280955e-08,1.0,1.1985883396903318e-08,7.751012153075706e-14
9519,4,0,0,0.8965390920639038,0.06052206829190254,0.042938828468322754,0.9999536871910095
9520,3,0,0,0.974435031414032,0.008426869288086891,0.017138144001364708,0.9999763369560242
9521,2,1,1,3.3493901696601824e-07,0.9999996423721313,1.890202128151941e-08,1.0
9522,4,1,0,0.8841185569763184,0.05831574648618698,0.05756564810872078,0.9999176859855652
9523,1,2,2,0.06491117179393768,0.008958031423389912,0.9261307716369629,5.295347270987622e-28
9524,1,1,1,0.006855376996099949,0.9926030039787292,0.0005416427738964558,0.0
9525,4,0,0,0.9323458075523376,0.04874546080827713,0.01890871487557888,0.9999610185623169
9526,0,2,0,0.9439547657966614,0.02216462604701519,0.03388051688671112,1.0
9529,3,2,0,0.7117854952812195,0.005563792306929827,0.2826506793498993,0.999960720539093
9530,0,0,0,0.8707409501075745,0.012859038077294827,0.11640004813671112,1.0
9531,2,0,0,0.8475069999694824,0.06671474874019623,0.08577829599380493,1.0
9532,1,0,0,0.9431797862052917,0.03143255040049553,0.025387628003954887,0.0
9533,1,0,2,0.26180267333984375,0.048879701644182205,0.6893175840377808,4.608667741146689e-38
9536,0,0,0,0.9571457505226135,0.028978431597352028,0.013875745236873627,1.0
9537,0,0,0,0.990474283695221,0.0019134862814098597,0.007612262852489948,1.0
9539,0,1,1,0.37259453535079956,0.5873223543167114,0.0400831401348114,1.0
9540,1,0,0,0.6025083661079407,0.3736351430416107,0.023856522515416145,4.162184002702287e-30
9541,3,0,0,0.8375301957130432,0.06182805448770523,0.10064169019460678,0.9999809265136719
9543,2,1,1,0.19126805663108826,0.8054534792900085,0.0032784712966531515,1.0
9544,1,0,0,0.8442414999008179,0.012692821212112904,0.14306572079658508,2.582850260366868e-32
9546,0,2,0,0.8195586204528809,0.00701549369841814,0.17342586815357208,0.9999999403953552
9547,2,2,2,0.05217562988400459,0.0020227236673235893,0.9458016753196716,1.0
9548,1,0,0,0.9236294627189636,0.00749676488339901,0.0688738226890564,2.2915982601625e-31
9550,4,0,0,0.7510915994644165,0.005417749751359224,0.24349069595336914,0.9997817277908325
9551,1,1,1,0.004189970903098583,0.995606005191803,0.0002040379768004641,0.0
9552,2,1,1,0.04082004353404045,0.956389844417572,0.0027901120483875275,1.0
9553,4,1,1,1.238811182702193e-05,0.9999861717224121,1.4350431456477963e-06,0.9999330639839172
9554,1,1,0,0.8723363876342773,0.0004819233145099133,0.12718170881271362,0.0
9557,2,2,2,0.3997723162174225,0.0187482051551342,0.5814794301986694,1.0
9559,4,0,0,0.9171870946884155,0.03614009544253349,0.04667279124259949,0.9999005198478699
9560,4,0,0,0.6695231795310974,0.15107561647891998,0.17940112948417664,0.9999586343765259
9561,0,0,1,0.14647994935512543,0.8326791524887085,0.020840896293520927,1.0
9563,4,1,0,0.8025311827659607,0.177620068192482,0.01984877698123455,0.9999133944511414
9564,1,0,0,0.8345217704772949,0.0453372560441494,0.12014096230268478,0.0
9565,3,0,0,0.8533439040184021,0.0009432624792680144,0.14571276307106018,0.9999817609786987
9566,4,1,1,9.382038115290925e-06,0.9999732971191406,1.732232703943737e-05,0.9998546838760376
9567,1,1,0,0.9542892575263977,0.014165802858769894,0.03154502063989639,0.0
9568,3,2,0,0.9097300171852112,0.011176064610481262,0.07909398525953293,0.9999812245368958
9569,1,1,1,3.0986410592959146e-07,0.9999991655349731,4.854054509451089e-07,1.01749925843335e-29
9570,2,1,2,1.3853416191977885e-07,1.548488944536075e-05,0.9999843835830688,1.0
9571,0,0,0,0.9529469609260559,0.011012193746864796,0.03604084998369217,1.0
9573,0,0,0,0.8059092164039612,0.020160024985671043,0.1739307940006256,1.0
9574,2,0,0,0.827005922794342,0.12821944057941437,0.044774699956178665,1.0
9576,4,0,0,0.9859439134597778,0.00945627223700285,0.004599839448928833,0.9999876022338867
9578,3,0,0,0.8495622873306274,0.07776989787817001,0.07266780734062195,0.9998986124992371
9579,4,2,2,0.12395370751619339,0.011130447499454021,0.8649157881736755,0.9999176263809204
9580,2,0,0,0.9455974698066711,0.040630921721458435,0.013771645724773407,1.0
9581,2,1,1,3.0371409593499266e-05,0.9999686479568481,1.0194353308179416e-06,1.0
9582,3,0,0,0.9803022146224976,0.0002535136591177434,0.019444264471530914,0.9999828338623047
9583,1,2,0,0.5578361749649048,0.06387753784656525,0.37828636169433594,9.835623882849091e-34
9584,2,1,1,7.800407183822244e-05,0.9999144077301025,7.608357464050641e-06,1.0
9585,4,0,0,0.7629117369651794,0.03138391301035881,0.20570442080497742,0.9998601078987122
9586,2,2,0,0.8882761597633362,0.02178375981748104,0.08994010835886002,1.0
9587,4,2,0,0.8591805100440979,0.03814685344696045,0.10267262905836105,0.9999909400939941
9588,1,0,0,0.7620880007743835,0.0005818979698233306,0.2373301386833191,0.0
9589,0,0,0,0.9792911410331726,0.004223506897687912,0.01648528128862381,1.0
9590,1,1,0,0.8684318661689758,0.10788232088088989,0.023685870692133904,0.0
9591,0,1,1,6.542048822666402e-07,0.9986629486083984,0.0013363546459004283,1.0
9592,3,0,0,0.7335383296012878,0.1052800789475441,0.16118158400058746,0.9999442100524902
9593,1,2,0,0.8208354711532593,0.019573315978050232,0.15959124267101288,0.0
9594,2,0,1,0.003286263206973672,0.996513307094574,0.00020046991994604468,1.0
9596,4,0,0,0.7849050760269165,0.17765004932880402,0.03744490444660187,0.9999802112579346
9597,1,0,0,0.5846013426780701,0.3385278880596161,0.07687076181173325,1.359171771623001e-33
9598,4,0,2,0.2379683405160904,0.3052924573421478,0.4567391276359558,0.9995905756950378
9599,0,0,0,0.7050582766532898,0.10805439949035645,0.18688735365867615,1.0
9600,0,1,0,0.732454776763916,0.25819963216781616,0.009345652535557747,1.0
9601,1,0,1,0.21608607470989227,0.7756901383399963,0.008223727345466614,5.085364885809839e-32
9602,1,1,1,0.0014943626010790467,0.9984326958656311,7.294204988284037e-05,2.3189247507032803e-40
9604,2,2,0,0.6094491481781006,0.0021768638398498297,0.3883739709854126,1.0
9605,1,0,0,0.9122399091720581,0.0001673461520113051,0.08759269118309021,4.547031011622038e-37
9606,4,2,2,0.01638432778418064,0.0015890573849901557,0.9820266366004944,0.9999915957450867
9607,1,0,0,0.8662481904029846,0.06155124679207802,0.07220060378313065,4.734426327912874e-35
9608,3,0,0,0.8009105324745178,0.016862502321600914,0.1822270005941391,0.999948263168335
9609,3,1,1,0.20282338559627533,0.7818025350570679,0.015374074690043926,0.999979555606842
9612,2,0,0,0.9708770513534546,0.0038801187183707952,0.02524287812411785,1.0
9613,2,0,0,0.9026012420654297,0.02651260979473591,0.07088622450828552,1.0
9614,3,1,1,0.1040467843413353,0.8807989954948425,0.01515426766127348,0.9997250437736511
9616,2,0,0,0.5790188312530518,0.3686828017234802,0.05229832977056503,1.0
9618,3,1,0,0.48146411776542664,0.40646564960479736,0.11207021772861481,0.9999755024909973
9619,4,1,1,0.23517048358917236,0.7624813914299011,0.0023481384851038456,0.9999528527259827
9620,3,1,0,0.8637315034866333,0.13139879703521729,0.004869729280471802,0.9999022483825684
9623,0,2,2,0.40853968262672424,0.13153330981731415,0.459926962852478,1.0
9624,0,0,2,0.003261399222537875,0.00020842171215917915,0.9965302348136902,1.0
9625,1,0,0,0.8056414723396301,0.034821636974811554,0.15953682363033295,0.0
9627,0,0,0,0.8661755323410034,0.09226415306329727,0.041560348123311996,1.0
9628,1,2,0,0.949209988117218,0.023846948519349098,0.026943044736981392,0.0
9629,0,2,0,0.9530395269393921,0.008664299733936787,0.038296181708574295,1.0
9630,0,0,0,0.8083492517471313,0.03704112023115158,0.1546095460653305,1.0
9631,1,1,1,4.880197934653552e-07,0.9999995231628418,2.6328285329668688e-08,9.67598183177384e-33
9632,0,0,0,0.7671478986740112,0.0946865826845169,0.13816547393798828,1.0
9633,0,1,0,0.6677722930908203,0.29981380701065063,0.03241389989852905,1.0
9634,3,0,0,0.9557376503944397,0.019508782774209976,0.02475348487496376,0.9999630451202393
9635,4,2,2,6.887891004225821e-07,0.0007448982796631753,0.9992544054985046,0.9894751310348511
9636,3,0,0,0.8682245016098022,0.1279749572277069,0.0038004883099347353,0.9999299049377441
9637,2,2,0,0.9473387598991394,0.016909589990973473,0.035751666873693466,1.0
9638,3,2,2,2.9999805519764777e-06,9.541304279991891e-06,0.9999874830245972,0.9961124062538147
9639,4,2,2,2.540537380468777e-08,0.00013067456893622875,0.9998693466186523,0.9999070167541504
9640,3,2,2,4.4069072835384304e-09,1.2754838962791837e-06,0.9999986886978149,0.9960901737213135
9641,2,2,2,6.647437374857068e-12,1.1681173361921537e-08,1.0,1.0
9642,1,2,2,0.0012006600154563785,0.00016000114555936307,0.9986392855644226,1.0986225907751537e-15
9643,0,2,2,7.549236236137347e-11,2.3743119470509555e-08,1.0,0.9995984435081482
9644,3,2,2,2.15509938783498e-08,8.103808795567602e-06,0.9999918937683105,0.9985879063606262
9645,3,0,0,0.9503123760223389,0.00883333757519722,0.04085422679781914,0.9999788999557495
9646,2,0,0,0.9597030878067017,0.008669114671647549,0.03162785619497299,1.0
9647,3,0,0,0.9830756187438965,0.00031501404009759426,0.016609331592917442,0.9999775290489197
9648,1,2,0,0.5018250346183777,0.007146202493458986,0.4910287857055664,0.0
9649,0,2,0,0.6957715749740601,0.11647289246320724,0.1877555549144745,1.0
9650,1,2,2,0.0006028006318956614,0.003200662089511752,0.9961965084075928,4.9078892061515944e-08
9651,3,2,0,0.7337133288383484,0.16645868122577667,0.09982802718877792,0.9995735287666321
9652,2,0,0,0.8654289245605469,0.05326833203434944,0.08130278438329697,1.0
9653,4,2,0,0.6877615451812744,0.02859816886484623,0.2836403250694275,0.9999313354492188
9654,4,0,0,0.8783833980560303,0.03752264007925987,0.08409399539232254,0.9999327659606934
9655,0,0,1,0.4097845256328583,0.5230617523193359,0.0671536847949028,0.9999982714653015
9656,3,0,0,0.9179616570472717,0.0546775683760643,0.027360817417502403,0.9999873638153076
9657,2,2,2,0.0007746187620796263,0.008948445320129395,0.9902769327163696,1.0
9658,0,1,1,0.07102488726377487,0.918566882610321,0.010408268310129642,1.0
9659,2,1,1,1.0647036106092855e-05,0.999988317489624,1.0024764378613327e-06,1.0
9661,2,2,0,0.6256170868873596,0.04517320916056633,0.3292097747325897,1.0
9662,1,1,0,0.887067973613739,0.05384023115038872,0.05909183621406555,0.0
9663,0,0,0,0.638779878616333,0.3183962404727936,0.04282395541667938,0.9999999403953552
9665,4,0,0,0.8895981311798096,0.00588977849110961,0.10451206564903259,0.9999837875366211
9666,0,1,1,0.13205930590629578,0.8122531175613403,0.05568758025765419,1.0
9667,0,0,0,0.9091082215309143,0.025635704398155212,0.06525606662034988,1.0
9668,3,2,0,0.9696105718612671,0.00827977154403925,0.02210959978401661,0.99997478723526
9669,2,2,0,0.7138031721115112,0.0007706886972300708,0.28542613983154297,1.0
9670,0,2,2,2.2268420440951786e-10,9.9177793799754e-07,0.9999990463256836,0.9999987483024597
9671,0,0,0,0.8821459412574768,0.017022952437400818,0.10083112120628357,1.0
9675,2,0,0,0.7701979875564575,0.21355381608009338,0.016248200088739395,1.0
9676,4,1,0,0.9581931233406067,0.008894688449800014,0.03291218727827072,0.9999347925186157
9679,3,1,1,0.19285614788532257,0.799127995967865,0.008015884086489677,0.9999666213989258
9681,3,1,1,2.6000677735282807e-06,0.9999970197677612,3.5448317703412613e-07,0.9999153017997742
9682,4,0,0,0.8719965219497681,0.08830661326646805,0.03969690948724747,0.999959409236908
9684,4,0,0,0.935424268245697,0.023683980107307434,0.040891777724027634,0.9999873638153076
9685,3,2,2,1.2504414371505845e-05,6.58260760246776e-05,0.9999216794967651,0.9997679591178894
9686,1,0,0,0.9067414402961731,0.02374052256345749,0.06951798498630524,3.273196345959307e-33
9687,0,1,1,0.00033939804416149855,0.9996415376663208,1.9003276975126937e-05,1.0
9688,4,2,0,0.5863018035888672,0.022969907149672508,0.39072829484939575,0.999869704246521
9690,4,1,1,0.00010118773207068443,0.9998970031738281,1.8299294879398076e-06,0.9999590516090393
9692,3,0,0,0.8262792825698853,0.05114906281232834,0.122571662068367,0.9999507069587708
9693,3,0,0,0.8965966105461121,0.05043165758252144,0.052971821278333664,0.9999722242355347
9694,0,0,0,0.9638996720314026,0.005728988442569971,0.030371304601430893,1.0
9695,1,0,0,0.9535350203514099,0.0288590956479311,0.017605962231755257,3.961923378050235e-39
9696,0,0,0,0.8199069499969482,0.005138132721185684,0.17495498061180115,1.0
9698,1,0,0,0.9699404835700989,0.0006574129220098257,0.029402071610093117,4.708302286101106e-35
9701,4,1,0,0.9915959239006042,0.004611208103597164,0.0037928647361695766,0.9999834299087524
9702,1,1,0,0.8911471962928772,0.0023822044022381306,0.10647065192461014,0.0
9703,1,1,0,0.951077401638031,0.03336828574538231,0.015554298646748066,1.651488586578949e-27
9704,3,0,0,0.9421041011810303,0.008963205851614475,0.04893273115158081,0.999969482421875
9705,0,0,0,0.9275475144386292,0.008520180359482765,0.06393232196569443,1.0
9706,1,0,1,0.4811253249645233,0.4876767694950104,0.03119787387549877,2.2047041660971733e-30
9707,0,1,1,0.21460777521133423,0.770596444606781,0.01479578111320734,1.0
9708,1,2,0,0.8576402068138123,0.04594549909234047,0.0964142307639122,5.7911044160313223e-36
9710,3,1,2,0.28263339400291443,0.28935354948043823,0.42801299691200256,0.9998805522918701
9711,1,0,0,0.7997864484786987,0.18109089136123657,0.01912262849509716,0.0
9712,3,0,0,0.7979512810707092,0.022110652178525925,0.17993809282779694,0.9999738931655884
9713,0,0,0,0.9018290042877197,0.04205537214875221,0.05611569061875343,1.0
9715,0,1,1,2.608495833555935e-06,0.9999973773956299,1.8462388950979403e-08,1.0
9716,0,1,1,2.993741145473905e-05,0.9999649524688721,5.158702606422594e-06,1.0
9717,3,2,0,0.6948824524879456,0.04538566991686821,0.25973185896873474,0.9999598860740662
9718,2,2,2,0.003601643955335021,4.310337681090459e-05,0.9963552951812744,1.0
9720,1,1,1,0.00013625052815768868,0.9997473359107971,0.00011644138430710882,2.2363287257162155e-30
9721,0,1,1,0.001707093440927565,0.9976493716239929,0.0006435784744098783,1.0
9722,4,1,1,0.024033984169363976,0.9753056764602661,0.0006604010122828186,0.999992311000824
9723,2,0,0,0.8482732176780701,0.08892391622066498,0.06280288100242615,1.0
9724,2,0,0,0.7982913851737976,0.031073879450559616,0.1706346869468689,1.0
9725,3,0,0,0.5976299047470093,0.007402102462947369,0.39496803283691406,0.999975323677063
9726,1,0,0,0.939460813999176,0.004129698500037193,0.05640945956110954,2.8449043937859187e-35
9727,3,0,0,0.9574961066246033,0.01902339980006218,0.023480422794818878,0.9999756217002869
9729,0,0,0,0.9889983534812927,0.0023507196456193924,0.00865086168050766,1.0
9730,3,0,0,0.8278063535690308,0.1469213366508484,0.025272311642766,0.9999718070030212
9731,4,0,0,0.6890758275985718,0.1006118655204773,0.21031226217746735,0.999787449836731
9732,4,1,1,3.401443245820701e-05,0.9999659061431885,8.396293793566656e-08,0.9999862909317017
9735,3,2,0,0.7683002352714539,0.007253656629472971,0.22444607317447662,0.9999826550483704
9736,0,1,1,0.39574599266052246,0.6015572547912598,0.0026967893354594707,1.0
9738,1,2,0,0.8238281011581421,0.055417198687791824,0.12075471878051758,0.0
9739,4,2,1,0.10533058643341064,0.8905487060546875,0.004120679572224617,0.9995723366737366
9742,0,1,0,0.9419401288032532,0.0080604562535882,0.04999937862157822,1.0
9743,2,0,0,0.5485384464263916,0.05975296348333359,0.391708642244339,1.0
9745,2,0,0,0.9387933611869812,0.018070941790938377,0.04313570633530617,1.0
9746,0,1,0,0.7394441366195679,0.03664342314004898,0.22391247749328613,1.0
9747,4,0,0,0.7740815281867981,0.18583214282989502,0.0400862842798233,0.9998592734336853
9748,3,0,0,0.8688161969184875,0.05220969021320343,0.07897409051656723,0.9999775886535645
9749,3,0,0,0.7013603448867798,0.003272786270827055,0.2953668236732483,0.9998401999473572
9750,2,0,0,0.9108573198318481,0.02002246119081974,0.06912022083997726,1.0
9751,0,0,0,0.6871401071548462,0.2772192656993866,0.03564060106873512,1.0
9752,1,1,1,0.008431969210505486,0.9874451160430908,0.004122881684452295,3.199646602002651e-28
9753,1,1,1,0.00018788680608849972,0.9998112320899963,9.605823834135663e-07,0.0
9754,4,0,0,0.9807432889938354,0.00026502905529923737,0.018991710618138313,0.9997677206993103
9755,3,1,0,0.9672306776046753,0.015164101496338844,0.01760522462427616,0.9999810457229614
9756,0,0,1,0.04637407511472702,0.9368218183517456,0.01680411584675312,1.0
9758,4,0,0,0.6324285268783569,0.020914781838655472,0.3466566503047943,0.9999533295631409
9759,1,2,2,0.009827392175793648,0.029288562014698982,0.9608840346336365,6.999128938528166e-26
9761,3,0,0,0.6996343731880188,0.07138635218143463,0.22897927463054657,0.9999858736991882
9762,1,2,2,0.07460545748472214,0.0912119448184967,0.8341825604438782,1.6704938558631568e-27
9765,3,2,2,0.2283351570367813,0.03542143478989601,0.7362434267997742,0.9999805092811584
9766,3,2,0,0.6473463773727417,0.0069640506990253925,0.3456896245479584,0.9999856948852539
9767,4,0,0,0.8777244091033936,0.03410979360342026,0.08816581964492798,0.9999895691871643
9768,2,1,1,0.0058852024376392365,0.9937870502471924,0.0003277819778304547,1.0
9770,1,0,0,0.9477213025093079,0.0028821812011301517,0.04939651861786842,0.0
9772,1,1,1,0.38214632868766785,0.5584629774093628,0.05939067155122757,1.0596370565032511e-35
9773,1,1,1,3.2927885058597894e-06,0.9999959468841553,7.217930146907747e-07,1.8901137565025087e-34
9774,2,0,0,0.8665329217910767,0.03787891939282417,0.09558814018964767,1.0
9775,4,0,0,0.7850828766822815,0.014632663689553738,0.20028449594974518,0.9999748468399048
9776,3,1,1,0.0004747707862406969,0.9994408488273621,8.433087350567803e-05,0.9998690485954285
9777,0,0,0,0.8609638214111328,0.030142707750201225,0.10889343172311783,1.0
9779,2,1,1,0.08554477989673615,0.911198079586029,0.0032571698538959026,1.0
9780,0,1,0,0.5076758861541748,0.3529488146305084,0.1393752247095108,1.0
9781,0,1,0,0.6931161284446716,0.2857322096824646,0.021151622757315636,1.0
9782,1,1,0,0.6132094860076904,0.2952432632446289,0.09154725074768066,9.634822837475278e-31
9785,1,1,1,0.4220516085624695,0.5549350380897522,0.023013373836874962,6.581775393302602e-36
9786,2,2,2,2.1630540913974983e-07,5.236463493929477e-06,0.9999945163726807,1.0
9787,4,2,0,0.9541064500808716,0.01132799219340086,0.03456549718976021,0.9998070597648621
9788,4,0,2,0.22999310493469238,0.002130187349393964,0.7678767442703247,0.9999696612358093
9789,4,2,2,0.02997743710875511,0.007368835154920816,0.9626537561416626,0.9999875426292419
9791,3,1,1,1.6379910903197015e-06,0.9999966621398926,1.7038488522302941e-06,0.9999019503593445
9792,1,1,1,1.0639283573254943e-05,0.9999874830245972,1.9141243683407083e-06,1.3631064077821594e-19
9793,1,1,1,5.473235069075599e-05,0.9999450445175171,2.7374747446629044e-07,0.0
9794,3,1,1,0.15956158936023712,0.837158203125,0.003280211240053177,0.9999861121177673
9795,4,0,0,0.7217901945114136,0.12395758926868439,0.15425223112106323,0.9999055862426758
9796,1,0,0,0.7198441028594971,0.001928818877786398,0.2782271206378937,1.5969253351384188e-38
9797,1,1,1,0.0008060983382165432,0.9991558790206909,3.8059253711253405e-05,0.0
9798,4,1,0,0.5269734859466553,0.39422714710235596,0.07879947125911713,0.9999901652336121
9799,4,0,0,0.9817823767662048,0.006132922600954771,0.012084701098501682,0.9999852180480957
9802,0,1,1,1.1025628765537476e-07,0.9999998807907104,5.75406833291936e-10,1.0
9803,1,1,0,0.7845880389213562,0.20175659656524658,0.01365540362894535,0.0
9804,4,1,1,1.274672285944689e-05,0.9999872446060181,3.3975506852357285e-09,0.9999833703041077
9805,4,1,1,6.164666501717875e-07,0.9999994039535522,7.936941770481099e-09,0.9997974634170532
9808,3,1,1,2.445078280288726e-06,0.9999971389770508,3.715171885687596e-07,0.9999545216560364
9809,2,0,0,0.888728141784668,0.08364760130643845,0.027624208480119705,1.0
9810,2,0,0,0.9286416172981262,0.01619924046099186,0.05515920743346214,1.0
9811,0,1,1,8.923911082092673e-06,0.9999909400939941,1.9206872536869923e-07,1.0
9812,0,1,1,3.502225709439699e-08,1.0,7.957971170924338e-09,1.0
9813,4,0,0,0.9906186461448669,0.0024849947076290846,0.0068963877856731415,0.9999492168426514
9814,4,1,0,0.5229882597923279,0.46381497383117676,0.013196776621043682,0.9999555945396423
9816,2,1,1,2.007852117458242e-06,0.9999974966049194,4.493242613534676e-07,1.0
9817,3,1,1,0.0785040333867073,0.9178885221481323,0.0036074414383620024,0.9999690055847168
9818,2,0,0,0.9435350894927979,0.004332099575549364,0.05213281139731407,1.0
9819,3,0,0,0.6626845598220825,0.014453979209065437,0.3228614628314972,0.9999820590019226
9820,4,0,1,0.00518256239593029,0.9948010444641113,1.641390917939134e-05,0.9997177124023438
9821,0,1,1,3.92855545214843e-05,0.9999576807022095,3.058131142097409e-06,1.0
9823,4,0,0,0.8895752429962158,0.08875109255313873,0.02167375385761261,0.9999917149543762
9824,4,1,1,2.1410183762782253e-05,0.9999717473983765,6.875736289657652e-06,0.9999759197235107
9826,3,0,2,0.08168387413024902,0.001301174401305616,0.9170149564743042,0.9999629259109497
9827,4,1,1,0.02010173909366131,0.9790468811988831,0.000851309800054878,0.999972939491272
9828,3,2,0,0.7639561295509338,0.10056597739458084,0.13547790050506592,0.9999688267707825
9829,0,0,0,0.9091951251029968,0.028212206438183784,0.06259268522262573,1.0
9830,2,1,1,0.22631900012493134,0.7338148355484009,0.03986618295311928,1.0
9831,0,1,1,7.757122375551262e-07,0.999997615814209,1.6000087725842604e-06,1.0
9833,2,2,2,0.016350796446204185,0.0033561030868440866,0.9802930951118469,1.0
9835,4,0,0,0.9812020063400269,0.007630171719938517,0.011167800985276699,0.9997910261154175
9836,2,2,0,0.9411532282829285,0.0075237988494336605,0.051322974264621735,1.0
9837,2,0,1,0.17512735724449158,0.8075425028800964,0.01733013615012169,1.0
9838,3,0,0,0.9505327939987183,0.008254419080913067,0.041212666779756546,0.9999850392341614
9839,0,2,2,0.00435186130926013,0.047000154852867126,0.9486480355262756,1.0
9840,1,2,0,0.8990036249160767,0.0030619860626757145,0.09793448448181152,0.0
9841,1,2,2,0.051656849682331085,0.052404362708330154,0.8959388136863708,1.080953227589378e-39
9843,2,0,0,0.8960765600204468,0.008290371857583523,0.09563309699296951,1.0
9844,3,0,0,0.867808997631073,0.12765683233737946,0.004534098319709301,0.9999406933784485
9845,2,0,0,0.963449239730835,0.013934492133557796,0.022616252303123474,1.0
9846,2,0,0,0.6955750584602356,0.2673628330230713,0.037062183022499084,1.0
9847,1,1,1,8.37609786685789e-06,0.9999914169311523,1.512292868710574e-07,2.111304553394396e-26
9848,1,1,1,0.07673441618680954,0.9217865467071533,0.0014789981069043279,2.821706155547939e-37
9850,3,1,1,0.00025604842812754214,0.9996992349624634,4.468654515221715e-05,0.9999146461486816
9851,0,0,0,0.9076865911483765,0.014675228856503963,0.077638179063797,1.0
9852,1,1,1,0.019731322303414345,0.9403597712516785,0.03990893438458443,4.6088864791644806e-32
9853,4,0,0,0.9471376538276672,0.012330258265137672,0.04053203761577606,0.9999580383300781
9854,3,0,0,0.739302933216095,0.03361855819821358,0.22707846760749817,0.9999879598617554
9855,4,0,0,0.8919492363929749,0.005122306756675243,0.10292843729257584,0.9999649524688721
9856,4,2,0,0.5492607951164246,0.057061560451984406,0.39367762207984924,0.9998652935028076
9857,3,0,0,0.8986783623695374,0.007920687086880207,0.09340096265077591,0.9999456405639648
9859,0,1,1,4.1914672692655586e-06,0.9968216419219971,0.0031741599086672068,1.0
9860,4,1,1,0.32631683349609375,0.6067260503768921,0.06695713102817535,0.9999521374702454
9861,1,1,0,0.8261304497718811,0.06513016670942307,0.10873936116695404,0.0
9862,0,0,0,0.7789289355278015,0.18335406482219696,0.03771704435348511,1.0
9863,0,1,1,0.11828311532735825,0.8791253566741943,0.002591547090560198,1.0
9864,4,1,1,0.02789156511425972,0.9677537083625793,0.004354691598564386,0.9999644756317139
9865,1,0,1,0.14638499915599823,0.8491800427436829,0.004434927832335234,2.2165178589304227e-40
9866,4,0,0,0.8846046924591064,0.03542352095246315,0.07997186481952667,0.9999824166297913
9867,2,1,1,0.3590363562107086,0.6318063139915466,0.009157342836260796,1.0
9869,2,0,2,0.4215443730354309,0.05909033119678497,0.5193652510643005,1.0
9870,0,0,0,0.8155338168144226,0.10581612586975098,0.07865002006292343,1.0
9871,0,2,0,0.8404356241226196,0.08315981179475784,0.07640454173088074,1.0
9872,2,0,0,0.552384078502655,0.15350213646888733,0.29411378502845764,1.0
9873,4,1,0,0.820709764957428,0.15932881832122803,0.019961418583989143,0.999588131904602
9874,0,0,0,0.8918590545654297,0.002944718347862363,0.10519617795944214,1.0
9875,3,0,0,0.9680567979812622,0.004949761554598808,0.026993459090590477,0.9999728798866272
9876,0,1,1,0.016569074243307114,0.9816655516624451,0.001765373395755887,1.0
9879,2,0,0,0.9524351954460144,0.03476347401738167,0.01280129887163639,1.0
9880,0,1,1,0.031519096344709396,0.958021879196167,0.010459083132445812,1.0
9881,1,1,0,0.9447768926620483,0.024675246328115463,0.030547866597771645,0.0
9882,1,1,1,0.015236927196383476,0.9834529757499695,0.0013101092772558331,0.0
9884,4,2,0,0.5978411436080933,0.143428236246109,0.25873062014579773,0.9996446967124939
9885,4,1,1,0.004776194225996733,0.9898006319999695,0.005423131864517927,0.9998623132705688
9886,0,0,0,0.8518922924995422,0.09545306861400604,0.052654653787612915,1.0
9887,1,0,0,0.8928924798965454,0.013361161574721336,0.09374633431434631,0.0
9888,3,1,1,0.1761123687028885,0.8163982629776001,0.007489415816962719,0.9999606013298035
9889,0,2,2,1.5783423350512749e-06,2.9734819690929726e-05,0.9999687671661377,1.0
9890,4,0,0,0.8481709957122803,0.005987463518977165,0.1458415687084198,0.9999890327453613
9893,4,0,0,0.7640770673751831,0.03098711371421814,0.20493583381175995,0.9999602437019348
9894,0,0,0,0.7978492975234985,0.13829630613327026,0.0638543963432312,1.0
9897,1,1,0,0.8445141315460205,0.1307247281074524,0.02476116083562374,0.0
9898,1,1,0,0.709044873714447,0.18130932748317719,0.10964575409889221,1.1833151764694722e-34
9900,1,0,0,0.9553203582763672,0.0006007587071508169,0.04407886043190956,8.16261899678554e-34
9902,2,0,0,0.602394163608551,0.03178856521844864,0.36581727862358093,1.0
9903,4,0,1,0.134103462100029,0.8501988649368286,0.015697604045271873,0.9999836087226868
9904,0,0,0,0.6817722320556641,0.006024930160492659,0.3122028708457947,1.0
9905,1,1,1,0.02357868291437626,0.9755472540855408,0.0008740479242987931,1.068477621975856e-27
9906,3,0,0,0.8882855176925659,0.013443292118608952,0.09827117621898651,0.9999914765357971
9907,1,1,1,1.2756134310620837e-05,0.9999862909317017,1.011610606838076e-06,1.932178033352854e-37
9908,1,1,0,0.7612687945365906,0.2056746631860733,0.03305651247501373,1.1116741740824638e-38
9909,1,1,1,0.00012135430733906105,0.9998769760131836,1.7125161093645147e-06,2.079498895088742e-40
9910,1,0,0,0.6779938340187073,0.06704461574554443,0.25496160984039307,1.531445136917948e-30
9911,4,1,1,0.3936055898666382,0.5636221766471863,0.04277225211262703,0.9999901652336121
9912,1,0,0,0.8523974418640137,0.039583250880241394,0.10801932215690613,8.50763534182261e-36
9913,4,0,0,0.9293949007987976,0.02927088923752308,0.041334085166454315,0.9998406171798706
9914,3,1,0,0.9225350022315979,0.016732269898056984,0.06073275953531265,0.9999709725379944
9915,3,0,0,0.9815281629562378,0.0001247806940227747,0.018347080796957016,0.9999922513961792
9916,4,0,0,0.9577153921127319,0.007321666926145554,0.034962933510541916,0.9999454617500305
9919,0,0,0,0.9889503121376038,0.00022625316341873258,0.01082349382340908,1.0
9920,2,1,1,4.418262051331112e-06,0.9999954700469971,1.4773905832043965e-07,1.0
9921,1,2,2,0.4540623724460602,0.002519747009500861,0.5434179306030273,2.484449040512359e-32
9922,4,2,0,0.9384896159172058,0.001173677621409297,0.06033666804432869,0.9999590516090393
9924,3,0,0,0.9504919052124023,0.0005646112258546054,0.04894348606467247,0.9999452233314514
9925,2,0,1,0.03552578017115593,0.9619828462600708,0.00249130604788661,1.0
9926,3,0,0,0.8522412180900574,0.04996800050139427,0.09779071062803268,0.9999683499336243
9928,1,0,0,0.9015021324157715,0.0075773983262479305,0.09092050045728683,0.0
9929,2,0,0,0.9469637274742126,0.021082893013954163,0.03195345774292946,1.0
9930,4,0,0,0.9383482336997986,0.03008752502501011,0.03156426176428795,0.9999337792396545
9932,0,1,1,8.680098062541219e-07,0.9999990463256836,5.498986865859479e-08,1.0
9933,3,0,0,0.9141179323196411,0.003711943980306387,0.08217021077871323,0.9999647736549377
9935,4,1,1,4.4478642848844174e-06,0.9999954700469971,8.200128576163479e-08,0.9999759197235107
9936,4,0,0,0.9451631903648376,0.006956891156733036,0.04787987098097801,0.9999772310256958
9937,0,0,1,0.1993192434310913,0.7817348837852478,0.018945811316370964,1.0
9938,1,0,0,0.9211907386779785,0.017280152067542076,0.061529047787189484,5.0461986889157857e-26
9940,4,0,0,0.8962007761001587,0.07730476558208466,0.026494435966014862,0.9985750913619995
9941,4,1,1,0.011007584631443024,0.9889022707939148,9.007767221191898e-05,0.999941885471344
9942,3,1,0,0.7416311502456665,0.004107728134840727,0.2542610764503479,0.9999279379844666
9943,4,1,1,2.789012432913296e-05,0.999964714050293,7.387913228740217e-06,0.9997149109840393
9944,4,2,2,0.23193873465061188,0.007101214490830898,0.760960042476654,0.9997706413269043
9946,0,0,2,0.39942726492881775,0.008663153275847435,0.5919095873832703,1.0
9947,2,1,0,0.8488368391990662,0.0513751320540905,0.09978804737329483,1.0
9948,3,0,2,0.4773479998111725,0.018164385110139847,0.5044876337051392,0.9999643564224243
9949,2,1,1,0.41677746176719666,0.575846254825592,0.007376270834356546,1.0
9950,3,1,1,1.241790300809953e-06,0.9999986886978149,3.6984900475545146e-08,0.9999229907989502
9951,2,2,2,0.4228273630142212,0.049591802060604095,0.5275807976722717,1.0
9952,4,2,0,0.6509513258934021,0.1629389524459839,0.18610966205596924,0.9999278783798218
9953,2,2,0,0.6532461643218994,0.01174306683242321,0.33501070737838745,1.0
9956,2,0,0,0.9854015111923218,0.00037953327409923077,0.014218966476619244,1.0
9957,0,0,0,0.9346362352371216,0.007740658242255449,0.05762314051389694,1.0
9958,4,0,0,0.9827232360839844,0.009168010205030441,0.008108749985694885,0.9999415278434753
9960,0,0,1,0.23020042479038239,0.7678558826446533,0.0019436916336417198,1.0
9961,1,1,1,0.14486360549926758,0.8407971262931824,0.01433928869664669,5.218285746238992e-35
9962,1,1,0,0.6232271790504456,0.35092997550964355,0.025842789560556412,1.2692866689162056e-30
9963,1,2,0,0.9180997610092163,0.07328332960605621,0.008616937324404716,8.645994168377128e-31
9964,3,0,0,0.8568493127822876,0.02206701785326004,0.12108372896909714,0.9999712109565735
9965,1,2,1,0.27790772914886475,0.6927689909934998,0.029323264956474304,8.14894333478655e-17
9966,0,0,0,0.8585785031318665,0.0701330378651619,0.07128845900297165,1.0
9967,0,1,0,0.8264632821083069,0.040082477033138275,0.1334543377161026,1.0
9968,3,0,0,0.8154743313789368,0.03575707599520683,0.14876863360404968,0.9999762177467346
9969,0,0,0,0.8137816786766052,0.013959641568362713,0.1722586452960968,1.0
9970,3,1,1,0.00020625947217922658,0.9997922778129578,1.4892696071910905e-06,0.9998828768730164
9972,3,0,0,0.6601418256759644,0.022970544174313545,0.31688764691352844,0.9999865293502808
9973,3,1,1,7.327549269575684e-07,0.9999988079071045,5.080051437289512e-07,0.999629557132721
9974,0,2,2,0.009410661645233631,0.09098144620656967,0.8996078968048096,1.0
9975,4,0,0,0.9727374911308289,0.0018866072641685605,0.0253758504986763,0.9999400973320007
9976,4,0,0,0.8880518674850464,0.015034882351756096,0.09691326320171356,0.999950110912323
9977,0,1,1,0.002055344870314002,0.997878909111023,6.57544078421779e-05,1.0
9979,2,0,0,0.9431699514389038,0.009639116935431957,0.04719095677137375,1.0
9981,1,1,1,0.01189440954476595,0.9874787330627441,0.000626893772277981,7.370120304806204e-38
9982,3,2,0,0.9371165037155151,0.006852671504020691,0.05603072792291641,0.9999860525131226
9983,1,0,0,0.8748379945755005,0.007176725193858147,0.11798523366451263,1.6509530396281947e-30
9984,3,1,1,3.077825385844335e-05,0.9999676942825317,1.4835214869890478e-06,0.9998055100440979
9985,0,0,0,0.9286482930183411,0.0096143102273345,0.06173744052648544,1.0
9987,1,0,0,0.8702316880226135,0.0873296782374382,0.04243861883878708,2.7919213346154183e-32
9989,4,0,0,0.8782601952552795,0.0813058540225029,0.04043402150273323,0.9999712109565735
9990,2,0,0,0.9808797240257263,0.0024120411835610867,0.016708269715309143,1.0
9991,0,1,1,2.764094801932515e-07,0.9999997615814209,1.7072419922214976e-08,1.0
9992,2,2,2,0.10380454361438751,0.0030392948538064957,0.8931562304496765,1.0
9994,1,1,1,0.0006498871371150017,0.9992152452468872,0.00013483056682161987,7.447616772555651e-21
9995,3,1,0,0.9886378645896912,0.005898704286664724,0.005463409703224897,0.9999765157699585
9996,0,0,0,0.9340779781341553,0.00766406673938036,0.058257974684238434,1.0
9998,4,0,0,0.8175127506256104,0.06554350256919861,0.11694371700286865,0.9999893307685852
9999,2,1,1,5.976338570690132e-07,0.9999994039535522,2.773622043150681e-08,1.0
10000,3,1,1,2.445078280288726e-06,0.9999971389770508,3.715171885687596e-07,0.9999545216560364
10001,3,0,0,0.9797844886779785,0.006381445564329624,0.013834111392498016,0.9999552369117737
10003,1,0,0,0.9622765183448792,0.006966121960431337,0.030757347121834755,1.9331612964593014e-40
10004,4,1,1,0.16954778134822845,0.8272679448127747,0.003184226108714938,0.9999399185180664
10005,3,1,1,0.004162590019404888,0.9957748055458069,6.267109711188823e-05,0.9999739527702332
10006,3,1,1,0.00020625947217922658,0.9997922778129578,1.4892696071910905e-06,0.9998828768730164
10008,2,0,0,0.9391508102416992,0.03178717568516731,0.02906196191906929,1.0
10009,4,1,1,0.0007689626072533429,0.9992235898971558,7.480166914319852e-06,0.9999747276306152
10010,4,0,0,0.6286049485206604,0.00228237546980381,0.36911267042160034,0.9998844265937805
10011,2,0,0,0.9159131050109863,0.011061493307352066,0.07302549481391907,1.0
10012,4,1,1,0.10684411227703094,0.8816071152687073,0.011548755690455437,0.9999907612800598
10013,0,0,0,0.6760215759277344,0.04189588874578476,0.28208255767822266,1.0
10014,0,1,1,2.9124996103746525e-07,0.9999986886978149,9.606835646991385e-07,1.0
10016,0,2,0,0.8247253894805908,0.009585941210389137,0.16568869352340698,1.0
10017,1,1,2,0.00011156938853673637,0.09655964374542236,0.9033287763595581,9.412327688085309e-14
10018,3,0,1,0.31064704060554504,0.6242697834968567,0.06508319079875946,0.9998933672904968
10019,0,1,1,0.0004787714860867709,0.9993859529495239,0.00013531092554330826,1.0
10020,0,0,0,0.9747285842895508,0.003663546871393919,0.021607769653201103,1.0
10022,3,0,0,0.7883852124214172,0.16003133356571198,0.05158346891403198,0.999947190284729
10023,2,0,0,0.8866289258003235,0.035513926297426224,0.07785718142986298,1.0
10025,3,0,0,0.7817089557647705,0.05058268457651138,0.16770830750465393,0.9999875426292419
10027,3,0,0,0.8101291656494141,0.004756743088364601,0.18511416018009186,0.9999691843986511
10028,3,0,2,0.01431534718722105,2.4069702703855e-05,0.9856605529785156,0.9997791647911072
10029,2,0,0,0.7852964401245117,0.028810318559408188,0.18589326739311218,1.0
10030,2,0,0,0.8480833768844604,0.04989508539438248,0.10202158987522125,1.0
10031,3,1,1,0.04151438549160957,0.9578670859336853,0.000618541263975203,0.9999517202377319
10032,1,0,0,0.8180533647537231,0.04106028005480766,0.1408863067626953,1.868189947425841e-36
10034,4,0,0,0.9422478079795837,0.018522869795560837,0.03922933712601662,0.9999917149543762
10035,0,2,0,0.6928911209106445,0.10379526019096375,0.2033136487007141,1.0
10037,4,0,1,0.30062273144721985,0.6796491146087646,0.0197281613945961,0.999966561794281
10039,3,1,1,5.1354327297303826e-06,0.9999947547912598,1.1131584187751287e-07,0.9999762177467346
10040,4,1,1,0.0023324352223426104,0.9974722266197205,0.0001952972379513085,0.9992502331733704
10041,0,0,0,0.7531377673149109,0.04248951002955437,0.20437271893024445,1.0
10042,0,0,0,0.6740432977676392,0.29674631357192993,0.029210437089204788,1.0
10043,0,2,0,0.6427286863327026,0.14879350364208221,0.2084778994321823,1.0
10044,4,1,2,0.16491806507110596,0.11639023572206497,0.7186916470527649,0.9999736547470093
10045,0,1,1,0.27766475081443787,0.6400527358055115,0.08228250592947006,1.0
10047,1,0,0,0.8730027079582214,0.02528357319533825,0.10171371698379517,5.573952059763018e-32
10048,0,0,0,0.9177216291427612,0.017572060227394104,0.0647062286734581,1.0
10049,3,2,0,0.7478702068328857,0.02325519174337387,0.2288745492696762,0.99995356798172
10052,1,0,0,0.8290894627571106,0.098735012114048,0.07217548042535782,2.5566912447283037e-36
10053,0,2,0,0.677262008190155,0.008365354500710964,0.31437262892723083,1.0
10054,4,0,0,0.7719308733940125,0.10425266623497009,0.12381640821695328,0.9999276995658875
10055,0,0,0,0.6806299090385437,0.1494859755039215,0.16988416016101837,0.9999998807907104
10056,1,0,0,0.947706937789917,0.03747236356139183,0.014820664189755917,5.842138764429464e-36
10057,2,0,0,0.5538120865821838,0.41949519515037537,0.02669273503124714,1.0
10058,4,0,0,0.7569953203201294,0.08982741087675095,0.15317729115486145,0.9999669194221497
10059,1,0,0,0.9863495230674744,0.005106352269649506,0.00854407250881195,0.0
10060,1,0,0,0.8902423977851868,0.10374630987644196,0.006011365447193384,0.0
10063,3,0,0,0.9188084602355957,0.010571981780230999,0.07061951607465744,0.9999821186065674
10065,3,1,1,0.0008373753516934812,0.9991527795791626,9.849524758465122e-06,0.9999650716781616
10066,0,1,1,0.0026101437397301197,0.996061384677887,0.0013284492306411266,1.0
10067,2,1,1,0.0002381406957283616,0.9995934367179871,0.00016845384379848838,1.0
10068,2,0,0,0.6261211037635803,0.23037412762641907,0.14350473880767822,1.0
10069,3,2,2,0.00033018016256392,0.002259574132040143,0.997410237789154,0.9997610449790955
10070,1,2,0,0.9334841966629028,0.021289251744747162,0.04522661119699478,6.877740600154567e-24
10071,1,0,0,0.8935376405715942,0.0030511501245200634,0.10341126471757889,2.208974669296962e-39
10072,0,0,0,0.7768284678459167,0.025626331567764282,0.19754521548748016,1.0
10073,1,1,0,0.4942135512828827,0.47265008091926575,0.033136334270238876,0.0
10074,4,1,1,0.011223861947655678,0.9886946082115173,8.152394002536312e-05,0.9994091391563416
10075,2,0,1,0.21535396575927734,0.638189435005188,0.14645664393901825,1.0
10076,2,0,0,0.8179259300231934,0.08510921150445938,0.09696489572525024,1.0
10077,2,1,1,4.3325218257450615e-07,0.9999992847442627,3.0149948315738584e-07,1.0
10078,3,1,1,0.005724843125790358,0.9940424561500549,0.0002327510592294857,0.9999645948410034
10079,4,0,0,0.9677090048789978,0.013021686114370823,0.01926928572356701,0.9999700784683228
10080,4,1,1,0.028096336871385574,0.8510879278182983,0.12081574648618698,0.9998148083686829
10082,0,0,0,0.9856579899787903,0.00203720573335886,0.012304767034947872,1.0
10084,1,1,1,0.25632384419441223,0.7416855096817017,0.0019906226079910994,4.316100005561668e-28
10085,3,1,0,0.49236854910850525,0.462883323431015,0.04474814981222153,0.9999781250953674
10088,0,0,0,0.6793378591537476,0.1683320254087448,0.15233010053634644,1.0
10089,3,0,0,0.8356547355651855,0.15207146108150482,0.012273814529180527,0.9999464154243469
10090,0,0,2,0.4465670883655548,0.005937326233834028,0.5474956631660461,1.0
10091,2,0,0,0.9223555326461792,0.035988081246614456,0.04165634885430336,1.0
10092,0,0,2,0.019274378195405006,0.3598111569881439,0.6209144592285156,1.0
10094,4,1,1,0.07831238210201263,0.9170902371406555,0.004597336985170841,0.9999780058860779
10095,4,0,0,0.9261672496795654,0.00848148949444294,0.06535118818283081,0.9999808669090271
10096,4,0,0,0.8508851528167725,0.03165171667933464,0.11746310442686081,0.9999191164970398
10098,2,0,0,0.6002693176269531,0.040475666522979736,0.35925498604774475,1.0
10100,4,0,0,0.9514777064323425,0.022952839732170105,0.025569532066583633,0.9998582005500793
10101,0,0,0,0.477825403213501,0.1650814712047577,0.3570931553840637,1.0
10102,1,0,1,0.3819344937801361,0.6113990545272827,0.006666478235274553,0.0
10103,1,0,0,0.930550754070282,0.004440528806298971,0.06500870734453201,0.0
10104,4,1,1,0.08460691571235657,0.9111810326576233,0.00421199481934309,0.9991710782051086
10105,3,2,0,0.8613162636756897,0.1341107189655304,0.0045730373822152615,0.999973714351654
10106,1,1,1,0.0003129255783278495,0.9995467066764832,0.00014030323654878885,4.654269580499887e-36
10107,0,1,1,1.2157528317402466e-06,0.9999988079071045,5.554514626027185e-09,1.0
10108,0,0,0,0.6204406023025513,0.06230568140745163,0.3172536790370941,1.0
10109,1,2,0,0.6658505797386169,0.005427076481282711,0.32872235774993896,3.632501931161364e-40
10110,0,1,2,0.008796900510787964,0.015909483656287193,0.9752936363220215,1.0
10111,4,0,0,0.9475294351577759,0.026516765356063843,0.02595372684299946,0.9998127222061157
10113,0,0,0,0.8675282597541809,0.031279854476451874,0.10119187086820602,1.0
10114,4,1,1,5.651314722854295e-07,0.9999991655349731,2.9148264957257197e-07,0.9999499320983887
10115,2,1,1,2.3051557946018875e-05,0.9999762773513794,6.26459950581193e-07,1.0
10116,1,1,1,4.288199488655664e-05,0.9998795986175537,7.746234769001603e-05,1.621158542921846e-23
10117,2,0,0,0.7212738394737244,0.17935532331466675,0.09937090426683426,1.0
10118,3,0,0,0.9230133891105652,0.01971322111785412,0.05727338045835495,0.9999811053276062
10119,1,1,1,0.0017922294791787863,0.9981945157051086,1.3249091352918185e-05,0.0
10120,1,1,1,0.024043923243880272,0.9748466610908508,0.0011094395304098725,4.861584737856361e-38
10121,2,0,0,0.959977924823761,0.03236756846308708,0.0076544214971363544,1.0
10122,4,0,0,0.955471932888031,0.0003369195037521422,0.04419117048382759,0.9999529123306274
10124,2,1,1,0.00022377181448973715,0.9997612833976746,1.4937331798137166e-05,1.0
10125,0,1,1,0.1264834702014923,0.865932822227478,0.0075837308540940285,1.0
10126,4,0,0,0.9654064774513245,0.02021355740725994,0.014379870146512985,0.9999760985374451
10127,3,0,0,0.8441973924636841,0.11809170246124268,0.03771090507507324,0.9999733567237854
10128,2,0,0,0.7023921012878418,0.009329432621598244,0.28827840089797974,1.0
10129,0,0,0,0.7989894151687622,0.003727600909769535,0.1972830593585968,1.0
10130,0,0,0,0.9170449376106262,0.0007031840505078435,0.08225193619728088,1.0
10131,0,1,1,0.0004135760827921331,0.9995631575584412,2.3245223928825e-05,1.0
10132,2,2,1,0.4624406397342682,0.49628910422325134,0.04127032309770584,1.0
10133,1,0,0,0.9067480564117432,0.004698734264820814,0.08855324983596802,4.9573192772989216e-14
10134,0,0,0,0.7224833965301514,0.15114058554172516,0.12637600302696228,1.0
10135,1,0,0,0.8720766305923462,0.013877217657864094,0.11404614895582199,0.0
10139,4,0,0,0.9609861969947815,0.0015398617833852768,0.037473950535058975,0.9999313354492188
10140,3,0,0,0.7916874885559082,0.04002339765429497,0.1682891845703125,0.9999321699142456
10141,4,0,0,0.9856446981430054,0.003739092731848359,0.010616164654493332,0.9999646544456482
10143,2,1,1,6.515602308354573e-06,0.9999933242797852,1.9779811566422723e-07,1.0
10145,1,1,1,0.00046725518768653274,0.999518871307373,1.3869235772290267e-05,2.428422957075366e-35
10146,4,0,0,0.8015296459197998,0.03870910778641701,0.1597612351179123,0.9997807145118713
10148,1,0,0,0.7167432904243469,0.10055091977119446,0.18270578980445862,0.0
10149,0,0,0,0.9036459922790527,0.010693608783185482,0.08566030859947205,1.0
10150,2,0,0,0.8735020756721497,0.023011451587080956,0.10348645597696304,1.0
10152,4,2,2,0.050780490040779114,0.007411900442093611,0.9418076276779175,0.9998260736465454
10154,0,1,1,0.08222704380750656,0.9144150614738464,0.0033579031005501747,1.0
10155,0,1,1,0.18952694535255432,0.5589179396629333,0.2515551447868347,1.0
10156,0,0,0,0.5876017808914185,0.016466636210680008,0.395931601524353,1.0
10157,2,0,0,0.8953906893730164,0.046965718269348145,0.057643622159957886,1.0
10159,4,0,0,0.987122118473053,0.006077661644667387,0.0068002669140696526,0.9999721050262451
10160,4,0,0,0.5163486003875732,0.08493467420339584,0.3987167477607727,0.9996589422225952
10161,2,0,0,0.9247483611106873,0.01848810352385044,0.05676353722810745,1.0
10162,4,1,1,1.158770373876905e-06,0.9999988079071045,1.2478269972859835e-08,0.9998232126235962
10163,3,0,0,0.9910402894020081,0.0041718920692801476,0.00478778500109911,0.9999671578407288
10165,1,1,0,0.5546762347221375,0.4372473359107971,0.008076423779129982,1.0257570227521914e-36
10166,3,0,2,0.3222780227661133,0.0005801485967822373,0.6771417856216431,0.9999585747718811
10167,4,0,0,0.9023230075836182,0.014384042471647263,0.08329290896654129,0.9999756813049316
10168,2,1,0,0.7864133715629578,0.1482044905424118,0.06538210064172745,1.0
10170,1,0,0,0.823277473449707,0.03409494087100029,0.14262762665748596,2.925199898893882e-35
10171,0,1,1,0.02667795494198799,0.9721031785011292,0.001218857942149043,1.0
10172,4,0,0,0.9777811169624329,0.01273895800113678,0.009479962289333344,0.9999548196792603
10173,3,0,0,0.9170227646827698,0.012615378014743328,0.07036180049180984,0.9999449253082275
10174,3,2,0,0.8576550483703613,0.05135085806250572,0.09099408239126205,0.9999610185623169
10176,0,0,1,0.31924954056739807,0.6376774311065674,0.04307301715016365,1.0
10178,4,0,0,0.742419958114624,0.021500002592802048,0.23608003556728363,0.9998173713684082
10179,2,2,0,0.5880706310272217,0.3143027126789093,0.09762664139270782,1.0
10180,3,0,0,0.9515332579612732,0.001468927483074367,0.04699777811765671,0.999889612197876
10181,1,1,1,4.0925794309032426e-08,0.9999998807907104,2.2707105529207183e-08,3.4127419647189154e-23
10183,4,1,1,0.020963340997695923,0.9788356423377991,0.00020095992658752948,0.9994764924049377
10185,3,0,0,0.7512269616127014,0.000609929149504751,0.2481631487607956,0.9999454617500305
10186,0,0,0,0.6356257200241089,0.02554243430495262,0.3388318717479706,1.0
10187,2,0,1,0.21950946748256683,0.7530874013900757,0.027403123676776886,1.0
10188,4,0,0,0.7258135080337524,0.22309510409832,0.05109136179089546,0.999973714351654
10189,2,1,1,0.14935347437858582,0.8450796008110046,0.00556700024753809,1.0
10190,0,0,0,0.8662282228469849,0.0032414302695542574,0.13053035736083984,1.0
10191,2,2,2,8.774019022439461e-08,2.4295883122249506e-05,0.9999755620956421,1.0
10192,4,0,1,0.3775242269039154,0.591565728187561,0.03091004490852356,0.9999845623970032
10193,3,0,0,0.9870213866233826,0.004084484186023474,0.008894071914255619,0.9999783039093018
10194,2,0,0,0.9707536101341248,0.0014628299977630377,0.027783580124378204,1.0
10196,0,1,1,0.00015428237384185195,0.999835729598999,9.96981452772161e-06,1.0
10197,0,0,0,0.9642377495765686,0.0027863318100571632,0.03297591209411621,1.0
10198,4,0,0,0.971484899520874,0.013961206190288067,0.014553871005773544,0.9999715089797974
10199,3,0,0,0.9452506303787231,0.0185565035790205,0.0361928716301918,0.9999448657035828
10201,4,1,1,0.005478368606418371,0.9942615032196045,0.0002601353917270899,0.997012734413147
10202,1,0,0,0.8630990982055664,0.06552369892597198,0.07137718051671982,0.0
10204,4,0,0,0.846750795841217,0.02486460842192173,0.12838460505008698,0.9999141693115234
10205,0,0,1,0.19675014913082123,0.6972188353538513,0.10603102296590805,0.9999979734420776
10206,4,0,0,0.8951990008354187,0.009719637222588062,0.0950813964009285,0.9998208284378052
10207,2,0,0,0.8638252019882202,0.08619764447212219,0.04997727647423744,1.0
10208,3,0,1,0.1785643994808197,0.7572195529937744,0.06421605497598648,0.9999761581420898
10212,2,1,1,0.22731006145477295,0.7609143853187561,0.011775576509535313,1.0
10213,4,0,0,0.8987530469894409,0.07549993693828583,0.02574695460498333,0.9999715685844421
10214,1,1,1,0.0018790169851854444,0.9980973601341248,2.3573151338496245e-05,7.129892682262317e-35
10215,2,0,0,0.7299646139144897,0.011707836762070656,0.2583276033401489,1.0
10218,4,0,0,0.9009937644004822,0.0036051487550139427,0.0954010933637619,0.9998688101768494
10220,3,2,0,0.8073903918266296,0.05984840542078018,0.1327611654996872,0.9999828338623047
10221,2,1,1,5.491256729328597e-07,0.9999994039535522,3.37824630491923e-08,1.0
10222,3,0,0,0.8287498950958252,0.034214284271001816,0.13703584671020508,0.9999728798866272
10223,1,0,0,0.9692659378051758,0.013071120716631413,0.017663035541772842,2.792605670598998e-40
10225,2,0,0,0.6418125629425049,0.021799003705382347,0.3363884687423706,1.0
10226,1,0,0,0.5305801033973694,0.10905738919973373,0.3603624701499939,5.065605413519692e-32
10227,3,0,0,0.8493894338607788,0.00664703082293272,0.14396363496780396,0.9999845623970032
10228,2,1,0,0.5061606764793396,0.475605309009552,0.018234023824334145,1.0
10229,0,0,0,0.9700201153755188,0.014273133128881454,0.015706704929471016,1.0
10230,0,0,2,0.3527703583240509,0.018473278731107712,0.6287564039230347,1.0
10231,2,0,0,0.9486029744148254,0.0034703994169831276,0.047926612198352814,1.0
10232,1,1,1,0.15137608349323273,0.8318998217582703,0.016724122688174248,9.102306534732961e-39
10233,4,0,0,0.774782657623291,0.04298713803291321,0.18223021924495697,0.9999828934669495
10234,2,2,0,0.8662079572677612,0.0010746554471552372,0.13271741569042206,1.0
10236,1,0,0,0.8419840335845947,0.06060438230633736,0.09741155058145523,5.631963293723273e-32
10237,1,1,1,0.07502710819244385,0.9149259924888611,0.010046904906630516,1.619072278664402e-29
10238,3,0,0,0.8739876747131348,0.10421613603830338,0.02179618366062641,0.9999857544898987
10239,3,0,0,0.7576978802680969,0.009402313269674778,0.23289981484413147,0.9999653100967407
10243,2,0,0,0.7489746809005737,0.03854168951511383,0.21248354017734528,1.0
10244,2,0,0,0.5875605344772339,0.40333715081214905,0.009102324023842812,1.0
10245,2,2,1,0.007325897458940744,0.9414410591125488,0.05123307183384895,1.0
10246,1,1,1,0.24513110518455505,0.5198562741279602,0.23501263558864594,7.485642817900777e-30
10247,3,0,0,0.8841054439544678,0.01344603393226862,0.10244856029748917,0.9999576210975647
10248,4,0,0,0.6714030504226685,0.010411396622657776,0.3181855082511902,0.9998817443847656
10250,3,1,1,0.007072099484503269,0.9924405813217163,0.0004872879362665117,0.9989259839057922
10251,0,0,0,0.8655258417129517,0.04791347309947014,0.0865606963634491,1.0
10253,0,1,1,4.654184158425778e-05,0.9999521970748901,1.2159757716290187e-06,1.0
10254,2,0,0,0.9556564688682556,0.018941307440400124,0.025402290746569633,1.0
10255,1,1,1,0.28736287355422974,0.6934137940406799,0.01922331377863884,0.0
10256,3,0,0,0.7092613577842712,0.18819588422775269,0.10254276543855667,0.9999803900718689
10257,4,0,0,0.7894564867019653,0.035987451672554016,0.17455606162548065,0.9997383952140808
10260,0,1,1,0.005554152652621269,0.9918926954269409,0.0025531307328492403,1.0
10261,2,0,0,0.9521564841270447,0.039074577391147614,0.008768870495259762,1.0
10262,3,0,0,0.8873093128204346,0.00981876254081726,0.10287202894687653,0.9999431371688843
10263,0,1,1,0.0006798025569878519,0.9991903901100159,0.00012986267392989248,1.0
10264,0,2,2,0.3780255615711212,0.08240722119808197,0.5395671725273132,1.0
10265,1,0,0,0.6432504653930664,0.07660780102014542,0.2801417410373688,5.906869444375313e-35
10267,3,2,2,0.01153603196144104,0.000594061566516757,0.9878697991371155,0.9998824000358582
10268,4,2,2,0.04136526584625244,0.015880174934864044,0.9427546262741089,0.9999870657920837
10269,1,0,0,0.8220618963241577,0.02179216779768467,0.15614596009254456,5.304935291928942e-34
10270,0,0,0,0.8318006992340088,0.16486693918704987,0.003332284977659583,1.0
10271,2,0,0,0.985267162322998,0.0013849639799445868,0.013347855769097805,1.0
10272,3,1,1,0.12613841891288757,0.8363804221153259,0.0374811552464962,0.9999693632125854
10273,3,0,0,0.8964292407035828,0.0006936018471606076,0.1028771623969078,0.9999619722366333
10274,3,2,2,0.0002301247150171548,0.002262525027617812,0.9975073933601379,0.9999379515647888
10275,2,0,0,0.8348466157913208,0.11883135139942169,0.04632209613919258,1.0
10276,3,0,1,0.059501007199287415,0.9372588992118835,0.003240006510168314,0.9997727870941162
10277,3,0,2,0.26073020696640015,0.016247428953647614,0.7230223417282104,0.9999382495880127
10279,0,0,0,0.7627760767936707,0.05046813189983368,0.18675576150417328,1.0
10280,3,0,0,0.9664505124092102,0.004813854116946459,0.02873563952744007,0.999923586845398
10281,1,1,1,0.0027063521556556225,0.9966502785682678,0.000643362058326602,4.486201654220592e-37
10282,4,0,0,0.9511350393295288,0.020428840070962906,0.02843611314892769,0.9999579191207886
10283,4,0,1,0.39189785718917847,0.5290096402168274,0.07909248769283295,0.9999840259552002
10284,1,1,1,0.03164093568921089,0.9680334329605103,0.00032566217123530805,2.3677075833088777e-34
10285,3,0,0,0.9734728336334229,0.00038588125607930124,0.026141300797462463,0.9995027780532837
10286,4,0,0,0.8243576884269714,0.1156219020485878,0.060020387172698975,0.9999677538871765
10287,4,0,0,0.9784955382347107,0.007881478406488895,0.013622934930026531,0.9999746680259705
10288,0,1,1,0.029405897483229637,0.9693148732185364,0.0012792227789759636,1.0
10289,4,0,0,0.8092404007911682,0.11706855148077011,0.07369102537631989,0.9999772906303406
10290,2,1,2,0.06680659204721451,0.014575441367924213,0.9186179637908936,1.0
10292,3,0,0,0.8814160823822021,0.09279052913188934,0.0257932897657156,0.9999436736106873
10295,1,0,1,0.3899271786212921,0.5748572945594788,0.03521551936864853,7.465389909724477e-24
10296,4,1,0,0.5915057063102722,0.3845009207725525,0.023993369191884995,0.9997385144233704
10297,0,2,2,0.048016395419836044,0.00016863060591276735,0.9518149495124817,1.0
10298,0,0,0,0.9646843671798706,0.014115158468484879,0.021200502291321754,1.0
10299,1,0,0,0.8646719455718994,0.07129417359828949,0.0640338733792305,3.254207397732236e-40
10300,4,1,0,0.8582858443260193,0.053400978446006775,0.08831313997507095,0.9993473887443542
10301,2,0,0,0.5446636080741882,0.11544208228588104,0.3398943245410919,1.0
10302,3,0,2,0.34225213527679443,0.04597804695367813,0.6117697954177856,0.9999328851699829
10303,1,0,0,0.7112975716590881,0.26510173082351685,0.023600753396749496,0.0
10305,1,0,0,0.8855406641960144,0.054172541946172714,0.060286831110715866,1.3209931321909833e-38
10307,4,0,0,0.6486130356788635,0.17955459654331207,0.17183244228363037,0.9999702572822571
10308,3,0,0,0.7852541208267212,0.08423441648483276,0.13051149249076843,0.9999653100967407
10309,4,0,2,0.34507986903190613,0.03684910014271736,0.6180710196495056,0.9999665021896362
10310,3,0,0,0.7595959901809692,0.14070110023021698,0.09970294684171677,0.999982476234436
10311,3,0,0,0.934870183467865,0.007757400628179312,0.05737246200442314,0.9999799728393555
10312,1,1,0,0.8718994855880737,0.08982394635677338,0.03827652707695961,1.6773786443900853e-38
10313,2,1,0,0.9545754790306091,0.02489248290657997,0.02053205482661724,1.0
10314,4,2,2,0.041513841599226,0.07929881662130356,0.8791873455047607,0.9990919828414917
10315,3,2,0,0.5347937941551208,0.012906746938824654,0.45229947566986084,0.9999769330024719
10316,4,2,0,0.9531786441802979,0.01044691726565361,0.03637436777353287,0.9998892545700073
10317,2,2,0,0.5135738253593445,0.35747823119163513,0.1289479285478592,1.0
10318,1,2,0,0.6353773474693298,0.08285792171955109,0.28176477551460266,7.80296147586429e-32
10320,4,1,0,0.8351122140884399,0.14523756504058838,0.01965019665658474,0.9999832510948181
10321,4,0,0,0.7095010876655579,0.10767536610364914,0.1828235238790512,0.9999774694442749
10323,0,1,1,1.438203028891749e-10,1.0,1.1755943440938665e-11,1.0
10324,3,1,1,0.051442619413137436,0.9469175338745117,0.0016398130683228374,0.9999093413352966
10325,0,1,1,0.18975208699703217,0.7311118841171265,0.07913605123758316,1.0
10327,0,0,0,0.9758778810501099,0.008007009513676167,0.016115104779601097,1.0
10328,2,1,0,0.5707575678825378,0.2612760066986084,0.16796642541885376,1.0
10329,2,0,0,0.9017511606216431,0.005355145316570997,0.09289362281560898,1.0
10330,3,0,0,0.9318567514419556,0.011336035095155239,0.05680723488330841,0.9999697804450989
10331,2,2,0,0.7006841897964478,0.0054269516840577126,0.2938888370990753,1.0
10333,2,1,0,0.8209097981452942,0.019083164632320404,0.16000699996948242,1.0
10334,1,1,1,5.150153015165415e-07,0.9999994039535522,8.868501311098953e-08,3.0596520265928935e-21
10337,2,0,1,0.2362307906150818,0.7426759600639343,0.02109331637620926,1.0
10339,2,0,0,0.9211351275444031,0.05538423731923103,0.023480674251914024,1.0
10340,2,0,0,0.8550831079483032,0.0011636766139417887,0.14375321567058563,1.0
10341,0,2,0,0.5183870792388916,0.09833984076976776,0.3832731246948242,1.0
10342,3,2,0,0.8664649128913879,0.006402548868209124,0.12713252007961273,0.9999530911445618
10343,3,1,1,0.20047152042388916,0.7769598364830017,0.02256864309310913,0.9999630451202393
10344,2,0,0,0.9436498880386353,0.033449262380599976,0.022900834679603577,1.0
10345,0,2,0,0.5062421560287476,0.014028917998075485,0.47972890734672546,1.0
10347,4,2,2,0.0007957585039548576,0.0008923306595534086,0.9983118772506714,0.9999761581420898
10348,3,2,0,0.8270540237426758,0.08566182851791382,0.08728411048650742,0.9999728202819824
10350,4,1,1,0.002685760846361518,0.9972172975540161,9.697380301076919e-05,0.9999895691871643
10352,0,2,0,0.7609320878982544,0.050024744123220444,0.18904313445091248,1.0
10353,4,0,0,0.7063626050949097,0.21947328746318817,0.07416412979364395,0.9999330043792725
10354,4,2,0,0.8376515507698059,0.025819968432188034,0.13652850687503815,0.9999476671218872
10355,4,1,0,0.7201399803161621,0.23776039481163025,0.042099617421627045,0.9999777674674988
10356,3,1,1,0.06522528827190399,0.695264995098114,0.239509716629982,0.9988267421722412
10358,3,0,0,0.9428334832191467,0.015820734202861786,0.04134581238031387,0.9999606609344482
10359,4,0,1,0.4375078082084656,0.4560127854347229,0.10647939890623093,0.9999518990516663
10360,0,1,2,0.29042479395866394,0.1622396558523178,0.5473355650901794,0.9999998807907104
10361,2,2,0,0.8419445157051086,0.1336662471294403,0.02438921481370926,1.0
10362,3,2,0,0.5523329377174377,0.1578710675239563,0.28979602456092834,0.9999720454216003
10363,0,0,1,0.09802278876304626,0.8312301635742188,0.07074703276157379,1.0
10364,0,0,1,0.1051715686917305,0.8892697691917419,0.0055586970411241055,1.0
10365,2,0,0,0.9713487029075623,0.014413361437618732,0.014238031581044197,1.0
10366,1,1,0,0.7713945508003235,0.1915125697851181,0.037092894315719604,3.1575166826550523e-37
10367,4,0,0,0.9800043702125549,0.013901756145060062,0.006093806121498346,0.9999604821205139
10368,3,0,0,0.935315728187561,0.0020970916375517845,0.06258721649646759,0.9998888969421387
10370,3,1,1,0.07359973341226578,0.9259692430496216,0.00043101294431835413,0.9999678730964661
10371,3,0,0,0.9453186988830566,0.017057687044143677,0.03762366622686386,0.9999382495880127
10372,1,2,0,0.6067529320716858,0.0029197153635323048,0.39032742381095886,5.8366409578356254e-33
10373,2,0,2,0.1790986806154251,0.0008248731610365212,0.8200764656066895,1.0
10374,4,0,0,0.8628828525543213,0.042039114981889725,0.09507796913385391,0.9998812675476074
10375,2,0,0,0.9123849868774414,0.03133346885442734,0.05628156289458275,1.0
10376,4,0,0,0.7069851160049438,0.21601414680480957,0.07700075954198837,0.9999796152114868
10377,2,0,0,0.9453399181365967,0.007964326068758965,0.04669573903083801,1.0
10378,4,1,1,0.18106955289840698,0.7980778813362122,0.020852526649832726,0.9998103976249695
10379,2,1,1,0.03136451542377472,0.9683894515037537,0.00024599532480351627,1.0
10380,0,1,1,6.558709173987154e-06,0.9999594688415527,3.4008211514446884e-05,1.0
10382,2,2,0,0.9066870808601379,0.029895765706896782,0.06341716647148132,1.0
10384,3,0,0,0.9093721508979797,0.006163614336401224,0.0844641923904419,0.9999022483825684
10385,1,0,0,0.6152198910713196,0.16975504159927368,0.21502511203289032,1.3942303148707627e-39
10386,3,1,1,0.3913480341434479,0.5639501810073853,0.044701822102069855,0.9999763369560242
10387,2,2,0,0.9487585425376892,0.0005543326260522008,0.050687167793512344,1.0
10388,3,0,0,0.6223134994506836,0.2939996123313904,0.08368688076734543,0.9999650120735168
10389,1,2,2,0.15909551084041595,0.015325197950005531,0.8255793452262878,8.005171072037656e-31
10391,4,0,0,0.9841145277023315,0.0009942929027602077,0.014891193248331547,0.9993380308151245
10392,3,0,0,0.9606069922447205,0.0003338815877214074,0.039059076458215714,0.9999635815620422
10395,3,1,1,0.041123420000076294,0.9584398865699768,0.00043666979763656855,0.9999878406524658
10396,0,1,1,0.015195619314908981,0.9840588569641113,0.0007454987498931587,1.0
10397,0,1,1,0.01759224757552147,0.9789963960647583,0.003411385230720043,1.0
10398,2,1,0,0.9846698045730591,0.007631983142346144,0.007698259316384792,1.0
10399,0,0,0,0.9811328053474426,0.00017956795636564493,0.01868763007223606,1.0
10400,0,1,1,0.16857127845287323,0.82766193151474,0.0037667574360966682,1.0
10401,2,2,0,0.7404824495315552,0.011335303075611591,0.24818222224712372,1.0
10403,4,1,1,0.00018706040282268077,0.9997995495796204,1.3419243259704672e-05,0.9999129176139832
10405,3,1,0,0.7960267663002014,0.15908417105674744,0.04488904029130936,0.999970018863678
10406,1,1,1,0.01460866816341877,0.9504722952842712,0.03491898998618126,8.062447100109156e-29
10408,0,1,1,3.802361243288033e-05,0.999954342842102,7.670041668461636e-06,1.0
10409,4,2,1,0.24252691864967346,0.7296307682991028,0.0278423260897398,0.9997882843017578
10410,1,0,0,0.8627980351448059,0.08925072103738785,0.047951217740774155,1.0897071492574692e-30
10411,0,2,0,0.5373223423957825,0.0071979789063334465,0.4554796814918518,1.0
10412,3,0,0,0.8047167658805847,0.1468198299407959,0.048463404178619385,0.9999472498893738
10413,2,1,1,9.881471487460658e-05,0.9998905658721924,1.0597808795864694e-05,1.0
10414,1,1,0,0.8842716813087463,0.04065365344285965,0.0750746950507164,0.0
10415,0,1,1,0.01816163957118988,0.981194794178009,0.0006435574032366276,1.0
10416,4,2,2,0.0031939088366925716,0.01053572352975607,0.9862704873085022,0.9999837279319763
10418,3,0,0,0.9261099696159363,0.02373000606894493,0.0501599945127964,0.9999804496765137
10419,3,0,0,0.6132860779762268,0.03594418242573738,0.3507697582244873,0.9999733567237854
10420,4,1,1,4.0508504753233865e-05,0.9999558925628662,3.6052501855010632e-06,0.9984469413757324
10421,4,0,0,0.7357481718063354,0.03850475698709488,0.2257470041513443,0.9999886751174927
10422,4,1,0,0.8257764577865601,0.14982959628105164,0.024394016712903976,0.9999853372573853
10424,4,0,0,0.8613385558128357,0.03171480819582939,0.10694661736488342,0.999959409236908
10425,1,0,0,0.8820347189903259,0.0592552125453949,0.05871003866195679,2.1128588192965222e-32
10426,1,1,0,0.8623266220092773,0.10483424365520477,0.032839108258485794,2.91277696694548e-34
10427,0,0,0,0.8885558843612671,0.0723467618227005,0.039097316563129425,1.0
10428,0,1,1,0.1477520614862442,0.8500965237617493,0.002151353284716606,0.9999998211860657
10429,2,0,0,0.9796273708343506,0.002723557176068425,0.017649032175540924,1.0
10430,0,1,1,0.01806679740548134,0.9804470539093018,0.0014861923409625888,1.0
10432,4,2,2,0.00029655828257091343,3.569890759536065e-05,0.9996676445007324,0.999110996723175
10433,4,0,0,0.8965428471565247,0.06149511784315109,0.04196201637387276,0.9999479055404663
10434,1,0,0,0.9365242719650269,0.03478677198290825,0.028689010068774223,1.1237496537363788e-29
10435,3,0,0,0.9349311590194702,0.010274160653352737,0.05479469895362854,0.9999796152114868
10436,1,2,2,0.016907747834920883,0.002987583866342902,0.9801046848297119,4.244748399149753e-19
10439,2,0,2,0.4051031172275543,0.09697439521551132,0.4979223906993866,1.0
10441,2,1,1,0.02772996388375759,0.9717736840248108,0.0004963009268976748,1.0
10442,1,2,2,0.15805059671401978,0.26635992527008057,0.5755894780158997,5.645435484124368e-22
10443,2,2,0,0.8577198386192322,0.03945893049240112,0.10282125324010849,1.0
10444,0,0,0,0.8644993305206299,0.0028563241939991713,0.13264432549476624,1.0
10445,0,0,0,0.9850067496299744,0.0012096872087568045,0.013783523812890053,1.0
10447,2,1,0,0.920833170413971,0.006699963938444853,0.07246684283018112,1.0
10448,4,0,0,0.9879697561264038,1.1856963283207733e-05,0.012018351815640926,0.9999725818634033
10449,0,0,0,0.7561085820198059,0.03832095116376877,0.20557048916816711,1.0
10450,2,1,0,0.8610458374023438,0.09153687953948975,0.047417350113391876,1.0
10451,2,0,0,0.9874853491783142,0.0037320475094020367,0.008782612159848213,1.0
10453,1,2,2,0.0027860349509865046,0.0009844900341704488,0.9962294697761536,2.4708631939854534e-26
10454,1,0,0,0.8695327639579773,0.09328322857618332,0.03718400001525879,0.0
10455,4,1,0,0.7010786533355713,0.2963624894618988,0.002558912616223097,0.9997128844261169
10456,3,1,1,0.003972053527832031,0.9959805011749268,4.742861710838042e-05,0.999970555305481
10457,1,2,0,0.7081610560417175,0.012216714210808277,0.2796221971511841,1.875609006059043e-28
10458,2,1,1,0.0033464126754552126,0.9966239929199219,2.9577591703855433e-05,1.0
10459,1,2,0,0.7081482410430908,0.03773762285709381,0.2541140913963318,2.262046046036336e-40
10460,4,0,0,0.9220119714736938,0.0049713305197656155,0.0730167031288147,0.9999470710754395
10461,1,1,1,0.1357658952474594,0.8563469052314758,0.007887163199484348,4.435165691526619e-39
10462,1,0,1,0.34133440256118774,0.6402358412742615,0.01842971332371235,6.216534145645251e-35
10463,3,2,1,0.032941728830337524,0.9413800835609436,0.025678178295493126,0.9999553561210632
10464,1,1,1,0.1645747423171997,0.8313976526260376,0.004027633462101221,0.0
10465,3,0,0,0.9639520645141602,0.0010303297312930226,0.03501763567328453,0.9999582171440125
10466,2,0,0,0.859749972820282,0.02207455411553383,0.1181754320859909,1.0
10467,2,0,0,0.9095733165740967,0.08384307473897934,0.0065836599096655846,1.0
10468,0,2,0,0.814732551574707,0.02120775543153286,0.16405972838401794,1.0
10469,1,1,0,0.7224861979484558,0.24539008736610413,0.03212377429008484,0.0
10470,4,2,0,0.4425813853740692,0.16778035461902618,0.3896383047103882,0.9999837875366211
10471,4,1,1,0.1788085252046585,0.7653705477714539,0.05582096427679062,0.9987854957580566
10472,2,0,0,0.9223080277442932,0.0254247784614563,0.05226729065179825,1.0
10473,1,0,1,0.006436558905988932,0.9917159676551819,0.0018475032411515713,1.0196260168695266e-36
10474,3,1,1,0.00044094290933571756,0.9991779923439026,0.0003810329653788358,0.9999434351921082
10475,2,1,0,0.7560182809829712,0.1887948364019394,0.055186837911605835,1.0
10476,0,0,0,0.9553009867668152,0.002448892453685403,0.042250122874975204,1.0
10477,4,0,0,0.8042345643043518,0.1349656730890274,0.06079976633191109,0.9999909400939941
10478,1,0,2,0.3264530301094055,0.004498858470469713,0.6690480709075928,4.3613466288578355e-26
10480,0,1,1,0.01356158684939146,0.9851832985877991,0.0012551444815471768,1.0
10481,0,2,0,0.8975791931152344,0.002506094519048929,0.09991474449634552,1.0
10483,2,2,2,1.2380613027829224e-12,0.0003830412169918418,0.9996169805526733,1.0
10486,2,0,0,0.8969477415084839,0.016771450638771057,0.08628077059984207,1.0
10487,2,1,0,0.9095672965049744,0.07552852481603622,0.014904173091053963,1.0
10488,2,1,1,3.610451312852092e-05,0.9998997449874878,6.410694913938642e-05,1.0
10489,1,2,2,0.0813569650053978,0.005375125911086798,0.9132679104804993,2.6157099563580263e-39
10490,1,1,1,0.29068276286125183,0.6834844946861267,0.02583278715610504,0.0
10491,4,1,1,0.027926066890358925,0.971756100654602,0.00031785748433321714,0.9999027252197266
10492,0,0,0,0.6889795064926147,0.0012500297743827105,0.30977046489715576,1.0
10493,4,2,2,0.0042052804492414,0.000785934622399509,0.9950088262557983,0.9997572898864746
10494,1,0,1,0.37059485912323,0.5899202227592468,0.03948493301868439,9.984293777576637e-24
10495,1,0,0,0.9555313587188721,0.026252033188939095,0.01821654848754406,0.0
10496,2,2,0,0.9556487202644348,0.00515939574688673,0.03919181227684021,1.0
10498,1,0,0,0.5587498545646667,0.1718188226222992,0.26943129301071167,2.4418382442030673e-39
10499,3,0,0,0.9134127497673035,0.0385376513004303,0.04804970696568489,0.999985933303833
10500,4,2,0,0.8125249147415161,0.015353627502918243,0.17212139070034027,0.9999023675918579
10501,0,1,0,0.8049759268760681,0.13340386748313904,0.06162022054195404,1.0
10502,3,0,0,0.973145067691803,0.009681067429482937,0.017173761501908302,0.9999786615371704
10503,0,0,0,0.9079229831695557,0.045470718294382095,0.0466063916683197,1.0
10504,4,0,0,0.4479479193687439,0.28071388602256775,0.27133816480636597,0.9999561309814453
10505,3,1,1,1.1103998076578137e-05,0.999988317489624,5.865125558557338e-07,0.9999581575393677
10507,2,1,1,0.00010389992530690506,0.999849796295166,4.632113632396795e-05,1.0
10509,1,0,0,0.9141959547996521,0.009776242077350616,0.07602787017822266,0.0
10511,2,0,1,0.41359350085258484,0.5431057810783386,0.043300725519657135,1.0
10512,1,0,0,0.9750452637672424,0.010996895842254162,0.013957790099084377,2.8683200920216174e-33
10514,1,0,0,0.678864598274231,0.2840941548347473,0.037041205912828445,0.0
10515,3,0,1,0.01418992318212986,0.9853348731994629,0.00047517468919977546,0.9999747276306152
10517,4,1,1,1.0211792300651723e-07,0.9999998807907104,1.0966320906913296e-10,0.9997907280921936
10518,3,0,0,0.828222930431366,0.017265425994992256,0.15451163053512573,0.9999625086784363
10519,1,0,0,0.9161472320556641,0.005934018641710281,0.07791876792907715,0.0
10520,1,0,0,0.9621728658676147,0.0016383968759328127,0.03618878126144409,2.4691385650927977e-37
10521,4,0,0,0.935539960861206,0.02712288126349449,0.037337109446525574,0.9999877214431763
10522,2,0,0,0.9702586531639099,0.0025501293130218983,0.027191225439310074,1.0
10523,0,0,1,0.36250540614128113,0.5508350133895874,0.08665960282087326,1.0
10525,1,0,2,0.4869039058685303,0.025807879865169525,0.4872882068157196,5.117760594274667e-38
10526,2,0,0,0.7736474275588989,0.1990843564271927,0.027268201112747192,1.0
10527,0,0,0,0.9443976879119873,0.019640296697616577,0.035961974412202835,1.0
10528,0,2,0,0.6740790009498596,0.18983830511569977,0.13608266413211823,1.0
10529,2,0,2,0.3523777723312378,0.0006552705308422446,0.6469669938087463,1.0
10530,3,1,0,0.8439254760742188,0.13666442036628723,0.019410081207752228,0.9999679923057556
10531,4,1,0,0.7451097369194031,0.09674325585365295,0.15814699232578278,0.9999420642852783
10532,1,0,0,0.8045032024383545,0.03666114807128906,0.15883567929267883,1.833064627934203e-34
10533,3,1,1,1.3104744844838478e-08,1.0,2.5184684199208718e-11,0.9999019503593445
10534,0,0,0,0.5191634893417358,0.24493291974067688,0.23590359091758728,1.0
10535,0,2,2,0.2868318259716034,0.2120378464460373,0.5011304020881653,1.0
10536,2,0,0,0.9601913690567017,0.010024667717516422,0.029783986508846283,1.0
10537,0,0,0,0.9121862649917603,0.05080245062708855,0.03701138123869896,1.0
10538,1,0,0,0.9614604711532593,0.0008684028871357441,0.03767112269997597,9.143450564756696e-33
10539,0,1,1,9.265563249982733e-08,0.9999998807907104,1.2616067912585294e-10,1.0
10540,4,0,0,0.7816380262374878,0.2066836804151535,0.011678270064294338,0.9999905824661255
10543,4,2,0,0.6181496381759644,0.04579601809382439,0.3360542953014374,0.9999769330024719
10545,2,0,0,0.5927822589874268,0.4013899266719818,0.005827839020639658,1.0
10546,2,1,0,0.8402000069618225,0.07739873230457306,0.08240128308534622,1.0
10547,3,1,1,0.0013358959695324302,0.9986352324485779,2.8819255021517165e-05,0.9999598860740662
10548,4,1,2,0.3979659378528595,0.038222894072532654,0.5638111233711243,0.9999926090240479
10549,0,0,1,0.00011418579379096627,0.9998700618743896,1.5785290088388138e-05,1.0
10550,2,0,0,0.8328793048858643,0.12204480171203613,0.045075852423906326,1.0
10551,0,0,0,0.5729780793190002,0.32060152292251587,0.10642034560441971,1.0
10552,4,2,2,0.005675744730979204,0.0004138949734624475,0.9939104318618774,0.9972902536392212
10553,4,2,2,0.00012016641267109662,0.04398518055677414,0.9558945894241333,0.9999028444290161
10555,4,0,0,0.858467161655426,0.04852453991770744,0.09300833195447922,0.9999235272407532
10556,4,0,0,0.9273160696029663,0.01221868023276329,0.06046515703201294,0.999979555606842
10557,0,1,1,0.00014353544975165278,0.9998444318771362,1.198776408273261e-05,1.0
10558,2,1,0,0.8776080012321472,0.1044233962893486,0.017968636006116867,1.0
10560,2,0,1,0.0862182080745697,0.880727231502533,0.03305454179644585,1.0
10561,4,1,0,0.9240348935127258,0.011117330752313137,0.06484774500131607,0.9999251961708069
10562,3,0,0,0.9461652040481567,0.03370842710137367,0.020126372575759888,0.9999184608459473
10563,0,2,1,0.00018650497077032924,0.9998061060905457,7.3817836891976185e-06,1.0
10564,3,0,0,0.8755031228065491,0.0011929714819416404,0.12330394238233566,0.999896764755249
10566,3,0,0,0.8177103996276855,0.009883676655590534,0.1724059283733368,0.9999449849128723
10567,4,1,0,0.5058603286743164,0.19759629666805267,0.2965434491634369,0.9998369216918945
10568,3,2,0,0.7794026136398315,0.0011532357893884182,0.21944420039653778,0.9999755620956421
10570,1,1,1,0.0004325046029407531,0.9995477795600891,1.9724182493519038e-05,5.565327457711035e-32
10571,2,0,1,0.4880647361278534,0.4953027665615082,0.016632528975605965,1.0
10572,0,0,0,0.584061324596405,0.3610588014125824,0.05487992614507675,1.0
10573,2,2,2,4.645799435820663e-06,7.126558557501994e-06,0.9999881982803345,1.0
10574,4,0,0,0.8218938112258911,0.06528546661138535,0.11282071471214294,0.9999287724494934
10575,4,0,0,0.9441637396812439,0.007370323874056339,0.048465874046087265,0.9999637007713318
10576,0,0,0,0.7704570889472961,0.0702085867524147,0.15933440625667572,1.0
10580,3,0,0,0.6060943603515625,0.38058093190193176,0.013324652798473835,0.9999739527702332
10582,2,0,0,0.8514328002929688,0.07131321728229523,0.0772540494799614,1.0
10583,1,1,1,0.0021360558457672596,0.9977371692657471,0.000126728875329718,5.622448886069578e-38
10584,3,1,1,5.532846989808604e-05,0.999920129776001,2.453755951137282e-05,0.9996770024299622
10585,4,0,0,0.8705764412879944,0.07374279946088791,0.0556807667016983,0.9999772906303406
10587,4,0,0,0.9017382860183716,0.01718326471745968,0.08107839524745941,0.9999153017997742
10588,2,0,0,0.6976555585861206,0.14154525101184845,0.16079923510551453,1.0
10589,1,1,1,0.3401474952697754,0.6495006680488586,0.010351846925914288,7.5188921928313e-30
10591,1,0,0,0.4829616844654083,0.4652141332626343,0.05182420834898949,5.110166901844552e-37
10592,2,0,0,0.8437057733535767,0.05992792919278145,0.09636633098125458,1.0
10593,0,2,2,0.0004265097377356142,0.0004419466422405094,0.9991315007209778,0.9999998807907104
10594,2,0,0,0.9595844745635986,0.017287995666265488,0.02312752604484558,1.0
10595,0,1,0,0.7341433167457581,0.15780134499073029,0.10805528610944748,1.0
10596,1,0,0,0.9774332642555237,0.00040058782906271517,0.022166136652231216,1.6680172303252963e-28
10597,0,1,1,0.33574751019477844,0.3405705988407135,0.32368186116218567,1.0
10598,0,1,0,0.6830212473869324,0.27428731322288513,0.04269145429134369,1.0
10599,1,1,1,3.763509084819816e-05,0.9998043179512024,0.00015806766168680042,4.02234748209166e-21
10600,1,1,1,0.013109141029417515,0.9860857725143433,0.0008051033946685493,5.7079188438235276e-39
10601,3,1,1,3.775413759399271e-08,0.9999998807907104,8.898800984979971e-08,0.9996808171272278
10602,1,0,0,0.9624025821685791,0.00043959604226984084,0.037157800048589706,6.416441653681966e-35
10603,4,2,0,0.9158427715301514,0.0029039005748927593,0.08125337213277817,0.999360203742981
10604,3,0,0,0.6571660041809082,0.019994111731648445,0.3228398561477661,0.9999581575393677
10606,2,0,0,0.8697903752326965,0.0802064761519432,0.05000322312116623,1.0
10607,4,1,1,0.2535918354988098,0.7433683276176453,0.0030398224480450153,0.9996744394302368
10610,1,1,1,0.0027090245857834816,0.9972629547119141,2.8064996513421647e-05,0.0
10611,0,1,1,0.3755280375480652,0.5650109052658081,0.05946112051606178,1.0
10612,1,0,0,0.9578427672386169,0.0020623202435672283,0.040094997733831406,3.9264132669866736e-32
10613,4,1,1,0.00024038509582169354,0.9997261166572571,3.3515698305564e-05,0.9998949766159058
10614,2,1,0,0.9143677353858948,0.029462041333317757,0.056170254945755005,1.0
10615,0,0,0,0.4981613755226135,0.06264373660087585,0.4391948878765106,1.0
10617,0,1,2,0.034649744629859924,0.0029925138223916292,0.962357759475708,1.0
10618,0,2,2,0.03320277854800224,0.00024303642567247152,0.9665542244911194,1.0
10619,3,0,0,0.6151837706565857,0.2108038365840912,0.17401236295700073,0.9999779462814331
10620,3,1,0,0.6946724057197571,0.24668264389038086,0.058644939213991165,0.9999485611915588
10621,4,0,0,0.9937246441841125,0.0021819823887199163,0.004093441646546125,0.9999878406524658
10622,2,0,1,0.4666716456413269,0.5272029042243958,0.0061254315078258514,1.0
10623,2,2,0,0.8445562124252319,0.02718519978225231,0.12825851142406464,1.0
10624,3,1,0,0.7776076197624207,0.1194830983877182,0.10290932655334473,0.999966561794281
10625,4,1,1,0.32631683349609375,0.6067260503768921,0.06695713102817535,0.9999521374702454
10626,0,1,0,0.5877503156661987,0.20290745794773102,0.20934222638607025,1.0
10628,4,2,2,7.188886229414493e-05,3.565913402781007e-06,0.9999245405197144,0.9994919300079346
10629,0,0,0,0.9780057072639465,0.003020231844857335,0.01897410675883293,1.0
10630,0,0,0,0.8621553778648376,0.04060528427362442,0.09723930805921555,1.0
10633,4,0,0,0.7742120623588562,0.06886854767799377,0.15691937506198883,0.9999427199363708
10635,1,1,0,0.5378405451774597,0.421263724565506,0.04089569300413132,0.0
10638,2,1,1,0.00025204828125424683,0.999707043170929,4.083579551661387e-05,1.0
10639,0,1,1,0.037267688661813736,0.9617624878883362,0.0009698081412352622,1.0
10640,3,1,0,0.9278698563575745,0.04525413364171982,0.026875926181674004,0.9999761581420898
10641,4,1,1,0.00664302334189415,0.9932169318199158,0.00014007605204824358,0.9993669390678406
10642,2,0,0,0.8558849692344666,0.010488981381058693,0.13362613320350647,1.0
10643,2,2,0,0.5075034499168396,0.08084797859191895,0.41164857149124146,1.0
10645,1,0,0,0.8443015813827515,0.0053272489458322525,0.15037116408348083,0.0
10646,2,1,1,7.001365709413676e-09,1.0,7.352129460791446e-10,1.0
10649,3,2,0,0.5006536841392517,0.004084527026861906,0.49526169896125793,0.9999538660049438
10651,4,0,0,0.8192031979560852,0.08119840174913406,0.0995984673500061,0.9998601675033569
10652,2,0,0,0.887322187423706,0.023519057780504227,0.08915875107049942,1.0
10654,4,0,0,0.6356068253517151,0.34317389130592346,0.021219216287136078,0.9999534487724304
10655,4,1,0,0.9032858610153198,0.02041441574692726,0.07629970461130142,0.9999773502349854
10656,0,1,0,0.47950977087020874,0.43014615774154663,0.09034406393766403,1.0
10657,1,1,1,0.24051368236541748,0.7544071674346924,0.0050791120156645775,7.728736168482676e-36
10658,2,0,0,0.9845335483551025,0.002868885174393654,0.01259760744869709,1.0
10660,0,2,0,0.8249123692512512,0.0191480852663517,0.1559394747018814,1.0
10661,0,0,0,0.9132682085037231,0.02698705904185772,0.05974472314119339,0.9999998211860657
10662,1,1,1,0.20075328648090363,0.7913492918014526,0.007897423580288887,7.999427190072293e-39
10663,3,1,1,5.406153391618318e-08,0.9999998807907104,7.040708904781923e-09,0.9997491240501404
10664,3,0,0,0.9449954032897949,0.03703740984201431,0.017967090010643005,0.99993896484375
10665,4,1,1,0.02010173909366131,0.9790468811988831,0.000851309800054878,0.999972939491272
10666,3,1,1,0.00020625947217922658,0.9997922778129578,1.4892696071910905e-06,0.9998828768730164
10667,4,2,0,0.6963953971862793,0.009657540358603,0.2939470112323761,0.9999064803123474
10669,3,1,0,0.8577602505683899,0.03118191286921501,0.11105778813362122,0.9999660849571228
10670,4,0,0,0.9945993423461914,0.0034904079511761665,0.0019101769430562854,0.9999867081642151
10671,1,1,1,8.492217602906749e-06,0.9999910593032837,4.597631004799041e-07,1.831051704168635e-37
10672,0,1,0,0.9681628346443176,0.017549464479088783,0.014287642203271389,1.0
10675,3,1,1,1.427197844350303e-06,0.9999916553497314,6.887666586408159e-06,0.9999132752418518
10676,2,1,1,0.40018999576568604,0.5624445676803589,0.037365470081567764,1.0
10677,0,1,1,1.5213174719974631e-06,0.9999983310699463,1.9771501058585272e-07,1.0
10678,3,1,1,6.659859536739532e-06,0.999992847442627,5.161963940736314e-07,0.9999116063117981
10679,1,1,0,0.7028957605361938,0.05676441639661789,0.24033981561660767,1.0691855804697969e-32
10680,2,1,1,0.12633803486824036,0.865326464176178,0.008335464634001255,1.0
10681,3,1,0,0.8680592775344849,0.09560588747262955,0.03633490204811096,0.999968409538269
10682,0,2,2,0.06710141897201538,0.0499265193939209,0.8829720616340637,0.9999998211860657
10683,2,0,0,0.854938268661499,0.011038796976208687,0.1340230107307434,1.0
10684,2,1,0,0.6786686778068542,0.2020632028579712,0.11926808953285217,1.0
10685,3,2,0,0.9314908385276794,0.0035271812230348587,0.06498198211193085,0.9999804496765137
10686,3,0,2,0.4692179262638092,0.018971219658851624,0.511810839176178,0.9999885559082031
10687,4,1,1,2.098321516541546e-09,1.0,6.551969253601464e-13,0.9997167587280273
10688,4,0,0,0.9798413515090942,0.0008212830871343613,0.019337337464094162,0.9994383454322815
10689,3,0,0,0.42251724004745483,0.16669462621212006,0.4107881486415863,0.9999784827232361
10690,0,1,0,0.5226027369499207,0.43709954619407654,0.040297746658325195,1.0
10691,3,1,0,0.9199924468994141,0.02002970688045025,0.05997784063220024,0.9999744892120361
10692,1,0,0,0.9505282640457153,0.03096429817378521,0.018507452681660652,0.0
10693,1,1,1,0.008655115962028503,0.9898764491081238,0.0014684392372146249,1.2861211114097567e-34
10694,3,0,2,0.20023617148399353,0.061016444116830826,0.7387472987174988,0.9988303184509277
10695,2,1,1,0.013003912754356861,0.984490692615509,0.0025053995195776224,1.0
10696,1,0,0,0.9231290221214294,0.02588307112455368,0.05098798871040344,0.0
10697,3,0,0,0.7596055269241333,0.02504422329366207,0.2153502255678177,0.9992863535881042
10699,0,1,1,0.0756225436925888,0.9066775441169739,0.017699867486953735,1.0
10700,0,0,0,0.8023328185081482,0.0992584154009819,0.09840873628854752,1.0
10701,0,0,0,0.9829127788543701,0.001492940355092287,0.015594293363392353,1.0
10702,3,2,2,0.2186182588338852,0.010359016247093678,0.7710227966308594,0.999972403049469
10703,1,0,1,0.3348396122455597,0.6072731614112854,0.05788717418909073,6.735533406385767e-33
10704,1,0,0,0.9396476149559021,0.0019959064666181803,0.058356545865535736,1.317662133637406e-37
10705,4,0,0,0.8350424766540527,0.09714771062135696,0.06780979037284851,0.9999879598617554
10706,0,2,1,0.000907171459402889,0.9538098573684692,0.0452829971909523,0.9999997615814209
10707,1,1,1,0.0002675834111869335,0.9997308850288391,1.5204914234345779e-06,6.416503629189408e-38
10709,2,0,0,0.842025876045227,0.010052950121462345,0.14792108535766602,1.0
10710,3,1,1,1.313915820588818e-08,1.0,3.953461558126037e-08,0.999760627746582
10711,2,0,2,0.3955811858177185,0.014011251740157604,0.5904076099395752,1.0
10712,0,0,0,0.9348799586296082,0.00038567656883969903,0.06473427265882492,1.0
10713,0,0,0,0.9576748013496399,0.00845028180629015,0.033874887973070145,1.0
10714,0,1,1,0.0001882735814433545,0.9997658133506775,4.593799894792028e-05,1.0
10715,4,1,2,0.13569247722625732,0.04125643149018288,0.8230510354042053,0.9999887943267822
10716,4,1,1,0.07064605504274368,0.9266329407691956,0.0027209953404963017,0.9999852180480957
10717,0,0,1,0.39782971143722534,0.5668978691101074,0.035272423177957535,1.0
10718,0,0,0,0.8874301314353943,0.07548143714666367,0.03708842024207115,1.0
10719,1,1,1,5.685009091394022e-05,0.9997486472129822,0.00019451846310403198,3.8703317236123327e-28
10720,3,0,0,0.8680263757705688,0.01454280037432909,0.11743077635765076,0.999933660030365
10721,1,1,0,0.8781436085700989,0.025227755308151245,0.09662868827581406,1.1061853671878823e-33
10722,1,2,2,0.003945573698729277,3.0916573450667784e-05,0.9960235357284546,2.0417347637922793e-27
10723,4,2,2,0.04297914355993271,0.003536663483828306,0.9534841775894165,0.9999014735221863
10725,2,1,1,0.33512625098228455,0.5145496129989624,0.15032415091991425,1.0
10726,3,0,0,0.7031276226043701,0.2803800404071808,0.016492344439029694,0.9996692538261414
10727,3,0,1,0.4078676104545593,0.5771116614341736,0.015020749531686306,0.9999768137931824
10729,0,2,0,0.7170148491859436,0.005748949944972992,0.2772361934185028,1.0
10730,1,0,0,0.9322892427444458,0.004862431902438402,0.06284834444522858,0.0
10731,2,1,1,1.2605459005499142e-06,0.999997615814209,1.159087332780473e-06,1.0
10733,1,1,1,5.9221738410997204e-06,0.9760259389877319,0.02396813966333866,2.920531295716224e-24
10734,3,1,1,0.007492098491638899,0.9922134280204773,0.0002944194129668176,0.999161422252655
10736,3,1,0,0.739592432975769,0.18776935338974,0.07263828068971634,0.9999622106552124
10737,1,0,0,0.6313468217849731,0.33847710490226746,0.03017605096101761,0.0
10738,1,1,1,5.9853911807294935e-05,0.9999279975891113,1.211231756315101e-05,1.3311541640071732e-24
10739,4,0,0,0.9533833861351013,0.03024759143590927,0.016369033604860306,0.999972939491272
10741,3,1,0,0.8068642616271973,0.0010034068254753947,0.19213226437568665,0.999914288520813
10744,4,2,2,0.00022311022621579468,0.016809707507491112,0.9829672574996948,0.9994469285011292
10746,3,2,0,0.9867427349090576,0.0039999526925385,0.009257301688194275,0.9999598264694214
10747,2,0,0,0.9759907126426697,0.012109966017305851,0.011899340897798538,1.0
10748,1,1,1,0.0020878270734101534,0.9978488683700562,6.329249299596995e-05,9.898716618160258e-26
10749,2,0,0,0.9055805206298828,0.008344809524714947,0.086074598133564,1.0
10750,0,0,0,0.9244781136512756,0.05392969027161598,0.021592237055301666,1.0
10751,3,2,0,0.8636926412582397,0.04250399023294449,0.09380334615707397,0.9999504089355469
10752,3,1,1,0.002619048347696662,0.9973552227020264,2.5803179596550763e-05,0.9999486804008484
10753,4,2,0,0.8433738350868225,0.0796075090765953,0.07701859623193741,0.9996953010559082
10754,0,0,0,0.9855184555053711,0.002283585723489523,0.012197902426123619,1.0
10755,3,0,0,0.900119423866272,0.06517333537340164,0.034707210958004,0.9999579191207886
10757,2,0,0,0.8998947143554688,0.06474030017852783,0.03536500036716461,1.0
10759,0,0,0,0.947953999042511,0.03187496215105057,0.020171038806438446,1.0
10761,2,0,0,0.8428529500961304,0.10374230891466141,0.05340473726391792,1.0
10762,0,1,1,5.9070416682516225e-06,0.9999936819076538,4.282112229248014e-07,1.0
10764,4,2,2,0.010735603980720043,0.010157274082303047,0.979107141494751,0.9990946054458618
10765,1,0,0,0.7715994715690613,0.002325172536075115,0.22607536613941193,1.047943169250677e-35
10767,3,0,0,0.6441956162452698,0.32836806774139404,0.0274362713098526,0.9999702572822571
10768,0,0,0,0.5043114423751831,0.036545202136039734,0.45914334058761597,1.0
10769,0,0,0,0.8336343169212341,0.040358442813158035,0.12600719928741455,1.0
10770,2,1,1,0.0010372070828452706,0.9989017248153687,6.108480738475919e-05,1.0
10771,1,0,0,0.9897865056991577,0.0023599928244948387,0.007853573188185692,0.0
10772,3,2,2,0.02084948495030403,0.01253538765013218,0.9666151404380798,0.9999595880508423
10774,3,1,1,0.3519206941127777,0.6317280530929565,0.016351286321878433,0.9999414086341858
10775,4,0,0,0.815820574760437,0.15137222409248352,0.03280717134475708,0.9999639391899109
10776,2,1,0,0.7661417722702026,0.20037221908569336,0.03348606452345848,1.0
10777,1,1,1,0.00030580564634874463,0.9986295700073242,0.001064686686731875,1.1522064519033662e-39
10778,0,1,1,1.5245777831296436e-05,0.9999823570251465,2.3474822228308767e-06,1.0
10779,1,1,0,0.8769412040710449,0.0732167437672615,0.04984204098582268,1.5736694461587778e-18
10781,1,1,1,1.4577598449250218e-05,0.999984622001648,8.149843893079378e-07,2.6918051388810536e-23
10782,4,2,2,0.00017029563605319709,0.0035933987237513065,0.9962363839149475,0.9999535083770752
10783,2,1,1,0.00447165546938777,0.9953989386558533,0.00012945443450007588,1.0
10785,0,1,1,0.004293904639780521,0.9955797791481018,0.0001263538288185373,1.0
10786,3,0,0,0.7171626091003418,0.2464662492275238,0.03637109696865082,0.9999550580978394
10787,2,0,0,0.9169493913650513,0.0014733077259734273,0.08157731592655182,1.0
10788,2,0,0,0.6295031309127808,0.07324860990047455,0.29724830389022827,1.0
10789,0,0,0,0.8765004277229309,0.018582792952656746,0.10491679608821869,1.0
10790,0,0,0,0.597917914390564,0.23453432321548462,0.1675477921962738,1.0
10792,3,2,2,0.470206081867218,0.01353663019835949,0.5162573456764221,0.9999279379844666
10793,1,0,0,0.9017338156700134,0.017328014597296715,0.08093823492527008,0.0
10795,1,0,0,0.9725746512413025,0.0031879059970378876,0.024237509816884995,4.2075326032684527e-38
10796,1,0,0,0.9670381546020508,0.0011371428845450282,0.03182471543550491,4.25407410762584e-29
10798,3,1,1,0.0004916184698231518,0.9994848966598511,2.349441456317436e-05,0.9999251961708069
10799,3,1,1,0.11498803645372391,0.8663619756698608,0.018650012090802193,0.9999355673789978
10800,3,1,1,0.3969748914241791,0.5968365669250488,0.00618854071944952,0.9999761581420898
10801,2,0,0,0.901175856590271,0.028116459026932716,0.07070774585008621,1.0
10802,0,1,0,0.9871616959571838,0.0008323741494677961,0.012005893513560295,0.9999998807907104
10803,0,0,0,0.9203855991363525,0.005240901373326778,0.07437343895435333,1.0
10805,4,0,0,0.7466663122177124,0.20379464328289032,0.04953903332352638,0.9999697208404541
10806,0,0,0,0.8717592358589172,0.029880020767450333,0.09836070984601974,1.0
10807,2,1,1,0.0169681329280138,0.9820852875709534,0.0009466478950344026,1.0
10808,2,0,0,0.937720537185669,0.016983602195978165,0.04529586434364319,1.0
10809,0,2,2,3.4784505942297983e-07,0.00014378946798387915,0.9998558759689331,1.0
10810,4,0,0,0.87339848279953,0.0009020236320793629,0.1256994754076004,0.9999823570251465
10811,2,2,0,0.7918916344642639,0.030985409393906593,0.17712298035621643,1.0
10813,3,1,1,0.005729168653488159,0.9904375672340393,0.00383326830342412,0.9999145269393921
10814,4,0,0,0.6408368349075317,0.34336262941360474,0.015800587832927704,0.9999891519546509
10815,4,2,2,0.0006847245385870337,0.0007207245798781514,0.9985945820808411,0.9978458881378174
10816,0,1,1,0.007332421839237213,0.9920885562896729,0.0005789878196083009,1.0
10817,4,0,0,0.53912752866745,0.006490302737802267,0.45438215136528015,0.9997332096099854
10818,1,0,0,0.9618911147117615,0.0028898564632982016,0.03521908074617386,8.138175906844496e-31
10819,0,0,0,0.9244846105575562,0.012145446613430977,0.06336986273527145,1.0
10820,4,1,1,0.0011109057813882828,0.9988836646080017,5.420297839009436e-06,0.9998167157173157
10821,1,1,1,0.006653239484876394,0.9925246834754944,0.0008221332682296634,2.0817838691141731e-29
10822,1,1,1,0.0010743237799033523,0.9988995790481567,2.613118886074517e-05,8.624782060830935e-26
10824,0,2,2,0.1272553950548172,0.03659262880682945,0.8361518979072571,1.0
10825,4,0,0,0.8713298439979553,0.017079100012779236,0.11159096658229828,0.9999920725822449
10826,3,1,1,3.790978735196404e-05,0.9999442100524902,1.7843560272012837e-05,0.9999338984489441
10828,2,0,0,0.9471362829208374,0.0024390858598053455,0.05042458325624466,1.0
10829,3,1,0,0.7201995253562927,0.18428346514701843,0.09551703929901123,0.999966561794281
10830,4,0,0,0.7104039788246155,0.26485562324523926,0.02474035695195198,0.9999777674674988
10831,2,0,0,0.9140831828117371,0.004761924035847187,0.08115480095148087,1.0
10833,4,0,0,0.8424422740936279,0.058326587080955505,0.09923120588064194,0.9999822378158569
10834,3,1,1,5.529434929485433e-06,0.9999407529830933,5.368845086195506e-05,0.9995743632316589
10835,4,0,0,0.8742534518241882,0.08383889496326447,0.04190761223435402,0.9999661445617676
10838,0,1,1,6.451494846260175e-05,0.9999258518218994,9.597863936505746e-06,1.0
10839,2,2,0,0.8752787113189697,0.01729813776910305,0.10742322355508804,1.0
10840,1,0,1,0.0020476137287914753,0.996911883354187,0.001040498842485249,0.0
10841,3,2,0,0.4869515299797058,0.04787081852555275,0.46517762541770935,0.9999560713768005
10842,3,2,0,0.9487219452857971,0.004192634951323271,0.04708540067076683,0.9999902248382568
10845,1,0,0,0.9596225023269653,0.00021385203581303358,0.04016377776861191,2.9573251447196224e-31
10846,2,1,1,0.0009176190360449255,0.9989776611328125,0.00010479913180461153,1.0
10847,3,2,2,0.0003823520091827959,0.00033037562388926744,0.9992873072624207,0.9994319081306458
10848,2,2,0,0.77885502576828,0.0127627057954669,0.20838230848312378,1.0
10849,0,0,0,0.6029708981513977,0.39002373814582825,0.0070054056122899055,1.0
10850,4,0,0,0.8186253905296326,0.11010745167732239,0.07126718759536743,0.9999749660491943
10851,3,1,1,0.002848458243533969,0.9969736337661743,0.00017784266674425453,0.9998623132705688
10852,1,2,2,0.10305500030517578,0.0013894790317863226,0.8955555558204651,2.511606372404564e-38
10854,3,2,2,0.0005990552017465234,0.00028676720103248954,0.9991140961647034,0.9998993873596191
10855,0,1,1,0.2894328832626343,0.7021209001541138,0.008446219377219677,1.0
10856,1,0,0,0.9610168933868408,0.0002768716949503869,0.03870619088411331,1.644605916685535e-39
10858,1,0,0,0.8948714137077332,0.0018005692400038242,0.1033279150724411,0.0
10859,2,0,0,0.8961283564567566,0.017572978511452675,0.08629865944385529,1.0
10860,1,0,0,0.9141790270805359,0.06301185488700867,0.022809134796261787,0.0
10862,1,1,0,0.5688778758049011,0.3661026060581207,0.06501957774162292,9.231129191752929e-37
10863,4,0,0,0.8684115409851074,0.0754212737083435,0.05616722255945206,0.9999876618385315
10864,1,2,0,0.5809023976325989,0.01287039928138256,0.40622714161872864,4.0903874147672124e-39
10865,4,1,1,0.19478383660316467,0.7958806753158569,0.009335438720881939,0.9999010562896729
10866,1,2,2,0.0011953865177929401,0.004708943888545036,0.9940956830978394,1.9627665439136296e-25
10868,4,0,1,0.08197109401226044,0.8707788586616516,0.04725007712841034,0.9995579719543457
10869,4,0,0,0.8850138187408447,0.08599535375833511,0.028990905731916428,0.9998929500579834
10870,4,0,0,0.7064199447631836,0.2364090085029602,0.0571710541844368,0.9999688267707825
10871,1,0,0,0.8945488929748535,0.0005612732493318617,0.104889877140522,0.0
10872,2,1,1,6.86451585352188e-06,0.999984622001648,8.54260451887967e-06,1.0
10873,0,2,2,0.09591569006443024,0.39798232913017273,0.5061019659042358,1.0
10874,3,2,2,0.1553715169429779,0.14271216094493866,0.7019162178039551,0.999940812587738
10875,4,1,1,0.013445017859339714,0.9865440726280212,1.0898566870309878e-05,0.9999284744262695
10876,4,1,1,7.346960160248273e-07,0.99998939037323,9.905805200105533e-06,0.9990182518959045
10877,0,1,1,0.0003517031145747751,0.9996269941329956,2.1286368792061694e-05,1.0
10878,1,0,0,0.9901883006095886,0.0015909584471955895,0.008220700547099113,0.0
10881,4,0,0,0.5192974209785461,0.3251378536224365,0.15556471049785614,0.9999798536300659
10882,2,2,0,0.8988721370697021,0.014921394176781178,0.08620652556419373,1.0
10883,0,0,0,0.9075990915298462,0.011269612237811089,0.08113133907318115,1.0
10884,1,1,1,0.12064146995544434,0.8760008811950684,0.003357646055519581,1.6678246749466768e-30
10885,3,0,0,0.8435444831848145,0.0008561377180740237,0.15559940040111542,0.9999889731407166
10886,4,0,0,0.961557149887085,0.02038826420903206,0.018054643645882607,0.9999629855155945
10887,4,0,0,0.9283722043037415,0.03409750014543533,0.0375303216278553,0.9999838471412659
10888,0,0,2,0.09503249824047089,0.04609421268105507,0.8588732481002808,1.0
10889,4,0,0,0.8799349069595337,0.02312242053449154,0.09694268554449081,0.999785304069519
10891,1,0,0,0.5201612710952759,0.10473202913999557,0.37510672211647034,2.792506458667724e-38
10892,2,1,0,0.8569433093070984,0.04965459555387497,0.09340213239192963,1.0
10893,3,0,0,0.7799866199493408,0.15138345956802368,0.0686299204826355,0.9999724626541138
10894,4,0,0,0.9533907771110535,0.032426029443740845,0.014183172024786472,0.999693751335144
10895,1,1,1,9.395344932272565e-06,0.999981164932251,9.483964277023915e-06,1.504833569517272e-37
10896,3,1,1,0.02486160583794117,0.974267840385437,0.0008705435902811587,0.9999675750732422
10897,0,1,1,0.18288633227348328,0.8114127516746521,0.005700927227735519,1.0
10898,3,2,2,0.0015986477956175804,0.0005047728773206472,0.9978965520858765,0.999908983707428
10899,1,2,0,0.5465114712715149,0.33252573013305664,0.12096282094717026,1.0293771996519119e-24
10900,0,0,0,0.8813886642456055,0.004234905820339918,0.11437641084194183,1.0
10901,0,2,0,0.7953060269355774,0.017678169533610344,0.18701580166816711,1.0
10902,2,0,0,0.9833642244338989,0.0011248629307374358,0.015510871075093746,1.0
10903,1,2,2,0.16393764317035675,0.14659245312213898,0.6894699335098267,2.8862458642969914e-35
10904,1,0,0,0.6980565190315247,0.032369066029787064,0.2695744037628174,3.9149855855827e-36
10905,3,0,0,0.8258594870567322,0.15353190898895264,0.02060866728425026,0.9999682307243347
10906,4,0,0,0.9859001040458679,0.002267031464725733,0.011832899414002895,0.9999693036079407
10907,1,0,1,0.4270186424255371,0.5503105521202087,0.02267078310251236,2.8589983510596294e-38
10908,3,1,1,5.259196811380207e-08,0.9999996423721313,2.476324425515486e-07,0.999634861946106
10910,4,1,1,0.004392530303448439,0.9954071044921875,0.00020037480862811208,0.9998446106910706
10911,1,1,0,0.5214954018592834,0.4102838933467865,0.06822067499160767,2.339074480947703e-35
10913,1,0,0,0.8840368390083313,0.05926531180739403,0.05669788643717766,5.536530232547352e-40
10914,2,0,1,0.3594309985637665,0.6250320672988892,0.015536986291408539,1.0
10917,4,1,1,0.18783298134803772,0.7720364332199097,0.04013064131140709,0.9999848008155823
10918,2,0,0,0.8095438480377197,0.07224388420581818,0.11821235716342926,1.0
10919,0,1,0,0.8404458165168762,0.020570950582623482,0.13898319005966187,1.0
10920,3,0,0,0.9330061674118042,0.0401085801422596,0.026885289698839188,0.999983549118042
10922,4,2,0,0.8546159267425537,0.03641669452190399,0.10896744579076767,0.9999592900276184
10925,1,2,2,1.1432423889345955e-05,0.0015628186520189047,0.9984257221221924,2.8724433076522064e-15
10926,2,0,0,0.734257698059082,0.16081954538822174,0.10492269694805145,1.0
10927,2,0,0,0.8592974543571472,0.027175243943929672,0.11352729797363281,1.0
10929,4,1,0,0.7007030248641968,0.2952399253845215,0.004056998062878847,0.9998824596405029
10930,4,2,2,0.4695471525192261,0.006532004568725824,0.5239208936691284,0.9999611973762512
10931,4,0,0,0.7708761096000671,0.08238942176103592,0.14673446118831635,0.9999887347221375
10934,0,1,1,1.582263386978866e-08,1.0,7.026208059812689e-09,1.0
10935,0,2,0,0.49675828218460083,0.048453547060489655,0.4547881782054901,1.0
10936,3,1,0,0.9732426404953003,0.009555435739457607,0.017201874405145645,0.9999899864196777
10938,1,1,0,0.5022719502449036,0.04148118942975998,0.45624682307243347,1.6302548267488146e-37
10939,1,2,0,0.9133199453353882,0.04636530578136444,0.040314823389053345,0.0
10940,3,0,0,0.9195800423622131,0.06613975763320923,0.01428020466119051,0.9999728798866272
10942,4,0,0,0.8459867238998413,0.08337756991386414,0.07063566893339157,0.999965488910675
10943,0,1,1,0.025511767715215683,0.9698895812034607,0.004598588682711124,1.0
10946,2,2,0,0.5600441098213196,0.010481626726686954,0.42947426438331604,1.0
10947,0,0,0,0.5093410015106201,0.3503480553627014,0.14031094312667847,1.0
10948,0,0,0,0.943653404712677,0.004614160396158695,0.0517323799431324,1.0
10949,1,0,1,0.0019921744242310524,0.8305126428604126,0.16749514639377594,2.158952546314626e-20
10950,4,1,0,0.762804388999939,0.014592020772397518,0.22260357439517975,0.9994657039642334
10951,0,2,0,0.9757711291313171,0.006349681876599789,0.017879173159599304,1.0
10952,0,0,2,0.0021796030923724174,0.008985674008727074,0.988834798336029,1.0
10953,3,2,0,0.8570793867111206,0.001247091800905764,0.14167353510856628,0.9999706149101257
10954,2,0,1,0.005513111595064402,0.9944500923156738,3.686191121232696e-05,1.0
10955,4,1,0,0.9012811779975891,0.03549277037382126,0.06322602182626724,0.9998062252998352
10956,1,0,0,0.7968063950538635,0.02237636223435402,0.18081717193126678,8.379991081531812e-31
10957,0,1,0,0.8931103944778442,0.06250893324613571,0.04438072443008423,1.0
10959,0,0,1,0.005918179173022509,0.9936051964759827,0.00047660464770160615,1.0
10960,3,1,2,0.1807296723127365,0.0016773922834545374,0.8175929188728333,0.9995431900024414
10962,0,1,1,6.681733793811873e-06,0.9999932050704956,1.5558165955553704e-07,1.0
10963,4,1,1,0.007617155555635691,0.9912868142127991,0.0010960374493151903,0.9999621510505676
10964,4,1,0,0.7801424860954285,0.15430848300457,0.06554902344942093,0.9999874234199524
10965,2,1,0,0.836825966835022,0.07357283681631088,0.08960126340389252,1.0
10966,0,1,0,0.8729386925697327,0.03712604567408562,0.0899353101849556,1.0
10967,1,0,0,0.8975359797477722,0.020720386877655983,0.08174373209476471,0.0
10968,3,0,0,0.9853039383888245,0.0021344812121242285,0.012561576440930367,0.9999476671218872
10969,3,1,0,0.9630489349365234,0.0016328224446624517,0.03531818464398384,0.9999637603759766
10971,2,0,0,0.9618216156959534,0.0058250646106898785,0.032353270798921585,1.0
10972,3,0,0,0.7637256383895874,0.006249596364796162,0.23002475500106812,0.9992429614067078
10973,3,1,0,0.8620014786720276,0.029035603627562523,0.10896295309066772,0.9999560713768005
10974,4,0,0,0.7021817564964294,0.2813950181007385,0.01642322912812233,0.9999855160713196
10975,1,0,0,0.5005380511283875,0.3918563723564148,0.10760562121868134,0.0
10976,3,1,1,0.002704761689528823,0.9968675971031189,0.0004276527324691415,0.9999252557754517
10977,3,1,1,0.08002223819494247,0.9195653200149536,0.00041238279663957655,0.9999714493751526
10978,2,0,0,0.9412028789520264,0.021168634295463562,0.03762844204902649,1.0
10979,2,2,2,0.32349568605422974,0.09400426596403122,0.5825001001358032,1.0
10980,2,0,0,0.8984900712966919,0.030360383912920952,0.07114950567483902,1.0
10981,0,1,1,0.05658389627933502,0.9364035129547119,0.007012605667114258,1.0
10982,1,2,2,0.04138827323913574,0.00854458473622799,0.9500672221183777,1.4752290573311837e-26
10983,4,1,0,0.7874544858932495,0.05710628628730774,0.15543915331363678,0.9999872446060181
10984,2,2,0,0.9879119992256165,0.00042817217763513327,0.011659723706543446,1.0
10985,2,0,1,0.00016590447921771556,0.9998192191123962,1.4954474863770884e-05,1.0
10987,4,0,0,0.763029158115387,0.026781655848026276,0.21018922328948975,0.9999709129333496
10988,3,0,0,0.9505379796028137,0.009371367283165455,0.0400906577706337,0.99996417760849
10989,0,0,0,0.9074976444244385,0.01491719763725996,0.07758507877588272,1.0
10990,2,0,0,0.9943283200263977,0.003134602913632989,0.002537047490477562,1.0
10992,0,0,0,0.972459077835083,0.01068888045847416,0.01685209944844246,1.0
10993,2,0,0,0.8001080751419067,0.013702033087611198,0.18618987500667572,1.0
10995,2,1,0,0.7786463499069214,0.1691419631242752,0.05221164599061012,1.0
10997,0,0,0,0.6601988077163696,0.3050086498260498,0.03479258716106415,1.0
10998,1,1,0,0.9267009496688843,0.035102516412734985,0.038196537643671036,2.609775784750445e-22
10999,2,1,1,4.765757211089294e-08,1.0,3.277683235936024e-09,1.0
11000,3,1,0,0.8288622498512268,0.13000202178955078,0.04113573580980301,0.9999794960021973
11001,3,1,1,3.054094577237265e-06,0.9999967813491821,2.117189694672561e-07,0.9996975064277649
11002,0,1,1,0.4146646559238434,0.5659091472625732,0.01942622661590576,1.0
11005,2,1,1,0.07802638411521912,0.9077426791191101,0.014230914413928986,1.0
11006,4,0,1,0.3742724359035492,0.6177061796188354,0.008021382614970207,0.9999540448188782
11007,4,0,0,0.9695279598236084,0.013008723966777325,0.017463289201259613,0.9999809861183167
11010,0,0,0,0.8792441487312317,0.06393487006425858,0.05682092532515526,1.0
11011,4,0,0,0.931387722492218,0.0022137740161269903,0.06639838963747025,0.9999328851699829
11012,0,0,0,0.9689026474952698,0.0005639866576530039,0.030533315613865852,1.0
11014,1,0,0,0.7359243035316467,0.2531549036502838,0.01092088595032692,0.0
11015,4,0,0,0.9624727368354797,0.015447396785020828,0.02207990176975727,0.9999346137046814
11016,0,2,2,0.00012882455484941602,0.00018806617299560457,0.999683141708374,1.0
11017,2,2,0,0.6931622624397278,0.005096730310469866,0.30174100399017334,1.0
11018,0,0,0,0.9660471677780151,5.957946632406674e-05,0.03389322757720947,1.0
11019,3,2,2,9.18610183475721e-08,1.2738384612021036e-05,0.9999871253967285,0.9999222755432129
11020,3,1,0,0.8305891156196594,0.13285110890865326,0.036559831351041794,0.9999775290489197
11021,2,2,2,0.2689266502857208,0.04830700159072876,0.682766318321228,1.0
11022,4,0,0,0.9679727554321289,0.006274928338825703,0.025752218440175056,0.9999796152114868
11023,0,0,0,0.9911818504333496,0.001274820533581078,0.007543275132775307,1.0
11024,1,1,1,0.0056463200598955154,0.9938931465148926,0.00046058237785473466,2.513097258403311e-27
11025,0,1,1,7.6024289228371345e-06,0.9999836683273315,8.684987733431626e-06,1.0
11026,4,1,0,0.5077187418937683,0.4585994482040405,0.033681776374578476,0.9999035000801086
11027,0,1,1,7.063512441618514e-08,0.9999998807907104,2.540945454043708e-09,0.9999997019767761
11028,3,2,0,0.8671596050262451,0.08101685345172882,0.0518234558403492,0.9999672174453735
11029,3,0,0,0.7718622088432312,0.09213581681251526,0.13600192964076996,0.9999855160713196
11030,0,1,0,0.7497848868370056,0.1398821473121643,0.11033304035663605,1.0
11031,1,0,0,0.5855938196182251,0.3396160304546356,0.07479014992713928,0.0
11032,2,1,1,6.711030398065532e-09,1.0,2.4041044710543247e-09,1.0
11033,0,0,1,0.10123232007026672,0.8900977373123169,0.008669904433190823,1.0
11034,2,0,0,0.8614431023597717,0.024950940161943436,0.11360592395067215,1.0
11035,4,2,2,0.016424937173724174,0.001810287474654615,0.9817646741867065,0.9995650053024292
11036,4,0,0,0.8565940260887146,0.0005481983534991741,0.1428578644990921,0.9999160766601562
11037,2,0,0,0.6384609937667847,0.033958569169044495,0.32758042216300964,1.0
11039,0,0,1,0.00033120805164799094,0.9995473027229309,0.00012147580127930269,1.0
11040,3,0,1,0.00048105345922522247,0.9991514682769775,0.0003675018670037389,0.9997940063476562
11042,4,1,1,2.6481380700715818e-05,0.9989633560180664,0.0010101388907060027,0.9935431480407715
11044,3,1,0,0.7985898852348328,0.17027917504310608,0.031130902469158173,0.9999883770942688
11045,4,0,0,0.9352285265922546,0.04729853570461273,0.017472920939326286,0.9998462200164795
11046,3,0,0,0.9343828558921814,0.0414290726184845,0.024188030511140823,0.9999586939811707
11047,4,1,1,0.1481466293334961,0.802467942237854,0.0493854321539402,0.999932587146759
11049,3,0,0,0.8001871109008789,0.025042371824383736,0.17477048933506012,0.9999468326568604
11050,4,1,0,0.8758499622344971,0.05737790837883949,0.06677214056253433,0.9999328851699829
11051,2,0,0,0.9668288230895996,0.00036402299883775413,0.032807160168886185,1.0
11052,3,0,0,0.5836067199707031,0.04385518655180931,0.37253811955451965,0.9999672174453735
11053,1,1,1,3.556469891918823e-07,0.999998927116394,7.648714017705061e-07,2.743485073389983e-24
11054,4,0,0,0.912284255027771,0.0036061382852494717,0.08410955220460892,0.999911904335022
11055,0,1,1,0.20254844427108765,0.7896957397460938,0.007755845785140991,1.0
11056,3,0,0,0.9927794337272644,0.00022371133673004806,0.006996892858296633,0.9999759197235107
11057,1,1,1,0.0003587202518247068,0.9993264675140381,0.00031484675128012896,8.094637770754588e-35
11058,4,0,0,0.905463695526123,0.005904930178076029,0.0886312946677208,0.9994683265686035
11059,3,0,0,0.792194128036499,0.11711402237415314,0.09069181978702545,0.9999312162399292
11060,0,0,0,0.5528640151023865,0.001170878647826612,0.44596508145332336,1.0
11062,2,0,0,0.8380748629570007,0.05768848583102226,0.1042366549372673,1.0
11063,2,0,0,0.9257633090019226,0.022634441033005714,0.051602281630039215,1.0
11064,2,1,0,0.6516631245613098,0.2881494462490082,0.06018735468387604,1.0
11065,3,1,1,2.1382022623583907e-06,0.9999978542327881,1.4616106547293839e-08,0.9998388886451721
11066,2,0,0,0.7466554045677185,0.02161170355975628,0.2317328155040741,1.0
11068,3,0,0,0.9742858409881592,0.00222586072050035,0.023488277569413185,0.9999544620513916
11069,4,0,0,0.9423601031303406,0.017335446551442146,0.04030437394976616,0.9997568726539612
11070,2,0,0,0.9188287854194641,0.012178401462733746,0.06899280846118927,1.0
11071,4,0,0,0.9188875555992126,0.037195973098278046,0.04391656816005707,0.999929666519165
11072,3,0,0,0.6303562521934509,0.00395099725574255,0.36569273471832275,0.9999741911888123
11073,4,1,0,0.916246235370636,0.06235690042376518,0.021396910771727562,0.9999593496322632
11074,3,2,2,0.2814182937145233,0.019326677545905113,0.6992550492286682,0.9999799132347107
11075,4,1,1,0.0002634028787724674,0.9996387958526611,9.775834769243374e-05,0.9997990727424622
11077,3,0,1,0.27945780754089355,0.6797994375228882,0.04074281081557274,0.999951958656311
11078,4,0,0,0.7734181880950928,0.07563019543886185,0.15095168352127075,0.9999638795852661
11079,4,1,0,0.7128424644470215,0.24475957453250885,0.04239792376756668,0.9999513030052185
11080,0,1,1,7.532300116963597e-09,1.0,1.6611020892121076e-10,1.0
11081,2,0,0,0.9634246826171875,0.007528675254434347,0.029046641662716866,1.0
11082,0,0,0,0.9670676589012146,0.00452894251793623,0.028403380885720253,1.0
11083,0,0,0,0.916910707950592,0.019128995016217232,0.06396029144525528,1.0
11084,3,1,1,0.001568069914355874,0.9982808828353882,0.00015105320198927075,0.9999745488166809
11085,4,1,1,0.006907450035214424,0.9928054213523865,0.0002871856850106269,0.9996094107627869
11086,0,1,1,0.4142492115497589,0.5699490308761597,0.015801800414919853,1.0
11087,0,1,0,0.6520677208900452,0.2725469768047333,0.07538533955812454,1.0
11088,2,0,0,0.7642678022384644,0.01545797660946846,0.22027422487735748,1.0
11089,2,1,1,2.810105392825335e-08,1.0,2.0860784211151895e-09,1.0
11090,0,1,1,3.1580952054355294e-05,0.9999681711196899,2.766863644865225e-07,0.9999998211860657
11091,4,0,0,0.7980562448501587,0.058378029614686966,0.14356569945812225,0.9997509121894836
11092,4,0,0,0.6816215515136719,0.09111965447664261,0.2272588312625885,0.9999732971191406
11093,3,2,2,0.02667783945798874,0.03738563880324364,0.9359365105628967,0.99994957447052
11094,1,0,2,0.057144805788993835,0.0022472129203379154,0.9406079649925232,5.824009095541689e-32
11095,2,0,0,0.8059996962547302,0.0791836753487587,0.11481664329767227,1.0
11096,2,1,1,0.12093035131692886,0.8712819814682007,0.007787636481225491,1.0
11097,0,0,0,0.7856287360191345,0.17925319075584412,0.03511808440089226,1.0
11098,4,1,0,0.6432342529296875,0.006404793821275234,0.3503609597682953,0.9986321926116943
11099,4,2,0,0.823477029800415,0.0240879338234663,0.1524350643157959,0.9998066425323486
11100,3,1,1,2.4457642666675383e-06,0.9999972581863403,2.3792932779542753e-07,0.9999374747276306
11101,3,0,0,0.9749549627304077,0.009004144929349422,0.016040820628404617,0.9999738931655884
11103,0,1,1,0.0002647308283485472,0.999714195728302,2.100200072163716e-05,1.0
11104,2,0,0,0.9261457920074463,0.00551805691793561,0.06833621859550476,1.0
11106,0,0,0,0.8333614468574524,0.020986538380384445,0.14565204083919525,1.0
11107,4,1,1,0.015052375383675098,0.9732164740562439,0.011731200851500034,0.9993289113044739
11110,4,2,0,0.6608425378799438,0.12898005545139313,0.21017737686634064,0.9999759197235107
11111,3,0,0,0.440857857465744,0.16793113946914673,0.39121100306510925,0.9999617338180542
11112,0,1,1,0.045343708246946335,0.9529801607131958,0.0016761639853939414,1.0
11113,3,2,0,0.9523018598556519,0.03119473159313202,0.01650339551270008,0.999971330165863
11114,0,1,1,0.00899821799248457,0.9897508025169373,0.0012510190717875957,1.0
11115,2,1,0,0.49057266116142273,0.4723914563655853,0.03703586384654045,1.0
11116,3,1,1,0.24495863914489746,0.7485179901123047,0.00652341777458787,0.9999757409095764
11117,0,0,0,0.9416350722312927,0.00658285291865468,0.05178201571106911,1.0
11118,1,2,0,0.9275259971618652,0.0019891117699444294,0.07048483192920685,1.6135859608839872e-32
11121,2,0,0,0.901651918888092,0.013394851237535477,0.08495326340198517,1.0
11123,1,1,1,0.003983036149293184,0.9959918856620789,2.509039404685609e-05,1.942378401739422e-30
11124,1,1,1,2.985690844070632e-05,0.9999682903289795,1.8368511973676505e-06,8.140089453690582e-35
11125,0,0,0,0.9694334864616394,0.015797767788171768,0.014768674038350582,1.0
11128,2,1,1,0.00044531573075801134,0.9995311498641968,2.3564953153254464e-05,1.0
11129,4,1,1,7.59885078878142e-05,0.999921441078186,2.510459808036103e-06,0.9999831318855286
11130,1,0,0,0.9463004469871521,0.006603828631341457,0.04709571227431297,0.0
11131,1,0,0,0.9517167210578918,0.004831033758819103,0.043452177196741104,4.553477495823358e-32
11132,2,1,1,0.05282314121723175,0.9458053708076477,0.0013715144013985991,1.0
11133,0,1,1,0.0001448941620765254,0.9998427629470825,1.2293109648453537e-05,1.0
11134,1,2,0,0.9717280864715576,0.007842804305255413,0.02042912133038044,0.0
11135,3,1,0,0.6937982439994812,0.13594183325767517,0.17025992274284363,0.9999604821205139
11136,1,1,0,0.7148268818855286,0.15978258848190308,0.12539052963256836,0.0
11137,4,0,2,0.3230157792568207,0.16011765599250793,0.5168665647506714,0.9997785687446594
11139,2,2,1,0.013192298822104931,0.5149319171905518,0.47187575697898865,1.0
11140,1,1,1,0.005037570837885141,0.9949266910552979,3.5774784919340163e-05,0.0
11141,2,0,0,0.6097611784934998,0.3594953119754791,0.030743513256311417,1.0
11142,1,1,1,2.3126685846364126e-05,0.9996194839477539,0.00035740199382416904,9.512111506209975e-38
11143,4,0,0,0.9062227010726929,0.07587248086929321,0.017904790118336678,0.9999864101409912
11144,3,1,0,0.9190009832382202,0.04576876759529114,0.035230159759521484,0.9999794960021973
11145,0,1,0,0.8653753995895386,0.0458945631980896,0.08872999995946884,1.0
11146,3,0,0,0.9634901881217957,0.016224371269345284,0.020285451784729958,0.9999827146530151
11147,4,0,0,0.9805166125297546,0.007918518967926502,0.011564911343157291,0.9999260902404785
11148,3,0,2,0.11793512105941772,0.0007328693172894418,0.8813319206237793,0.9999718070030212
11150,4,0,0,0.5246624946594238,0.3746837079524994,0.10065384954214096,0.9999794960021973
11151,0,0,1,0.14495955407619476,0.8436412811279297,0.01139911636710167,1.0
11152,0,0,0,0.6372528076171875,0.0914226621389389,0.2713245749473572,1.0
11154,4,1,1,1.3970212648928282e-06,0.9999985694885254,6.394397233933091e-10,0.9999587535858154
11155,4,1,1,0.3797624707221985,0.5541484355926514,0.06608913838863373,0.9999778270721436
11157,1,0,0,0.7566062808036804,0.11640801280736923,0.12698569893836975,0.0
11158,0,1,1,0.0009597506723366678,0.9987508058547974,0.0002894443750847131,1.0
11159,1,1,1,1.0170640507567441e-07,0.9999997615814209,7.805257951076783e-08,6.965855085875582e-34
11160,4,0,0,0.6343005299568176,0.24499131739139557,0.120708167552948,0.9999134540557861
11161,4,2,0,0.8233451843261719,0.10916631668806076,0.06748849153518677,0.999988853931427
11162,4,1,1,0.0004939662758260965,0.9995051622390747,8.414781405008398e-07,0.9999263286590576
11164,3,1,0,0.558700680732727,0.4246752858161926,0.016624074429273605,0.999967634677887
11166,0,0,1,0.03093697689473629,0.9673916697502136,0.0016713234363123775,1.0
11167,0,1,1,0.1197189912199974,0.8742517232894897,0.006029325071722269,1.0
11169,1,2,0,0.6398307681083679,0.006107840221375227,0.35406139492988586,5.0241118201414096e-18
11170,3,2,2,0.4335029423236847,0.0732003003358841,0.49329668283462524,0.9999674558639526
11171,1,1,0,0.9121320843696594,0.0457804873585701,0.042087357491254807,0.0
11172,4,1,1,0.00045942619908601046,0.9995341300964355,6.49874391456251e-06,0.9999603629112244
11173,0,1,1,3.3463169529568404e-05,0.9999637603759766,2.7826188215840375e-06,1.0
11174,0,1,0,0.8834345936775208,0.06351901590824127,0.0530463270843029,0.9999998807907104
11175,1,0,0,0.9207906126976013,0.020073721185326576,0.059135694056749344,0.0
11176,0,1,1,6.399815447366564e-06,0.999992847442627,7.391211056528846e-07,1.0
11178,0,0,0,0.878875732421875,0.0027235245797783136,0.11840076744556427,0.9999998211860657
11180,0,0,0,0.9280598759651184,0.014357617124915123,0.05758243799209595,1.0
11181,1,0,0,0.9974599480628967,0.0003417515254113823,0.0021982856560498476,0.0
11182,3,1,1,0.0002435748028801754,0.9996480941772461,0.00010832454427145422,0.9989537000656128
11184,1,0,0,0.7416989207267761,0.00615927018225193,0.25214189291000366,7.12256579705981e-38
11185,3,0,0,0.8837977647781372,0.025363964959979057,0.09083832800388336,0.9999357461929321
11186,3,0,1,0.0195219274610281,0.980315625667572,0.0001623983116587624,0.9999659061431885
11188,0,2,0,0.5610377192497253,0.40365251898765564,0.035309724509716034,1.0
11190,0,0,1,0.1991117149591446,0.7952485680580139,0.0056397211737930775,1.0
11191,3,1,1,5.65209688829782e-07,0.9999992847442627,1.3964833556201484e-07,0.9998509883880615
11192,1,1,1,0.024911249056458473,0.9745092988014221,0.0005795030738227069,3.1704752182298654e-36
11193,2,1,1,0.027518633753061295,0.9723453521728516,0.00013607229629997164,1.0
11194,2,0,0,0.9625489115715027,0.005398256704211235,0.03205281123518944,1.0
11195,1,1,1,3.716654717322854e-08,1.0,8.931206885165466e-09,7.520149919073105e-35
11196,1,2,0,0.9285341501235962,0.015199288725852966,0.056266527622938156,0.0
11197,4,1,1,0.40286365151405334,0.5850549340248108,0.012081438675522804,0.9999312162399292
11198,2,0,0,0.9114975929260254,0.08505751192569733,0.0034449293743819,1.0
11199,4,0,0,0.9448220133781433,0.028291499242186546,0.02688652090728283,0.9999849200248718
11200,4,0,0,0.8381235003471375,0.006781597621738911,0.15509489178657532,0.9999702572822571
11204,2,1,1,0.001420810236595571,0.9983716607093811,0.00020756853336934,1.0
11205,4,0,2,0.05136536434292793,0.30902349948883057,0.6396110653877258,0.9999836683273315
11206,1,0,0,0.9887897968292236,0.0009964570635929704,0.010213731788098812,2.886984150513592e-32
11208,2,2,0,0.7363415360450745,0.06082870438694954,0.2028297632932663,1.0
11209,2,0,2,0.07418017834424973,0.017374075949192047,0.9084456562995911,1.0
11210,4,1,1,0.07143517583608627,0.9272052645683289,0.0013595748459920287,0.9998254776000977
11211,2,0,0,0.964944064617157,0.0010324125178158283,0.03402356058359146,1.0
11212,0,0,0,0.8103229403495789,0.06861179322004318,0.12106527388095856,1.0
11214,1,0,0,0.9633683562278748,0.0016586554702371359,0.03497302532196045,0.0
11215,4,2,2,0.0006254196632653475,0.00011745605297619477,0.9992571473121643,0.9995588660240173
11216,0,1,1,0.01671004109084606,0.9829892516136169,0.0003007040359079838,1.0
11217,2,1,1,0.014967644587159157,0.9848192930221558,0.00021303622634150088,1.0
11218,4,0,0,0.9153002500534058,0.05728801339864731,0.027411703020334244,0.999984085559845
11219,0,0,0,0.9388711452484131,0.0005313780857250094,0.0605974979698658,1.0
11220,2,0,0,0.6730875968933105,0.03570651635527611,0.29120585322380066,1.0
11221,2,1,1,0.018244579434394836,0.981088399887085,0.0006670610746368766,1.0
11222,3,1,1,0.012803776189684868,0.9853633642196655,0.0018329326994717121,0.9999441504478455
11224,4,0,0,0.8802306652069092,0.09734641015529633,0.02242293953895569,0.9999781250953674
11225,3,1,1,0.0011715819127857685,0.9977273344993591,0.0011011273600161076,0.9998437762260437
11226,0,1,1,0.006259582005441189,0.9932360053062439,0.0005044094286859035,1.0
11227,4,0,0,0.7909759879112244,0.03641612082719803,0.17260794341564178,0.9999911189079285
11228,0,0,0,0.9455743432044983,0.015747439116239548,0.03867831453680992,1.0
11229,0,2,2,1.279141451959731e-05,5.9099031204823405e-05,0.9999281167984009,1.0
11231,1,0,0,0.9406169056892395,0.002584743546321988,0.05679833143949509,9.129124227356049e-32
11232,1,0,0,0.753734290599823,0.013576186262071133,0.2326894998550415,6.496993952418529e-31
11234,4,0,0,0.9552127718925476,0.0027429803740233183,0.04204418510198593,0.999981701374054
11235,0,1,0,0.9240710735321045,0.051287319511175156,0.02464165724813938,1.0
11237,3,0,0,0.6216062903404236,0.33294677734375,0.04544694721698761,0.9999784231185913
11238,1,0,0,0.8793609738349915,0.05984730273485184,0.060791630297899246,0.0
11239,4,0,0,0.6126799583435059,0.3768557012081146,0.010464339517056942,0.9998945593833923
11242,1,0,0,0.8878633975982666,0.00817611999809742,0.10396043211221695,0.0
11243,3,0,1,0.011809427291154861,0.9878218770027161,0.00036865362199023366,0.9999804496765137
11244,3,0,0,0.8909314870834351,0.010738201439380646,0.09833037853240967,0.9999715089797974
11245,2,0,0,0.8971537351608276,0.026083849370479584,0.07676243036985397,1.0
11246,1,0,0,0.9371185302734375,0.0013388833031058311,0.06154259666800499,1.6515199792370426e-27
11247,4,0,0,0.7455371618270874,0.21402114629745483,0.040441788733005524,0.9999806880950928
11248,1,1,1,1.7536440282128751e-06,0.9999980926513672,1.4085622979109758e-07,0.0
11249,3,0,0,0.5614890456199646,0.1293875277042389,0.3091234266757965,0.9999760985374451
11250,2,0,0,0.9307384490966797,0.008406171575188637,0.06085526570677757,1.0
11251,4,1,1,0.0006961625185795128,0.9993021488189697,1.7261401126233977e-06,0.9999157786369324
11256,3,2,0,0.503089964389801,0.017352327704429626,0.47955769300460815,0.999947726726532
11257,2,0,0,0.798555850982666,0.054086968302726746,0.14735715091228485,1.0
11259,0,0,0,0.5620478391647339,0.03307932987809181,0.4048728346824646,1.0
11260,1,0,0,0.7954331040382385,0.020197028294205666,0.18436983227729797,3.2902809808541583e-32
11262,4,1,1,0.0005568891065195203,0.9993979930877686,4.510816506808624e-05,0.9999746084213257
11263,3,0,0,0.9914736747741699,6.263004615902901e-05,0.008463721722364426,0.9999892115592957
11264,2,1,0,0.5605906844139099,0.4068269729614258,0.03258233889937401,1.0
11265,3,0,0,0.950462281703949,0.014637862332165241,0.034899864345788956,0.9999614953994751
11266,4,1,1,0.0009967474034056067,0.9990000128746033,3.2315440421371022e-06,0.9999436140060425
11267,0,0,0,0.8986790180206299,0.029924215748906136,0.07139673084020615,1.0
11268,1,0,0,0.8899967074394226,0.039107196033000946,0.07089608162641525,0.0
11269,4,0,0,0.6364158987998962,0.11771221458911896,0.2458718717098236,0.9999907612800598
11271,4,1,1,0.4826689660549164,0.5040478110313416,0.013283230364322662,0.9999333620071411
11272,4,0,0,0.805604875087738,0.076106958091259,0.11828819662332535,0.9999860525131226
11273,3,2,0,0.5476244688034058,0.003758272621780634,0.44861724972724915,0.9999529719352722
11274,4,0,0,0.8023891448974609,0.11868977546691895,0.07892102003097534,0.9999437928199768
11275,1,1,1,0.00041696149855852127,0.9995641112327576,1.890061321319081e-05,3.4669153934564575e-30
11276,3,0,0,0.5257378816604614,0.19790413975715637,0.276358038187027,0.9998695254325867
11277,4,0,0,0.7120122909545898,0.010741349309682846,0.27724629640579224,0.9995188117027283
11278,0,0,0,0.6747220158576965,0.25840526819229126,0.06687266379594803,1.0
11280,2,0,0,0.9477616548538208,0.0061931912787258625,0.04604508727788925,1.0
11281,1,1,1,4.4788689592678566e-06,0.9999954700469971,1.3509666274558185e-08,0.0
11282,3,1,1,2.139401840395294e-05,0.9999725818634033,6.078361820982536e-06,0.9999336004257202
11284,3,0,0,0.9296161532402039,0.003034349065274,0.06734955310821533,0.9999747276306152
11285,0,0,0,0.6719844937324524,0.3032984435558319,0.0247170552611351,1.0
11286,0,0,0,0.9701830148696899,0.003648175159469247,0.026168812066316605,1.0
11287,2,0,2,0.4747457802295685,0.007179101929068565,0.5180751085281372,1.0
11289,4,0,0,0.9518886208534241,0.007686846889555454,0.04042455554008484,0.9999706149101257
11290,0,0,0,0.9342824220657349,0.022184211760759354,0.04353329539299011,1.0
11291,0,0,0,0.8343644142150879,0.07128262519836426,0.09435293078422546,1.0
11292,0,1,1,0.0047443341463804245,0.9937232136726379,0.0015324086416512728,1.0
11293,3,0,0,0.7026954293251038,0.04739866033196449,0.24990592896938324,0.9999780058860779
11294,2,1,1,0.0010306643089279532,0.9988046884536743,0.00016465979570057243,1.0
11295,0,0,0,0.9674108624458313,0.0014619305729866028,0.03112724795937538,1.0
11297,0,0,1,0.18684950470924377,0.7847691774368286,0.02838127315044403,1.0
11298,3,0,0,0.751987099647522,0.0025353727396577597,0.24547749757766724,0.9999488592147827
11299,3,2,2,0.0001842956116888672,0.00011808716953964904,0.9996976852416992,0.9995235204696655
11300,3,0,2,0.2186182588338852,0.010359016247093678,0.7710227966308594,0.999972403049469
11301,0,1,0,0.6244691610336304,0.3272194564342499,0.04831131920218468,1.0
11302,3,1,1,0.06568486243486404,0.9337579607963562,0.0005571226356551051,0.9999589920043945
11303,1,0,0,0.8777517080307007,0.10623536258935928,0.01601301319897175,0.0
11304,0,0,2,0.0018749864539131522,0.0036638297606259584,0.994461178779602,1.0
11305,2,0,0,0.9117898344993591,0.07964443415403366,0.008565758354961872,1.0
11306,2,0,0,0.8116583228111267,0.12599310278892517,0.062348611652851105,1.0
11307,2,0,0,0.8813769221305847,0.08810951560735703,0.030513523146510124,1.0
11308,1,0,2,0.04300624132156372,0.00040687539149075747,0.9565868973731995,4.3808621931807524e-34
11309,2,0,0,0.5182563066482544,0.4409712851047516,0.040772415697574615,1.0
11310,1,0,0,0.8473981618881226,0.09573627263307571,0.056865476071834564,0.0
11311,4,1,1,0.008179660886526108,0.991248607635498,0.0005717448657378554,0.9997330904006958
11314,3,1,1,0.020042389631271362,0.9777867794036865,0.0021708544809371233,0.9999219179153442
11315,4,1,1,2.2716999410477e-06,0.9999977350234985,1.2509657754122827e-09,0.9999297261238098
11316,3,1,1,0.03409968316555023,0.9629740118980408,0.0029263687320053577,0.9998939633369446
11317,0,0,0,0.9011065363883972,0.08409725874662399,0.014796216040849686,1.0
11321,2,0,0,0.8718231916427612,0.027198551222682,0.10097824037075043,1.0
11323,4,0,1,0.4805270731449127,0.48403114080429077,0.035441841930150986,0.9999910593032837
11324,2,0,0,0.8224657773971558,0.0038603339344263077,0.17367392778396606,1.0
11327,2,2,0,0.6512607932090759,0.0007716687978245318,0.3479674458503723,1.0
11329,0,1,1,1.5867030015215278e-05,0.9999488592147827,3.527149965520948e-05,1.0
11331,2,1,1,0.06425538659095764,0.9317505359649658,0.00399405462667346,1.0
11332,2,1,1,0.00530491815879941,0.9934980869293213,0.0011970001505687833,1.0
11334,3,1,1,0.007122399285435677,0.9927014112472534,0.00017621046572458,0.9999319314956665
11335,4,0,0,0.8235288262367249,0.1327046900987625,0.04376651346683502,0.9999822378158569
11337,3,0,0,0.9556293487548828,0.003930407110601664,0.040440287441015244,0.9999225735664368
11338,1,0,0,0.9248202443122864,0.0019210779573768377,0.07325869053602219,7.025356922796082e-22
11340,1,0,0,0.9557846188545227,0.00512255635112524,0.03909280151128769,0.0
11341,3,0,0,0.8939505219459534,0.08278682827949524,0.023262672126293182,0.9999708533287048
11342,2,1,1,0.2777458727359772,0.41914084553718567,0.30311328172683716,1.0
11344,3,1,1,3.1510851385974092e-06,0.9999628067016602,3.399220804567449e-05,0.9999222755432129
11345,3,0,0,0.896934449672699,0.001973963575437665,0.10109154880046844,0.9997749328613281
11346,4,0,0,0.8279829025268555,0.08594118803739548,0.08607587218284607,0.9998807907104492
11347,4,1,1,0.032085005193948746,0.9671089053153992,0.0008061288390308619,0.9989480972290039
11349,2,0,0,0.7387369275093079,0.027060341089963913,0.2342027872800827,1.0
11350,1,0,0,0.6590123772621155,0.011759566143155098,0.32922807335853577,0.0
11351,4,1,1,8.828122954884776e-11,1.0,2.1711619047765085e-12,0.9999268054962158
11352,4,0,0,0.901391327381134,0.022910868749022484,0.0756978839635849,0.9998693466186523
11354,1,0,0,0.9021286964416504,0.06763955950737,0.030231701210141182,2.1561827215409934e-31
11357,3,1,1,0.008438130840659142,0.9914030432701111,0.00015881388389971107,0.9995880722999573
11358,2,1,1,0.20498888194561005,0.7782765626907349,0.016734560951590538,1.0
11360,4,0,0,0.7243182063102722,0.17278549075126648,0.10289628803730011,0.9999366402626038
11361,4,1,1,0.00015470056678168476,0.9997015595436096,0.00014375752652995288,0.9999074935913086
11363,1,2,2,0.00455443887040019,0.0006422659498639405,0.994803249835968,3.1531658235388204e-27
11364,1,1,1,0.0009481898159720004,0.9990208148956299,3.102717892033979e-05,1.7088374262375556e-26
11365,1,0,0,0.9449406862258911,0.008788914419710636,0.046270303428173065,7.184919655086564e-40
11366,4,0,0,0.9414212107658386,0.006654222961515188,0.05192457139492035,0.9999861717224121
11367,4,0,0,0.3861764371395111,0.31323251128196716,0.30059105157852173,0.9999610185623169
11368,1,0,0,0.7511551976203918,0.1179782897233963,0.13086658716201782,3.450808537334014e-34
11370,1,0,0,0.9743398427963257,0.015118303708732128,0.010541883297264576,0.0
11371,1,1,0,0.7344890832901001,0.23398123681545258,0.03152971714735031,0.0
11372,1,0,0,0.8737128376960754,0.01595008186995983,0.11033706367015839,3.510578034637083e-38
11373,0,0,0,0.9890494346618652,0.0006296316860243678,0.01032090000808239,1.0
11374,3,1,0,0.5394455194473267,0.2285342961549759,0.23202019929885864,0.9999588131904602
11375,1,0,2,0.3835488557815552,0.00029434036696329713,0.6161568760871887,4.450157248235658e-28
11376,4,0,0,0.9252045750617981,0.015409124083817005,0.059386298060417175,0.9999727010726929
11377,4,1,0,0.8026620745658875,0.028585335239768028,0.16875258088111877,0.9999696016311646
11380,3,0,0,0.8835495114326477,0.015190997160971165,0.10125947743654251,0.9999298453330994
11381,2,1,1,0.030662160366773605,0.9612968564033508,0.008040948770940304,1.0
11382,1,1,0,0.6420376896858215,0.22535516321659088,0.13260707259178162,7.525540088725728e-34
11384,3,1,0,0.8193174004554749,0.1621667742729187,0.018515847623348236,0.9999070763587952
11385,1,0,2,0.3235534131526947,0.00293725379742682,0.6735092997550964,0.0
11386,3,0,2,0.44117671251296997,0.0017073078779503703,0.5571159720420837,0.9999701380729675
11387,4,1,1,0.15029674768447876,0.8460158705711365,0.003687364747747779,0.9998795390129089
11388,4,0,0,0.9168254137039185,0.06449483335018158,0.018679725006222725,0.9999884366989136
11389,2,0,0,0.7267442345619202,0.020759183913469315,0.25249654054641724,1.0
11390,0,0,0,0.9882845878601074,0.00466657429933548,0.007048799656331539,1.0
11391,2,1,1,0.005897666793316603,0.9927752017974854,0.00132716353982687,1.0
11392,3,0,0,0.9514714479446411,0.00034138746559619904,0.04818714037537575,0.9999923706054688
11393,2,0,0,0.894695520401001,0.006251093931496143,0.09905340522527695,1.0
11395,1,1,1,0.0003337768721394241,0.9994912147521973,0.0001749428774928674,1.7910539888938867e-27
11396,0,0,1,0.009046209044754505,0.6331578493118286,0.35779592394828796,1.0
11397,3,0,0,0.8518159985542297,0.06956255435943604,0.07862142473459244,0.9997183084487915
11398,0,0,0,0.8671160340309143,0.07748014479875565,0.05540386959910393,1.0
11399,4,0,0,0.9380979537963867,0.0026449833530932665,0.05925707519054413,0.9998129606246948
11401,1,0,1,0.31555795669555664,0.4096190929412842,0.2748229503631592,7.358758280007482e-28
11402,0,0,0,0.95216304063797,0.011754068545997143,0.036082856357097626,1.0
11403,3,0,0,0.8693978786468506,0.021288089454174042,0.1093139722943306,0.9999855160713196
11404,1,0,0,0.7005653381347656,0.01751152239739895,0.2819231152534485,7.772339487176442e-38
11405,0,0,2,0.28136658668518066,0.1302085816860199,0.588424801826477,1.0
11406,0,0,0,0.887678861618042,0.06919817626476288,0.043122973293066025,1.0
11407,1,0,1,0.3150573670864105,0.6697967648506165,0.01514591183513403,0.0
11409,1,0,0,0.8620893955230713,0.001640253234654665,0.13627034425735474,3.877154630047834e-40
11410,0,1,1,0.3976789712905884,0.5489868521690369,0.053334202617406845,1.0
11411,2,1,0,0.7436816692352295,0.23822647333145142,0.018091848120093346,1.0
11412,4,0,0,0.5729261636734009,0.33808332681655884,0.08899056911468506,0.9999735951423645
11413,3,1,1,0.00012630187848117203,0.9998432397842407,3.049314364034217e-05,0.9999162554740906
11414,3,1,1,0.0023102739360183477,0.9973224997520447,0.0003672477905638516,0.999968409538269
11415,1,0,2,0.2360210120677948,0.026471195742487907,0.7375078201293945,7.086311573588692e-34
11416,3,2,2,9.289214358432218e-05,4.218970570946112e-05,0.999864935874939,0.9999604225158691
11417,0,0,0,0.8951475620269775,0.040749482810497284,0.0641029104590416,1.0
11418,0,1,1,0.19013215601444244,0.8035104274749756,0.006357381120324135,1.0
11419,2,1,1,0.08077331632375717,0.9178895354270935,0.0013371091336011887,1.0
11421,3,0,0,0.9653289318084717,0.017512377351522446,0.017158634960651398,0.9999198913574219
11423,3,2,2,0.001995930913835764,0.003759991144761443,0.9942440390586853,0.9999532103538513
11425,3,1,1,1.1714327229128685e-05,0.9999735355377197,1.4693378943775315e-05,0.9998549222946167
11427,0,1,1,0.0026204604655504227,0.9970729351043701,0.00030653949943371117,1.0
11428,2,0,0,0.9669104814529419,0.007399086840450764,0.025690419599413872,1.0
11429,2,1,1,0.0014374314341694117,0.9984966516494751,6.594041042262688e-05,1.0
11430,2,0,1,0.11126645654439926,0.8831773996353149,0.005556173622608185,1.0
11431,4,2,0,0.7035148739814758,0.047202978283166885,0.24928219616413116,0.9999680519104004
11432,0,1,1,2.859104313301941e-07,0.9999996423721313,2.5557707061807378e-08,1.0
11433,4,2,0,0.8599552512168884,0.055629532784223557,0.08441518247127533,0.9999951124191284
11435,1,1,1,0.36087149381637573,0.5405820608139038,0.09854640811681747,2.1528316463237884e-37
11437,4,2,1,7.390577927424147e-09,0.9999339580535889,6.599245534744114e-05,0.9998628497123718
11438,2,0,0,0.9734033346176147,0.004727328196167946,0.021869303658604622,1.0
11439,3,0,0,0.5409132838249207,0.4380817413330078,0.02100491151213646,0.9999868869781494
11440,1,1,1,0.04543135687708855,0.949417769908905,0.005150940734893084,0.0
11442,1,1,1,0.3217119872570038,0.5767205357551575,0.10156747698783875,5.563276536076227e-38
11443,2,0,0,0.9400858879089355,0.016403095796704292,0.0435110479593277,1.0
11444,1,1,1,0.12329759448766708,0.8751774430274963,0.0015250087017193437,5.819795044721262e-35
11445,2,0,0,0.8812730312347412,0.07977201789617538,0.038954999297857285,1.0
11446,4,0,0,0.8280478119850159,0.04144302010536194,0.13050919771194458,0.9999875426292419
11448,4,0,0,0.8982038497924805,0.07888970524072647,0.022906402125954628,0.9997549057006836
11449,2,0,0,0.6126124858856201,0.2587672472000122,0.12862034142017365,1.0
11451,1,1,1,4.181044459983241e-06,0.9999954700469971,3.4896123679573066e-07,1.3107366475774077e-36
11452,4,0,0,0.8852832913398743,0.0005981138092465699,0.11411866545677185,0.9999786615371704
11453,2,1,1,0.14397785067558289,0.8530418276786804,0.0029803018551319838,1.0
11454,4,0,2,0.32857346534729004,0.009245876222848892,0.6621806621551514,0.9999589920043945
11455,2,0,0,0.7158501744270325,0.08371169865131378,0.20043814182281494,1.0
11456,3,0,0,0.559800386428833,0.3104723393917084,0.12972718477249146,0.9999864101409912
11458,2,1,1,0.15981517732143402,0.8340834379196167,0.006101361941546202,1.0
11459,0,0,0,0.9443185329437256,0.016987554728984833,0.03869388625025749,1.0
11460,3,1,1,3.888367427862249e-05,0.9999597072601318,1.4398979146790225e-06,0.9998694658279419
11461,0,0,0,0.8970999717712402,0.05721693113446236,0.0456831194460392,1.0
11463,0,0,0,0.9749002456665039,0.014379977248609066,0.010719704441726208,1.0
11464,4,0,0,0.9881266355514526,0.0021947952918708324,0.009678549133241177,0.9998898506164551
11465,4,0,0,0.6329010725021362,0.18306134641170502,0.18403761088848114,0.9999889135360718
11467,1,0,0,0.6389508247375488,0.003240309190005064,0.357808917760849,1.826796281349569e-34
11468,2,0,0,0.9425170421600342,0.019674666225910187,0.03780829533934593,1.0
11469,0,0,0,0.7200571894645691,0.00781278870999813,0.2721300423145294,1.0
11470,4,1,0,0.760498583316803,0.1925898939371109,0.04691150411963463,0.9995092153549194
11471,1,0,0,0.9653326869010925,0.0035016920883208513,0.031165635213255882,1.7443793762803563e-35
11472,0,1,1,0.00018020726565737277,0.9998052716255188,1.4504017599392682e-05,1.0
11473,1,1,1,0.022089505568146706,0.9767228960990906,0.0011876007774844766,7.90587370199704e-40
11474,0,0,1,0.2624475955963135,0.6845484375953674,0.0530039519071579,0.9999999403953552
11475,0,0,2,0.24578578770160675,0.004557822830975056,0.7496563196182251,1.0
11476,0,0,0,0.8827562928199768,0.029131388291716576,0.08811233192682266,1.0
11477,2,1,0,0.5654134750366211,0.4290836751461029,0.0055028824135661125,1.0
11478,0,0,0,0.8455196022987366,0.027233490720391273,0.1272469162940979,1.0
11479,1,0,0,0.9459362626075745,0.0009225825779139996,0.05314111337065697,1.63099276939304e-30
11480,3,0,0,0.9759147763252258,0.0013784749899059534,0.022706735879182816,0.999910295009613
11481,1,0,0,0.7047249674797058,0.03664780780673027,0.2586272060871124,1.5431098689144886e-40
11482,2,0,1,0.4530113637447357,0.540769636631012,0.00621900474652648,1.0
11483,4,0,0,0.9085003733634949,0.0024628883693367243,0.08903681486845016,0.9998234510421753
11484,0,0,0,0.8695462346076965,0.005730689037591219,0.12472305446863174,1.0
11485,0,1,1,0.08767091482877731,0.9003481864929199,0.011980937793850899,1.0
11486,3,0,0,0.6935250163078308,0.13683943450450897,0.1696355640888214,0.9999427795410156
11487,4,0,0,0.9287358522415161,0.009942780248820782,0.06132140010595322,0.9998296499252319
11488,3,0,2,0.002258334308862686,0.0012293125037103891,0.9965123534202576,0.9999633431434631
11489,1,0,0,0.8500930666923523,0.06509578227996826,0.08481111377477646,0.0
11490,3,0,0,0.8214412331581116,0.08724307268857956,0.09131564199924469,0.9999802708625793
11492,3,0,0,0.9824166297912598,0.0003101080365013331,0.017273306846618652,0.9999876022338867
11493,0,1,1,8.181112934835255e-05,0.9999115467071533,6.575749921466922e-06,1.0
11494,1,0,0,0.866729199886322,0.01822643354535103,0.11504436284303665,0.0
11498,4,0,0,0.7219782471656799,0.11771939694881439,0.16030240058898926,0.9999027848243713
11499,1,0,0,0.8304541707038879,0.05562698841094971,0.11391881108283997,2.0359339271313478e-39
11501,4,0,1,0.16164913773536682,0.7849317789077759,0.053419165313243866,0.9998734593391418
11502,2,1,1,0.006691016256809235,0.9932470321655273,6.192133878357708e-05,1.0
11503,4,0,0,0.8296788334846497,0.11368128657341003,0.0566398985683918,0.9999560117721558
11504,4,0,2,0.04505575820803642,0.0009091253741644323,0.9540350437164307,0.9998687505722046
11505,3,0,0,0.85336834192276,0.0012526648351922631,0.1453789919614792,0.9999717473983765
11506,0,0,0,0.4366494417190552,0.28266698122024536,0.28068357706069946,1.0
11507,2,0,0,0.9027928113937378,0.0003439000865910202,0.09686335921287537,1.0
11508,2,0,0,0.6416622400283813,0.0011508221505209804,0.357186883687973,1.0
11509,2,2,2,0.11642557382583618,0.02581137977540493,0.8577629923820496,1.0
11510,4,0,2,0.08527188748121262,0.0005399558576755226,0.9141880869865417,0.9999896883964539
11511,1,0,0,0.9779636263847351,0.001791717833839357,0.020244650542736053,6.881128797889273e-38
11512,2,1,1,0.22732841968536377,0.7401036620140076,0.032567936927080154,1.0
11513,2,0,0,0.9603567719459534,0.012889601290225983,0.02675367332994938,1.0
11514,4,1,1,2.938424950116314e-05,0.9999696016311646,1.0273632824464585e-06,0.9983658194541931
11517,4,0,0,0.7131009697914124,0.030237918719649315,0.2566610872745514,0.9999728798866272
11519,1,0,0,0.8594373464584351,0.03609011322259903,0.1044725626707077,6.428073767214078e-35
11520,1,0,0,0.9792056679725647,0.0021861994173377752,0.018608156591653824,1.7957994348834005e-38
11521,2,1,1,0.003297158982604742,0.9949302077293396,0.0017725556390359998,1.0
11522,1,1,1,0.0023558165412396193,0.9961209893226624,0.0015231538563966751,0.0
11523,3,0,0,0.7723745107650757,0.01024555042386055,0.21737994253635406,0.9999670386314392
11524,3,1,1,0.014105060137808323,0.9849309921264648,0.0009639596682973206,0.9999598264694214
11525,2,1,0,0.89071124792099,0.04375028237700462,0.06553847342729568,1.0
11526,3,0,2,0.346754252910614,0.016363531351089478,0.6368821859359741,0.9999449253082275
11527,4,0,0,0.7335198521614075,0.2163677215576172,0.050112441182136536,0.9999822378158569
11528,2,0,0,0.5363467931747437,0.45856356620788574,0.00508964853361249,1.0
11529,4,0,2,0.34072715044021606,0.0072128260508179665,0.6520600914955139,0.999675989151001
11530,0,0,1,0.19527319073677063,0.7618570327758789,0.042869776487350464,1.0
11531,0,1,1,1.1877008319061133e-06,0.9999986886978149,1.149437451886115e-07,1.0
11532,0,0,0,0.6313998103141785,0.27984243631362915,0.08875775337219238,1.0
11533,4,0,0,0.9208168983459473,0.008843074552714825,0.07034000009298325,0.9997546076774597
11534,2,0,0,0.8199687004089355,0.04959193244576454,0.13043934106826782,1.0
11535,3,0,1,0.015736576169729233,0.982742428779602,0.001520919264294207,0.9998018145561218
11536,1,1,1,0.007379776798188686,0.9924426674842834,0.00017755637236405164,1.1106878433810021e-27
11537,3,0,0,0.9874354600906372,0.0104141253978014,0.002150325570255518,0.9999569058418274
11539,3,0,1,0.3617302179336548,0.6223857402801514,0.01588408276438713,0.9999608397483826
11540,0,0,0,0.7664605379104614,0.08370005339384079,0.1498393714427948,1.0
11543,2,0,0,0.8473597168922424,0.01891830377280712,0.13372187316417694,1.0
11544,0,0,0,0.9405088424682617,0.004806421231478453,0.05468472093343735,1.0
11546,2,0,0,0.8921909928321838,0.019727211445569992,0.08808182924985886,1.0
11547,0,0,0,0.8437575697898865,0.1051173284649849,0.05112511292099953,0.9999997615814209
11548,1,0,2,0.06795915216207504,0.001758385100401938,0.930282473564148,3.682472563414201e-31
11549,0,0,0,0.7566031217575073,0.07910335063934326,0.164293572306633,1.0
11550,0,1,1,0.0008175661787390709,0.9991728663444519,9.572835551807657e-06,1.0
11551,4,0,0,0.7395517826080322,0.0984831303358078,0.16196508705615997,0.999929666519165
11552,2,1,1,0.00026654097018763423,0.9997261166572571,7.346052825596416e-06,1.0
11553,4,0,0,0.7973135709762573,0.12301743775606155,0.07966899126768112,0.9998385310173035
11554,3,0,1,0.315245658159256,0.6564376950263977,0.028316663578152657,0.9999628663063049
11555,1,0,1,0.07743728160858154,0.9144642353057861,0.008098535239696503,0.0
11556,1,0,0,0.7650222182273865,0.1937386393547058,0.041239045560359955,1.7709003229901985e-38
11557,0,1,1,2.1908009273374773e-07,0.9999995231628418,2.954693059109559e-07,1.0
11559,3,0,0,0.9766330718994141,0.014149277471005917,0.009217582643032074,0.9999862909317017
11560,3,1,0,0.8159764409065247,0.04098452627658844,0.1430390477180481,0.9999692440032959
11561,0,0,0,0.7425873875617981,0.03793656826019287,0.21947601437568665,1.0
11563,1,1,1,9.168464021058753e-05,0.9999061822891235,2.1200880837568548e-06,1.1194754828930529e-37
11564,1,0,0,0.8464556932449341,0.08048851042985916,0.07305581122636795,1.8667554459193842e-29
11565,1,1,0,0.959770679473877,0.029339760541915894,0.010889574885368347,0.0
11566,2,0,0,0.9431583881378174,0.012582371942698956,0.044259265065193176,1.0
11568,3,1,1,0.4197278320789337,0.5739790797233582,0.006293125916272402,0.999954104423523
11569,3,1,1,7.65123259043321e-05,0.9999217987060547,1.6749896758483374e-06,0.9999316930770874
11570,2,0,0,0.7131938934326172,0.25136521458625793,0.03544091805815697,1.0
11572,2,0,0,0.6264549493789673,0.13658951222896576,0.23695555329322815,1.0
11573,1,0,0,0.7746332883834839,0.005116625688970089,0.2202499955892563,2.998709489510971e-38
11574,0,1,1,0.02524050883948803,0.9674098491668701,0.0073496634140610695,1.0
11575,3,1,0,0.7035667300224304,0.14042223989963531,0.15601101517677307,0.9999828934669495
11577,1,0,0,0.8061190843582153,0.024033252149820328,0.16984765231609344,0.0
11578,2,0,0,0.9546088576316833,0.004040859639644623,0.041350264102220535,1.0
11579,3,1,1,0.004827173426747322,0.9893954396247864,0.005777375306934118,0.9999721646308899
11581,1,1,1,0.017157359048724174,0.9823819994926453,0.00046068636584095657,1.3183548425071087e-33
11583,4,0,0,0.9395120143890381,0.03157918155193329,0.028908774256706238,0.9999901056289673
11584,2,0,0,0.9322655200958252,0.03657880425453186,0.031155722215771675,1.0
11585,0,0,1,0.2670597434043884,0.7251007556915283,0.007839520461857319,1.0
11586,1,0,0,0.8967815637588501,0.048418909311294556,0.05479944124817848,1.6363692244420802e-38
11590,3,0,1,0.1765831708908081,0.8143683671951294,0.009048441424965858,0.9999452829360962
11591,1,0,0,0.9226177930831909,0.0034062485210597515,0.07397601008415222,1.7830682179454702e-40
11593,1,0,0,0.5531648993492126,0.3003776967525482,0.14645740389823914,7.264632670708891e-32
11594,1,0,0,0.8875051140785217,0.031031012535095215,0.08146383613348007,0.0
11595,1,0,0,0.9337523579597473,0.0010954051977023482,0.06515225023031235,4.1100644478032615e-40
11596,2,0,0,0.689342200756073,0.2831003963947296,0.02755739539861679,1.0
11597,3,2,2,0.0321030430495739,0.0007380916504189372,0.967158854007721,0.99997478723526
11598,3,1,1,3.743433626368642e-05,0.9999603033065796,2.2780668587074615e-06,0.9998337626457214
11599,4,0,0,0.8437343835830688,0.013908976688981056,0.14235664904117584,0.9999761581420898
11600,2,0,0,0.7692720890045166,0.20988386869430542,0.020844003185629845,1.0
11601,1,0,0,0.5797545909881592,0.4075354337692261,0.01271000038832426,1.8124757273879444e-38
11602,1,0,0,0.9584198594093323,0.004399897530674934,0.037180282175540924,1.9296664580892753e-37
11604,3,0,0,0.8726586103439331,0.03062850795686245,0.09671285003423691,0.9999530911445618
11605,4,1,2,0.03816462308168411,0.045732732862234116,0.9161025285720825,0.9999656677246094
11607,4,0,0,0.8943037986755371,0.06479571014642715,0.040900442749261856,0.9998680353164673
11608,1,0,0,0.9534204602241516,0.020459134131669998,0.02612040750682354,3.1410189155748634e-38
11609,2,1,1,1.080522906704573e-05,0.9999854564666748,3.7532633996306686e-06,1.0
11610,4,0,0,0.650160551071167,0.2094171643257141,0.14042231440544128,0.9999784231185913
11611,4,1,1,0.0012317710788920522,0.998616099357605,0.00015211457503028214,0.9999793767929077
11612,2,1,0,0.46088486909866333,0.4549504518508911,0.08416463434696198,1.0
11615,2,1,1,1.3094918926981336e-07,0.9999998807907104,2.3707229956926312e-08,1.0
11616,2,0,0,0.6624591946601868,0.1739429086446762,0.16359785199165344,1.0
11617,2,1,1,0.011211249977350235,0.9885193705558777,0.00026943153352476656,1.0
11619,2,1,0,0.672675371170044,0.2587988078594208,0.0685257762670517,1.0
11620,0,0,2,0.317822128534317,0.07093068957328796,0.611247181892395,1.0
11621,1,0,0,0.8319279551506042,0.10317052900791168,0.06490154564380646,0.0
11622,3,0,1,0.4580157399177551,0.48752740025520325,0.05445685610175133,0.9999662041664124
11624,4,0,0,0.6665406227111816,0.2795247435569763,0.053934600204229355,0.9998911023139954
11625,3,1,0,0.5581756234169006,0.42490604519844055,0.01691831462085247,0.9999096393585205
11626,3,0,0,0.9638243913650513,0.01834356226027012,0.017832087352871895,0.999976634979248
11627,3,1,1,0.009713053703308105,0.9900146722793579,0.00027228036196902394,0.999204158782959
11628,1,1,1,0.0008502917480655015,0.9990838766098022,6.58029894111678e-05,1.04657609301896e-25
11629,2,1,1,0.019180502742528915,0.9786091446876526,0.0022103460505604744,1.0
11630,2,0,0,0.5066099166870117,0.46656593680381775,0.026824170723557472,1.0
11631,1,0,0,0.855651319026947,0.1087670847773552,0.03558165207505226,8.535146013530586e-34
11633,4,0,1,0.08438322693109512,0.9086784720420837,0.006938312202692032,0.9999847412109375
11634,2,0,0,0.9976321458816528,0.0005709395627491176,0.001796915428712964,1.0
11637,1,0,1,0.33407488465309143,0.6518784761428833,0.014046705327928066,5.639826072707121e-26
11638,2,0,0,0.9794965386390686,0.004008291754871607,0.016495216637849808,1.0
11639,2,0,0,0.738268256187439,0.047928452491760254,0.21380333602428436,1.0
11641,1,1,1,0.38552990555763245,0.5690667629241943,0.04540330916643143,0.0
11643,2,0,0,0.8649565577507019,0.04789459705352783,0.08714891970157623,1.0
11644,2,0,0,0.6922721266746521,0.05890436843037605,0.24882347881793976,1.0
11646,3,1,1,3.107035445282236e-05,0.9999663829803467,2.5192932753270725e-06,0.9999271631240845
11648,3,0,0,0.9695340394973755,0.0032492666505277157,0.027216775342822075,0.9999851584434509
11649,2,0,0,0.9747163653373718,0.0016712205251678824,0.02361239306628704,1.0
11650,2,0,0,0.7802495360374451,0.02011260576546192,0.19963790476322174,1.0
11651,0,0,2,0.16337914764881134,0.24916525185108185,0.5874556303024292,1.0
11652,4,0,2,0.19968105852603912,0.00010187603038502857,0.8002170324325562,0.9999402761459351
11653,1,1,1,0.0020949419122189283,0.9961257576942444,0.001779288286343217,7.496740086425647e-28
11654,2,0,1,0.048549506813287735,0.9440036416053772,0.007446824107319117,1.0
11655,4,0,0,0.8384751677513123,0.15822184085845947,0.0033030258491635323,0.9996228218078613
11656,3,1,1,0.060379981994628906,0.9323567748069763,0.007263189181685448,0.9999472498893738
11657,1,1,1,1.841859739215579e-05,0.9999814033508301,2.1638385305777774e-07,2.0884279689034198e-37
11658,3,1,1,0.07490222156047821,0.9084967970848083,0.01660097762942314,0.9992725849151611
11659,4,1,1,0.06196664646267891,0.9347683191299438,0.003265089588239789,0.9999237060546875
11660,0,1,1,1.3395373343882966e-07,0.9999998807907104,7.872836604860822e-09,1.0
11662,2,1,0,0.8163818717002869,0.17209197580814362,0.011526089161634445,1.0
11663,3,1,1,0.009188158437609673,0.9893942475318909,0.0014175972901284695,0.9999625086784363
11664,4,0,0,0.8020465970039368,0.029837744310498238,0.16811564564704895,0.9999555945396423
11665,2,0,0,0.8437730073928833,0.15257340669631958,0.003653580555692315,1.0
11666,2,0,2,0.14866246283054352,0.00021409527107607573,0.8511234521865845,1.0
11667,3,0,0,0.870807945728302,0.09670434147119522,0.032487653195858,0.9999454617500305
11668,3,0,0,0.9238183498382568,0.016659285873174667,0.059522368013858795,0.9999391436576843
11669,4,0,0,0.7352555990219116,0.055912408977746964,0.20883193612098694,0.999987006187439
11671,1,0,0,0.6505764126777649,0.040742985904216766,0.30868062376976013,2.2976794875615258e-35
11673,3,0,0,0.9563203454017639,0.03195018321275711,0.011729458346962929,0.999986469745636
11674,3,0,2,0.07507790625095367,0.005538559053093195,0.9193835258483887,0.9999796748161316
11675,3,0,0,0.6727179288864136,0.3232456147670746,0.004036524798721075,0.9999323487281799
11679,2,0,0,0.5093048214912415,0.44196850061416626,0.04872661456465721,1.0
11680,0,0,0,0.9572569131851196,0.0037171165458858013,0.03902595490217209,1.0
11681,0,0,0,0.925134003162384,0.02525297738611698,0.0496131107211113,1.0
11683,4,1,1,8.426897693425417e-05,0.9996469020843506,0.00026881700614467263,0.9995878338813782
11685,3,0,0,0.9738693833351135,0.008375570178031921,0.01775498129427433,0.9999796748161316
11687,1,0,0,0.9461368322372437,0.0033855116926133633,0.05047761648893356,1.4549934188808154e-39
11689,0,0,0,0.709405243396759,0.2843116223812103,0.006283130031079054,1.0
11690,3,0,0,0.5172070860862732,0.02255200408399105,0.4602409303188324,0.9999376535415649
11691,0,1,0,0.8891095519065857,0.09727615863084793,0.013614373281598091,1.0
11692,1,0,2,0.1535089612007141,0.08346284180879593,0.7630281448364258,5.378412236599334e-25
11693,1,1,1,1.0999797268596012e-06,0.9999979734420776,8.818295214041427e-07,6.239101530481707e-23
11694,2,1,1,0.010301684960722923,0.9783763885498047,0.011321947909891605,1.0
11695,0,0,1,0.02428373508155346,0.9719623923301697,0.003753847675397992,1.0
11696,4,0,0,0.9225693941116333,0.03316432610154152,0.0442662313580513,0.9998000860214233
11699,2,1,1,2.275151700814604e-06,0.9999977350234985,4.033711675788254e-08,1.0
11700,0,0,0,0.649954080581665,0.3004264533519745,0.04961947351694107,1.0
11702,3,0,0,0.8048049211502075,0.047593384981155396,0.14760173857212067,0.9998890161514282
11703,3,0,0,0.9239162802696228,0.026554472744464874,0.04952928051352501,0.9999451041221619
11704,3,0,0,0.9260902404785156,0.016016671434044838,0.05789310112595558,0.9996800422668457
11705,4,0,0,0.540771484375,0.4001609981060028,0.05906756967306137,0.9999781847000122
11706,4,0,0,0.5957766771316528,0.28826266527175903,0.11596062779426575,0.9997668266296387
11707,2,0,0,0.8460502624511719,0.12565696239471436,0.02829272672533989,1.0
11708,2,1,1,0.0009140335605479777,0.9990712404251099,1.4719570572196972e-05,1.0
11709,4,1,0,0.7796981334686279,0.14473725855350494,0.07556451857089996,0.9999373555183411
11710,2,0,0,0.9765134453773499,0.003798889461904764,0.019687632098793983,1.0
11717,0,0,0,0.9490223526954651,0.04467886686325073,0.006298718508332968,1.0
11718,3,1,1,0.0017772039864212275,0.9979555606842041,0.0002672267146408558,0.9999643564224243
11719,2,0,0,0.6621248722076416,0.010067406110465527,0.32780781388282776,1.0
11720,3,0,0,0.9794397950172424,0.006271529011428356,0.0142887057736516,0.999958872795105
11721,0,1,1,1.8945165720651858e-05,0.999977707862854,3.3938379147002706e-06,1.0
11722,0,1,1,0.004919096361845732,0.994938850402832,0.00014203412865754217,1.0
11723,1,0,0,0.6967011094093323,0.1260886937379837,0.1772102415561676,2.5483427237106173e-34
11724,3,0,2,0.11101633310317993,0.02004394866526127,0.8689397573471069,0.999972939491272
11725,1,0,0,0.8010047078132629,0.0006232637097127736,0.19837205111980438,1.384958346684981e-35
11726,3,0,0,0.5739172697067261,0.038703106343746185,0.3873796761035919,0.9998932480812073
11727,0,0,1,0.16940054297447205,0.8289107084274292,0.0016887463862076402,1.0
11730,3,0,0,0.7476589679718018,0.18784670531749725,0.06449431926012039,0.9999492168426514
11731,2,0,0,0.508547842502594,0.0016543411184102297,0.48979777097702026,1.0
11732,3,0,0,0.6064584255218506,0.022541431710124016,0.37100017070770264,0.9999744892120361
11733,3,1,1,3.787040441238787e-07,0.9999986886978149,9.72360226114688e-07,0.9999182820320129
11734,2,1,1,9.459357897867449e-06,0.9999887943267822,1.7933896288013784e-06,1.0
11735,3,0,0,0.9317159652709961,0.016754325479269028,0.05152963101863861,0.9999715089797974
11736,0,0,0,0.8822381496429443,0.10840881615877151,0.00935308076441288,1.0
11737,1,0,0,0.8971973061561584,0.009245185181498528,0.09355752915143967,0.0
11739,3,1,1,0.0007118200301192701,0.999251663684845,3.652749364846386e-05,0.9999423623085022
11741,3,0,2,0.032998841255903244,0.10109347105026245,0.8659076690673828,0.9999331831932068
11743,2,0,0,0.9806203842163086,0.001330994302406907,0.01804867945611477,1.0
11744,0,0,0,0.9164642691612244,0.017347421497106552,0.06618833541870117,1.0
11746,0,0,0,0.7503020763397217,0.04240453988313675,0.20729339122772217,1.0
11747,0,0,0,0.8705425262451172,0.0788809061050415,0.05057654529809952,1.0
11748,0,0,0,0.8587325811386108,0.05607481673359871,0.08519268035888672,1.0
11749,1,0,0,0.934675931930542,0.05973397567868233,0.005590084474533796,1.2141737398884804e-35
11750,1,0,0,0.9322238564491272,0.015662318095564842,0.052113842219114304,0.0
11751,0,0,0,0.9148359894752502,0.0038414548616856337,0.08132253587245941,1.0
11752,0,0,0,0.9118785858154297,0.0121550178155303,0.07596646994352341,1.0
11753,0,0,0,0.772570013999939,0.015803102403879166,0.2116268128156662,1.0
11755,4,1,1,6.605337432574743e-08,0.9999998807907104,2.8797048079454157e-11,0.9995884895324707
11756,4,0,0,0.9130354523658752,0.04331178590655327,0.04365268722176552,0.9999873042106628
11757,1,1,1,0.3904816508293152,0.5734952688217163,0.03602305427193642,1.1758397383836192e-35
11758,1,1,1,7.728964845910014e-08,0.9999998807907104,2.5350988863692692e-08,7.581729418848856e-30
11759,3,0,0,0.9868844747543335,0.005322938784956932,0.0077926721423864365,0.9999860525131226
11761,1,0,0,0.9877914190292358,0.007824504747986794,0.004384062718600035,0.0
11762,3,2,2,6.35871256235987e-05,4.545008414424956e-05,0.9998910427093506,0.9998477697372437
11763,2,0,0,0.5375036001205444,0.2833389937877655,0.17915742099285126,1.0
11764,4,0,0,0.8233581781387329,0.13020671904087067,0.04643505439162254,0.9997724890708923
11765,1,0,1,0.17771922051906586,0.807667076587677,0.014613688923418522,1.2091124561064732e-34
11768,2,0,0,0.786540150642395,0.07939929515123367,0.1340605616569519,1.0
11769,1,0,0,0.4788985848426819,0.2181602269411087,0.30294108390808105,2.4961117444482406e-35
11772,1,1,0,0.9257323741912842,0.03326183557510376,0.041005782783031464,5.359377669938803e-34
11773,2,1,1,0.0014378075720742345,0.9985142350196838,4.7917728807078674e-05,1.0
11774,3,0,0,0.7105583548545837,0.0011331745190545917,0.2883084714412689,0.9999597668647766
11775,1,0,2,0.27175626158714294,0.019906682893633842,0.7083370685577393,0.0
11777,1,0,0,0.5703449845314026,0.198081836104393,0.23157314956188202,8.133810703866149e-37
11778,1,0,0,0.762903094291687,0.008042830973863602,0.2290540635585785,1.3382803389944872e-26
11780,3,1,1,0.01517979335039854,0.9845779538154602,0.00024224644585046917,0.9999560713768005
11781,3,0,0,0.821845531463623,0.08741781860589981,0.09073662012815475,0.9999618530273438
11782,1,0,0,0.9750731587409973,0.005706953350454569,0.019219880923628807,3.5381763276322674e-38
11784,3,0,0,0.8486166596412659,0.0034832137171179056,0.1479000598192215,0.9997280240058899
11785,1,0,1,0.000491706479806453,0.8099887371063232,0.18951956927776337,1.7936745296508183e-13
11789,1,1,0,0.6292383670806885,0.34881651401519775,0.021945049986243248,0.0
11790,1,1,1,0.26591864228248596,0.7107611894607544,0.023320188745856285,1.238573296094192e-29
11791,4,1,1,0.00019461846386548132,0.9997962117195129,9.234365279553458e-06,0.9998539090156555
11792,1,1,1,0.0013911944115534425,0.9977453351020813,0.0008634169353172183,4.307698542430126e-30
11793,3,0,0,0.918319821357727,0.014325831085443497,0.06735433638095856,0.9999854564666748
11794,3,0,1,0.43758243322372437,0.5526846051216125,0.009732942096889019,0.9999827146530151
11796,0,1,1,0.002910248003900051,0.9970732927322388,1.6424690329586156e-05,1.0
11798,2,1,1,0.0012330597965046763,0.964888334274292,0.03387859836220741,1.0
11799,2,0,0,0.8929879069328308,0.0823497325181961,0.02466241642832756,1.0
11801,4,0,1,0.11621883511543274,0.5080403685569763,0.37574082612991333,0.9999831914901733
11802,3,1,1,5.156880433787592e-05,0.9999268054962158,2.1676509277313016e-05,0.9999666810035706
11803,0,0,0,0.7665495872497559,0.006808638107031584,0.22664178907871246,1.0
11804,2,0,0,0.6981789469718933,0.019125957041978836,0.28269511461257935,1.0
11805,4,1,1,0.0018500429578125477,0.997747004032135,0.00040291022742167115,0.9999313354492188
11806,1,1,1,0.015186531469225883,0.9845491647720337,0.0002642976469360292,0.0
11807,4,2,2,0.4685060977935791,0.03751381114125252,0.4939800500869751,0.9999327063560486
11808,3,0,0,0.8404213190078735,0.0076871211640536785,0.15189160406589508,0.9999746680259705
11809,0,0,0,0.6832959055900574,0.22159714996814728,0.09510697424411774,1.0
11810,0,2,0,0.8186827301979065,0.02886071428656578,0.1524566113948822,1.0
11812,0,0,0,0.5912970900535583,0.38085272908210754,0.027850184589624405,1.0
11813,1,1,1,0.09678930044174194,0.899823784828186,0.003386902855709195,7.057595559037546e-29
11814,0,1,1,0.47489070892333984,0.49386417865753174,0.031245142221450806,1.0
11815,0,0,1,0.44459059834480286,0.5294269919395447,0.025982413440942764,1.0
11816,1,0,0,0.7212674617767334,0.06129591539502144,0.21743665635585785,0.0
11817,1,0,0,0.70791095495224,0.12921863794326782,0.162870392203331,1.3727087246401536e-37
11818,0,1,1,0.009563501924276352,0.990114688873291,0.000321851868648082,1.0
11819,0,0,0,0.6969974040985107,0.22272302210330963,0.08027955144643784,1.0
11820,0,0,0,0.4781498908996582,0.05817568302154541,0.4636744260787964,1.0
11823,2,1,1,0.024879837408661842,0.9725928902626038,0.0025272108614444733,1.0
11824,1,0,0,0.9829410910606384,0.0018814655486494303,0.015177453868091106,0.0
11825,2,0,0,0.8047892451286316,0.047931917011737823,0.1472787857055664,1.0
11826,4,1,1,0.05680844932794571,0.9414191842079163,0.0017723155906423926,0.9999224543571472
11828,0,1,1,0.0318806916475296,0.9662230014801025,0.0018962938338518143,0.9999998807907104
11829,3,0,0,0.4533618688583374,0.10896411538124084,0.43767407536506653,0.9997690320014954
11830,4,1,1,0.004577243700623512,0.9953391551971436,8.36166727822274e-05,0.9999289512634277
11831,4,0,0,0.7942948341369629,0.08147400617599487,0.12423119693994522,0.9999647736549377
11832,2,0,1,0.46819746494293213,0.49571359157562256,0.03608887270092964,1.0
11833,0,0,0,0.7765443325042725,0.018536480143666267,0.20491918921470642,1.0
11834,3,0,0,0.9933887720108032,0.00100036826916039,0.00561075983569026,0.9999858140945435
11837,2,1,1,0.1247076466679573,0.8593775033950806,0.01591484062373638,1.0
11840,0,0,0,0.7414043545722961,0.043509360402822495,0.21508628129959106,1.0
11841,2,0,0,0.9718197584152222,0.01936902292072773,0.0088112223893404,1.0
11843,1,0,0,0.5426336526870728,0.3616862893104553,0.09568003565073013,5.812889271007021e-38
11844,0,0,0,0.9567716121673584,0.0030847506131976843,0.04014367237687111,1.0
11845,3,0,0,0.43717271089553833,0.1378955841064453,0.42493176460266113,0.9999748468399048
11846,4,0,0,0.922839343547821,0.045096367597579956,0.03206421434879303,0.9999773502349854
11848,4,0,0,0.8689611554145813,0.012354456819593906,0.11868439614772797,0.9999691843986511
11849,0,0,0,0.8885267972946167,0.0855058878660202,0.025967268273234367,1.0
11850,1,1,1,0.0010439547477290034,0.9957478642463684,0.003208230948075652,2.5814595650280394e-36
11852,1,0,0,0.8792228698730469,0.04666783660650253,0.07410930842161179,3.103909281227105e-37
11853,3,1,1,7.002844881753845e-07,0.9999947547912598,4.533875198831083e-06,0.9998955726623535
11855,3,0,0,0.9628886580467224,0.0003577015595510602,0.036753710359334946,0.999962568283081
11856,2,0,0,0.6380555033683777,0.0021970714442431927,0.35974740982055664,1.0
11857,3,0,0,0.660194993019104,0.268280565738678,0.07152444124221802,0.9999698400497437
11858,1,1,1,0.029009167104959488,0.9705486297607422,0.00044218573020771146,2.53450050645501e-40
11859,2,1,1,2.617967766127549e-06,0.9999953508377075,2.0817215045099147e-06,1.0
11861,0,0,0,0.7447305917739868,0.02910967543721199,0.2261596918106079,1.0
11862,1,0,0,0.604939877986908,0.3052023649215698,0.0898578092455864,0.0
11863,0,0,0,0.9888462424278259,0.004214419983327389,0.006939294282346964,1.0
11864,3,0,0,0.8871947526931763,0.03283553570508957,0.07996976375579834,0.9999840259552002
11865,1,0,1,0.37184780836105347,0.39441072940826416,0.23374144732952118,5.115978142628045e-38
11866,0,0,0,0.7019438147544861,0.014018157497048378,0.2840380072593689,1.0
11867,3,1,1,0.37360310554504395,0.5958555340766907,0.030541304498910904,0.999957799911499
11868,1,0,0,0.8895217180252075,0.04696502164006233,0.06351324915885925,0.0
11869,3,0,0,0.5039148330688477,0.47677746415138245,0.019307656213641167,0.9999761581420898
11871,3,1,1,0.0033048370387405157,0.996382474899292,0.0003126667579635978,0.9998197555541992
11872,1,0,0,0.9651364684104919,0.00929651316255331,0.02556697279214859,0.0
11873,0,0,0,0.4534445106983185,0.19346047937870026,0.35309502482414246,1.0
11875,0,1,0,0.5669341683387756,0.4289848506450653,0.004080972168594599,1.0
11876,0,0,0,0.8916833400726318,0.04134206846356392,0.06697464734315872,1.0
11877,1,0,0,0.8268742561340332,0.10383132845163345,0.06929434835910797,6.432131748200559e-35
11878,2,1,0,0.8687902688980103,0.044030290096998215,0.08717939257621765,1.0
11879,2,1,1,6.49049027856563e-08,0.9999998807907104,7.03390368173018e-09,1.0
11880,0,1,1,0.05115131288766861,0.9419590830802917,0.006889626383781433,0.9999998807907104
11881,1,1,1,0.0030577608849853277,0.9968055486679077,0.0001367142831441015,4.147353394211861e-28
11882,4,1,1,0.16551099717617035,0.795295238494873,0.03919374942779541,0.9995620250701904
11883,0,0,1,0.0027450311463326216,0.9795464873313904,0.017708495259284973,1.0
11884,2,0,0,0.5029556751251221,0.45928075909614563,0.037763554602861404,1.0
11885,1,0,0,0.7969407439231873,0.15335197746753693,0.049707282334566116,0.0
11886,3,0,0,0.9664840698242188,0.017080700024962425,0.016435211524367332,0.9999870657920837
11887,4,0,0,0.9355288147926331,0.006560883019119501,0.057910334318876266,0.9998202323913574
11888,3,0,2,0.23918873071670532,0.16581641137599945,0.594994843006134,0.9999868869781494
11889,4,0,0,0.8702872395515442,0.09610709547996521,0.03360573574900627,0.9999041557312012
11890,4,0,0,0.9427002668380737,0.04570595920085907,0.01159373577684164,0.9998845458030701
11892,3,0,2,0.26144611835479736,0.09188686311244965,0.6466670632362366,0.9999532699584961
11893,4,1,1,3.3300045743089868e-06,0.9999966621398926,3.766337464128355e-09,0.9996234178543091
11894,2,1,1,0.00012582039926201105,0.9998137354850769,6.050767478882335e-05,1.0
11895,3,0,0,0.6654509902000427,0.0018856996903195977,0.33266326785087585,0.99992835521698
11896,1,0,0,0.5794497132301331,0.0034443035256117582,0.4171060025691986,0.0
11897,4,0,0,0.5903624892234802,0.029602741822600365,0.3800346851348877,0.9999844431877136
11899,1,1,0,0.815214216709137,0.1187223568558693,0.06606341898441315,1.150423113434362e-32
11900,0,0,0,0.982296884059906,0.0076767154969275,0.010026343166828156,1.0
11902,2,0,0,0.8014996647834778,0.09623102098703384,0.10226935148239136,1.0
11903,0,0,0,0.9660003781318665,0.007904558442533016,0.026095084846019745,1.0
11904,2,0,2,0.37721237540245056,0.018887145444750786,0.6039004921913147,1.0
11905,3,0,0,0.713497519493103,0.05005193129181862,0.23645052313804626,0.9999744296073914
11906,3,0,0,0.9696857333183289,0.0007078084745444357,0.02960645779967308,0.9999879002571106
11907,2,1,1,4.113891804990999e-07,0.9999986886978149,9.2374648374971e-07,1.0
11908,1,0,0,0.9204489588737488,0.026212723925709724,0.053338423371315,3.5130446495196935e-35
11909,3,0,0,0.8431348204612732,0.007533725816756487,0.14933151006698608,0.9999757409095764
11910,2,0,1,0.3516691029071808,0.6190084218978882,0.02932249940931797,1.0
11911,2,0,1,0.27599939703941345,0.7147260308265686,0.009274512529373169,1.0
11912,2,2,2,8.238150144279643e-07,1.5614429003107944e-06,0.999997615814209,1.0
11913,1,1,1,0.012745407409965992,0.9866030216217041,0.0006515567656606436,7.26063315636056e-37
11914,0,0,0,0.6002100706100464,0.03839443624019623,0.3613955080509186,1.0
11915,4,0,0,0.7279670238494873,0.14189235866069794,0.13014066219329834,0.9999855160713196
11917,2,0,0,0.7837242484092712,0.11727375537157059,0.09900201112031937,1.0
11919,0,1,1,0.0006581408088095486,0.9993089437484741,3.289191590738483e-05,1.0
11920,1,1,1,0.0016053461004048586,0.995203971862793,0.00319075514562428,1.4573991060548377e-26
11921,1,0,2,0.06423460692167282,0.004047485068440437,0.9317179322242737,1.7121468305037533e-30
11922,0,0,0,0.4689368009567261,0.2812664210796356,0.24979674816131592,1.0
11923,1,0,0,0.7481204867362976,0.0014132780488580465,0.2504662275314331,0.0
11924,2,0,0,0.6838160157203674,0.09909046441316605,0.2170935720205307,1.0
11925,2,0,1,0.40857335925102234,0.5797653198242188,0.011661327444016933,1.0
11926,4,0,0,0.8893681168556213,0.06207214668393135,0.048559729009866714,0.9999542236328125
11927,2,0,0,0.8570332527160645,0.12854167819023132,0.014425099827349186,1.0
11928,2,0,0,0.882438600063324,0.007855075411498547,0.10970623791217804,1.0
11929,0,1,1,0.022127367556095123,0.9769441485404968,0.0009284468833357096,1.0
11930,4,0,0,0.9699058532714844,0.001274159294553101,0.028820011764764786,0.9999870657920837
11931,3,0,2,0.28169044852256775,0.08562615513801575,0.6326833963394165,0.9999014139175415
11932,3,0,2,0.3353005349636078,0.028215179219841957,0.6364843249320984,0.9999837875366211
11933,0,0,0,0.9632891416549683,0.020608223974704742,0.01610253006219864,1.0
11934,1,1,1,0.26591864228248596,0.7107611894607544,0.023320188745856285,1.238573296094192e-29
11935,4,0,0,0.8282493352890015,0.005673037376254797,0.1660775989294052,0.9999569654464722
11936,4,0,0,0.8977637887001038,0.027978837490081787,0.07425742596387863,0.9999869465827942
11937,3,0,2,0.12640252709388733,0.011568850837647915,0.8620285987854004,0.9999528527259827
11938,1,0,2,0.0011742479400709271,0.0002903671993408352,0.9985353946685791,3.862357747715338e-27
11939,1,0,0,0.8648709058761597,0.05158074572682381,0.08354829996824265,5.877737158695334e-34
11940,1,0,0,0.5046451687812805,0.0001211032213177532,0.4952337145805359,5.315297715154836e-38
11941,0,1,1,9.515257988823578e-05,0.9998979568481445,6.874972768855514e-06,1.0
11942,1,1,1,0.01460866816341877,0.9504722952842712,0.03491898998618126,8.062447100109156e-29
11943,1,0,0,0.7759318947792053,0.012806031852960587,0.21126213669776917,2.5478674750179997e-34
11945,1,1,1,0.1567206233739853,0.8219160437583923,0.021363379433751106,0.0
11946,2,0,0,0.9101830124855042,0.014345835894346237,0.07547108829021454,1.0
11947,1,0,0,0.9055054783821106,0.045935582369565964,0.04855894297361374,2.7448336571296817e-36
11948,3,1,1,0.07478561997413635,0.9191185832023621,0.006095802411437035,0.9999858140945435
11949,2,0,0,0.9305565357208252,0.03138038516044617,0.03806311637163162,1.0
11950,1,0,0,0.8931208252906799,0.014454467222094536,0.09242474287748337,6.056054141585306e-34
11951,0,1,1,7.516576260968577e-06,0.9999924898147583,1.070500754707382e-08,1.0
11952,2,0,0,0.9738196134567261,0.00045964965829625726,0.02572072669863701,1.0
11953,4,1,1,0.09295186400413513,0.9062285423278809,0.0008195259724743664,0.9999639391899109
11954,3,1,1,3.7466770663741045e-07,0.9999996423721313,3.637897805219836e-08,0.9995441436767578
11955,0,0,0,0.7139039635658264,0.008615383878350258,0.2774806022644043,1.0
11956,1,1,1,9.23500738281291e-06,0.9999858140945435,4.977880962542258e-06,2.3781751591938903e-21
11957,1,0,2,0.05349411442875862,0.0015062211314216256,0.9449997544288635,6.60402148302361e-27
11960,0,0,1,0.005308299325406551,0.9938867688179016,0.0008048908784985542,1.0
11961,1,0,2,0.240616574883461,0.0026553976349532604,0.7567280530929565,2.8822923472490082e-28
11962,0,0,1,0.17018790543079376,0.7747836112976074,0.05502845346927643,1.0
11963,4,0,0,0.7765460014343262,0.07061149924993515,0.1528424620628357,0.9999904036521912
11964,4,1,0,0.9898035526275635,0.004121148027479649,0.006075248122215271,0.9999436140060425
11965,4,2,0,0.47720542550086975,0.20706495642662048,0.31572964787483215,0.9995556473731995
11967,2,0,0,0.8197359442710876,0.05091961845755577,0.1293443888425827,1.0
11968,0,0,0,0.7751345634460449,0.004502114374190569,0.22036334872245789,1.0
11969,2,0,0,0.9748424291610718,0.006772567518055439,0.018384920433163643,1.0
11970,4,2,2,0.00010781639866763726,0.0022929380647838116,0.997599184513092,0.9999786019325256
11971,2,0,0,0.9064792394638062,0.01247651781886816,0.08104431629180908,1.0
11973,4,0,0,0.7429720759391785,0.05378491431474686,0.20324300229549408,0.9999876618385315
11974,0,0,0,0.9397483468055725,0.011811396107077599,0.048440273851156235,1.0
11976,1,1,1,0.03419167548418045,0.9612507820129395,0.004557542037218809,1.3236094965537242e-38
11978,1,2,2,0.00044220182462595403,2.1872789147892036e-05,0.9995359182357788,3.4320982029355255e-32
11979,2,1,1,0.004449841566383839,0.9954577684402466,9.236026380676776e-05,1.0
11980,2,1,1,0.00017969163309317082,0.9998161196708679,4.2079213926626835e-06,1.0
11981,0,1,1,0.4376372694969177,0.5217704772949219,0.040592294186353683,1.0
11982,4,0,0,0.48380836844444275,0.23483622074127197,0.28135547041893005,0.9999945759773254
11984,2,0,0,0.7269102931022644,0.23548005521297455,0.037609659135341644,1.0
11985,0,0,0,0.9254298806190491,0.05808271840214729,0.01648741029202938,0.9999997615814209
11986,2,0,0,0.9803507924079895,0.0006863818853162229,0.01896286942064762,1.0
11987,2,0,0,0.662431001663208,0.05226096510887146,0.28530803322792053,1.0
11988,2,0,0,0.9866191744804382,9.132996638072655e-05,0.01328950934112072,1.0
11989,3,1,1,0.0003968669625464827,0.9995954632759094,7.65787535783602e-06,0.9999324083328247
11990,1,0,2,0.15981188416481018,0.020062362775206566,0.8201257586479187,4.009671938848824e-22
11991,4,0,2,0.19041821360588074,0.046134915202856064,0.7634468078613281,0.9999497532844543
11992,3,0,2,0.2966667711734772,0.2520599961280823,0.45127323269844055,0.9999741315841675
11993,3,1,1,0.1561945378780365,0.8414707779884338,0.0023347153328359127,0.9999458193778992
11994,0,0,0,0.7561463117599487,0.19426576793193817,0.049587927758693695,1.0
11995,4,0,0,0.9227780699729919,0.03472401201725006,0.04249797388911247,0.9999816417694092
11996,2,0,0,0.9655073881149292,0.0014182101003825665,0.03307437524199486,1.0
11997,3,1,1,0.00023030942247714847,0.9995951056480408,0.00017462663527112454,0.9997044205665588
11998,0,2,2,0.2513801157474518,0.054260510951280594,0.6943594217300415,1.0
11999,1,1,1,0.0006014006794430315,0.9989506006240845,0.0004480163333937526,1.703924982628101e-38
12000,0,1,1,0.01286566536873579,0.9861621856689453,0.0009721998358145356,1.0
12001,3,0,0,0.979800283908844,0.0005457850056700408,0.01965387351810932,0.9999836683273315
12002,4,1,1,0.18399979174137115,0.8139606714248657,0.002039484679698944,0.9999726414680481
12004,3,1,1,9.624402446206659e-05,0.999825656414032,7.812481635482982e-05,0.9997973442077637
12006,4,0,0,0.8563136458396912,0.07205095887184143,0.07163535803556442,0.9996693134307861
12007,3,1,0,0.6165517568588257,0.347229540348053,0.036218736320734024,0.9999375343322754
12009,4,0,0,0.901798665523529,0.028086906298995018,0.07011434435844421,0.9998892545700073
12010,4,0,0,0.6128457188606262,0.2561006247997284,0.131053626537323,0.999983012676239
12011,4,0,0,0.7463890314102173,0.03687029704451561,0.2167406976222992,0.9999868869781494
12012,1,0,0,0.6389594674110413,0.2676883637905121,0.09335214644670486,5.574470564490714e-27
12013,2,0,0,0.8280449509620667,0.02580801583826542,0.1461469978094101,1.0
12014,3,1,1,6.783854041714221e-05,0.9999189376831055,1.3191736798034981e-05,0.9999750852584839
12015,4,1,1,0.022077282890677452,0.9656378626823425,0.0122848991304636,0.9996340274810791
12016,4,0,0,0.9840277433395386,0.00285999639891088,0.013112206943333149,0.9999680519104004
12017,1,0,0,0.8927580118179321,0.06210469827055931,0.04513731598854065,1.4088496693854935e-37
12019,3,1,1,0.00020625947217922658,0.9997922778129578,1.4892696071910905e-06,0.9998828768730164
12020,2,0,0,0.8787592053413391,0.0070867412723600864,0.11415406316518784,1.0
12021,2,0,0,0.9428208470344543,0.032436348497867584,0.024742811918258667,1.0
12022,1,0,0,0.7627832889556885,0.18003548681735992,0.057181216776371,3.521884551426334e-37
12023,3,1,1,0.0023532998748123646,0.9974724650382996,0.00017419751384295523,0.999972403049469
12024,2,1,1,4.3674946937244385e-05,0.9999536275863647,2.6770837848744122e-06,1.0
12025,4,0,0,0.8515878915786743,0.12250752747058868,0.02590467967092991,0.9999696016311646
12027,0,1,1,0.0014533852227032185,0.9983766078948975,0.00017003731045406312,1.0
12028,0,1,1,0.001648432807996869,0.9976168870925903,0.0007347450009547174,0.9999966621398926
12031,3,1,1,0.006600214168429375,0.9932689070701599,0.000130804386571981,0.9998199343681335
12032,3,0,0,0.9481373429298401,0.012943344190716743,0.03891931474208832,0.9999548196792603
12033,1,2,2,0.0037812129594385624,8.058052480919287e-05,0.9961381554603577,4.001761366584231e-16
12034,4,1,1,0.024537475779652596,0.975310206413269,0.00015231809811666608,0.9999610185623169
12035,1,0,0,0.6603562235832214,0.06305932998657227,0.27658453583717346,0.0
12036,3,1,1,0.23526914417743683,0.7530481219291687,0.011682740412652493,0.9999595880508423
12037,4,0,0,0.8203360438346863,0.042231328785419464,0.13743261992931366,0.9999430775642395
12039,3,0,0,0.9323525428771973,0.04798545315861702,0.01966201700270176,0.9999548196792603
12040,3,1,1,1.8810767414834118e-06,0.9999980926513672,2.650975439166814e-08,0.9999246597290039
12041,3,0,0,0.9775621294975281,0.0009999900357797742,0.02143794111907482,0.9999333620071411
12042,3,0,2,0.10592684894800186,0.09855113178491592,0.7955220341682434,0.9999743700027466
12043,0,0,0,0.9377382397651672,0.002989723114296794,0.05927193909883499,1.0
12044,1,1,1,1.753405172166822e-07,0.9999997615814209,9.506135256742709e-08,3.872878693163633e-24
12045,4,0,0,0.8596108555793762,0.05839516967535019,0.0819939598441124,0.9999828338623047
12046,0,0,0,0.9452036023139954,0.01796426810324192,0.03683224692940712,1.0
12047,2,1,1,5.763737362940446e-07,0.9999990463256836,4.337779841989686e-07,1.0
12049,1,0,1,0.00023366966343019158,0.9996774196624756,8.894671918824315e-05,2.6852107650697723e-19
12050,1,0,0,0.7800784111022949,0.0072477953508496284,0.2126738280057907,0.0
12051,4,0,0,0.9465663433074951,0.005176654551178217,0.04825706407427788,0.9998042583465576
12054,4,1,1,2.1188229766266886e-06,0.9999978542327881,4.7372989087079986e-08,0.9990838766098022
12055,4,0,0,0.9605117440223694,0.015046640299260616,0.024441717192530632,0.9999388456344604
12056,0,1,1,0.06473572552204132,0.9313744902610779,0.0038897492922842503,1.0
12057,3,0,0,0.9306793212890625,0.014247494749724865,0.05507313832640648,0.9999678134918213
12058,0,0,2,0.2539430558681488,0.23651719093322754,0.509539783000946,1.0
12059,2,0,0,0.915314257144928,0.05285760015249252,0.03182815760374069,1.0
12060,3,1,1,2.2361894025380025e-06,0.9998914003372192,0.00010633155034156516,0.999921441078186
12061,0,0,0,0.5263184905052185,0.09579211473464966,0.37788933515548706,0.9999988675117493
12062,1,0,1,0.4039252698421478,0.5691139101982117,0.02696080505847931,0.0
12065,3,0,2,0.2509956955909729,0.03692127764225006,0.7120830416679382,0.999986469745636
12069,1,0,0,0.9366937875747681,0.012174471281468868,0.0511317104101181,2.150249531354653e-33
12072,3,0,1,0.07062231749296188,0.9011256098747253,0.02825203910470009,0.9999484419822693
12073,2,0,0,0.7795665264129639,0.11186936497688293,0.10856412351131439,1.0
12075,1,0,0,0.9304571151733398,0.021285459399223328,0.048257406800985336,1.3895738000738113e-39
12076,3,0,0,0.9143041372299194,0.0007786451606079936,0.08491718769073486,0.9999121427536011
12077,3,0,0,0.8550443053245544,0.0667424201965332,0.07821325957775116,0.9999731779098511
12078,4,1,1,9.944722478394397e-06,0.9999898672103882,2.1188091636759054e-07,0.999912440776825
12079,1,1,1,1.6472850461468624e-07,0.9999998807907104,3.345352439509952e-09,0.0
12080,0,0,0,0.7457741498947144,0.012423566542565823,0.24180221557617188,1.0
12081,0,0,1,0.4659692049026489,0.5166527628898621,0.017378060147166252,1.0
12082,4,0,0,0.8430285453796387,0.02121896483004093,0.13575246930122375,0.9999852180480957
12083,2,0,0,0.9598286747932434,0.006798944436013699,0.03337237983942032,1.0
12084,0,0,1,0.19959399104118347,0.7800349593162537,0.0203710850328207,1.0
12085,1,0,0,0.7126703858375549,0.14960524439811707,0.1377243548631668,0.0
12086,3,0,0,0.9804775714874268,0.0034062268678098917,0.016116313636302948,0.9999904036521912
12087,0,1,2,0.27015379071235657,0.2257409691810608,0.504105269908905,1.0
12088,4,1,1,0.00021369048045016825,0.9997856020927429,7.206411964943982e-07,0.9999542236328125
12089,1,0,0,0.9275540709495544,0.02006325125694275,0.052382711321115494,1.0977501261086203e-29
12090,0,1,1,0.016272732987999916,0.8996724486351013,0.08405482023954391,0.9999954700469971
12092,1,0,0,0.8053082227706909,0.001124688540585339,0.19356712698936462,1.8668306935206397e-38
12093,2,1,1,0.2211771309375763,0.7685747146606445,0.010248135775327682,1.0
12094,0,0,1,0.09020528197288513,0.9017428159713745,0.008051840588450432,1.0
12095,3,0,0,0.8487918376922607,0.0007391374674625695,0.15046904981136322,0.9999532103538513
12096,2,1,0,0.5509632229804993,0.3636065721511841,0.08543023467063904,1.0
12097,1,1,1,6.699611958538298e-07,0.9999992847442627,4.8419025233670254e-08,1.0922657921585934e-34
12101,0,0,2,0.24057286977767944,0.03809896856546402,0.7213281393051147,0.9999997615814209
12102,3,0,0,0.6606178283691406,0.007619986776262522,0.3317621350288391,0.9999645352363586
12103,4,0,0,0.9515990018844604,0.0021225004456937313,0.046278562396764755,0.9999602437019348
12104,1,0,0,0.5711890459060669,0.015476515516638756,0.4133343994617462,1.5080013868870993e-33
12105,1,0,0,0.8907204270362854,0.0003658977511804551,0.10891364514827728,6.008683737116956e-40
12106,3,0,0,0.7809322476387024,0.002155614085495472,0.2169121354818344,0.9999521970748901
12108,1,0,0,0.9281231164932251,0.04436777904629707,0.02750912308692932,7.116952195411725e-38
12110,0,0,0,0.9777562618255615,0.00019058756879530847,0.022053223103284836,1.0
12111,0,0,0,0.8755068778991699,0.08524616807699203,0.039246927946805954,1.0
12112,0,1,0,0.6993246674537659,0.2578476667404175,0.04282767325639725,1.0
12113,2,1,1,0.0262992512434721,0.9711241126060486,0.002576677594333887,1.0
12114,4,1,1,6.985820846239221e-07,0.9999992847442627,1.2788761161175444e-09,0.9986207485198975
12115,1,0,0,0.9440284967422485,0.03314032405614853,0.022831179201602936,5.188872287443758e-39
12116,3,2,2,0.04127497971057892,0.006310594268143177,0.9524143934249878,0.999927282333374
12117,4,0,0,0.8750684261322021,0.10636928677558899,0.01856227219104767,0.9999052286148071
12118,3,0,0,0.9691445231437683,0.007659478113055229,0.023195968940854073,0.9999905228614807
12119,1,2,0,0.6153165102005005,0.2713877856731415,0.11329566687345505,6.480122579469754e-40
12121,1,0,0,0.8423904776573181,0.025200054049491882,0.13240936398506165,0.0
12122,0,1,1,0.004288750700652599,0.9946911931037903,0.0010200636461377144,0.9999971985816956
12123,3,0,0,0.8534813523292542,0.06578858941793442,0.08072999864816666,0.9999575614929199
12127,0,1,1,0.03526320308446884,0.9643153548240662,0.00042152468813583255,1.0
12128,4,0,1,0.15634605288505554,0.769867479801178,0.07378647476434708,0.999958336353302
12129,4,0,0,0.9822161197662354,0.00011123471631435677,0.017672598361968994,0.999964714050293
12132,0,0,0,0.9640129208564758,0.011115716770291328,0.024871360510587692,1.0
12133,1,1,0,0.7364543080329895,0.2232736349105835,0.04027201607823372,0.0
12134,3,0,0,0.9136001467704773,0.018669718876481056,0.06773015111684799,0.9998266100883484
12135,1,0,0,0.893588662147522,0.04326927661895752,0.06314217299222946,9.71031443443729e-36
12136,4,0,2,0.27824363112449646,0.004871657118201256,0.7168846726417542,0.9999149441719055
12137,3,0,2,0.0536908358335495,0.0007710845093242824,0.9455381035804749,0.9999591112136841
12139,1,0,0,0.8472225666046143,0.005798484198749065,0.1469789296388626,0.0
12140,0,0,0,0.9488065838813782,0.021006036549806595,0.030187400057911873,1.0
12142,2,0,2,0.06637583673000336,0.003989856690168381,0.9296342730522156,1.0
12143,4,0,0,0.881528913974762,0.0303275715559721,0.08814354240894318,0.9999871850013733
12144,0,1,1,0.056945446878671646,0.9386910796165466,0.00436344975605607,1.0
12145,1,0,0,0.7739467620849609,0.20973393321037292,0.01631925255060196,0.0
12146,2,0,0,0.9094955921173096,0.020412592217326164,0.07009178400039673,1.0
12148,1,0,0,0.9315230250358582,0.019674168899655342,0.04880284518003464,7.078915747966658e-27
12149,0,0,0,0.6448920965194702,0.007032542489469051,0.34807533025741577,1.0
12150,1,0,0,0.9748417735099792,0.006942316889762878,0.01821598783135414,1.227931611980585e-37
12151,2,0,0,0.9581301808357239,0.029674913734197617,0.012194991111755371,1.0
12152,2,0,0,0.6959804892539978,0.2819927930831909,0.022026780992746353,1.0
12154,1,1,1,0.0029803048819303513,0.9923630952835083,0.004656555596739054,1.3934541919275195e-34
12155,1,1,1,0.0012092022225260735,0.9987494945526123,4.126085332245566e-05,9.979404762812723e-27
12157,1,0,0,0.8335393071174622,0.11257873475551605,0.0538819320499897,0.0
12158,2,0,2,0.4334157407283783,0.0010326957562938333,0.5655515789985657,1.0
12159,3,1,1,5.568876804318279e-05,0.9999421834945679,2.1523817395063816e-06,0.9999584555625916
12160,1,0,0,0.8344844579696655,0.049748096615076065,0.1157674714922905,3.152024918908607e-33
12161,2,1,0,0.6905114650726318,0.23681019246578217,0.07267841696739197,1.0
12162,1,0,0,0.879889965057373,0.025184422731399536,0.09492553770542145,0.0
12163,2,1,0,0.4640621840953827,0.15738996863365173,0.3785477876663208,1.0
12164,3,1,0,0.6487221717834473,0.05877102538943291,0.2925068140029907,0.9999528527259827
12165,1,1,1,0.0030985779594630003,0.9967700242996216,0.0001313750253757462,2.2473689860508443e-38
12166,4,1,0,0.5556913614273071,0.16290788352489471,0.2814007103443146,0.9999337196350098
12167,0,0,0,0.5590493679046631,0.4140535593032837,0.026897074654698372,1.0
12168,2,0,0,0.7524349689483643,0.1832578480243683,0.06430714577436447,1.0
12169,1,1,0,0.872079610824585,0.019120078533887863,0.10880031436681747,0.0
12171,1,1,1,2.163399403798394e-05,0.9998317956924438,0.00014656473649665713,4.114572263887962e-23
12172,2,0,0,0.9830974340438843,0.009068098850548267,0.00783439353108406,1.0
12173,0,0,0,0.45396703481674194,0.4414808750152588,0.10455213487148285,1.0
12174,3,0,0,0.947520911693573,0.03694833070039749,0.015530725009739399,0.999969482421875
12175,3,0,0,0.9322569370269775,0.00043964103679172695,0.06730349361896515,0.999975323677063
12176,1,0,0,0.9381774663925171,0.032638274133205414,0.029184285551309586,2.1785941382388556e-28
12177,2,0,0,0.7267017364501953,0.1878083497285843,0.085489921271801,1.0
12179,0,1,1,0.013198175467550755,0.9865787625312805,0.00022308844199869782,1.0
12180,0,0,0,0.6769052743911743,0.31344589591026306,0.009648848325014114,1.0
12181,4,0,0,0.8523766994476318,0.09835384041070938,0.049269452691078186,0.9999914765357971
12186,1,0,0,0.8701428771018982,0.021853728219866753,0.10800343006849289,0.0
12187,2,0,0,0.9569153785705566,0.02536524273455143,0.01771947182714939,1.0
12188,1,0,0,0.71090167760849,0.12532812356948853,0.1637701839208603,8.482620123943848e-41
12189,0,0,0,0.6588424444198608,0.07515714317560196,0.2660004198551178,0.9999991655349731
12190,3,0,0,0.9415587782859802,0.00171380746178329,0.05672740191221237,0.9999682903289795
12191,3,0,0,0.8314723372459412,0.13391588628292084,0.03461176156997681,0.999903678894043
12193,4,1,1,0.04954827204346657,0.9491741061210632,0.001277669332921505,0.9999085068702698
12194,3,0,0,0.9567612409591675,0.01756010390818119,0.025678621605038643,0.999927282333374
12195,2,1,1,0.25596287846565247,0.7267093658447266,0.01732775941491127,1.0
12196,0,0,0,0.75005042552948,0.12401115149259567,0.12593843042850494,1.0
12198,1,0,0,0.48319023847579956,0.27643537521362305,0.2403743863105774,1.0524331329316484e-33
12199,3,0,2,0.35264185070991516,0.1336423009634018,0.5137158632278442,0.9999536871910095
12200,3,0,0,0.717535674571991,0.04913056269288063,0.2333337515592575,0.9999836683273315
12201,3,0,0,0.9574365615844727,0.021035589277744293,0.021527864038944244,0.9999805688858032
12202,1,0,0,0.8917801976203918,0.005266563035547733,0.10295325517654419,7.36775267092088e-39
12203,4,0,1,0.0038216670509427786,0.9961475133895874,3.0848084861645475e-05,0.9999424815177917
12204,1,0,0,0.8947238922119141,0.04051443934440613,0.0647616907954216,1.957417772876764e-40
12205,1,0,0,0.7576687335968018,0.12659524381160736,0.11573604494333267,3.7843503097627714e-36
12206,4,1,1,2.876354074032861e-06,0.9999736547470093,2.3490800231229514e-05,0.9889969229698181
12208,3,0,1,0.385744571685791,0.5508073568344116,0.06344808638095856,0.9999651908874512
12209,1,0,1,0.08472686260938644,0.9043744206428528,0.010898725129663944,2.3812533853576767e-38
12210,3,0,0,0.9064574837684631,0.0042724814265966415,0.08927001804113388,0.9999743700027466
12212,2,1,1,0.00827464833855629,0.9903033375740051,0.0014220461016520858,1.0
12215,3,0,1,6.773035420337692e-05,0.9999116659164429,2.0631527149816975e-05,0.9999671578407288
12216,2,0,0,0.9025125503540039,0.03566707298159599,0.06182028725743294,1.0
12217,3,0,0,0.8699535727500916,0.015282165259122849,0.11476429551839828,0.9999789595603943
12218,3,1,1,4.852418715017848e-05,0.9998880624771118,6.340636900858954e-05,0.9998760223388672
12219,0,2,0,0.5428158044815063,0.20971719920635223,0.24746698141098022,1.0
12220,3,1,1,0.0011488109594210982,0.9988308548927307,2.0354829757707193e-05,0.9999597072601318
12221,0,0,2,0.31059950590133667,0.05105647072196007,0.6383440494537354,1.0
12223,4,1,1,0.45684507489204407,0.5251263380050659,0.01802852191030979,0.999993085861206
12224,3,1,1,0.1902981996536255,0.8027722239494324,0.006929538678377867,0.999942421913147
12225,2,0,2,0.303030788898468,0.000243664879235439,0.696725606918335,1.0
12226,2,0,2,0.1040230467915535,0.002355897333472967,0.8936210870742798,1.0
12227,4,0,2,0.005100591573864222,0.012347524054348469,0.9825518131256104,0.9999376535415649
12228,4,0,0,0.8188518285751343,0.026834741234779358,0.15431341528892517,0.9998887181282043
12230,0,0,0,0.9761282205581665,0.015169652178883553,0.008702118881046772,1.0
12231,1,0,0,0.8468062281608582,0.0502626970410347,0.10293108969926834,1.3934314442751212e-32
12234,1,1,2,0.0001260896387975663,0.005435314029455185,0.9944385290145874,6.721913675886606e-19
12235,3,0,0,0.938961386680603,0.002066368004307151,0.05897216871380806,0.9999815821647644
12236,1,2,2,0.000802424387075007,0.0032386775128543377,0.9959588646888733,6.2141775964341325e-15
12238,4,0,0,0.9250877499580383,0.03478501737117767,0.040127262473106384,0.9999648332595825
12239,3,2,2,3.1613359169568866e-05,6.556267180712894e-06,0.9999618530273438,0.9997660517692566
12240,0,0,0,0.5337879657745361,0.10283279418945312,0.36337921023368835,1.0
12241,0,0,0,0.7840530872344971,0.1192508190870285,0.09669610112905502,1.0
12242,4,1,1,0.3840221166610718,0.6092566251754761,0.006721228826791048,0.9999823570251465
12243,4,1,0,0.9589494466781616,0.01300886832177639,0.028041664510965347,0.9999813437461853
12244,3,0,0,0.7817091345787048,0.050582677125930786,0.16770829260349274,0.9999875426292419
12245,4,0,0,0.6850980520248413,0.21300554275512695,0.10189639776945114,0.9999708533287048
12248,2,0,0,0.922956109046936,0.0017180034192278981,0.07532577961683273,1.0
12249,4,1,1,0.10974104702472687,0.887302815914154,0.0029560839757323265,0.9999879002571106
12250,4,0,1,0.12979941070079803,0.8597980737686157,0.010402514599263668,0.999793291091919
12251,2,0,0,0.9489415287971497,0.010860458947718143,0.04019797593355179,1.0
12253,4,1,1,0.10963766276836395,0.8863889575004578,0.003973318729549646,0.9998225569725037
12255,2,0,0,0.9010096788406372,0.021388143301010132,0.07760220766067505,1.0
12256,4,1,1,0.0006786608137190342,0.9993194341659546,1.9130845885229064e-06,0.9997284412384033
12257,1,0,2,0.0015045774634927511,0.00014150049537420273,0.9983539581298828,4.584735916027357e-19
12258,2,0,0,0.9269548654556274,0.024845095351338387,0.04820004850625992,1.0
12260,1,1,1,1.3963590106413903e-07,0.9999998807907104,2.4438699952611387e-08,1.8448424989273797e-38
12261,3,1,1,0.1937309056520462,0.7895975112915039,0.016671612858772278,0.9999751448631287
12263,0,0,0,0.9778589606285095,0.014402149245142937,0.007738867774605751,1.0
12264,2,1,1,0.00031084922375157475,0.9888641834259033,0.010824975557625294,1.0
12265,3,0,0,0.8690149188041687,0.044163770973682404,0.08682136237621307,0.9999561905860901
12266,0,0,0,0.7476825714111328,0.10745023936033249,0.14486713707447052,1.0
12267,4,0,0,0.6789977550506592,0.1159561350941658,0.20504610240459442,0.9997870922088623
12269,2,0,0,0.9250199198722839,0.005781085230410099,0.06919905543327332,1.0
12270,0,1,1,4.918287004329613e-07,0.559337854385376,0.44066160917282104,0.9999982714653015
12271,2,1,1,2.6090890514751663e-06,0.9999969005584717,4.776423452312883e-07,1.0
12273,4,0,0,0.8386890292167664,0.15540023148059845,0.005910694599151611,0.9999635219573975
12274,3,1,1,1.2714381227851845e-05,0.9999854564666748,1.8119434344043839e-06,0.9999329447746277
12275,4,1,1,0.023142926394939423,0.9763027429580688,0.0005543078295886517,0.9999691247940063
12276,1,1,1,6.66331106913276e-05,0.9999123811721802,2.1025845853728242e-05,5.7203972440784844e-24
12277,1,1,1,0.01460866816341877,0.9504722952842712,0.03491898998618126,8.062447100109156e-29
12279,4,1,1,0.07584095001220703,0.9228665828704834,0.0012925229966640472,0.9999570250511169
12280,2,1,0,0.6132450699806213,0.20260290801525116,0.18415199220180511,1.0
12281,0,1,1,6.712841422995552e-05,0.9998787641525269,5.4083116992842406e-05,1.0
12282,0,0,0,0.9751927256584167,0.006519616115838289,0.01828758418560028,1.0
12283,1,0,0,0.9119716286659241,0.003920318093150854,0.08410807698965073,8.359000021769789e-35
12284,4,1,0,0.7673923969268799,0.179115429520607,0.05349217355251312,0.9999192357063293
12285,1,1,1,0.017139803618192673,0.9820855855941772,0.0007746401242911816,0.0
12286,1,0,0,0.8239204287528992,0.12177355587482452,0.05430600792169571,7.644593904029395e-35
12287,4,0,0,0.7554757595062256,0.22385601699352264,0.020668158307671547,0.9999865293502808
12288,0,0,0,0.9575649499893188,0.008692550472915173,0.033742502331733704,1.0
12289,0,0,0,0.6823791861534119,0.033149491995573044,0.2844713032245636,1.0
12290,3,0,0,0.9273942112922668,0.001098315347917378,0.07150742411613464,0.9999464154243469
12291,0,0,0,0.9230895638465881,0.0025250164326280355,0.07438541948795319,1.0
12292,2,0,0,0.5812844634056091,0.3046834170818329,0.11403212696313858,1.0
12295,2,1,1,0.003873910754919052,0.9960666298866272,5.947818863205612e-05,1.0
12296,0,0,2,0.30249717831611633,0.04190686345100403,0.6555958986282349,0.9999998807907104
12298,1,0,0,0.7159749865531921,0.24418914318084717,0.039835792034864426,6.62885141657689e-35
12299,0,0,2,0.4728768765926361,0.010645451955497265,0.516477644443512,1.0
12300,2,0,0,0.7402522563934326,0.19511504471302032,0.06463272869586945,1.0
12302,2,0,0,0.9475797414779663,0.018308719620108604,0.03411148488521576,1.0
12303,4,0,2,0.0015755606582388282,0.0010218749521300197,0.9974026083946228,0.999669075012207
12305,4,0,0,0.6913085579872131,0.016266610473394394,0.29242485761642456,0.9999868273735046
