row_id,fold,label,pred,p0,p1,p2
0,2,1,1,0.001021364820189774,0.9763482213020325,0.02263045869767666
1,4,2,2,1.3576308447227348e-05,0.00022907729726284742,0.9997573494911194
2,1,2,2,0.0009823424043133855,0.0003795855154749006,0.9986379742622375
3,0,2,2,1.6723897999781911e-07,1.2298193041715422e-07,0.9999997615814209
4,3,1,1,1.4527885241477634e-06,0.9999984502792358,6.091593718338117e-08
5,3,2,2,6.828674372627574e-07,0.00017361667414661497,0.999825656414032
6,3,2,2,3.7996960600139573e-06,8.19618162495317e-06,0.9999879598617554
8,3,1,1,1.9757515474339016e-05,0.999828577041626,0.00015165502554737031
9,4,1,1,5.879992841073545e-06,0.9999827146530151,1.1460499081294984e-05
10,2,1,1,2.790253006423882e-07,0.9999995231628418,1.6100737809665588e-07
11,3,2,2,6.519475391542073e-06,3.4280030376976356e-05,0.9999591112136841
12,3,1,1,0.00010168745939154178,0.9998958110809326,2.478206624800805e-06
13,2,2,2,8.126841566991061e-05,0.0010100022191181779,0.9989087581634521
15,3,1,1,6.124581432231935e-06,0.9999936819076538,1.7113273997892975e-07
17,4,1,1,2.4978704459499568e-05,0.9999709129333496,4.0985078157973476e-06
18,2,1,1,2.124654929502867e-05,0.999971866607666,6.936117188161006e-06
19,3,2,2,1.0324764843971934e-05,5.404185503721237e-05,0.9999356269836426
20,2,1,0,0.8264305591583252,0.08327581733465195,0.09029363840818405
22,2,1,1,7.74493528297171e-05,0.9181004166603088,0.08182217925786972
23,4,1,1,0.00015968519437592477,0.9996353387832642,0.00020490596944000572
26,2,2,2,5.579982462222688e-05,4.38635797763709e-05,0.9999003410339355
27,1,1,1,0.00025002972688525915,0.9997046589851379,4.5323198719415814e-05
28,2,2,2,4.295024154998828e-06,0.0007480925414711237,0.999247670173645
29,3,2,1,0.003156571416184306,0.9959612488746643,0.0008821593946777284
30,2,1,0,0.8413344621658325,0.11109071969985962,0.04757477715611458
31,2,1,1,0.0008116468088701367,0.9824206233024597,0.0167677141726017
32,4,1,1,2.5830595973275194e-07,0.9999996423721313,5.256118029706158e-08
33,0,2,2,1.1628924312390154e-06,5.573184898821637e-05,0.9999430179595947
34,1,1,1,8.584435136071988e-07,0.999996542930603,2.5702895527501823e-06
35,2,2,2,1.4345488352773828e-06,2.40974031839869e-07,0.9999983310699463
37,4,1,1,6.009888602420688e-05,0.9999345541000366,5.392613275034819e-06
38,4,1,1,1.3434905667963903e-06,0.9999984502792358,1.5104902217899507e-07
39,0,1,1,5.360890327210655e-07,0.9999992847442627,2.1277244854900346e-07
40,2,2,2,0.0731557235121727,0.04269944131374359,0.8841448426246643
41,0,1,1,1.710637853591379e-09,1.0,9.838555525831794e-10
42,1,1,1,1.5815527376616956e-06,0.9999350309371948,6.339694664347917e-05
43,4,2,2,6.41449162230856e-07,2.1442932848003693e-05,0.9999779462814331
44,3,2,2,6.18264550666936e-08,2.4537496301491046e-07,0.9999996423721313
45,1,2,2,6.35024343864643e-06,2.3690440684731584e-06,0.9999912977218628
46,4,1,1,5.3226212912704796e-06,0.9999775886535645,1.7029478840413503e-05
47,3,1,1,9.25901133541629e-07,0.9999986886978149,4.40738290308218e-07
48,2,2,2,9.298807708546519e-05,0.00016664127178955823,0.9997404217720032
49,3,2,2,0.0005740397027693689,0.0005711510311812162,0.9988547563552856
50,1,2,2,0.00028973515145480633,4.7277153498725966e-06,0.9997054934501648
52,4,1,1,4.2184115045529325e-07,0.9999995231628418,4.757989557901965e-08
53,1,2,2,0.00550570385530591,0.003496320452541113,0.9909979104995728
54,2,1,1,2.1512955754587892e-06,0.9999972581863403,5.656604571413482e-07
55,4,1,1,1.1092797649325803e-05,0.9999833106994629,5.567892003455199e-06
56,0,1,1,8.703541243448853e-05,0.9999122619628906,7.477441386072314e-07
57,0,1,1,3.121097688563168e-05,0.9998787641525269,9.000886348076165e-05
60,2,1,1,1.6994923498714343e-05,0.999967098236084,1.5848367183934897e-05
61,2,1,1,0.015391607768833637,0.8923352360725403,0.09227314591407776
62,1,2,2,1.1270185495959595e-05,0.0008286681259050965,0.9991600513458252
63,0,2,2,2.7341084773979674e-07,6.42523218630231e-07,0.9999991655349731
64,0,2,2,7.395127710196903e-08,2.318944279977586e-05,0.999976634979248
67,0,1,0,0.6891617178916931,0.019478904083371162,0.2913593649864197
68,1,1,1,9.812008102016989e-06,0.999609649181366,0.0003805553715210408
69,0,1,1,1.9585941117838956e-05,0.9987492561340332,0.0012311688624322414
70,1,1,1,1.3197224291161547e-07,0.9999992847442627,5.854125220139395e-07
71,3,1,1,5.988576390336675e-08,0.9999998807907104,4.840363132530001e-08
72,4,1,1,0.00015970304957590997,0.999808132648468,3.219523568986915e-05
73,0,2,2,5.193164156480634e-07,4.971789621777134e-06,0.9999945163726807
74,2,1,1,4.442380031832727e-06,0.9999947547912598,7.595892839162843e-07
76,0,1,1,1.2573424328365945e-06,0.9999747276306152,2.4029850465012714e-05
77,2,1,1,0.00033595843706279993,0.9987673759460449,0.0008966901223175228
78,1,2,2,1.1755137165891938e-05,4.471953161555575e-06,0.9999836683273315
79,3,1,1,0.0006372861680574715,0.9989432692527771,0.0004194024368189275
80,3,2,2,0.002153380075469613,0.00011095993977505714,0.9977356195449829
81,2,2,2,1.1272476513113361e-05,1.992330680877785e-06,0.9999866485595703
82,2,1,1,0.0014116591773927212,0.9963138699531555,0.0022744976449757814
83,0,2,2,1.4222569006960839e-05,0.00011814172466984019,0.9998676776885986
84,1,2,2,3.934692571760934e-09,1.298684765060898e-06,0.9999986886978149
85,1,1,0,0.5059621334075928,0.4776909649372101,0.016346944496035576
86,2,1,1,0.004140047822147608,0.9914133548736572,0.004446561448276043
87,4,2,2,6.995604053372517e-05,0.0004347786889411509,0.999495267868042
88,3,2,2,7.07745812178473e-07,5.5809898185543716e-05,0.9999434947967529
89,3,1,1,0.2151447832584381,0.5743340253829956,0.2105211764574051
90,4,1,1,9.66887910180958e-07,0.9999988079071045,1.892026801897373e-07
91,4,1,1,1.968227297766134e-05,0.9999479055404663,3.245135667384602e-05
92,0,2,2,2.992776171595324e-05,0.0004723969614133239,0.999497652053833
95,4,2,2,1.2725728915086165e-08,6.62646186810889e-08,0.9999998807907104
96,3,2,2,0.00015709205763414502,4.517258275882341e-05,0.9997977614402771
97,1,2,2,9.041461339620582e-07,6.870717470519594e-07,0.9999983310699463
98,3,1,1,0.010285796597599983,0.8851373791694641,0.10457678139209747
99,4,1,1,8.512732563303871e-08,0.9999997615814209,1.3828812939209456e-07
100,4,2,2,9.924180943698957e-08,1.7739832401275635e-05,0.9999821186065674
101,1,1,1,3.755405487027019e-05,0.9976305961608887,0.0023317800369113684
102,1,1,0,0.5386300683021545,0.39185020327568054,0.06951974332332611
104,2,1,1,3.080427268287167e-05,0.9999678134918213,1.39347741878737e-06
105,3,2,2,1.0583434004729497e-06,1.3351220786717022e-06,0.999997615814209
106,3,2,2,1.733234853418253e-06,1.046942884386226e-06,0.9999971389770508
107,4,2,2,1.624279434508935e-06,8.861649803293403e-06,0.9999895095825195
108,0,2,2,4.263761638867436e-06,2.3699058147030883e-05,0.9999719858169556
109,3,1,1,5.513726364370086e-08,0.9999998807907104,7.299009396888323e-09
110,1,1,1,2.0782556021003984e-05,0.9996627569198608,0.00031645718263462186
111,0,1,1,3.358525475505303e-07,0.9999996423721313,2.6384039841786944e-08
113,0,2,2,3.444858407419815e-07,2.866330248707527e-07,0.9999994039535522
114,0,1,0,0.46156322956085205,0.10893072932958603,0.42950600385665894
115,2,1,1,2.991724272760621e-07,0.9999996423721313,1.1553787260254467e-07
116,4,2,2,0.00341460551135242,0.0008606333867646754,0.9957246780395508
117,0,1,1,5.5809086241254136e-09,0.9999996423721313,4.0906533627094177e-07
118,4,1,1,1.7340320482617244e-05,0.9999748468399048,7.836621080059558e-06
120,0,1,1,1.8474602256901562e-05,0.9999762773513794,5.284845883579692e-06
121,4,1,1,0.00038562974077649415,0.9992554783821106,0.00035886981640942395
122,4,1,1,4.804397804036853e-07,0.9999990463256836,4.26811453735354e-07
123,3,1,1,9.37235563469585e-06,0.9995692372322083,0.0004213551583234221
124,3,1,1,0.0002453504130244255,0.9996970891952515,5.760997737525031e-05
125,1,1,1,6.259117526496993e-07,0.9999973773956299,1.986800043596304e-06
126,4,1,1,1.0866914124108007e-07,0.9999998807907104,2.415817412781962e-08
127,3,1,1,1.0969780532832374e-06,0.9999966621398926,2.2453943984146463e-06
129,1,1,1,1.3219184893387137e-06,0.9999953508377075,3.2794209801068064e-06
130,0,1,1,6.228499671578902e-08,0.9999997615814209,1.6967088356523163e-07
131,3,1,1,3.0524690373567864e-05,0.9999598264694214,9.668589882494416e-06
132,1,2,0,0.7494875192642212,0.01486933883279562,0.235643208026886
133,1,1,1,1.1483280104584992e-06,0.9999901056289673,8.727479325898457e-06
134,3,1,1,0.00012693097232840955,0.999843955039978,2.9106551664881408e-05
135,1,2,2,0.00018764540436677635,0.0012934671249240637,0.9985190033912659
136,0,1,1,1.1758392247429583e-05,0.9999516010284424,3.659064168459736e-05
137,1,1,1,9.38325772636972e-09,0.9999998807907104,8.588570210577018e-08
139,0,2,2,3.2689362328142124e-09,1.277955963274735e-08,1.0
140,1,1,1,7.2786008331604535e-09,0.9999998807907104,7.621237330113217e-08
141,4,1,1,2.592048986116424e-06,0.9999923706054688,5.0457260840630624e-06
142,0,2,2,2.6074201131542907e-10,1.2801752991009607e-09,1.0
143,4,2,2,0.00012920232256874442,0.0008172117522917688,0.9990535378456116
144,3,1,1,4.147667027609714e-07,0.9999994039535522,2.3780781077675783e-07
145,1,1,1,1.5529079746556818e-06,0.9999983310699463,1.1653632725483476e-07
146,2,2,2,3.445704578552977e-06,2.0003151803393848e-05,0.9999765157699585
147,4,2,2,1.5328325275731913e-07,3.7276102375471964e-05,0.999962568283081
148,0,2,2,2.837102552888382e-09,1.5027652580101858e-06,0.9999984502792358
149,3,2,2,2.958663287699892e-07,2.2974467128733522e-07,0.9999995231628418
150,0,2,2,1.1205602135078152e-07,1.943566758200177e-06,0.9999979734420776
152,4,2,2,6.092823241488077e-06,1.4864691365801264e-05,0.9999790191650391
153,2,1,1,5.297527422953863e-06,0.9999821186065674,1.2603826689883135e-05
154,2,2,2,0.00017638907593209296,0.00018587610975373536,0.9996377229690552
155,4,1,1,4.3841196202265564e-06,0.9999932050704956,2.3530080852651736e-06
156,2,2,2,8.84498604136752e-07,2.164066330578862e-07,0.999998927116394
157,2,2,2,0.00014403137902263552,0.0009352773195132613,0.9989206790924072
158,2,1,1,6.824930551374564e-06,0.9999929666519165,1.6000204539068363e-07
161,1,1,0,0.8986186981201172,0.033729128539562225,0.0676521584391594
162,4,2,2,1.7064362509700004e-06,5.819165949105809e-07,0.9999977350234985
163,1,2,2,4.2715631032308465e-09,1.9306039433786282e-08,1.0
167,1,1,1,0.00010287540499120951,0.9998689889907837,2.8124008167651482e-05
168,0,1,1,1.2766694368337994e-08,0.9999998807907104,5.6435546014199645e-08
169,4,2,2,1.7748416780705156e-07,3.4215699429296365e-07,0.9999995231628418
171,2,2,2,6.61044714433956e-06,7.862586789997295e-05,0.9999147653579712
172,0,1,1,0.4207877814769745,0.5204818844795227,0.05873029679059982
173,0,1,1,2.745448668406425e-08,0.9999998807907104,7.911769017709958e-08
176,2,1,1,4.543695922620827e-06,0.9999288320541382,6.660269718850031e-05
178,0,2,2,6.742987057606342e-09,7.730283755336131e-07,0.9999992847442627
179,1,2,2,2.604941862216492e-08,9.763647540239617e-06,0.9999902248382568
181,1,1,1,2.5112900203794197e-08,0.9999995231628418,4.453465862752637e-07
182,1,1,1,5.434619652078254e-07,0.9999983310699463,1.0902570011239732e-06
183,3,2,2,1.4823153833276592e-06,4.9977784328802954e-06,0.9999935626983643
184,2,1,1,0.0002904813445638865,0.9996627569198608,4.678555342252366e-05
186,4,1,0,0.540206253528595,0.357410728931427,0.10238301753997803
187,4,2,2,6.1718666984234e-05,4.1735263948794454e-05,0.9998965263366699
188,0,2,2,4.4042253648513e-06,3.131668927380815e-05,0.9999642372131348
190,1,2,2,2.6048855517046832e-08,0.00041274024988524616,0.9995872378349304
191,3,1,1,3.985331204603426e-05,0.9999468326568604,1.3359108379518148e-05
193,1,1,1,1.916131537882393e-07,0.9999936819076538,6.185964593896642e-06
194,3,2,2,0.0002046485460596159,3.5164968721801415e-05,0.9997602105140686
195,4,1,1,3.0825656722299755e-05,0.9999474287033081,2.1742962417192757e-05
197,2,1,1,3.361011238212086e-07,0.9999995231628418,1.8066465656829678e-07
198,1,2,2,1.6222047634073533e-05,4.2745228711282834e-05,0.9999409914016724
199,3,1,1,0.00012426543980836868,0.9998540878295898,2.166069498343859e-05
200,0,2,2,0.05773809552192688,0.008669659495353699,0.9335922002792358
201,1,2,0,0.8826215267181396,0.0056738718412816525,0.11170459538698196
202,3,2,2,6.471903179772198e-05,2.492101521056611e-05,0.9999103546142578
203,0,2,2,1.1015252994184266e-06,8.3236236605444e-06,0.9999905824661255
204,3,2,2,8.378276561415987e-08,7.752941399985502e-08,0.9999997615814209
206,4,1,2,0.004757971968501806,0.23317264020442963,0.7620694041252136
207,1,1,1,5.849569362226248e-08,0.9999974966049194,2.426449100312311e-06
208,0,1,1,8.353478733624797e-06,0.9999842643737793,7.408589226542972e-06
210,1,2,2,4.6496797949657775e-06,0.00043572968570515513,0.9995595812797546
212,4,1,1,9.21956839761151e-08,0.9999978542327881,2.051672254310688e-06
213,2,2,2,3.360630671522813e-06,1.7439006114727817e-05,0.9999792575836182
214,3,2,2,3.4103607049473794e-06,3.461273809080012e-05,0.9999619722366333
215,3,1,1,1.218648549183854e-06,0.9999649524688721,3.380881025805138e-05
216,2,2,2,0.00034862454049289227,0.0003408137708902359,0.9993106126785278
217,2,1,1,0.0011394721223041415,0.9987714886665344,8.896966755855829e-05
218,2,1,1,0.0008724142098799348,0.9987295269966125,0.0003980192996095866
219,4,2,2,9.06016502995044e-05,8.488119055982679e-05,0.999824583530426
220,0,2,2,1.689324591325203e-07,1.6634783605695702e-05,0.9999831914901733
221,1,2,2,7.0461090295736994e-09,1.4234761636089388e-07,0.9999998807907104
222,2,2,2,5.148565378476633e-07,1.220108060806524e-06,0.9999983310699463
223,0,2,2,6.36686945654219e-06,1.6989235518849455e-05,0.999976634979248
224,4,2,2,4.046156391268596e-05,2.354185562580824e-05,0.9999361038208008
227,1,2,2,0.001227176864631474,0.005904438905417919,0.9928683638572693
228,3,2,2,2.5416180505999364e-05,5.738855179515667e-05,0.9999172687530518
229,2,1,1,0.0028994905296713114,0.9969172477722168,0.00018320798699278384
230,4,2,2,1.685850925525756e-08,5.155055532668484e-06,0.9999948740005493
231,3,1,1,1.0342454004330648e-08,1.0,1.688526540810642e-09
232,1,1,1,8.963617403878743e-08,0.9999997615814209,1.903896986732434e-07
233,0,1,1,3.1813036116545845e-07,0.9999994039535522,3.241599699776998e-07
234,1,1,1,5.007509429333368e-08,0.9999998807907104,2.2608915628552495e-08
235,2,2,2,1.7246332140175014e-09,1.1304588554139627e-07,0.9999998807907104
236,1,1,1,1.45137857998634e-06,0.9999744892120361,2.404417136858683e-05
237,2,1,1,6.016420684318291e-06,0.9999914169311523,2.6106276891368907e-06
239,3,2,2,1.592975422681775e-06,6.114155894465512e-06,0.9999923706054688
240,0,1,1,2.3854483970353613e-06,0.9999969005584717,6.729756591994374e-07
241,0,1,1,4.153369900450343e-06,0.9999957084655762,1.235841011748562e-07
242,2,2,2,3.8489888538606465e-06,1.535646697448101e-05,0.9999808073043823
243,2,1,1,0.0002802690723910928,0.9997001886367798,1.9565179172786884e-05
244,3,2,2,8.475529966744944e-07,5.182534732739441e-05,0.9999473094940186
245,2,2,2,3.118765744147822e-05,0.0005806652479805052,0.9993880987167358
246,2,2,2,5.861298177478602e-06,2.0323061107774265e-05,0.9999738931655884
247,3,2,2,1.8213813746115193e-05,0.0007788306684233248,0.9992029070854187
248,2,2,2,0.0009980571921914816,0.0010764137841761112,0.9979255199432373
250,2,1,1,2.784915295706014e-06,0.9999961853027344,1.0084226005346864e-06
251,4,1,1,2.7522360142029356e-06,0.9999369382858276,6.030963049852289e-05
252,4,1,1,9.480278606588399e-08,0.9999997615814209,1.83486477567385e-07
253,2,2,2,0.0005352724110707641,0.0009197772014886141,0.9985449314117432
254,0,1,1,1.92172774404753e-06,0.9999874830245972,1.0565814591245726e-05
255,3,1,1,0.025231292471289635,0.9743301868438721,0.00043846864718943834
256,1,2,2,9.232560114469379e-05,0.00039705511881038547,0.999510645866394
257,4,2,2,5.341555038285151e-07,3.245872721890919e-05,0.999967098236084
258,1,2,2,3.170924633977279e-09,2.048938995358185e-06,0.9999979734420776
259,0,1,1,4.046067624585703e-05,0.99993896484375,2.0521942133200355e-05
260,2,2,2,2.451838372508064e-05,5.124954986968078e-05,0.9999241828918457
262,2,2,2,2.766390423403209e-07,1.1898528100573458e-05,0.9999878406524658
269,2,1,1,0.051389679312705994,0.9423046708106995,0.0063056196086108685
271,4,2,2,0.0003668160061351955,0.0016114450991153717,0.9980217218399048
272,0,2,2,3.748740027731401e-06,0.00017916648357640952,0.9998171925544739
273,0,2,2,0.0005461918190121651,4.627958333003335e-05,0.9994075298309326
274,1,1,1,1.1069411165465226e-08,1.0,8.345850233126839e-09
276,1,2,2,9.520521416561678e-06,5.595670154434629e-05,0.9999345541000366
279,1,2,2,9.390322297520015e-09,7.896894089753914e-07,0.9999991655349731
280,0,1,1,5.679677633452229e-05,0.9999403953552246,2.7871321890415857e-06
281,3,1,1,3.909246970579261e-06,0.9999940395355225,2.0608733848348493e-06
283,1,2,2,1.229555800819071e-05,7.5475312769413e-05,0.9999122619628906
284,3,1,1,0.001296521513722837,0.9985295534133911,0.00017396204930264503
285,2,1,1,2.2223028281587176e-05,0.9999721050262451,5.674543444911251e-06
286,3,2,2,3.7208474168437533e-06,1.0481854587851558e-05,0.9999858140945435
287,3,2,2,9.399263944942504e-07,0.00012299844820518047,0.9998760223388672
289,2,2,2,4.2746501094370615e-06,1.8741387975751422e-05,0.9999769926071167
290,1,2,2,6.649944150893816e-09,1.824884634515911e-07,0.9999997615814209
291,4,2,2,1.6818904668980394e-06,8.76012200023979e-06,0.9999896287918091
292,1,2,2,1.795012138927632e-07,7.187824735410686e-07,0.9999990463256836
293,4,2,2,4.7225481125678925e-07,3.057177480059181e-07,0.9999991655349731
295,2,2,2,0.0008922892156988382,0.00010122949606738985,0.999006450176239
296,2,2,2,0.00013126331032253802,0.0010434066643938422,0.9988253712654114
297,3,2,2,0.00010736769763752818,7.986137643456459e-05,0.9998127818107605
300,1,2,2,2.527414437736297e-07,5.881506149307825e-05,0.9999409914016724
301,1,2,2,3.850975094366049e-09,4.435735547758668e-07,0.9999995231628418
302,4,1,1,2.938975285360357e-07,0.9999996423721313,4.6347402360424894e-08
303,4,2,2,2.4053293600445613e-05,6.079534796299413e-05,0.9999151229858398
304,4,2,2,3.180377825628966e-05,1.4084799886404653e-06,0.9999667406082153
305,1,1,2,0.02175469510257244,0.4780239164829254,0.5002213716506958
306,0,2,2,1.8344229246736177e-08,5.055569545220351e-06,0.9999949932098389
307,1,1,1,8.822807728847692e-08,0.999998927116394,9.432047249902098e-07
309,3,2,2,2.4747771476540947e-06,2.165304613299668e-05,0.9999758005142212
310,0,2,2,1.0329986821489001e-07,1.1339456023051753e-06,0.9999986886978149
311,0,2,2,4.392818331311332e-10,5.595371135314053e-07,0.9999994039535522
312,3,2,2,7.356363312283065e-06,1.3160378330212552e-05,0.9999794960021973
314,3,1,1,1.3061582649243064e-05,0.9999676942825317,1.9299921405036002e-05
315,1,2,2,3.496250792522915e-05,2.7032629077439196e-05,0.9999380111694336
316,2,2,2,0.0014732074923813343,0.0003238683275412768,0.998202919960022
317,2,2,2,2.132041799995932e-06,3.576283052098006e-05,0.9999620914459229
318,0,1,1,1.5225840033217253e-10,1.0,1.9720770849662728e-10
320,0,2,2,3.258528806782124e-07,3.8598022911173757e-07,0.9999992847442627
321,0,2,2,3.636042310972698e-05,8.433846119260124e-07,0.9999628067016602
322,0,1,1,1.2326233900239458e-06,0.9999984502792358,3.629467641985684e-07
323,3,1,1,0.0006995471776463091,0.9987974166870117,0.0005030266474932432
324,1,1,1,0.0002994429087266326,0.996004045009613,0.003696550615131855
325,2,2,2,0.0006536142318509519,0.00036788018769584596,0.9989784955978394
327,0,1,1,4.5804472392774187e-07,0.9999991655349731,3.3728713333402993e-07
328,3,2,2,1.579254967509769e-05,8.339478881680407e-06,0.9999759197235107
329,2,2,2,9.75893453869503e-06,9.665307879913598e-05,0.9998935461044312
330,0,2,2,6.434215826800482e-09,6.957065465940104e-07,0.9999992847442627
332,2,1,1,0.0002774510357994586,0.9997120499610901,1.045771932695061e-05
333,3,1,1,0.0013262833235785365,0.9970270991325378,0.0016466743545606732
334,4,2,2,1.4739403013663832e-05,5.144419992575422e-05,0.9999337196350098
336,1,2,2,2.2989786074845142e-08,8.972245382210531e-07,0.9999990463256836
339,3,1,1,0.00021224863303359598,0.9997273087501526,6.045227200957015e-05
341,2,2,2,9.987376688513905e-05,0.00013121275696903467,0.9997689127922058
342,1,2,2,1.0283118001552793e-07,2.636508179421071e-05,0.9999735355377197
343,0,2,2,1.2683739214480738e-06,7.196296792244539e-05,0.9999266862869263
345,0,1,1,0.0005270677502267063,0.9994670748710632,5.869707365491195e-06
346,1,1,1,3.839514590708859e-07,0.9999992847442627,2.8287544751037785e-07
347,1,2,2,2.2622130018135067e-06,5.8417708714841865e-06,0.9999918937683105
348,0,2,2,8.784125071770177e-08,5.237535560809192e-07,0.9999994039535522
349,4,2,2,8.963268192019314e-05,0.0010109915165230632,0.9988993406295776
350,1,1,1,1.0885864867304917e-06,0.9999946355819702,4.217371042614104e-06
352,3,2,2,1.602537122380454e-05,1.684503695287276e-05,0.9999672174453735
353,4,1,1,1.1003189825942172e-07,0.9999997615814209,7.687473413398038e-08
354,2,2,2,0.00018792493210639805,9.64655409916304e-05,0.9997156262397766
355,1,2,2,5.667556592925393e-07,9.387478030475904e-07,0.9999984502792358
356,4,2,2,2.3963443709362764e-06,5.270133260637522e-05,0.9999449253082275
357,3,1,1,2.186582423746586e-05,0.9999736547470093,4.5328929445531685e-06
358,4,1,1,1.7182555893668905e-05,0.9999760389328003,6.767462309653638e-06
359,3,2,2,5.35394576672843e-07,1.3912397207604954e-06,0.9999980926513672
360,4,2,2,1.3952912922832184e-06,0.0011298006866127253,0.9988687634468079
361,3,1,1,0.00255178427323699,0.9928143620491028,0.004633861593902111
362,4,2,2,0.0001308779465034604,0.0001574350317241624,0.9997116923332214
363,4,2,2,9.354795110994019e-06,7.132223345251987e-06,0.999983549118042
365,1,2,2,3.114974242635071e-05,0.0014120010891929269,0.9985567927360535
366,1,2,2,1.7221523762600555e-08,1.7405901076017471e-07,0.9999998807907104
369,1,2,2,6.1958176367227225e-09,1.198560255488701e-07,0.9999998807907104
370,3,2,2,4.589690888678888e-06,8.251865801867098e-05,0.9999128580093384
371,0,2,2,1.966029003597214e-06,8.161372306858539e-07,0.9999972581863403
372,3,2,2,0.0006158380419947207,8.191814413294196e-05,0.9993021488189697
373,1,1,1,7.819685379217844e-06,0.9999905824661255,1.5405379372168682e-06
374,0,2,2,8.057016387397198e-09,2.3485847933102377e-08,1.0
375,0,2,2,9.919624943677263e-08,5.920322655583732e-05,0.9999406337738037
376,2,1,1,4.416617957758717e-05,0.9999431371688843,1.2711029739875812e-05
377,4,2,2,0.00024114396364893764,0.00011372045264579356,0.9996451139450073
378,2,2,2,3.174774576564232e-08,1.7527296222397126e-05,0.999982476234436
379,2,2,2,3.4489960398786934e-06,1.4241098142520059e-05,0.9999823570251465
380,3,2,2,7.744176286905713e-07,7.079108036123216e-05,0.9999284744262695
381,0,2,2,9.213724183609884e-08,0.0002470565668772906,0.9997528195381165
382,3,1,1,1.2191079257206638e-09,1.0,4.191994529278986e-10
383,2,2,2,5.826386200169509e-07,5.028717282584694e-07,0.999998927116394
384,0,2,2,1.2574928405229002e-05,5.293046001497714e-07,0.999987006187439
385,2,2,2,0.00019884474750142545,0.00024142340407706797,0.9995597004890442
386,3,2,2,8.898057421902195e-05,4.742665169032989e-06,0.9999063014984131
387,4,2,2,1.7900423188166315e-07,1.2277570021979045e-05,0.9999874830245972
388,2,1,1,1.222741229867097e-05,0.9999868869781494,9.293855782743776e-07
389,0,1,1,7.812262992956676e-06,0.999991774559021,4.516174385571503e-07
390,2,2,2,4.320678272051737e-06,0.00020519120153039694,0.9997904896736145
391,1,1,1,2.2977784119859734e-09,1.0,7.636264953703176e-09
392,2,2,2,0.009576845914125443,0.0019972112495452166,0.9884259700775146
393,0,1,1,1.870872239351229e-07,0.9999997615814209,1.6001967750867152e-08
394,1,2,2,2.531667462335463e-07,2.6119973881577607e-06,0.9999971389770508
395,2,1,1,1.5544752386631444e-05,0.9999784231185913,5.996534127916675e-06
396,0,2,2,0.0044815693981945515,0.015401994809508324,0.9801164865493774
397,0,2,2,1.2670174953655078e-07,2.864458679141535e-07,0.9999996423721313
398,1,2,2,9.788654097064864e-06,1.8070961687044473e-06,0.9999884366989136
400,1,2,2,9.24965297599556e-06,3.2865849789232016e-05,0.999957799911499
401,4,2,2,0.0073938253335654736,0.029829807579517365,0.9627763628959656
402,1,2,2,1.8798694156885176e-08,1.0553970497539922e-07,0.9999998807907104
404,4,2,2,1.6493993825861253e-05,3.5279652365716174e-05,0.999948263168335
405,2,2,2,1.921618917322121e-07,6.810535069234902e-07,0.9999990463256836
406,2,1,1,3.637489498942159e-06,0.9999865293502808,9.832890100369696e-06
407,1,2,2,3.4624530798055275e-08,5.849566605320433e-06,0.999994158744812
408,1,2,2,7.675755853142618e-08,1.6886421008166508e-06,0.9999982118606567
409,0,2,2,1.255250481335679e-05,9.113852428299651e-08,0.9999873638153076
410,2,2,2,1.3165394818770437e-07,5.695623030987917e-07,0.9999992847442627
411,0,1,1,0.12137481570243835,0.769511342048645,0.10911376774311066
412,2,1,1,1.1512022865645122e-05,0.999987006187439,1.4556953829014674e-06
413,2,1,1,4.746527338284068e-05,0.9999501705169678,2.3635284378542565e-06
414,3,1,1,0.0002390436129644513,0.999747097492218,1.3837045116815716e-05
415,4,1,1,4.171025921095861e-06,0.9999948740005493,8.962903166320757e-07
416,3,1,1,1.1849829206767026e-06,0.9999964237213135,2.3475979560316773e-06
418,1,1,1,1.6454724800496479e-06,0.9999847412109375,1.3596917597169522e-05
419,2,1,1,0.00023666719789616764,0.9996989965438843,6.436346302507445e-05
421,0,1,1,9.258043428417295e-05,0.999832034111023,7.539875514339656e-05
422,2,1,1,8.344573870999739e-05,0.9999136924743652,2.9005814212723635e-06
423,2,1,1,1.1896075193362776e-05,0.9999877214431763,4.236709969518415e-07
424,4,1,1,5.446755153570848e-07,0.9999991655349731,3.000082529069914e-07
426,4,1,1,2.894375029427465e-06,0.9999938011169434,3.2728235055401456e-06
427,0,1,1,6.870471406728029e-05,0.9998699426651001,6.130739348009229e-05
428,2,1,1,3.366511737112887e-05,0.9999562501907349,1.0078618288389407e-05
429,3,1,1,3.531184120220132e-05,0.9999599456787109,4.717575848189881e-06
430,2,1,1,4.646123488782905e-05,0.9999372959136963,1.6239106116699986e-05
432,3,1,1,2.653738556546159e-05,0.9999692440032959,4.2679848775151186e-06
433,3,1,1,0.0001441248314222321,0.9998462200164795,9.683481948741246e-06
434,0,2,2,6.282451181505166e-08,3.806970596542669e-07,0.9999995231628418
435,0,2,2,4.027887428037502e-07,1.0278741683578119e-05,0.99998939037323
436,2,1,1,2.126567324012285e-06,0.9999650716781616,3.278359872638248e-05
437,4,2,2,5.6633467465871945e-05,0.0008288291865028441,0.9991145730018616
438,2,2,2,0.0002761742507573217,0.00013221209519542754,0.9995915293693542
439,0,2,2,3.2228140156576046e-08,4.281712904230517e-07,0.9999995231628418
440,0,2,2,6.223577764252752e-10,1.540838923119736e-08,1.0
441,3,2,2,5.822341790917562e-07,6.375316388584906e-06,0.999993085861206
442,0,2,2,0.00034603028325363994,0.0005306046223267913,0.9991233944892883
443,2,1,1,2.144468680853606e-06,0.9999954700469971,2.3510863229603274e-06
444,0,1,1,2.3741679342492716e-06,0.9999974966049194,8.22069097239364e-08
445,2,2,2,8.140725071825727e-07,4.006702147307806e-05,0.9999591112136841
446,0,2,2,2.3932939186011026e-08,2.6365771077507816e-07,0.9999997615814209
447,2,2,2,4.137268115300685e-05,0.00019889364193659276,0.9997597336769104
448,4,1,1,3.601439502176618e-08,1.0,2.0864694860733835e-08
449,1,2,2,2.672819164217799e-06,1.0147466127818916e-05,0.9999872446060181
451,1,2,2,8.88113561359205e-07,0.0001386665680911392,0.9998605251312256
452,3,2,2,8.771155989961699e-06,0.0008528792532160878,0.9991382360458374
453,1,2,2,1.3358197975321673e-05,0.0003100643225479871,0.9996765851974487
456,3,2,2,1.2332004644122208e-06,5.951266643933195e-07,0.9999982118606567
458,0,2,2,7.47397934901528e-05,5.464082278194837e-05,0.9998706579208374
459,3,2,2,6.203727025422268e-07,8.798617727734381e-07,0.9999985694885254
461,4,1,1,2.4087492533908517e-07,0.999998927116394,8.555734893889166e-07
463,0,2,2,0.0008924670401029289,0.00031538892653770745,0.9987921118736267
464,3,1,1,0.011717358604073524,0.9879565834999084,0.0003261094680055976
465,2,1,1,1.5623705621692352e-05,0.99997878074646,5.539499397855252e-06
466,0,1,1,0.00052241439698264,0.999445378780365,3.213914533262141e-05
467,4,1,1,2.751007514234516e-06,0.9999921321868896,5.058376700617373e-06
468,3,1,1,1.1878421446454013e-07,0.9999998807907104,1.520559678169775e-08
469,0,1,1,6.453886271629017e-06,0.9999852180480957,8.289103789138608e-06
471,1,1,1,3.0526329908298067e-08,0.9999998807907104,7.82420386258309e-08
472,2,2,2,4.07582456318778e-06,2.1568454030784778e-05,0.9999743700027466
473,0,1,2,0.36103129386901855,0.1792013943195343,0.45976734161376953
476,2,1,1,2.0994764327042503e-06,0.999997615814209,2.4259185238406644e-07
477,2,2,2,0.14748264849185944,0.0300678089261055,0.8224495053291321
478,4,2,2,1.428877112630289e-06,2.073699789661987e-07,0.9999983310699463
480,2,2,2,0.0006434842944145203,0.009256992489099503,0.9900994896888733
481,1,2,2,1.5345896827057004e-05,5.791724470327608e-05,0.9999266862869263
482,3,2,2,0.00038355885772034526,9.239308565156534e-05,0.9995241165161133
483,0,2,2,7.850860583857866e-07,1.2717297295239405e-06,0.9999978542327881
484,0,2,2,1.0823648466384839e-07,1.639014226384461e-05,0.999983549118042
485,0,2,2,3.5930616260060333e-09,1.502116219853633e-06,0.9999984502792358
486,1,2,2,2.5968272439058637e-06,4.7475136852881406e-06,0.9999926090240479
487,0,2,2,5.13833375848094e-09,4.367198869204003e-07,0.9999995231628418
489,2,1,1,2.753265846422437e-07,0.9999988079071045,8.606800179222773e-07
491,3,2,2,2.0513441995717585e-05,0.000166901751072146,0.999812662601471
492,4,2,2,2.2515841919812374e-05,0.0005546556785702705,0.9994229078292847
493,4,2,2,5.3744894756846406e-08,1.7125345266322256e-06,0.9999983310699463
494,2,2,2,2.2228510715649463e-05,0.00041117065120488405,0.9995664954185486
495,2,2,2,3.0523951863870025e-05,7.961240044096485e-05,0.9998898506164551
496,2,2,2,0.3169688880443573,0.010101580061018467,0.672929584980011
497,3,2,2,0.00020379667694214731,0.0002485496224835515,0.9995476603507996
499,1,2,2,1.921606599353254e-05,0.00021126479259692132,0.9997695088386536
500,4,1,1,1.2444842489856e-08,1.0,1.5275480436116595e-08
501,3,2,2,8.412413080804981e-06,0.00410267012193799,0.995888888835907
502,1,1,1,0.001963819144293666,0.9975542426109314,0.0004819394089281559
503,3,2,2,6.593726453729687e-08,7.282928891072515e-07,0.9999991655349731
504,0,1,1,0.00034245423739776015,0.9995847344398499,7.283966988325119e-05
506,2,2,2,8.485142188874306e-07,2.7099808903585654e-06,0.9999964237213135
507,0,2,2,2.4641094498178973e-08,2.8643764693470075e-08,1.0
508,1,2,2,6.779489194741473e-05,9.337025403510779e-06,0.9999228715896606
511,0,2,2,1.3698486789337494e-09,3.5678148435636103e-08,1.0
512,2,2,2,0.00011647686187643558,0.0002234774874523282,0.9996601343154907
513,2,2,2,4.0330625779461116e-05,0.0001081673544831574,0.9998514652252197
514,0,1,1,0.0008194526890292764,0.9990935325622559,8.70036383275874e-05
515,0,1,1,7.963657117215917e-05,0.9999148845672607,5.48746584172477e-06
516,2,2,2,0.00010316917177988216,0.00043683519470505416,0.9994600415229797
517,4,2,2,0.18137802183628082,0.008140897378325462,0.810481071472168
518,3,2,2,3.7542493373621255e-05,0.0004547533462755382,0.9995076656341553
519,4,2,2,4.710303528554505e-06,3.111458136118017e-05,0.9999641180038452
520,3,2,2,8.056090337049682e-07,1.585202699061483e-05,0.9999833106994629
521,1,2,2,1.0251615378820134e-07,6.588591077161254e-06,0.9999933242797852
522,0,1,1,0.0008964608423411846,0.9991002082824707,3.396277406864101e-06
523,1,2,2,3.2033460684033344e-07,7.669138540222775e-06,0.9999920129776001
524,1,2,2,2.7701931685442105e-05,6.0686161305056885e-06,0.9999662637710571
525,4,2,2,7.60035909479484e-05,0.00018827382882591337,0.9997356534004211
526,3,2,2,0.00010044750524684787,0.0027278538327664137,0.9971717000007629
527,3,2,2,9.498518920736387e-06,2.4377577574341558e-05,0.999966025352478
528,2,2,2,1.072895793186035e-05,7.144005212467164e-05,0.9999178647994995
529,2,2,2,3.677884592434566e-07,6.778530519113701e-07,0.999998927116394
530,2,2,0,0.7100778222084045,0.22752362489700317,0.06239856407046318
533,2,2,2,6.02731347498775e-07,1.0612929145281669e-05,0.9999887943267822
534,0,2,2,2.241590912888114e-08,3.6345980447549664e-08,1.0
535,3,2,2,0.00012134430289734155,0.0035212284419685602,0.9963573813438416
537,2,1,1,0.0004400246252771467,0.9994868040084839,7.318652205867693e-05
538,2,2,2,6.02731347498775e-07,1.0612929145281669e-05,0.9999887943267822
539,2,2,2,8.89734747033799e-06,1.235012950928649e-05,0.9999786615371704
540,2,2,2,1.5042936638565152e-06,9.011084785015555e-07,0.9999974966049194
542,3,2,2,1.0681446127591698e-07,0.00010176704381592572,0.9998980760574341
544,0,2,2,1.4331183137983317e-06,9.189775300910696e-05,0.9999066591262817
546,2,2,2,1.277796002341347e-07,1.4983645542088198e-06,0.9999983310699463
547,3,2,2,0.003842554520815611,0.060159191489219666,0.9359982013702393
548,0,2,2,1.409807737218216e-07,6.7402679633232765e-06,0.999993085861206
549,3,2,2,1.8372660406384966e-06,2.515453843443538e-06,0.9999957084655762
550,2,2,1,0.0004249421472195536,0.8221579194068909,0.17741714417934418
551,4,2,2,2.5764044039533474e-05,3.6696434108307585e-05,0.9999375343322754
552,4,2,2,6.342303095152602e-05,7.542238017776981e-05,0.9998611211776733
553,2,2,2,7.400060439977096e-06,3.479223232716322e-05,0.999957799911499
554,3,2,2,1.390669808642997e-06,1.606918118568501e-07,0.9999984502792358
555,4,2,2,1.8096243366017006e-05,8.356377293239348e-06,0.9999735355377197
556,2,1,1,0.41330814361572266,0.5128801465034485,0.07381170988082886
557,4,2,2,0.0011659181909635663,0.0008368348935618997,0.9979972243309021
558,0,1,1,1.2421766768966336e-05,0.9999765157699585,1.1118352631456219e-05
560,1,2,2,6.602661596843973e-05,0.00023202855663839728,0.9997019171714783
561,1,2,2,0.002834829967468977,0.0005578937125392258,0.9966073036193848
562,3,2,2,3.3597572723920166e-07,1.410477466379234e-06,0.9999982118606567
563,0,2,2,4.0270688828059065e-07,4.093666939297691e-05,0.9999587535858154
565,2,2,2,0.00030997017165645957,0.00018915832333732396,0.9995007514953613
566,3,2,2,0.047152675688266754,0.04647384583950043,0.9063735008239746
567,3,2,2,1.4629054021497723e-05,4.5818476792192087e-05,0.9999395608901978
568,4,2,2,8.110023190965876e-05,0.0021557272411882877,0.9977631568908691
570,4,2,2,0.0016586636193096638,0.0006499562878161669,0.9976913928985596
572,1,2,2,2.7676017033684275e-09,6.405301178347145e-07,0.9999994039535522
573,3,2,2,1.4220182720237062e-06,3.464531118879677e-06,0.9999951124191284
574,4,2,2,1.1779811757151037e-05,1.906274883367587e-05,0.9999691247940063
575,2,2,1,0.038973141461610794,0.8904259204864502,0.0706009492278099
576,3,2,2,0.00022043527860660106,0.00013983178359922022,0.9996397495269775
577,3,2,2,0.00023890902230050415,0.08793409913778305,0.911827027797699
578,0,2,2,2.3871402845543344e-06,5.757773033110425e-05,0.999940037727356
580,3,2,2,5.46972150914371e-05,9.780113759916276e-05,0.999847412109375
581,3,1,1,1.2772586615028558e-06,0.9999986886978149,8.405349660733918e-08
582,2,2,2,5.582140602200525e-06,4.441172677616123e-06,0.9999899864196777
583,2,1,1,2.3296490326174535e-05,0.9999731779098511,3.5589791878010146e-06
585,3,2,2,1.0796422429848462e-05,0.0005775471217930317,0.9994115829467773
586,2,2,2,6.952729017939419e-05,0.0012254660250619054,0.9987050294876099
588,2,2,2,4.548135621007532e-05,0.00021493164240382612,0.9997395873069763
589,1,2,2,2.709173168113921e-05,1.203824194817571e-05,0.9999608993530273
591,4,2,2,5.683545532519929e-05,0.0002192396786995232,0.9997238516807556
592,0,2,2,0.0008293658029288054,5.0281054427614436e-05,0.9991204142570496
594,1,2,2,8.087897003861144e-05,1.3339437828108203e-05,0.9999057054519653
595,0,2,2,0.00017065240535885096,8.953203177952673e-06,0.9998204112052917
596,1,2,2,9.511729149380699e-05,0.0013038309989497066,0.9986010193824768
597,4,2,2,9.674728289610357e-07,3.000466904268251e-06,0.9999960660934448
598,2,2,2,9.354723260912579e-06,5.223669745646475e-07,0.9999902248382568
600,1,2,2,0.00010748227214207873,7.56414738134481e-05,0.9998168349266052
601,4,2,2,2.5538836325722514e-06,2.2345786419464275e-05,0.9999752044677734
602,1,2,2,1.2502143764692164e-09,4.647905598176294e-07,0.9999995231628418
603,4,2,2,3.4456982120900648e-06,0.00010493733861949295,0.9998916387557983
604,3,2,2,8.892521145753562e-05,0.00036580394953489304,0.9995452761650085
605,2,2,2,0.0003408856282476336,0.000424178724642843,0.9992349147796631
606,1,2,2,2.773444293779903e-06,9.60045144893229e-06,0.9999876022338867
607,0,2,2,1.1054725135295485e-08,1.9503811472532107e-06,0.9999980926513672
609,4,2,2,0.00021919775463175029,5.914649136684602e-06,0.9997748732566833
610,4,2,2,7.581955401292362e-07,4.348359198047547e-06,0.9999949932098389
612,1,2,2,1.898986624837562e-06,0.0003581031342037022,0.9996399879455566
613,3,2,2,1.4790597560931928e-05,3.0770977900829166e-05,0.9999544620513916
614,1,2,2,4.7221564614119416e-07,3.188709797541378e-06,0.9999963045120239
615,4,1,1,9.448074820284091e-07,0.9999983310699463,6.831483005953487e-07
616,3,2,2,6.843980031590036e-07,1.4700023029945442e-06,0.9999978542327881
619,0,2,2,2.2722326775692636e-06,1.6803703317691543e-07,0.999997615814209
620,2,2,2,1.3637948541145306e-05,5.035369213146623e-06,0.9999814033508301
621,1,2,2,0.002797802211716771,0.00010925813694484532,0.9970929622650146
623,0,1,1,2.81446900771698e-05,0.9999651908874512,6.704461611661827e-06
624,2,2,2,0.0003208323032595217,0.0008306842064484954,0.998848557472229
625,3,2,2,0.0002058225218206644,1.1085427104262635e-05,0.9997830986976624
626,2,2,2,0.04261502996087074,0.0009529981180094182,0.956432044506073
628,2,2,2,2.7089196009910665e-05,6.4644655140000395e-06,0.9999665021896362
629,1,2,2,1.2107111047043873e-07,8.818390284659472e-08,0.9999997615814209
631,4,2,2,0.020328328013420105,0.003333193017169833,0.9763385653495789
632,0,1,1,1.8213107978226617e-05,0.9999781847000122,3.626482794061303e-06
633,4,1,1,5.332598220775253e-07,0.9999988079071045,6.669906724710017e-07
634,0,1,1,7.316377377719618e-06,0.999987006187439,5.691613750968827e-06
635,3,2,0,0.6756346821784973,0.18363648653030396,0.14072883129119873
636,2,2,0,0.8555896282196045,0.02123766392469406,0.12317274510860443
637,3,1,1,3.859254138660617e-05,0.9999457597732544,1.563034311402589e-05
639,3,2,2,7.760884557228565e-08,3.4005844895546034e-07,0.9999995231628418
640,4,1,1,4.6298289646529156e-08,0.9999998807907104,4.469292846920325e-08
641,4,2,2,0.3956470787525177,0.014614010229706764,0.5897389054298401
642,2,2,2,1.2602918104676064e-05,2.8903539259772515e-06,0.9999845027923584
643,3,1,1,2.4167156880139373e-05,0.999969482421875,6.4026876316347625e-06
644,2,1,1,0.0028994905296713114,0.9969172477722168,0.00018320798699278384
645,2,1,1,2.0332670374045847e-06,0.9999949932098389,2.9255882054712856e-06
646,3,1,1,5.799237897008425e-06,0.9999914169311523,2.7488708838063758e-06
647,2,2,2,2.4565950297983363e-05,2.3294049242394976e-05,0.9999521970748901
648,3,2,2,1.852358218457084e-05,7.809008820913732e-06,0.9999736547470093
649,3,2,2,3.4849945222958922e-06,3.0439709917118307e-06,0.9999934434890747
650,3,2,2,0.1455983817577362,0.005469613242894411,0.8489320278167725
651,1,2,2,3.0030836569494568e-05,1.0723731520556612e-06,0.9999688863754272
655,2,2,2,0.00012378969404380769,0.0012343270936980844,0.9986419081687927
656,0,1,1,9.795411642699037e-06,0.9999890327453613,1.1320654493829352e-06
657,2,2,2,7.1455101533501875e-06,2.1144349375390448e-05,0.9999717473983765
658,3,1,1,3.103557901340537e-05,0.9999672174453735,1.692733576419414e-06
659,2,2,2,4.1522022797835234e-07,9.87927160167601e-06,0.9999897480010986
660,4,2,2,7.223906141007319e-05,0.0009337430819869041,0.9989939332008362
661,1,2,2,1.4429778261160209e-08,3.473226342975977e-06,0.999996542930603
662,2,2,2,0.2406439185142517,0.04912906512618065,0.7102270722389221
663,0,2,2,0.00768872257322073,0.0035446444526314735,0.9887667298316956
665,4,1,1,0.00020953382772859186,0.9997668862342834,2.363671228522435e-05
666,1,2,2,1.75651562739354e-10,1.554892605781788e-07,0.9999998807907104
667,1,2,2,2.905922428908525e-06,2.3395939933834597e-05,0.9999737739562988
668,4,1,1,7.292372288247861e-07,0.999998927116394,3.98704003146122e-07
669,2,1,1,1.503758312537684e-06,0.9999982118606567,3.289448500254366e-07
670,0,2,2,4.22238099417882e-06,1.5674215319450013e-05,0.9999802112579346
671,4,2,2,8.454978797090007e-07,7.654739420104306e-06,0.9999915361404419
672,0,1,1,2.117444182658801e-06,0.9999963045120239,1.5208704553515418e-06
673,3,2,2,3.4238373700645752e-06,1.8792981791193597e-05,0.999977707862854
674,2,1,1,0.004786516539752483,0.9843649864196777,0.010848485864698887
675,2,2,2,7.775255284059313e-08,6.188431598275201e-06,0.9999936819076538
676,0,2,2,2.629641615570222e-09,1.7124823781244913e-09,1.0
677,2,2,2,1.7793561255530221e-06,1.0815178029588424e-05,0.9999873638153076
678,0,1,1,7.93982053437503e-06,0.9999885559082031,3.519989149936009e-06
679,3,2,2,0.0002088058681692928,0.0003362702263984829,0.999454915523529
681,4,1,1,0.0005057711387053132,0.999404788017273,8.949861512519419e-05
682,2,1,1,0.0004557085339911282,0.9994839429855347,6.03593944106251e-05
684,3,2,2,1.5028834241093136e-05,0.001346523524262011,0.9986384510993958
685,1,2,1,0.3006751835346222,0.6565892696380615,0.04273553192615509
686,4,2,2,0.005769422743469477,0.0005646469071507454,0.993665874004364
688,3,2,2,6.455303264374379e-06,0.0001378350134473294,0.9998557567596436
689,2,2,2,1.2261672054592054e-05,0.00012671916920226067,0.9998610019683838
691,4,1,1,1.2252315173100214e-05,0.9999845027923584,3.2050411391537637e-06
692,4,2,2,3.071415994782001e-05,0.0002071991330012679,0.9997619986534119
694,3,1,1,9.932310831572977e-07,0.9999936819076538,5.308345407684101e-06
695,2,2,2,4.053117208968615e-06,2.73503246717155e-06,0.9999932050704956
696,4,2,2,3.697334250318818e-05,0.0006244939868338406,0.9993385672569275
697,4,2,2,6.127737037786574e-07,2.107403588524903e-06,0.9999972581863403
699,0,2,2,4.449517746252241e-06,2.280200533277821e-06,0.9999933242797852
700,3,2,2,6.3666116147942375e-06,5.118965873407433e-06,0.9999885559082031
702,2,1,1,0.0031010794918984175,0.9962517619132996,0.0006472085951827466
703,3,2,2,0.002517018234357238,0.0012079826556146145,0.9962750673294067
705,1,2,2,8.775895548751578e-05,0.0004909404087811708,0.999421238899231
706,1,2,2,8.374998969884473e-07,2.7204268349123595e-07,0.999998927116394
708,4,1,1,1.1527509968800587e-06,0.9999967813491821,2.045504061243264e-06
710,3,2,2,1.6500414403708419e-06,0.0002830972080118954,0.999715268611908
711,3,2,2,5.11792165980296e-07,2.719416215768433e-06,0.9999967813491821
713,2,1,1,3.7111291817382153e-07,0.9999994039535522,1.8460852402313321e-07
714,2,1,1,6.673506868537515e-05,0.9994494318962097,0.00048382391105405986
715,0,1,1,4.570637486267515e-07,0.9999982118606567,1.2873899777332554e-06
716,0,2,2,4.417218406160828e-06,0.00018311312305741012,0.9998125433921814
717,3,2,2,2.6237344172841404e-06,0.0012494930997490883,0.9987478256225586
718,4,2,2,0.00012410825002007186,2.954908813990187e-05,0.999846339225769
719,1,2,2,5.240947757556569e-06,5.218974911258556e-05,0.9999425411224365
720,2,2,2,5.5239379292970625e-08,5.7465726399641426e-08,1.0
721,4,2,1,0.05493151396512985,0.7646416425704956,0.18042688071727753
722,4,2,0,0.6841135025024414,0.05701391398906708,0.2588725984096527
723,2,2,2,0.002599994419142604,0.0009738632943481207,0.9964260458946228
724,4,2,2,9.824151493376121e-05,0.0006614085286855698,0.9992402791976929
725,1,1,1,1.3458939974952955e-05,0.999754011631012,0.00023251537641044706
726,2,1,1,1.6945539300650125e-06,0.9999967813491821,1.5283534366972162e-06
727,4,1,1,5.7744091463973746e-06,0.9999905824661255,3.64835773325467e-06
728,0,2,2,0.0007646152516826987,5.7020897656911984e-05,0.9991783499717712
729,3,2,2,5.9789053921122104e-05,0.002934423042461276,0.9970057606697083
730,3,2,2,1.412711208104156e-05,4.047778929816559e-06,0.9999817609786987
731,3,1,1,1.1512095170473913e-06,0.9999871253967285,1.1682845979521517e-05
735,2,1,1,2.230185145890573e-06,0.9999970197677612,7.793057648086688e-07
737,3,1,1,2.5071083200600697e-06,0.9999971389770508,3.538461612606625e-07
738,2,2,2,5.5239379292970625e-08,5.7465726399641426e-08,1.0
739,4,2,2,0.0005100316484458745,0.00029389746487140656,0.9991961121559143
740,4,1,1,3.906336871750682e-07,0.9999995231628418,9.698248248923846e-08
741,1,2,2,3.761755124287447e-06,3.3109099604189396e-06,0.999992847442627
742,2,2,2,0.0016212379559874535,8.006543794181198e-05,0.998298704624176
743,2,2,2,6.523387128254399e-06,1.8148712115362287e-05,0.999975323677063
744,4,1,1,9.66887910180958e-07,0.9999988079071045,1.892026801897373e-07
745,4,2,2,5.97860150719498e-07,1.949759052877198e-06,0.9999974966049194
747,3,2,2,0.001389266224578023,0.0005401850212365389,0.9980705380439758
748,0,2,2,9.819536899158265e-07,4.530557635007426e-05,0.9999537467956543
749,2,2,2,2.937019738524782e-09,2.154932303710666e-07,0.9999997615814209
750,0,1,2,0.17770181596279144,0.3830253779888153,0.43927279114723206
751,2,2,2,5.374137685976166e-07,1.2195866929687327e-06,0.9999982118606567
752,3,1,1,3.2083738915389404e-05,0.9999562501907349,1.1722037015715614e-05
753,4,2,2,0.0012358820531517267,0.014556661248207092,0.9842074513435364
755,2,2,2,0.00018646202806849033,0.0001394716528011486,0.9996740818023682
756,2,2,2,3.0111834803392412e-06,7.313341939152451e-06,0.9999897480010986
757,4,2,2,0.0010920354397967458,0.0013685206649824977,0.9975395202636719
758,4,2,2,0.0001550487504573539,0.0001391007099300623,0.9997058510780334
759,4,1,1,3.778994539516134e-08,1.0,5.150435189449354e-09
760,3,2,2,3.403572554816492e-05,8.847969729686156e-05,0.9998774528503418
761,1,2,2,1.878556577139534e-05,2.5599863420211477e-06,0.9999786615371704
762,1,2,2,6.215915782092907e-09,2.770000548935059e-07,0.9999997615814209
763,4,1,1,3.2551713502471102e-06,0.999993085861206,3.6949686545995064e-06
764,4,2,2,0.0010920354397967458,0.0013685206649824977,0.9975395202636719
765,2,2,2,3.2760249268903863e-07,1.2624784176296089e-05,0.999987006187439
767,1,2,2,1.3860314538760576e-05,6.5637095758575015e-06,0.9999796152114868
768,1,1,1,0.0002027721202466637,0.9997871518135071,1.0079412277264055e-05
769,3,2,2,4.043038279633038e-05,5.1490489568095654e-05,0.9999080896377563
770,0,2,2,5.99036538915243e-05,5.687412340193987e-05,0.9998831748962402
771,3,2,2,0.0011972886277362704,0.00012681666703429073,0.9986758828163147
772,2,2,2,1.1801846994785592e-05,0.00036065347376279533,0.9996274709701538
773,4,2,2,4.6310702828122885e-07,5.049529136158526e-05,0.9999489784240723
774,3,2,2,7.972391358634923e-06,8.576168511353899e-06,0.9999834299087524
775,2,1,1,5.067702204542002e-07,0.9999986886978149,8.297706131088489e-07
777,0,2,2,0.000578610401134938,0.0002545686438679695,0.9991668462753296
778,1,1,1,3.515978175272494e-09,1.0,1.8683774527517016e-08
779,2,2,2,5.16061918460764e-05,1.6891777704586275e-05,0.9999314546585083
780,2,1,1,1.787028196531537e-07,0.9999997615814209,9.334831219121043e-08
781,3,2,2,3.2044854378909804e-06,4.40298390458338e-06,0.9999923706054688
782,0,2,2,1.6085771603613352e-10,9.843050463587133e-08,0.9999998807907104
783,2,1,1,3.780868792091496e-05,0.9994416832923889,0.0005204762564972043
784,2,2,2,0.0004771511594299227,0.000703580619301647,0.9988192915916443
785,3,2,2,1.9221595721319318e-05,7.713470404269174e-05,0.999903678894043
787,4,2,2,3.038595059479121e-05,0.021303191781044006,0.9786664247512817
788,0,2,2,2.191984776800382e-06,3.518032372085145e-07,0.9999974966049194
789,3,2,2,3.55442134605255e-05,2.3012757083051838e-05,0.9999414682388306
790,3,2,2,0.00016864523058757186,3.119212487945333e-05,0.9998001456260681
791,3,1,1,1.3441378996503772e-06,0.9999985694885254,1.197152386112066e-07
792,1,2,2,2.620385885165888e-06,2.486779158061836e-05,0.9999724626541138
793,3,2,2,0.00016527132538612932,3.875658876495436e-05,0.9997959733009338
794,1,2,2,2.271904975259531e-08,7.739681677776389e-07,0.9999992847442627
795,2,1,1,0.0010503269731998444,0.9987707734107971,0.00017892828327603638
796,4,1,1,6.800509311233327e-08,0.9999998807907104,1.4244613488756386e-08
797,2,2,2,5.818477347929729e-06,2.559341737651266e-05,0.9999685287475586
799,1,1,2,0.00028840891900472343,0.00017935749201569706,0.9995323419570923
800,0,2,2,1.60778252933369e-08,1.2259332606845419e-06,0.9999988079071045
801,4,1,1,8.065181305028091e-07,0.9999991655349731,5.1987260718533435e-08
802,0,2,2,1.7270693319915154e-08,6.222040838110843e-07,0.9999994039535522
803,1,1,1,2.2888728778980294e-07,0.9999990463256836,7.068920240271837e-07
805,1,2,2,1.0298687129761674e-06,6.417666099878261e-06,0.9999924898147583
806,1,2,2,7.93436192907393e-05,6.0231800489418674e-06,0.9999145269393921
807,0,2,2,1.8344229246736177e-08,5.055569545220351e-06,0.9999949932098389
809,3,2,2,0.0003093204868491739,0.00035402216599322855,0.9993366599082947
812,0,2,2,1.4246566593101306e-08,3.7573900613097067e-07,0.9999996423721313
813,2,2,2,9.865080937743187e-05,4.81147299069562e-06,0.9998965263366699
815,3,2,2,4.938422080158489e-07,5.5167033679026645e-06,0.9999940395355225
816,3,2,2,7.680071576032788e-06,8.075670848484151e-06,0.9999842643737793
818,3,2,2,1.0734001079981681e-05,5.829011115565663e-06,0.9999834299087524
819,0,1,1,4.357949734412614e-08,0.9999998807907104,7.136190305345735e-08
820,2,2,2,9.777037348612794e-07,1.526887444924796e-06,0.9999974966049194
822,4,2,2,2.7645266982290195e-06,5.816084012622014e-05,0.9999390840530396
823,1,1,1,2.6124102987523656e-06,0.9999797344207764,1.7697191651677713e-05
824,2,2,2,1.2233412235218566e-05,0.0002396642667008564,0.9997480511665344
825,3,2,2,5.029009116697125e-06,8.131187314575072e-06,0.9999868869781494
827,3,2,2,5.631718067888869e-06,8.933628237173252e-07,0.9999935626983643
828,3,2,2,0.00016123558452818543,2.3714237613603473e-05,0.999815046787262
829,4,2,2,8.699108775545028e-07,9.638743904361036e-06,0.9999895095825195
830,3,2,2,2.0094169883577706e-07,7.792559131303278e-07,0.999998927116394
831,4,1,2,0.03807440027594566,0.14611861109733582,0.815807044506073
832,0,1,1,9.911188953992678e-07,0.9999982118606567,7.708491693847463e-07
833,2,2,1,7.250298222061247e-05,0.8165081739425659,0.18341930210590363
834,3,2,2,3.526694854372181e-06,6.116413828749501e-07,0.9999958276748657
835,1,2,2,1.4293476851889864e-05,2.7158330340171233e-06,0.9999829530715942
836,1,2,2,7.439935870934278e-05,3.9816004573367536e-05,0.9998857975006104
837,4,2,2,6.848720659036189e-05,4.132316462346353e-06,0.999927282333374
838,2,1,1,1.957466338353697e-06,0.999990701675415,7.314695267268689e-06
839,2,1,1,1.1985156561422627e-05,0.9999865293502808,1.4770540701647406e-06
840,4,2,2,2.3891137971077114e-05,4.9616450269240886e-05,0.9999265670776367
843,0,1,1,3.152599248323895e-08,0.9999998807907104,3.8606643215644e-08
845,3,1,1,5.129161877448496e-07,0.9999990463256836,4.266857160928339e-07
846,0,2,2,0.11971724778413773,0.09018570184707642,0.7900971174240112
847,1,2,2,0.00012270998558960855,0.00010336162813473493,0.9997739195823669
848,3,2,2,1.3307946574059315e-05,5.0010185077553615e-06,0.9999816417694092
849,0,1,1,2.017013684962876e-06,0.9999971389770508,8.509028930347995e-07
850,2,2,2,6.879906140966341e-05,3.264131737523712e-05,0.9998985528945923
851,4,1,1,3.09017050312832e-05,0.9999576807022095,1.1357341463735793e-05
852,2,1,1,2.0136967577855103e-06,0.9999973773956299,5.643446456815582e-07
853,4,1,1,8.84648943610955e-06,0.9999891519546509,2.0541485810099402e-06
854,1,1,1,0.18560539186000824,0.8001925349235535,0.014202084392309189
855,0,1,1,0.00011611255467869341,0.999861478805542,2.2339645511237904e-05
856,3,2,2,1.678082071521203e-06,2.0050633793289308e-06,0.9999963045120239
857,0,2,2,1.2886496314479245e-08,1.9856162225551088e-07,0.9999997615814209
858,0,1,2,0.00017278459563385695,0.41183212399482727,0.5879951119422913
860,2,2,2,2.79177947959397e-06,9.898978896671906e-05,0.9998983144760132
861,1,2,2,5.25412178831175e-05,0.0008190374355763197,0.9991284012794495
862,4,1,1,0.11738085001707077,0.8772266507148743,0.005392489489167929
863,4,2,2,3.4669076285354095e-06,8.98045163921779e-06,0.9999876022338867
864,0,2,2,8.545208629584522e-07,1.0904605005634949e-06,0.9999980926513672
865,1,1,1,1.4675972437316886e-08,0.9999998807907104,5.1632138564627894e-08
866,2,2,2,0.00013026106171309948,0.0005947141326032579,0.9992750287055969
867,0,1,1,4.8592614376730126e-08,0.9999998807907104,7.413375868736694e-08
868,1,2,2,1.709562275209464e-05,2.847598443622701e-05,0.9999544620513916
869,1,2,2,1.1109120805485873e-06,2.0252473404980265e-06,0.9999969005584717
870,4,2,2,5.905770308345382e-07,0.00019665899162646383,0.9998027682304382
871,3,2,2,6.668790319963591e-07,2.1032206859672442e-05,0.9999783039093018
872,0,1,1,0.00012016011896776035,0.9998534917831421,2.6365538360551e-05
873,4,2,2,3.360350092407316e-06,1.6980233340291306e-05,0.9999797344207764
874,2,1,1,3.4130800941056805e-06,0.999995231628418,1.3190472145652166e-06
875,2,1,1,0.0019555026665329933,0.9978190660476685,0.00022537464974448085
876,4,2,2,8.066080044955015e-05,3.969878889620304e-05,0.9998795986175537
877,4,2,2,1.0393039701739326e-05,5.1036513468716294e-05,0.9999386072158813
878,1,2,2,7.605624574580361e-08,2.6889249056694098e-05,0.999972939491272
879,1,2,2,3.4745562516036443e-06,4.058912963955663e-05,0.9999558925628662
882,0,2,2,6.543721156049287e-07,4.0287472984346095e-06,0.9999953508377075
883,1,2,2,3.2192006074183155e-06,2.462138809278258e-06,0.9999942779541016
886,3,2,2,0.00011171584628755227,0.00011703544441843405,0.9997712969779968
887,1,2,2,9.110708924708888e-05,0.00021939109137747437,0.9996895790100098
891,3,2,2,7.538979116361588e-05,1.739411572998506e-06,0.9999228715896606
892,3,2,2,0.0006741100223734975,0.0002117574622388929,0.9991140961647034
893,2,2,2,6.650705472566187e-06,1.225490359502146e-05,0.9999810457229614
895,0,1,1,2.5588471430637583e-07,0.9999994039535522,3.188179675817082e-07
896,4,2,2,4.615424586518202e-06,1.2173262803116813e-05,0.9999831914901733
897,3,2,2,1.5550207535852678e-05,2.9062972316751257e-05,0.999955415725708
899,1,2,2,8.863121792046513e-09,2.8112987138229073e-07,0.9999997615814209
900,2,1,1,3.201002527930541e-06,0.9999920129776001,4.824168172490317e-06
901,2,2,2,1.3603082152258139e-05,0.0001462462096242234,0.9998401403427124
902,3,2,2,1.8794848074321635e-05,2.4216831207013456e-06,0.99997878074646
903,2,2,2,1.4178035598888528e-05,0.012472973205149174,0.9875128865242004
907,3,1,1,2.655209755175747e-06,0.9999966621398926,6.618144539061177e-07
908,3,1,1,1.2838411294069374e-06,0.9999986886978149,4.0185188510122316e-08
909,2,1,1,8.246464062722225e-07,0.9999991655349731,4.8860428591979144e-08
910,0,1,1,4.8592614376730126e-08,0.9999998807907104,7.413375868736694e-08
912,4,2,2,3.826165993814357e-06,3.997031853941735e-06,0.9999921321868896
913,4,2,2,3.2335760806745384e-06,3.8677611883031204e-05,0.9999581575393677
914,1,2,2,2.570733670381742e-07,5.3618896345142275e-06,0.9999943971633911
916,3,2,2,3.9236356315086596e-06,7.2422426455887035e-06,0.9999887943267822
918,4,2,2,7.537527721979131e-07,7.936911856631923e-07,0.9999984502792358
919,3,2,2,1.616933150216937e-05,0.0011789010604843497,0.9988049268722534
921,1,2,2,1.7358805948219924e-08,2.348668886043015e-06,0.999997615814209
922,4,1,1,2.423652176730684e-06,0.9999951124191284,2.4582811875006882e-06
923,0,2,2,4.466737735242532e-08,9.273072464566212e-06,0.999990701675415
927,4,2,2,2.4692571969353594e-06,7.255519449245185e-05,0.999924898147583
928,3,2,2,0.00015436357352882624,5.584119207924232e-05,0.9997897744178772
929,1,1,1,3.0526329908298067e-08,0.9999998807907104,7.82420386258309e-08
931,1,1,1,8.471852197544649e-07,0.9999929666519165,6.148571173980599e-06
932,0,2,2,8.951669769885484e-06,5.314338977768784e-07,0.9999905824661255
934,4,2,2,2.024295753244587e-07,3.400327841518447e-07,0.9999994039535522
937,1,1,1,0.00019377762509975582,0.9988659620285034,0.0009402973228134215
938,3,1,1,1.0135044249182101e-05,0.9999831914901733,6.731477697030641e-06
939,1,1,1,1.222475276563273e-08,0.9999997615814209,1.8463006767888146e-07
940,2,2,2,1.5267029596088832e-07,6.090979809414421e-07,0.9999992847442627
941,0,2,0,0.7305675148963928,0.02491561509668827,0.24451680481433868
942,0,2,2,1.3987425973027712e-06,2.6946636353386566e-06,0.9999958276748657
943,3,2,2,3.540091881859553e-07,2.5680658382043475e-06,0.9999970197677612
944,0,2,2,3.044928220674592e-08,9.35879285179908e-08,0.9999998807907104
945,3,2,2,0.0007689415360800922,4.482226722757332e-05,0.9991862177848816
946,4,1,1,1.5181112189566193e-07,0.9999996423721313,1.7562734910825384e-07
947,2,2,2,8.847535355016589e-05,0.00010030027624452487,0.9998112320899963
949,0,2,2,1.0753709922539656e-08,1.9324797051467613e-07,0.9999997615814209
951,2,2,2,6.337440936476924e-07,4.063800588482991e-06,0.9999953508377075
952,4,2,2,7.851561178995325e-08,9.500146006757859e-06,0.9999903440475464
953,4,1,1,1.4805961257025047e-07,0.9999998807907104,2.71202473811627e-08
954,4,2,2,0.0007720632129348814,0.00011048236774513498,0.9991174340248108
955,1,2,2,4.377603545435704e-06,4.601445471053012e-05,0.99994957447052
956,0,2,2,3.959236209993833e-07,1.6625886019028258e-06,0.9999979734420776
957,4,2,2,1.5848194152567885e-06,4.0834500396158546e-05,0.9999575614929199
958,4,2,2,4.3690700834986274e-08,4.374183845357038e-05,0.9999562501907349
960,2,2,2,1.3650142705046164e-07,0.00020413225865922868,0.9997957348823547
961,0,2,2,1.6355384060973144e-11,4.848168533300168e-09,1.0
962,4,2,2,9.91696651908569e-06,9.24568812479265e-05,0.9998975992202759
963,0,1,1,7.425322223753028e-08,0.9999983310699463,1.5687458017055178e-06
964,3,1,1,3.6315133911557496e-05,0.9999524354934692,1.1194508260814473e-05
965,4,1,1,1.2752010434269323e-06,0.9999980926513672,6.205676754689193e-07
966,2,2,2,4.801578512569904e-08,3.8066875731601613e-06,0.9999961853027344
967,1,1,1,1.07191344795865e-05,0.9999879598617554,1.2886702052128385e-06
968,3,2,2,2.030251380347181e-06,1.4324258472697693e-06,0.999996542930603
969,1,1,1,1.5327399793818586e-08,1.0,6.4865273152747704e-09
970,2,2,2,0.0001254898525075987,9.931249951478094e-05,0.999775230884552
971,2,1,1,4.353630174591672e-06,0.999995231628418,3.6731915997734177e-07
972,3,2,2,3.3828430332505377e-06,6.020330147293862e-06,0.9999905824661255
973,3,2,2,0.00010381741594756022,9.311033500125632e-05,0.9998031258583069
974,2,1,1,2.6325387807446532e-05,0.9999631643295288,1.0454741641297005e-05
975,1,2,2,2.2278556777166614e-09,3.74060419972011e-07,0.9999996423721313
976,4,2,2,1.0243960559819243e-06,5.326240170688834e-06,0.9999935626983643
977,0,2,2,9.616196621209383e-05,4.992305548512377e-05,0.9998538494110107
979,1,2,2,1.524727188950692e-08,7.331075835281808e-08,0.9999998807907104
980,2,2,2,1.014288031342403e-07,1.1222006435218645e-07,0.9999997615814209
981,1,2,2,3.1351892175734974e-06,2.1724539692513645e-05,0.9999752044677734
982,3,2,2,1.4252035498429905e-06,5.219390914135147e-06,0.9999933242797852
983,4,2,2,3.665215626824647e-05,3.904907134710811e-05,0.9999243021011353
984,2,1,1,1.309282652073307e-06,0.9999979734420776,7.000143682489579e-07
985,0,2,2,1.1454333481708545e-08,8.08225991022482e-07,0.9999991655349731
986,1,1,1,1.4543769566444098e-07,0.9999979734420776,1.8295017980562989e-06
988,4,2,2,3.3194558000104735e-06,0.00013449085236061364,0.9998621940612793
991,0,2,2,5.076963702776993e-07,3.583113254990167e-07,0.9999991655349731
992,1,2,2,4.766123495869579e-09,9.831695706452592e-07,0.9999990463256836
993,1,2,2,1.2295546184759587e-05,7.5475312769413e-05,0.9999122619628906
994,0,2,2,6.085605491534807e-05,0.0008223069598898292,0.999116837978363
995,3,2,2,3.7633446481777355e-05,0.00015405846352223307,0.9998082518577576
996,3,1,1,2.1133504560566507e-05,0.9999747276306152,4.181013991910731e-06
997,1,2,2,1.009317838907009e-05,0.00032366704544983804,0.9996662139892578
999,1,2,2,4.2141248712823653e-08,1.8559320551503333e-06,0.9999980926513672
1000,4,1,1,1.6384916534661897e-08,1.0,3.133984094461084e-08
1001,1,2,2,3.085247612943931e-08,5.287320732350054e-07,0.9999995231628418
1002,4,2,2,2.4920556285223938e-08,2.4971327547973488e-06,0.9999974966049194
1003,3,2,2,5.770440566266188e-06,8.903730872589222e-07,0.9999934434890747
1005,0,1,1,9.678960850578733e-07,0.9999986886978149,3.7901443761256814e-07
1008,4,2,2,9.519021659798454e-06,0.00011320987687213346,0.9998772144317627
1009,1,2,2,8.361850632354617e-05,0.0014883491676300764,0.9984279870986938
1010,1,2,2,9.292243134950695e-07,4.427808562468272e-06,0.9999946355819702
1011,1,2,2,5.513513201549358e-07,0.0003228075220249593,0.9996765851974487
1012,0,2,2,1.6491425469666865e-07,2.1238399767753435e-06,0.9999977350234985
1014,3,2,2,7.817771256668493e-05,9.463049354963005e-05,0.9998272061347961
1015,2,2,2,0.0020716728176921606,0.0005070387851446867,0.997421383857727
1016,4,2,2,0.00012132820847909898,0.02608005329966545,0.9737986326217651
1018,0,1,1,2.2029193132766522e-05,0.9999624490737915,1.550914385006763e-05
1019,3,2,2,5.251309175946517e-06,1.49275510921143e-05,0.9999798536300659
1020,4,2,2,0.00044239460839889944,0.002143219579011202,0.9974143505096436
1021,2,1,1,1.8144259229302406e-05,0.9999778270721436,4.068906491738744e-06
1022,2,1,1,1.9232355441545224e-07,0.9999997615814209,9.237752607305083e-08
1023,4,2,2,0.00015456184337381274,0.0003218584752175957,0.9995236396789551
1024,1,2,2,5.469087227538694e-06,2.2122065274743363e-05,0.9999723434448242
1025,3,2,2,1.4245933925849386e-05,8.150944631779566e-05,0.9999041557312012
1026,2,2,2,2.519353620300535e-05,9.767714800545946e-06,0.9999650716781616
1027,1,2,2,8.858008770928905e-11,1.8383835254098813e-07,0.9999997615814209
1028,2,1,1,5.193959441385232e-05,0.9999425411224365,5.47879108125926e-06
1029,3,1,1,9.386283750245639e-09,1.0,3.829311090441934e-09
1031,1,2,2,6.972260848669976e-07,4.094740688742604e-07,0.999998927116394
1032,4,2,2,1.992406032513827e-05,8.570670615881681e-06,0.9999715089797974
1034,2,2,2,1.8482929590390995e-05,4.671499118558131e-05,0.9999347925186157
1035,4,2,2,7.060309872031212e-05,6.300607492448762e-05,0.9998663663864136
1036,4,1,1,1.4989572250101446e-08,1.0,2.248633945711731e-09
1037,2,2,2,1.687695475993678e-05,2.598232413220103e-06,0.9999804496765137
1038,0,2,2,2.2887592265874446e-08,5.260101261228556e-07,0.9999995231628418
1040,2,2,2,3.221660517738201e-05,0.0002562042500358075,0.9997115731239319
1041,4,1,1,0.001213050214573741,0.9983586668968201,0.00042831935570575297
1042,0,1,1,1.9085748135694303e-05,0.9999788999557495,1.9851156594086206e-06
1043,0,1,1,0.004901902750134468,0.991476833820343,0.0036213072016835213
1045,0,1,1,6.98045539593295e-07,0.9999986886978149,5.94162258948927e-07
1046,4,2,2,2.6338697352912277e-05,8.545681339455768e-06,0.9999650716781616
1047,3,2,2,0.0003098430170211941,3.2392446883022785e-05,0.9996577501296997
1051,2,2,2,3.7602944757963996e-06,7.412329523504013e-07,0.9999954700469971
1052,1,2,2,3.5048298741457984e-05,0.00011482593981781974,0.9998501539230347
1053,0,2,2,1.3234369156123194e-08,1.0504442116143764e-06,0.999998927116394
1054,0,2,2,0.00016812242392916232,7.626791102666175e-06,0.9998242259025574
1057,1,1,1,9.057429451786447e-06,0.9999617338180542,2.926329216279555e-05
1058,3,2,2,8.680199670152433e-08,1.8133788159957476e-07,0.9999996423721313
1059,4,2,2,0.00015662716759834439,0.0005915655056014657,0.9992517828941345
1061,3,1,1,0.007887127809226513,0.9895480871200562,0.002564765280112624
1062,3,2,2,7.280004865606315e-07,2.3219790534767526e-07,0.9999990463256836
1063,1,2,2,0.0007623807759955525,0.0004396228468976915,0.9987980127334595
1065,3,1,0,0.4998842179775238,0.08370725065469742,0.416408509016037
1066,0,2,2,7.701985715868886e-09,1.5313321455323603e-07,0.9999998807907104
1067,2,2,2,6.735412898706272e-05,3.602261494961567e-05,0.9998966455459595
1068,3,2,2,4.751345272779872e-08,5.50401500731823e-06,0.9999945163726807
1069,2,2,2,4.374695272701956e-09,1.1837010305271178e-07,0.9999998807907104
1070,3,2,2,0.007613163907080889,0.0003075981803704053,0.9920791983604431
1071,3,2,2,1.8097638530889526e-05,5.590428372670431e-06,0.9999762773513794
1072,4,2,2,2.6561412596493028e-05,3.7512971175601706e-05,0.9999358654022217
1073,0,2,2,2.0090621546842158e-05,2.1329769879230298e-05,0.9999585151672363
1075,0,2,2,0.014602418057620525,0.005592762026935816,0.9798048734664917
1076,4,2,2,0.00030974848777987063,7.683394869673066e-06,0.9996826648712158
1077,0,2,2,8.45145038397277e-08,1.9580670596042182e-06,0.9999979734420776
1078,1,2,2,3.087682998170749e-08,1.1521741498654592e-06,0.9999988079071045
1079,3,2,2,5.84943663852755e-05,6.923296314198524e-05,0.9998722076416016
1080,3,2,2,1.3546937225328293e-05,6.007554020470707e-06,0.9999804496765137
1081,0,2,2,0.0014330862322822213,0.002339219208806753,0.9962277412414551
1083,1,2,2,0.00028828514041379094,0.00030907371547073126,0.999402642250061
1084,2,1,1,2.1512955754587892e-06,0.9999972581863403,5.656604571413482e-07
1087,4,2,2,2.2685467229166534e-06,2.340295941394288e-05,0.9999743700027466
1088,3,2,2,0.00015307363355532289,0.00028911660774610937,0.9995577931404114
1089,2,2,2,3.250763984397054e-05,6.246182238101028e-06,0.999961256980896
1090,4,2,2,5.191488980926806e-07,3.000663491548039e-05,0.999969482421875
1091,0,2,2,1.26299881664238e-09,2.4451276203762973e-07,0.9999997615814209
1092,2,2,2,1.1192945748916827e-05,0.00014923870912753046,0.9998395442962646
1094,4,2,2,2.0406601208833308e-07,7.731343316663697e-07,0.9999990463256836
1095,3,2,2,2.1394511350081302e-05,1.6420566680608317e-05,0.9999622106552124
1096,1,2,2,0.0014433219330385327,0.007143047172576189,0.9914137125015259
1098,2,2,2,1.484636698023678e-07,2.459367181018024e-07,0.9999996423721313
1100,0,1,1,1.5068650327521027e-06,0.9999983310699463,2.1496829560874176e-07
1101,2,2,2,0.0009798681130632758,0.0004968743305653334,0.9985232949256897
1104,3,2,2,7.018308423312192e-08,5.1489223551470786e-05,0.9999483823776245
1105,2,1,1,0.00018761218234430999,0.9997838139533997,2.8562011721078306e-05
1108,4,1,1,4.09106041843188e-06,0.9999861717224121,9.691766535979696e-06
1109,4,2,2,0.00016296286776196212,4.2604751797625795e-05,0.9997945427894592
1110,3,1,1,5.0441307394066826e-05,0.9999407529830933,8.814482498564757e-06
1111,4,1,1,2.5628019102441613e-06,0.9999840259552002,1.3365746781346388e-05
1112,1,2,2,2.3410491394315613e-06,0.0006419502315111458,0.9993556141853333
1113,4,1,1,1.5695712818342145e-06,0.9999979734420776,4.981652637070511e-07
1114,3,2,2,0.00015045043255668133,5.2515439165290445e-05,0.9997970461845398
1115,4,1,1,6.026267556080711e-07,0.9999992847442627,8.80567938565946e-08
1116,0,2,2,1.8416822058497928e-05,1.2808684004994575e-05,0.9999688863754272
1117,2,1,1,0.00016613448678981513,0.9997139573097229,0.00011991899373242632
1118,0,1,1,3.315174762974493e-05,0.9999340772628784,3.280097371316515e-05
1119,2,1,1,7.330017069762107e-06,0.9999908208847046,1.8747089143289486e-06
1120,0,2,2,1.2685007959589711e-06,4.278949745639693e-06,0.9999943971633911
1121,4,1,1,0.04161563143134117,0.9297257661819458,0.028658626601099968
1122,3,2,2,1.7063604900613427e-05,7.581889803986996e-05,0.9999071359634399
1123,4,1,1,4.148208518017782e-06,0.9999949932098389,8.485890248266514e-07
1124,1,2,2,0.0008124798769131303,0.00032368433312512934,0.998863935470581
1125,4,1,1,1.8741538951871917e-06,0.9999960660934448,2.0173556549707428e-06
1126,1,2,2,2.5037174054887146e-05,0.00010740391007857397,0.9998675584793091
1127,2,1,1,0.0027492335066199303,0.9961890578269958,0.0010617277584969997
1128,3,1,1,0.01132015697658062,0.9846887588500977,0.0039910124614834785
1129,1,1,1,2.0269180822651833e-05,0.9999760389328003,3.742919261640054e-06
1130,3,2,2,6.620102794840932e-05,0.0001736531703500077,0.9997602105140686
1134,2,2,2,9.347852937935386e-06,1.8830945691661327e-06,0.9999887943267822
1135,0,1,1,2.985958053614013e-05,0.9999557733535767,1.4387781448021997e-05
1136,1,2,2,2.618434518808499e-05,0.025346655398607254,0.9746272563934326
1137,4,1,1,2.3638538095838157e-06,0.9999847412109375,1.2885731848655269e-05
1138,1,2,2,0.00048708327813073993,3.671547892736271e-05,0.9994762539863586
1140,0,2,2,9.267167477844396e-09,9.108744314367812e-10,1.0
1141,2,1,1,2.0207269244565396e-06,0.9999958276748657,2.1173520963202463e-06
1142,4,2,1,4.81867537018843e-05,0.571811318397522,0.4281404912471771
1143,1,1,1,0.0009417149121873081,0.9983207583427429,0.0007374847191385925
1144,0,2,0,0.825800359249115,0.021214831620454788,0.15298473834991455
1147,4,2,2,1.0177250260312576e-05,3.0951257940614596e-05,0.999958872795105
1148,2,2,2,2.3653587049921043e-05,0.00010049386037280783,0.9998759031295776
1149,4,2,1,0.05393879488110542,0.5563533306121826,0.38970789313316345
1150,0,1,1,1.620348371034197e-06,0.9999982118606567,2.249713588753366e-07
1151,0,1,0,0.8616129755973816,0.12100067734718323,0.017386360093951225
1152,0,2,2,1.9030512987683323e-07,1.4138676306174602e-05,0.9999855756759644
1153,3,1,1,2.9999979233252816e-05,0.9999688863754272,1.141855250352819e-06
1154,3,2,2,1.4960330190660898e-05,0.0001405506336595863,0.9998444318771362
1156,4,2,2,2.8799606297980063e-05,2.9454018658725545e-05,0.9999417066574097
1157,0,2,2,1.1450467951590326e-07,2.2535303401127749e-07,0.9999996423721313
1158,4,2,2,2.046727058768738e-05,0.00023908396542537957,0.9997404217720032
1159,2,2,2,0.0024472714867442846,0.0011296450393274426,0.996423065662384
1160,0,1,1,0.00012190010602353141,0.9998449087142944,3.3210337278433144e-05
1161,2,2,2,2.3769532617734512e-06,4.8305668315151706e-05,0.9999493360519409
1162,1,2,2,0.00010906983516179025,0.0016121914377436042,0.9982787370681763
1164,1,2,2,4.0653191035744385e-07,3.0960825370129896e-06,0.999996542930603
1166,2,2,2,6.523387128254399e-06,1.8148695744457655e-05,0.999975323677063
1167,3,2,2,0.0001299622526858002,3.7414174585137516e-05,0.9998326301574707
1168,0,2,2,6.32040045300819e-11,1.0160884578169771e-08,1.0
1169,4,2,2,0.20123803615570068,0.005277533084154129,0.7934845089912415
1170,1,1,1,1.4007229765411466e-05,0.9999854564666748,5.616860221380193e-07
1171,1,1,1,3.5002801723749144e-06,0.9999220371246338,7.446622475981712e-05
1172,2,2,2,9.136068001680542e-06,1.709712523734197e-05,0.9999737739562988
1174,3,2,2,2.267198942718096e-05,7.504308086936362e-06,0.9999698400497437
1175,4,2,2,1.1615505890461009e-08,1.3551673418987775e-06,0.9999986886978149
1176,2,2,2,0.00019388434884604067,0.0014227252686396241,0.9983834028244019
1177,4,2,2,5.40302096396772e-07,3.4820332075469196e-06,0.9999959468841553
1178,4,2,2,1.8092983737005852e-05,2.064000909740571e-05,0.999961256980896
1180,3,2,2,0.00018805082072503865,1.8868215192924254e-05,0.9997931122779846
1181,4,1,1,7.865186546496261e-08,0.9999998807907104,1.0375903691794974e-08
1182,4,2,2,4.3573970742727397e-07,6.309479067567736e-05,0.9999364614486694
1183,1,2,2,1.7870668500563625e-07,7.007505246292567e-06,0.999992847442627
1184,4,2,2,0.0006031359662301838,0.00042165248305536807,0.9989751577377319
1185,2,2,2,0.013920492492616177,0.30585190653800964,0.6802276372909546
1187,1,1,1,1.683894151938148e-05,0.9999580383300781,2.5141587684629485e-05
1188,0,2,2,1.083135612134356e-05,3.286880746600218e-05,0.9999562501907349
1189,2,2,2,3.33994030370377e-05,1.1489688404253684e-05,0.9999551773071289
1190,3,1,1,7.897284376667812e-05,0.9998977184295654,2.3300686734728515e-05
1192,3,2,2,0.3494870960712433,0.004402920138090849,0.6461099982261658
1194,2,2,0,0.9741743803024292,0.0078028729185462,0.01802276074886322
1197,2,2,2,2.1895506563396339e-07,8.842026727506891e-05,0.9999113082885742
1198,1,2,2,1.7278463246839237e-06,2.508994839445222e-05,0.9999732971191406
1199,0,2,2,2.159551968361484e-06,1.0508313607715536e-05,0.9999873638153076
1200,3,2,2,6.63794344291091e-06,1.6077503460110165e-05,0.9999772310256958
1201,0,2,2,0.00032038672361522913,0.00020337867317721248,0.9994762539863586
1202,0,2,2,9.255941790797806e-09,1.8173164789914154e-05,0.9999818801879883
1204,4,2,2,4.930322120344499e-06,6.389642658177763e-05,0.9999312162399292
1205,3,2,2,0.0005382291856221855,7.3500610596966e-05,0.9993882179260254
1207,3,1,1,0.00020357458561193198,0.999739944934845,5.6428496463922784e-05
1208,3,2,2,3.55442134605255e-05,2.3012757083051838e-05,0.9999414682388306
1210,0,2,2,0.000819504086393863,2.81426910078153e-05,0.999152421951294
1211,0,2,2,3.9872858906164765e-05,9.886837506201118e-05,0.9998612403869629
1212,0,1,2,1.2680445706791943e-06,2.6412042188894702e-06,0.9999960660934448
1213,2,1,1,4.864462971454486e-05,0.9999505281448364,8.339923738276411e-07
1215,3,2,2,9.733565093483776e-05,0.08041023463010788,0.9194924831390381
1216,3,2,0,0.9187176823616028,0.04038725793361664,0.040895044803619385
1217,3,2,2,0.00020715263963211328,0.0009450935758650303,0.9988477230072021
1219,4,2,2,9.183998190565035e-05,4.0937564335763454e-05,0.9998672008514404
1221,1,2,2,1.79799613420073e-07,8.544811862520874e-06,0.9999911785125732
1222,0,2,2,7.766642795559164e-08,6.027278800502245e-07,0.9999992847442627
1223,2,2,2,8.707102097105235e-05,9.379800758324564e-06,0.9999035596847534
1224,0,1,1,1.447666306830797e-07,0.9999994039535522,5.097691087030398e-07
1226,3,2,2,2.9126665594958467e-06,3.319032475701533e-05,0.9999639987945557
1227,4,1,1,1.359388779320625e-08,1.0,6.329720303455133e-09
1229,1,1,1,6.399978883564472e-05,0.9999291896820068,6.747091447323328e-06
1230,2,2,2,5.109672656544717e-06,8.725314728508238e-06,0.9999861717224121
1231,0,2,2,1.5024826893750287e-07,2.96308485303598e-06,0.9999969005584717
1232,0,2,2,1.897518268378917e-05,0.0026365143712610006,0.997344434261322
1235,0,2,2,4.392826657984017e-10,5.595371135314053e-07,0.9999994039535522
1237,0,2,2,0.0009765199501998723,0.00021561268658842891,0.9988079071044922
1238,3,2,2,0.0001265814935322851,0.00014857803762424737,0.999724805355072
1239,4,2,2,3.400138211873127e-06,2.0046980353072286e-05,0.9999765157699585
1240,4,2,2,5.118080935062608e-06,0.0005910139880143106,0.9994038343429565
1241,2,1,1,7.590825816805591e-07,0.9999969005584717,2.3460995635105064e-06
1242,3,1,1,9.357553062727675e-05,0.9997877478599548,0.00011868299770867452
1243,3,2,2,1.8069371776618937e-08,3.044800223506172e-06,0.9999969005584717
1245,0,2,2,3.3959544509798434e-08,4.384120302347583e-07,0.9999995231628418
1247,2,1,1,9.762246691025211e-07,0.9999988079071045,2.3567994844597706e-07
1249,2,2,2,3.2748025660112035e-06,2.0976092400815105e-06,0.9999946355819702
1250,2,1,1,2.6615279580255446e-07,0.9999992847442627,4.019190100734704e-07
1252,3,1,1,1.1187235941179097e-05,0.999988317489624,5.277125865177368e-07
1253,0,1,1,4.011751855159673e-07,0.9999970197677612,2.5418048608116806e-06
1254,0,1,1,2.298520307419949e-08,1.0,1.5204756564912714e-08
1255,1,2,2,5.118018293615023e-07,1.729902214719914e-05,0.9999822378158569
1256,4,2,2,0.04749929904937744,0.009126720018684864,0.94337397813797
1258,4,2,2,3.3617550343478797e-07,3.9845167520979885e-06,0.9999957084655762
1259,0,1,1,1.0051901881524827e-05,0.9999426603317261,4.73249310743995e-05
1260,0,1,1,1.163854085461935e-05,0.9996476173400879,0.000340738712111488
1261,1,2,2,0.00013662848505191505,0.0031541406642645597,0.9967092275619507
1262,3,2,2,1.9613205495261354e-06,4.8702131607569754e-05,0.9999493360519409
1263,2,2,2,4.283152463813167e-07,3.3177764180436498e-06,0.9999961853027344
1266,3,2,2,1.1954338106079376e-06,1.991511226151488e-06,0.9999967813491821
1267,2,2,2,0.0013035550946369767,0.00042771914741024375,0.998268723487854
1268,2,2,2,1.3189929632062558e-05,2.259219400002621e-05,0.9999641180038452
1269,3,2,2,5.383893721955246e-07,5.181717824598309e-06,0.9999942779541016
1270,1,2,2,1.2937655355926836e-06,8.813228487269953e-05,0.9999105930328369
1271,3,1,0,0.5879406332969666,0.29258817434310913,0.11947119981050491
1272,0,1,1,6.532460974995047e-05,0.9999114274978638,2.319095983693842e-05
1274,1,2,1,0.11406466364860535,0.6543179750442505,0.23161737620830536
1275,2,2,2,2.3837885237298906e-05,6.4264672801073175e-06,0.9999697208404541
1276,3,2,2,2.9509143132600002e-05,1.3857114026905037e-05,0.9999566078186035
1277,3,2,2,0.0002956798707600683,2.758862501650583e-05,0.9996767044067383
1278,3,2,0,0.5636927485466003,0.10484705865383148,0.33146020770072937
1279,4,2,2,7.406961685774149e-06,2.493288047844544e-05,0.9999676942825317
1280,2,2,2,0.3759622573852539,0.00401625270023942,0.6200214624404907
1281,3,2,2,1.9087801774730906e-06,1.6216487210840569e-06,0.9999964237213135
1282,0,1,1,0.01165059208869934,0.9749448895454407,0.013404551893472672
1283,3,2,2,7.552607428351621e-08,1.142177893598273e-06,0.9999986886978149
1284,0,2,2,5.051052721682936e-05,3.061264578718692e-05,0.9999188184738159
1285,4,2,2,6.403732868420775e-07,7.614649462084344e-07,0.9999986886978149
1286,3,1,1,2.0282145669625606e-06,0.9999959468841553,2.0659363144659437e-06
1287,0,2,2,1.841683842940256e-05,1.2808684004994575e-05,0.9999688863754272
1288,2,1,1,3.5603181913757e-06,0.9999879598617554,8.444420927844476e-06
1289,0,2,2,7.476278369722422e-07,1.8468875850885524e-07,0.9999990463256836
1291,4,2,2,1.0510319725653972e-06,1.2565022871058318e-06,0.999997615814209
1292,0,2,2,0.0003858791314996779,0.0006807687459513545,0.9989333748817444
1293,1,2,2,1.9639723177533597e-05,1.9351895389263518e-05,0.9999610185623169
1294,2,2,2,0.00033971358789131045,1.399270877300296e-05,0.9996463060379028
1295,3,2,2,1.1557461220945697e-05,0.00015625088417436928,0.9998321533203125
1296,0,2,2,0.06809429824352264,0.0017508937744423747,0.9301548600196838
1297,4,2,2,3.618396533511259e-07,5.3120173106435686e-05,0.9999464750289917
1298,1,1,1,3.1105646485229954e-06,0.9999959468841553,9.125102451434941e-07
1299,4,2,1,0.033094391226768494,0.9210790991783142,0.04582655802369118
1302,2,2,2,0.2107093334197998,0.014434061013162136,0.7748566269874573
1303,4,1,1,0.00019804095791187137,0.9997548460960388,4.714380338555202e-05
1304,2,2,2,0.004184480756521225,0.000906052824575454,0.9949094653129578
1306,2,1,1,6.380282684403937e-06,0.9999926090240479,1.0522423963266192e-06
1308,0,2,2,0.0006808092584833503,0.0002481848350726068,0.9990710020065308
1309,1,1,1,0.0010660330299288034,0.9957823753356934,0.0031515785958617926
1310,4,2,2,2.0796345779672265e-05,2.2617005015490577e-06,0.9999769926071167
1311,3,1,1,0.0001546646235510707,0.9995837807655334,0.000261518667684868
1312,4,1,1,2.2413846334501386e-09,1.0,1.4642721479773968e-09
1313,1,2,2,0.0001334270928055048,1.0862333510885946e-05,0.9998557567596436
1314,2,1,1,3.461700907791965e-05,0.9999566078186035,8.797926057013683e-06
1315,1,1,1,2.2334823768233036e-07,0.9999996423721313,1.7322651046924875e-07
1316,0,2,2,0.00013799929001834244,0.0005105445743538439,0.999351441860199
1317,1,2,2,6.4597475102345925e-06,7.507637292292202e-06,0.9999860525131226
1318,0,2,2,5.087960630589805e-08,1.4817142982792575e-05,0.9999852180480957
1319,2,2,2,0.00039486074820160866,7.645357982255518e-05,0.9995286464691162
1320,1,2,2,1.0804737371472584e-07,2.5870285753626376e-06,0.9999972581863403
1321,0,1,1,1.6727781257941388e-06,0.9999490976333618,4.9190708523383364e-05
1322,4,2,2,8.154333772836253e-05,0.000818006054032594,0.9991004467010498
1323,3,2,2,2.4659926566528156e-05,0.007209975738078356,0.9927654266357422
1324,0,2,2,6.8106496655673254e-06,1.3133944776200224e-05,0.999980092048645
1325,3,2,2,7.305553939573883e-09,3.6834543948316423e-07,0.9999996423721313
1326,0,2,2,4.286266896968982e-09,6.840002697572345e-07,0.9999992847442627
1327,3,2,2,8.875432655486293e-08,1.2030484413116938e-06,0.9999986886978149
1328,0,2,2,0.20252332091331482,0.016904709860682487,0.7805719971656799
1329,0,2,2,0.44783252477645874,0.05535627156496048,0.496811181306839
1330,4,2,2,0.00020315265282988548,7.268189074238762e-05,0.9997240900993347
1331,2,2,2,3.140920171063044e-06,2.837559259205591e-05,0.9999685287475586
1332,0,2,2,9.147607329396124e-07,1.1812818229373079e-05,0.9999872446060181
1333,3,1,1,3.437786517679342e-07,0.9999995231628418,1.306416663737764e-07
1335,1,1,1,3.567626436051796e-06,0.9999957084655762,7.235530006255431e-07
1336,1,2,0,0.5316863656044006,0.24776633083820343,0.22054728865623474
1337,3,2,2,8.965519100456731e-07,3.254782996009453e-06,0.9999958276748657
1338,2,2,2,4.951745722792111e-06,4.613301280187443e-05,0.9999488592147827
1339,3,2,2,3.0668092222185805e-05,6.419189594453201e-05,0.9999051094055176
1340,4,2,2,4.0805731259752065e-05,4.839113535126671e-05,0.999910831451416
1341,0,2,2,0.0030180097091943026,0.00011640707089100033,0.996865451335907
1342,0,1,1,4.347228241385892e-06,0.999995231628418,4.7598726382602763e-07
1343,0,2,2,4.462339475708177e-08,7.516445066357846e-07,0.9999992847442627
1344,2,1,1,0.0012648541014641523,0.9168464541435242,0.08188869804143906
1345,0,1,1,3.2393338642577874e-06,0.9999699592590332,2.678834971447941e-05
1346,2,2,2,0.00013733049854636192,0.0004063556552864611,0.9994562268257141
1349,1,2,2,4.3883185280035875e-11,6.922214765836543e-07,0.9999992847442627
1350,1,2,2,4.939885002386291e-06,3.0130520372040337e-06,0.9999921321868896
1351,1,2,2,9.240541839972138e-05,4.1325292841065675e-06,0.9999034404754639
1352,2,2,2,9.106951620196924e-05,0.001851647743023932,0.9980573058128357
1353,3,1,1,0.0006763901910744607,0.9989128112792969,0.000410789274610579
1354,1,2,2,1.687877499989554e-07,7.304625171400403e-08,0.9999997615814209
1355,0,2,2,7.597675721626729e-05,7.33033666620031e-05,0.9998507499694824
1356,2,1,1,1.3838952099831658e-06,0.9999978542327881,7.841985620871128e-07
1357,4,1,0,0.8414815068244934,0.08423446118831635,0.07428403198719025
1358,2,2,2,3.9789782135812857e-07,2.506778582755942e-05,0.9999746084213257
1359,4,2,2,0.000842162175104022,0.027181211858987808,0.9719766974449158
1360,2,1,1,5.795942706754431e-05,0.9978817105293274,0.0020602706354111433
1362,0,2,2,1.9644961213316492e-08,3.414004095247947e-05,0.9999659061431885
1365,2,1,1,0.00336554367095232,0.9961393475532532,0.0004951524315401912
1367,4,2,2,1.7005824702209793e-05,0.00043687032302841544,0.9995461106300354
1368,0,2,2,3.838095653918572e-05,0.00020051600586157292,0.999761164188385
1369,2,1,1,0.048410624265670776,0.9401344060897827,0.011454945430159569
1370,4,1,1,0.4666455090045929,0.46789464354515076,0.06545976549386978
1371,2,2,2,3.126727824565023e-05,0.0018649575067684054,0.9981037378311157
1372,1,2,2,4.0653191035744385e-07,3.0960825370129896e-06,0.999996542930603
1373,2,2,2,1.729521136439871e-05,1.4715180896018865e-06,0.9999812841415405
1374,4,2,2,3.838385509880027e-06,1.5015322787803598e-05,0.999981164932251
1375,2,2,2,4.122086920688162e-06,0.00011418809299357235,0.9998816251754761
1376,2,2,2,0.0030022335704416037,3.298884257674217e-05,0.9969647526741028
1377,4,2,2,6.934006364645029e-07,0.0005657202564179897,0.9994335770606995
1378,4,2,2,2.764903456409229e-06,0.0009305281564593315,0.9990667700767517
1379,2,2,2,5.078671165392734e-05,6.1034210375510156e-05,0.9998881816864014
1380,4,1,1,3.507861947582569e-06,0.9999896287918091,6.856777872599196e-06
1382,2,2,2,3.395597900635039e-07,8.347917628270807e-07,0.9999988079071045
1383,1,2,2,0.00010747674969024956,6.010267497913446e-06,0.9998865127563477
1384,2,2,2,3.431612640270032e-05,5.152067387825809e-06,0.9999605417251587
1386,2,2,0,0.7404100298881531,0.014367831870913506,0.2452220916748047
1387,4,1,1,7.940702317910109e-08,0.9999995231628418,4.222343648052629e-07
1389,4,2,2,0.00031980613130144775,0.0036019219551235437,0.9960783123970032
1390,1,2,2,8.681817234901246e-06,0.00040509129757992923,0.9995861649513245
1391,2,2,2,0.00025784599711187184,0.0005082407733425498,0.9992338418960571
1392,4,1,1,1.2216922584684653e-07,0.9999889135360718,1.0954782737826463e-05
1393,0,2,2,0.16665272414684296,0.19684076309204102,0.6365064978599548
1394,4,2,0,0.6353463530540466,0.2177964597940445,0.14685721695423126
1395,0,2,2,9.458295835429453e-07,7.24989440641366e-05,0.9999265670776367
1396,2,2,2,0.0005759775522165,0.00014925941650290042,0.9992747902870178
1397,3,2,2,8.408976100326981e-06,8.930179319577292e-06,0.9999825954437256
1399,4,2,2,6.4540317907813005e-06,5.0684444431681186e-05,0.9999428987503052
1401,2,2,2,5.1343831728445366e-05,0.00028929655672982335,0.9996592998504639
1402,4,2,2,3.2245126931229606e-05,0.00011229534720769152,0.9998553991317749
1404,3,2,2,4.2809926526388153e-05,4.28710482083261e-05,0.999914288520813
1405,1,2,2,3.5351856695342576e-06,2.9227696813904913e-06,0.9999934434890747
1406,3,2,2,7.993204235390294e-06,1.4346567695611157e-05,0.999977707862854
1408,0,2,2,0.00011867077409988269,0.0004452939610928297,0.9994359612464905
1411,2,2,2,1.7577763173903804e-06,0.0002061202103504911,0.9997921586036682
1412,4,1,1,0.07785802334547043,0.8908522725105286,0.03128967061638832
1413,2,2,2,5.258347300696187e-06,2.1254125215364184e-07,0.9999945163726807
1414,0,1,1,0.00015201143105514348,0.9636446833610535,0.0362032875418663
1415,3,1,1,0.009933137334883213,0.9892365336418152,0.0008303140057250857
1416,0,2,2,9.883125073884003e-08,3.507755309328786e-06,0.9999964237213135
1418,2,2,2,0.008618817664682865,0.0002691630506888032,0.9911120533943176
1419,0,2,2,6.831982091171085e-08,3.0523048621944326e-07,0.9999995231628418
1420,3,2,2,2.0850131477345712e-05,5.6361936913162936e-06,0.9999735355377197
1421,2,2,2,6.2605231505585834e-06,6.223429227247834e-05,0.9999314546585083
1422,0,2,2,1.5072613450684003e-06,2.2239644295041217e-06,0.9999961853027344
1424,0,2,2,1.820849320210982e-05,0.0005142828449606895,0.9994675517082214
1425,3,2,2,2.3300184693653136e-05,1.7675289200269617e-05,0.9999591112136841
1427,3,2,2,1.9898294340237044e-05,0.0008101681596599519,0.9991699457168579
1428,3,2,2,7.626467413501814e-05,0.000182421033969149,0.99974125623703
1429,2,2,1,0.012333439663052559,0.9851661324501038,0.0025003908667713404
1431,2,2,2,4.0254344639834017e-05,0.00010269253834849223,0.9998569488525391
1432,3,1,1,3.770330295083113e-05,0.9999595880508423,2.737510840233881e-06
1433,4,2,2,6.848714838270098e-05,4.132312369620195e-06,0.999927282333374
1435,2,1,1,1.957466338353697e-06,0.999990701675415,7.314695267268689e-06
1437,1,1,1,3.263614416937344e-05,0.9997161030769348,0.00025127007393166423
1438,4,2,0,0.5081402063369751,0.07545330375432968,0.416406512260437
1439,2,2,2,4.2960622522514313e-05,3.4654076443985105e-05,0.9999223947525024
1440,3,2,2,1.93151822713844e-06,5.682136361429002e-07,0.9999974966049194
1441,1,1,0,0.6570965051651001,0.24557064473628998,0.09733287245035172
1442,2,2,2,1.0011598533310462e-05,2.3095115011528833e-06,0.9999877214431763
1445,2,2,2,2.79177947959397e-06,9.898978896671906e-05,0.9998983144760132
1446,0,1,1,5.896114174674949e-08,0.9999998807907104,4.1402056893957706e-08
1447,4,2,2,2.137459659934393e-06,1.3675330592377577e-06,0.999996542930603
1449,0,2,2,0.004414490424096584,0.00019057077588513494,0.9953948855400085
1450,3,1,1,0.00036114040995016694,0.9988158941268921,0.0008229888044297695
1451,2,2,2,1.9324063032399863e-05,0.0022032102569937706,0.99777752161026
1452,1,1,1,5.116617103340104e-07,0.9999992847442627,1.620576455252376e-07
1453,0,2,2,1.1469720675449935e-06,2.020313695538789e-05,0.9999786615371704
1455,3,1,1,0.02052191086113453,0.9781744480133057,0.0013036319287493825
1456,3,2,2,0.00013678839604835957,0.007728275842964649,0.9921349287033081
1457,4,2,2,9.396798361649417e-08,2.3604911802976858e-06,0.9999974966049194
1458,0,2,2,1.3346827643090364e-07,8.941194096223626e-07,0.999998927116394
1459,4,2,2,3.56155724148266e-05,5.5640502978349105e-06,0.9999587535858154
1460,0,1,1,1.3171293176128529e-05,0.9999864101409912,4.5917423108221556e-07
1462,1,2,2,6.846429459983483e-05,0.00013081185170449317,0.9998007416725159
1463,4,1,1,6.993020607026779e-10,1.0,6.715393796596913e-10
1464,1,2,2,1.8625823940965347e-06,3.41575713491693e-07,0.9999977350234985
1465,1,2,2,3.780444330914179e-06,3.898520299117081e-05,0.9999572038650513
1466,4,2,2,0.0007843863568268716,7.331228698603809e-05,0.9991421699523926
1468,3,2,2,0.042190439999103546,0.0005953388172201812,0.9572142362594604
1469,1,1,1,5.061937372374814e-06,0.9999929666519165,1.9149729268974625e-06
1470,4,2,2,3.360350092407316e-06,1.6980233340291306e-05,0.9999797344207764
1472,1,2,2,8.61295575305121e-07,0.00022288129548542202,0.999776303768158
1473,1,2,2,9.695629159978125e-06,1.1988429832854308e-05,0.9999783039093018
1474,2,2,2,3.221784936613403e-05,3.557450691005215e-05,0.9999322891235352
1475,1,2,2,9.563652383803856e-06,0.0011362069053575397,0.9988542795181274
1477,0,1,1,1.6322711644534138e-06,0.9999127388000488,8.56042533996515e-05
1478,1,2,2,1.4342780559672974e-05,6.22517109150067e-05,0.9999234676361084
1481,4,2,2,0.0020084423013031483,0.0010634151985868812,0.9969281554222107
1483,4,2,2,1.595564526724047e-06,5.769433641944488e-07,0.9999978542327881
1485,0,2,2,0.013277189806103706,0.003752322867512703,0.9829704761505127
1487,4,1,1,3.353096872160677e-06,0.9999903440475464,6.2509220697393175e-06
1488,4,2,2,0.0002587445196695626,1.8874981833505444e-05,0.999722421169281
1489,1,2,2,1.7503318758826936e-06,3.7487291137949796e-07,0.9999978542327881
1490,4,2,2,3.7215893371467246e-06,1.7092475900426507e-05,0.9999792575836182
1491,3,2,2,5.822336106575676e-07,6.375316388584906e-06,0.999993085861206
1492,4,2,2,5.832402530359104e-05,0.00010196414223173633,0.9998397827148438
1493,3,2,2,1.708763920760248e-05,2.6246603738400154e-05,0.9999567270278931
1494,4,2,2,3.251336238463409e-05,9.606575622456148e-05,0.9998713731765747
1496,0,1,1,0.0015120382886379957,0.9983189702033997,0.00016892282292246819
1497,0,2,2,1.368172092952591e-06,4.7348007115033397e-07,0.9999982118606567
1498,2,2,2,1.7088214008254e-05,9.764342394191772e-05,0.9998853206634521
1499,4,2,2,0.0029792406130582094,0.002062596147879958,0.994958221912384
1500,0,2,2,1.1763007023546379e-05,2.7489606509334408e-05,0.9999606609344482
1501,0,2,2,1.0867398714253795e-07,3.143265530525241e-06,0.9999967813491821
1502,0,2,2,3.477654553218912e-10,1.4066051789995981e-06,0.9999985694885254
1504,3,2,2,0.009827477857470512,0.000404651538701728,0.989767849445343
1505,3,2,2,0.006791887804865837,0.0001287187187699601,0.9930793642997742
1506,1,2,1,0.08769762516021729,0.5612993240356445,0.35100308060646057
1507,3,2,1,0.3834891617298126,0.39107829332351685,0.2254325896501541
1508,3,2,2,8.820357493277697e-07,8.991090680865454e-07,0.9999982118606567
1509,3,1,1,1.7776199001673376e-06,0.9999963045120239,1.91721596820571e-06
1510,3,2,2,5.985701250210695e-07,0.0001711533113848418,0.9998282194137573
1511,0,2,2,6.256002507143421e-07,1.1577066061363439e-07,0.9999992847442627
1514,0,2,2,1.3163527212700643e-10,1.9287405006451763e-09,1.0
1516,4,2,2,1.0705583008530084e-05,2.4678169211256318e-05,0.9999645948410034
1517,2,2,2,0.002190789906308055,0.0014346142997965217,0.9963745474815369
1518,3,1,1,2.384208386274622e-09,1.0,4.514137952327246e-10
1519,0,2,2,2.2823561707241424e-08,1.6879808129033336e-07,0.9999998807907104
1521,1,1,1,8.913984856917523e-07,0.9999961853027344,2.9797988645441364e-06
1522,1,2,2,1.1780888371504261e-06,8.340277418028563e-06,0.9999904632568359
1523,2,2,2,3.160261985613033e-05,2.8699338145088404e-05,0.9999396800994873
1524,2,2,2,0.002190789906308055,0.0014346142997965217,0.9963745474815369
1526,1,2,2,2.5822362204053206e-06,1.1768775948439725e-05,0.9999855756759644
1527,3,2,2,0.07819707691669464,0.02955150604248047,0.8922514319419861
1528,1,2,1,0.00014326210657600313,0.9945419430732727,0.005314800888299942
1530,2,2,2,1.9576542399590835e-05,0.00011735715088434517,0.9998630285263062
1531,4,1,1,3.031184121482511e-07,0.9999996423721313,4.775810680257564e-08
1532,2,1,1,7.554290277766995e-06,0.9999896287918091,2.8644972189795226e-06
1536,0,1,1,1.4392903722182382e-06,0.9999984502792358,8.63491038671782e-08
1537,3,2,2,2.320262098010062e-07,2.2637493657384766e-06,0.9999974966049194
1539,2,2,2,4.650083340607125e-08,3.7022382457507774e-05,0.9999629259109497
1541,2,1,1,4.1166855226038024e-05,0.9999450445175171,1.3810883501719218e-05
1543,2,2,2,2.3738182619581494e-07,7.667567842872813e-05,0.9999231100082397
1545,0,2,2,5.060493322162074e-07,2.256744119222276e-05,0.9999769926071167
1548,1,1,1,4.159591298957821e-06,0.9999896287918091,6.242857125471346e-06
1550,2,1,1,1.1390296094759833e-05,0.9999865293502808,2.0765182853210717e-06
1552,4,2,2,9.343790225102566e-06,5.508818503585644e-05,0.9999356269836426
1554,1,2,2,2.494320838763997e-08,0.00018501695012673736,0.999815046787262
1555,2,2,2,6.790298357373103e-05,0.002168209059163928,0.9977638721466064
1556,0,1,1,4.175753019808326e-06,0.999990701675415,5.107118340674788e-06
1557,0,1,1,1.0603795317365439e-06,0.9999980926513672,7.998441446943616e-07
1558,4,2,2,0.0020150961354374886,0.0007623198325745761,0.9972225427627563
1560,2,2,2,1.5746481949463487e-05,3.230247239116579e-05,0.999951958656311
1561,2,2,2,4.649502898246283e-06,0.0007244836888276041,0.9992708563804626
1562,0,2,2,7.704584277234972e-07,1.0308965102012735e-05,0.9999890327453613
1563,2,2,2,1.365019033983117e-05,1.2439471674952074e-06,0.9999850988388062
1564,1,2,2,9.484513725510624e-07,2.4140173991327174e-05,0.9999748468399048
1565,2,1,1,5.88491104736022e-07,0.9999991655349731,2.4082788740997785e-07
1566,4,1,1,1.2476642723413534e-06,0.9999980926513672,6.609084834963141e-07
1567,3,2,2,0.0001996350329136476,6.035586557118222e-05,0.9997400641441345
1568,2,2,2,4.3910719682571653e-07,0.00014932143676560372,0.9998501539230347
1571,4,1,1,0.009589578956365585,0.9730492830276489,0.01736115664243698
1572,2,2,2,6.705897249048576e-05,2.966252031910699e-05,0.9999032020568848
1573,3,2,2,9.472312740399502e-06,1.4127048416412435e-05,0.999976396560669
1576,4,1,1,1.0727187316206255e-07,0.9999998807907104,9.79682024393469e-09
1577,4,1,1,1.7342067337722256e-08,0.9999998807907104,4.6673605424985e-08
1578,4,1,1,0.42348647117614746,0.5342851877212524,0.04222831130027771
1579,2,1,1,4.352256382844644e-06,0.9999943971633911,1.2100657613700605e-06
1580,2,2,2,4.131277819396928e-05,0.0007682506111450493,0.9991903901100159
1581,1,2,2,5.269597750157118e-06,3.0641196644864976e-05,0.9999641180038452
1582,3,2,2,2.4604291866126005e-06,1.518504632258555e-06,0.9999959468841553
1583,0,2,2,1.9434403384366306e-06,2.8880907848360948e-05,0.9999692440032959
1585,0,2,2,0.00022871252440381795,7.874517177697271e-05,0.9996925592422485
1586,1,2,2,6.119108093116665e-06,5.318495459505357e-05,0.9999407529830933
1587,2,2,0,0.9662083387374878,0.006624702829867601,0.027166888117790222
1588,4,2,2,5.9896792663494125e-05,0.004145054146647453,0.9957950115203857
1590,3,1,1,0.000751730112824589,0.9989393353462219,0.0003089354722760618
1592,2,2,0,0.8140525221824646,0.021367356181144714,0.16458015143871307
1594,1,1,1,4.74648032877667e-07,0.9999995231628418,3.250502089713336e-08
1595,3,2,2,5.631718067888869e-06,8.933628237173252e-07,0.9999935626983643
1596,4,2,2,4.249045014148578e-05,0.00019053759751841426,0.9997668862342834
1597,3,2,2,5.029004569223616e-06,8.131180038617458e-06,0.9999868869781494
1598,3,2,2,7.019444296929578e-07,2.560693985742546e-07,0.9999990463256836
1599,0,1,1,9.166586096398532e-05,0.9998568296432495,5.1462619012454525e-05
1600,3,2,2,7.406750228255987e-05,6.17786863585934e-05,0.9998642206192017
1601,2,1,1,1.2566658824653132e-06,0.9999980926513672,7.005245947766525e-07
1602,2,1,1,1.5131954569369555e-06,0.9999982118606567,3.001510719968792e-07
1603,2,2,2,8.755529415793717e-05,0.0028333431109786034,0.9970791339874268
1604,3,1,1,0.18136416375637054,0.8112444877624512,0.007391361985355616
1606,0,2,2,0.038727469742298126,0.07220407575368881,0.8890684247016907
1608,2,2,2,0.013859184458851814,0.00010254466178594157,0.9860383868217468
1609,1,1,1,3.8858168238675717e-08,0.9999994039535522,5.984163635730511e-07
1610,1,2,2,6.176046008476987e-05,0.00038619880797341466,0.9995520710945129
1611,4,2,2,0.002093934454023838,0.008800375275313854,0.9891056418418884
1612,0,1,1,0.001539441174827516,0.9984192848205566,4.1289793443866074e-05
1613,1,2,2,1.0246294479543394e-08,7.259823746608163e-07,0.9999992847442627
1614,0,1,1,3.9897754504636396e-06,0.9995228052139282,0.0004732236557174474
1615,3,2,2,1.5962465793606384e-09,7.023194484645501e-06,0.9999929666519165
1616,1,2,2,0.001991618424654007,0.0015035546384751797,0.9965047836303711
1617,2,2,2,0.00027766270795837045,0.13214783370494843,0.8675744533538818
1618,2,2,2,2.0092932118132012e-07,0.00011971596541116014,0.9998800754547119
1619,2,2,2,4.913124573846517e-09,4.870806264989369e-07,0.9999995231628418
1620,0,2,2,1.9403387341299094e-06,0.0001058103734976612,0.9998922348022461
1622,1,1,2,0.03576834872364998,0.019149908795952797,0.9450817704200745
1623,2,2,2,0.002872652839869261,0.00030787737341597676,0.9968194961547852
1624,3,2,2,8.341302600456402e-05,0.0001403066999046132,0.999776303768158
1625,4,2,2,0.00024901764118112624,0.0002197933499701321,0.9995311498641968
1626,1,2,2,1.3252748942704784e-07,2.1168737021071138e-06,0.9999977350234985
1627,3,2,2,4.615194939106004e-06,1.8262044250150211e-06,0.9999935626983643
1628,3,2,2,6.59558600091259e-06,9.96966082311701e-06,0.9999834299087524
1629,1,1,1,3.133045467507145e-08,0.9999998807907104,8.629341152754932e-08
1630,1,2,2,2.1584034470834013e-07,1.3753695384366438e-05,0.9999860525131226
1632,1,2,2,6.510661165748388e-08,3.285671823505254e-07,0.9999995231628418
1633,0,2,2,5.279044046346826e-08,5.396921665123955e-07,0.9999994039535522
1634,3,2,2,0.059471338987350464,0.001615190296433866,0.9389134645462036
1635,4,1,1,3.382550858077593e-05,0.9999408721923828,2.530180790927261e-05
1637,3,1,1,4.056903890159447e-06,0.9999866485595703,9.244655302609317e-06
1638,3,2,2,0.0009749583550728858,0.0008028355659916997,0.9982221722602844
1639,4,2,2,5.099743066239171e-05,5.447474177344702e-05,0.9998944997787476
1640,3,2,2,2.996908960994915e-07,1.2713405340036843e-05,0.9999868869781494
1642,3,2,2,4.72163810627535e-06,4.293167876312509e-06,0.9999909400939941
1643,2,1,1,0.00039938936242833734,0.9995434880256653,5.7146386097883806e-05
1644,3,2,2,6.413294158846838e-06,2.34778144658776e-05,0.9999700784683228
1645,2,2,2,5.480203981278464e-06,2.7828567908727564e-05,0.9999667406082153
1646,3,2,2,0.000353553012246266,0.0035239909775555134,0.9961225390434265
1648,0,1,1,1.7406608094461262e-05,0.9999747276306152,7.858826393203344e-06
1649,1,1,1,4.4603177229873836e-05,0.999946117401123,9.251292794942856e-06
1652,1,2,2,0.1439383178949356,0.12249705195426941,0.7335646152496338
1653,1,2,2,1.1629158969128639e-08,1.3770516034128377e-06,0.9999985694885254
1654,2,1,1,3.3542809774189664e-07,0.9999996423721313,3.404308301924175e-08
1655,3,2,2,5.6998942454811186e-08,7.526845990923903e-08,0.9999998807907104
1656,1,2,2,0.00026587044703774154,1.5845831512706354e-05,0.9997182488441467
1657,0,2,2,0.0037731679622083902,0.003303316654637456,0.9929234981536865
1658,1,2,2,7.094716238498222e-06,0.00011787362018367276,0.9998749494552612
1660,1,2,2,0.000951416150201112,0.0012086911592632532,0.9978399276733398
1661,3,1,1,0.053665511310100555,0.8416701555252075,0.10466433316469193
1662,0,2,1,0.01649698242545128,0.5981531739234924,0.3853498101234436
1664,4,2,2,1.0412418305350002e-05,0.00032169074984267354,0.9996680021286011
1665,3,2,2,6.559386292792624e-06,8.054297722992487e-06,0.9999853372573853
1666,4,2,2,0.0005088940379209816,0.02245750091969967,0.9770336747169495
1667,2,2,2,8.676101970195305e-06,6.977916200412437e-06,0.9999842643737793
1669,0,2,2,1.7939356666829553e-07,5.849291255799471e-07,0.9999991655349731
1670,2,1,0,0.7580055594444275,0.06485565751791,0.1771387755870819
1671,3,2,2,0.29943934082984924,0.09676048904657364,0.6038001775741577
1673,3,2,2,2.103712631651433e-06,5.215816054260358e-05,0.9999456405639648
1674,3,2,2,0.008445292711257935,0.007025465834885836,0.9845293164253235
1677,3,2,2,0.08093064278364182,0.018466711044311523,0.9006026983261108
1680,3,2,2,3.317095251986757e-05,0.00824729073792696,0.9917194843292236
1682,0,1,1,4.028671810374362e-06,0.999946117401123,4.986175918020308e-05
1683,4,2,2,0.00019041514315176755,2.461389703967143e-05,0.9997848868370056
1684,1,2,2,3.234230305793062e-08,6.758799031558738e-07,0.9999992847442627
1685,2,2,2,2.5954579996323446e-06,7.548770372522995e-05,0.9999219179153442
1686,0,2,2,1.6226189472945407e-05,1.0383813560110866e-06,0.9999827146530151
1687,1,2,2,8.029964374145493e-05,0.0002893061318900436,0.999630331993103
1688,4,1,1,2.0790826965821907e-05,0.9999394416809082,3.9717411709716544e-05
1689,4,2,2,0.00011535013618413359,2.071778908430133e-06,0.9998825788497925
1690,1,2,2,0.005459657404571772,0.04694785922765732,0.9475924968719482
1692,4,1,1,6.442548539098425e-08,0.9999998807907104,3.886538024744368e-08
1693,2,2,2,6.419684723368846e-06,4.996216739527881e-05,0.9999436140060425
1694,0,2,2,1.770489802765951e-06,3.2741445465944707e-06,0.9999949932098389
1695,2,2,2,0.0001754733530106023,0.0008927625603973866,0.9989317059516907
1697,3,2,2,0.024933060631155968,0.0028693070635199547,0.9721975922584534
1698,2,2,2,3.3399370295228437e-05,1.1489688404253684e-05,0.9999551773071289
1701,4,2,2,0.0035302818287163973,0.043523579835891724,0.9529461860656738
1702,0,2,2,0.00014846630801912397,0.0002970233908854425,0.999554455280304
1703,3,2,2,6.974871939746663e-05,8.938203791331034e-06,0.9999213218688965
1704,3,2,2,6.9138422986725345e-06,0.00034234035410918295,0.9996507167816162
1706,4,2,2,2.1013725927332416e-05,7.95809828559868e-05,0.9998993873596191
1708,2,2,2,2.1059752270957688e-06,8.912694465834647e-05,0.9999086856842041
1712,3,1,1,4.6720501245545165e-07,0.9999994039535522,9.524825372864143e-08
1713,2,1,1,1.2870737009507138e-06,0.9999985694885254,9.57154853153952e-08
1714,4,1,1,5.373426006372028e-07,0.9999984502792358,1.025655251396529e-06
1715,0,2,2,3.2782356385041567e-08,1.737816432978434e-06,0.9999982118606567
1716,1,1,1,3.423355963150243e-07,0.9999940395355225,5.620051524601877e-06
1717,0,2,2,0.0019206959987059236,3.503988773445599e-05,0.9980441331863403
1719,1,1,1,1.6665911743984907e-06,0.9999972581863403,1.1003188546965248e-06
1720,2,1,1,3.5006830785278e-06,0.999995231628418,1.295034167014819e-06
1721,1,1,1,0.0001279436837648973,0.9946947693824768,0.0051772864535450935
1722,4,2,2,4.727320174424676e-06,2.626192508614622e-05,0.9999690055847168
1723,4,2,1,0.03420364856719971,0.9505603909492493,0.01523599587380886
1726,2,2,2,0.0007596705690957606,0.00031933808350004256,0.9989210367202759
1727,3,1,1,8.75313526194077e-06,0.9999908208847046,4.472614421047183e-07
1729,0,2,2,1.355523090751376e-05,4.723724850919098e-05,0.9999392032623291
1730,2,2,2,0.00011072645429521799,0.0010814007837325335,0.9988079071044922
1731,2,2,2,1.2233412235218566e-05,0.0002396642667008564,0.9997480511665344
1732,2,1,1,4.502021056396188e-06,0.9999947547912598,6.922969078004826e-07
1733,2,2,0,0.798590898513794,0.028548063710331917,0.17286111414432526
1734,4,1,1,2.938975285360357e-07,0.9999996423721313,4.6347402360424894e-08
1735,4,1,1,3.246420590130583e-07,0.9999996423721313,8.909532311918156e-08
1736,0,2,2,0.0017298167804256082,0.20629540085792542,0.7919747829437256
1737,1,2,2,9.296851203544065e-05,1.8492743038223125e-05,0.99988853931427
1738,0,1,1,0.00015201143105514348,0.9636446833610535,0.0362032949924469
1740,2,2,2,0.06600223481655121,0.00027803663397207856,0.9337196946144104
1742,2,2,2,6.189611303852871e-05,4.124959741602652e-05,0.9998968839645386
1744,3,2,2,2.029369206013598e-08,7.864106009947136e-06,0.9999921321868896
1745,3,2,2,6.263667984285348e-08,1.7254460544791073e-05,0.9999825954437256
1746,2,1,2,0.009488241747021675,0.008745650760829449,0.9817662239074707
1747,0,1,1,4.102582806808641e-06,0.999901294708252,9.46031286730431e-05
1748,1,1,1,0.0001772452233126387,0.9992386102676392,0.0005841781385242939
1753,0,2,2,2.753527405729983e-05,9.143121133092791e-05,0.9998810291290283
1754,3,2,2,1.3540284271584824e-06,0.0031047863885760307,0.9968938827514648
1755,4,2,2,0.013876251876354218,0.006015624385327101,0.9801080822944641
1756,1,2,2,5.452387199511577e-07,5.900324140384328e-07,0.9999988079071045
1757,1,2,2,7.498279046558309e-07,1.0753129799923045e-06,0.9999982118606567
1758,3,1,1,0.004433377180248499,0.9934959411621094,0.002070610411465168
1760,4,2,2,8.281409691335284e-07,0.0006938560400158167,0.999305248260498
1761,4,2,2,2.69666088570375e-05,2.354780735913664e-05,0.9999494552612305
1762,4,2,2,0.0031732413917779922,2.8303904400672764e-05,0.9967984557151794
1765,1,2,2,2.8368820039759157e-06,2.834766019077506e-05,0.9999687671661377
1766,0,2,2,0.00010324199683964252,5.9367575886426494e-05,0.9998373985290527
1767,4,2,2,1.3208499694883358e-05,3.341317096783314e-06,0.9999834299087524
1768,2,2,2,1.6029240214265883e-05,0.0002569430507719517,0.9997270703315735
1769,0,2,2,3.0573064577765763e-06,1.720103136904072e-05,0.9999797344207764
1770,2,2,2,3.946333526982926e-05,0.00027606802177615464,0.9996844530105591
1772,1,2,2,7.713101513218135e-05,0.0006455391994677484,0.9992774128913879
1773,4,2,2,0.0003000858414452523,8.454822091152892e-05,0.9996153116226196
1775,4,2,1,0.2020953893661499,0.5114423036575317,0.28646227717399597
1776,0,2,2,0.0007018516189418733,0.000232062375289388,0.9990660548210144
1777,3,2,2,0.00014448529691435397,0.00017784253577701747,0.9996777772903442
1778,0,2,2,1.3811666576657444e-05,2.450408283038996e-05,0.9999616146087646
1780,1,1,1,1.523808634829038e-08,1.0,3.324484509903414e-08
1781,1,2,2,8.473668344777252e-07,3.310506872367114e-05,0.999966025352478
1782,4,2,2,3.251336238463409e-05,9.606575622456148e-05,0.9998713731765747
1783,4,2,2,1.2131557923567016e-05,7.660788833163679e-05,0.9999111890792847
1784,4,2,2,2.9984867069288157e-05,2.232398628621013e-06,0.9999676942825317
1785,4,1,1,1.0802703400258906e-05,0.9999643564224243,2.4841894628480077e-05
1786,0,2,2,1.649446403462207e-06,6.666905846941518e-06,0.9999916553497314
1789,3,1,1,1.0918022326222854e-06,0.9999936819076538,5.204035005590413e-06
1790,0,2,2,1.8469519247332755e-09,1.3094185078443843e-06,0.9999986886978149
1791,3,2,2,0.00038355885772034526,9.239308565156534e-05,0.9995241165161133
1792,1,2,2,2.8110422434224347e-08,4.136291806844383e-07,0.9999996423721313
1793,3,2,2,0.04624788835644722,0.001559379743412137,0.9521926641464233
1794,1,2,2,0.0007697200635448098,0.001060265814885497,0.998170018196106
1795,1,2,2,2.7659998522722162e-06,5.209324626775924e-06,0.9999920129776001
1796,2,2,2,7.505115604544699e-07,1.2026062904624268e-05,0.9999872446060181
1797,2,2,2,0.0008465123828500509,0.00018202763749286532,0.9989714622497559
1799,4,2,2,5.7635676057543606e-05,3.4439026421750896e-06,0.9999388456344604
1800,3,2,2,0.0003038414870388806,0.0009176466264761984,0.9987785220146179
1801,4,1,1,0.05583639815449715,0.802011251449585,0.1421523541212082
1802,3,1,1,9.795752703212202e-05,0.999880313873291,2.1700156139559112e-05
1803,3,1,1,9.488483192399144e-05,0.9998953342437744,9.814738405111711e-06
1804,3,2,2,6.782681157346815e-05,0.000224199058720842,0.9997079968452454
1805,2,2,2,0.016836650669574738,0.007901608012616634,0.9752616882324219
1807,2,2,2,1.4997687003415194e-07,2.726495949900709e-06,0.9999971389770508
1808,4,2,2,1.8096243366017006e-05,8.356377293239348e-06,0.9999735355377197
1809,4,2,2,9.075871076902331e-08,1.9750862065848196e-06,0.9999978542327881
1811,4,2,2,0.0006191877764649689,0.00018902089504990727,0.9991918206214905
1812,0,2,2,0.0018103874754160643,4.244969386490993e-05,0.9981471300125122
1813,0,1,1,0.3527044355869293,0.6361529231071472,0.011142689734697342
1815,0,2,2,1.3100996056891745e-06,9.254251381207723e-06,0.99998939037323
1816,0,2,2,4.726662394816117e-10,6.762429904938472e-08,0.9999998807907104
1817,2,2,2,7.400060439977096e-06,3.479223232716322e-05,0.999957799911499
1818,3,2,2,6.579289646424513e-08,2.982049636557349e-06,0.9999969005584717
1819,3,2,2,8.297964996017981e-06,0.0002579425636213273,0.9997337460517883
1820,0,2,2,9.231866826553414e-09,7.890125885978705e-09,1.0
1821,3,2,2,0.00037308657192625105,0.007881388999521732,0.9917455315589905
1822,0,2,2,0.014035123400390148,0.012253829278051853,0.9737110137939453
1823,4,2,2,6.992092676227912e-05,0.00010064397793030366,0.9998294115066528
1824,1,2,2,6.602661596843973e-05,0.00023202855663839728,0.9997019171714783
1825,3,2,2,8.005133622646099e-07,1.893651671025509e-07,0.999998927116394
1826,4,2,0,0.4130590558052063,0.23157824575901031,0.3553627133369446
1827,1,1,1,0.0004136239585932344,0.9995539784431458,3.23718850268051e-05
1828,0,2,2,1.2132849178669858e-06,2.564480837463634e-06,0.9999961853027344
1829,0,1,1,0.0004109926812816411,0.9676671624183655,0.03192189708352089
1830,0,1,1,1.646701457502786e-05,0.9999754428863525,8.071650881902315e-06
1831,0,2,2,6.730195423187979e-07,1.4526584379837004e-07,0.9999991655349731
1832,4,1,1,5.174475177227578e-07,0.9999922513961792,7.255215223267442e-06
1833,2,1,1,0.000763860996812582,0.9991737008094788,6.24043241259642e-05
1834,0,1,1,1.0271763812852441e-06,0.6606504321098328,0.33934855461120605
1835,4,1,1,3.086521246586926e-05,0.9999634027481079,5.7144416132359765e-06
1837,3,1,0,0.930563747882843,0.014732728712260723,0.05470353364944458
1838,3,2,0,0.5183200240135193,0.27124708890914917,0.21043285727500916
1839,1,2,2,0.3793596029281616,0.014515229500830173,0.6061251759529114
1840,4,2,0,0.7784252762794495,0.03844795376062393,0.1831268072128296
1841,3,1,1,0.0003488364745862782,0.9976040720939636,0.002047152491286397
1842,0,1,1,2.414376285742037e-05,0.9999279975891113,4.787824582308531e-05
1843,3,2,2,1.891036117740441e-05,1.8659915440366603e-05,0.999962329864502
1844,1,1,1,0.000528195349033922,0.9990819692611694,0.0003898249997291714
1845,4,1,1,1.524601316305052e-06,0.9999983310699463,1.868086485501408e-07
1846,3,2,2,0.03670095279812813,0.00650530681014061,0.9567937850952148
1847,4,1,1,7.01026792171433e-08,0.9999998807907104,1.7324479628655354e-08
1848,1,1,1,5.89986996146763e-07,0.9999990463256836,3.1183131454781687e-07
1849,2,1,1,1.9449722458375618e-05,0.9999803304672241,2.1488693846549722e-07
1850,1,2,2,8.373253513127565e-05,0.003859329503029585,0.9960569143295288
1851,4,2,2,8.82533868207247e-08,2.090007455990417e-06,0.9999977350234985
1852,1,1,1,4.4739749682776164e-08,0.9999998807907104,8.325120859353774e-08
1853,0,2,2,2.235071406175848e-05,1.6548121493542567e-05,0.9999611377716064
1854,4,1,1,1.0160888308519134e-07,0.9999998807907104,7.375648891638775e-08
1855,1,2,2,2.401284746156307e-06,2.061572376987897e-05,0.9999769926071167
1856,0,2,0,0.710699200630188,0.04125148430466652,0.24804936349391937
1858,2,2,0,0.6902838945388794,0.02515171840786934,0.28456440567970276
1859,0,2,2,0.00016229056927841157,2.1018100596847944e-05,0.9998167157173157
1860,1,2,2,8.076509061538673e-07,4.16247894463595e-06,0.9999949932098389
1862,3,2,2,8.229191905684274e-08,7.657897072022024e-07,0.9999991655349731
1864,3,2,2,3.0397901355172507e-05,0.00038494952605105937,0.9995846152305603
1865,3,1,1,0.0021507327910512686,0.9967743754386902,0.001074924017302692
1867,3,2,2,8.16965039120987e-05,5.937986315984745e-06,0.9999123811721802
1869,4,2,2,2.0197321646264754e-06,0.0029592737555503845,0.997038722038269
1870,3,2,2,3.439618581069226e-07,5.232391231402289e-07,0.9999991655349731
1871,4,1,1,7.02108591212891e-05,0.9998952150344849,3.460960215306841e-05
1873,0,2,2,1.4184675656281343e-08,1.407305603606801e-06,0.9999985694885254
1874,2,2,2,0.004057999234646559,0.00013027254317421466,0.9958118200302124
1875,4,2,2,1.7518710819786065e-06,2.630824747029692e-05,0.999971866607666
1876,3,2,2,1.747970782162156e-05,2.546221912780311e-05,0.9999569654464722
1877,0,1,1,2.5638089482526993e-06,0.9999973773956299,7.188726414142366e-08
1878,1,2,2,0.00014363424270413816,0.00013537089398596436,0.9997209906578064
1879,4,1,1,2.4062646843958646e-06,0.9999926090240479,5.038115432398627e-06
1883,3,2,2,0.005382200237363577,0.0021025806199759245,0.9925151467323303
1884,3,2,2,0.0002666873042471707,0.00012312992475926876,0.9996102452278137
1886,1,2,2,0.00010748227214207873,7.564153929706663e-05,0.9998168349266052
1888,3,2,2,0.026239648461341858,0.003962488379329443,0.9697978496551514
1889,2,2,2,0.291909784078598,0.3380492329597473,0.3700409531593323
1890,2,1,1,7.078825001372024e-05,0.9999219179153442,7.269249181263149e-06
1891,0,2,2,0.018477827310562134,0.0013052925933152437,0.9802168011665344
1892,2,1,1,5.521057391888462e-05,0.9999232292175293,2.1542664399021305e-05
1893,1,1,1,3.5712246244656853e-06,0.9999948740005493,1.5850570207476267e-06
1894,2,2,2,5.262017293716781e-05,4.6384422603296116e-05,0.9999010562896729
1895,3,1,1,8.534903486179246e-07,0.9999988079071045,2.821655868956441e-07
1896,3,1,1,3.643783202278428e-05,0.9996329545974731,0.00033062073634937406
1897,4,1,1,1.3859412284489281e-08,1.0,3.888214195058026e-08
1898,4,1,1,4.346137671973338e-08,0.9999998807907104,7.506717025762555e-08
1900,0,2,2,0.00031449185917153955,0.0001871797867352143,0.9994983673095703
1902,3,2,2,0.0005562283913604915,8.760256605455652e-06,0.9994348883628845
1903,0,2,2,8.616682478645998e-09,8.58672535741789e-07,0.9999991655349731
1905,4,1,1,1.6799347690721333e-07,0.9999997615814209,5.74100589290083e-08
1906,2,1,1,0.00014366787218023092,0.9998528957366943,3.38396512233885e-06
1907,2,2,2,6.668816058663651e-05,0.0003155776939820498,0.9996176958084106
1908,3,2,2,1.0392650438006967e-06,5.6751122912146457e-08,0.999998927116394
1910,2,2,2,5.71035488974303e-05,1.643080213398207e-05,0.9999264478683472
1911,2,2,2,0.002895000856369734,0.0004139383672736585,0.9966909885406494
1913,1,2,2,6.161193141451804e-06,0.000350411341059953,0.9996433258056641
1914,0,1,1,1.8676260538086353e-07,0.9999997615814209,1.9153929997628438e-08
1915,2,2,2,0.00011999886919511482,0.0007072874577715993,0.9991727471351624
1917,3,2,2,1.3377248819779197e-07,1.557636551297037e-06,0.9999983310699463
1919,4,2,2,2.2165304471855052e-05,0.0002930012997239828,0.9996848106384277
1921,4,1,1,8.04397786851041e-05,0.9998718500137329,4.7650260967202485e-05
1922,1,1,1,3.141150955343619e-05,0.999967098236084,1.5435754221471143e-06
1923,3,1,0,0.5767932534217834,0.2607310712337494,0.16247567534446716
1924,0,2,2,2.508985241789219e-10,2.1674182448805368e-07,0.9999997615814209
1925,3,2,2,5.583195888902992e-05,6.02012914896477e-06,0.9999381303787231
1926,3,1,1,0.006582729052752256,0.9852065443992615,0.00821073167026043
1927,4,1,1,0.00017462221148889512,0.9995582699775696,0.00026714178966358304
1929,3,2,2,3.1412994303536834e-06,3.0162195798766334e-06,0.9999939203262329
1930,0,2,2,0.030038982629776,0.002561571542173624,0.9673994779586792
1931,3,1,1,5.3740461680718e-07,0.9999994039535522,1.16076904532747e-07
1934,3,2,2,0.00011293796706013381,0.0003134868456982076,0.9995735287666321
1935,0,2,2,0.003205538261681795,0.07045618444681168,0.926338255405426
1936,2,1,1,1.0589649718895089e-05,0.9999891519546509,3.0342238233060925e-07
1937,4,2,2,1.719961983326357e-05,0.00027496519032865763,0.9997078776359558
1938,0,1,1,2.535026942496188e-05,0.9999279975891113,4.66366000182461e-05
1939,1,2,1,0.024385543540120125,0.926842451095581,0.04877200722694397
1940,0,2,2,0.3573066294193268,0.06808510422706604,0.5746082663536072
1942,0,2,1,0.20543858408927917,0.7234674692153931,0.07109396904706955
1943,4,2,2,7.537527721979131e-07,7.936911856631923e-07,0.9999984502792358
1944,3,2,2,4.66201345261652e-06,3.6137055303697707e-07,0.9999949932098389
1945,3,2,2,1.6328836863976903e-05,0.0030437777750194073,0.996940016746521
1946,1,2,2,0.0001300130970776081,4.1107585275312886e-05,0.9998288154602051
1947,1,1,1,3.0526329908298067e-08,0.9999998807907104,7.82420386258309e-08
1948,3,2,2,4.819776222575456e-05,0.000244712398853153,0.9997071623802185
1950,1,2,2,0.002698026830330491,0.0020048522856086493,0.9952971339225769
1951,2,2,0,0.6592317223548889,0.07711154222488403,0.26365673542022705
1952,0,2,2,1.6348944598121307e-07,2.5693248417724135e-08,0.9999998807907104
1953,1,1,1,2.3048655748425517e-06,0.9999958276748657,1.860618795035407e-06
1954,0,2,2,0.0010736739495769143,0.0003353700158186257,0.9985910058021545
1955,0,2,2,0.001168853254057467,0.04861041158437729,0.9502207040786743
1956,4,2,2,0.00010083678353112191,0.0001186377921840176,0.9997805953025818
1957,4,1,1,1.1077202799469887e-07,0.9999994039535522,5.021555011808232e-07
1959,3,2,2,0.0032484305556863546,0.04108724370598793,0.9556642770767212
1962,4,2,2,6.87046167513472e-07,3.787488822126761e-06,0.9999954700469971
1965,3,1,1,0.0003552292473614216,0.9996376037597656,7.098973583197221e-06
1966,1,2,0,0.5143527984619141,0.006236473098397255,0.47941070795059204
1967,3,2,2,7.319847100006882e-06,2.180568662879523e-05,0.9999709129333496
1968,4,1,1,9.953809865237417e-08,0.9999991655349731,7.431885933328886e-07
1969,1,2,2,0.08597514033317566,0.00619095703586936,0.9078339338302612
1970,1,2,2,0.05881379917263985,0.002969626570120454,0.9382166266441345
1971,4,2,2,2.866897739295382e-05,0.0013656852534040809,0.9986056685447693
1975,4,2,0,0.5879277586936951,0.02053476870059967,0.39153745770454407
1976,1,2,2,6.411776121240109e-05,0.0004147463187109679,0.9995211362838745
1977,3,2,1,0.04634476825594902,0.9489752650260925,0.004680044483393431
1980,2,2,2,0.00023997820971999317,0.00011138066474813968,0.9996485710144043
1981,3,2,2,1.0513289453228936e-05,1.797823642846197e-05,0.9999715089797974
1982,0,1,1,0.0003769340110011399,0.9995948672294617,2.819249675667379e-05
1983,4,2,2,5.687319116987055e-06,4.8830138439370785e-06,0.99998939037323
1984,4,1,1,3.517831359545198e-08,1.0,9.487728824808528e-09
1986,1,2,2,0.014882042072713375,0.0012156427837908268,0.9839023947715759
1987,4,2,2,5.686190888809506e-06,5.731818964704871e-05,0.9999369382858276
1988,1,2,2,0.014882042072713375,0.0012156427837908268,0.9839023947715759
1990,3,2,2,1.0154834626519005e-06,2.3397797122015618e-06,0.999996542930603
1992,3,1,1,7.079959232214605e-07,0.9999991655349731,9.828129066136171e-08
1993,3,2,2,0.0001668180339038372,2.620460873004049e-05,0.9998069405555725
1995,2,2,0,0.5870851278305054,0.009537301026284695,0.40337762236595154
1996,2,1,1,2.7818554372061044e-05,0.9999701976776123,2.0373627194203436e-06
1997,2,2,2,1.3593437415693188e-06,1.1924483260372654e-05,0.9999867677688599
1998,2,2,0,0.49262791872024536,0.05248165503144264,0.45489048957824707
2000,1,2,2,1.8313750842935406e-05,6.598741310881451e-05,0.999915599822998
2002,1,2,2,3.091945109190419e-05,8.489305037073791e-05,0.9998842477798462
2003,4,2,2,1.4259019280871144e-06,0.0002686652878765017,0.9997299313545227
2004,4,2,2,1.0316720363334753e-05,1.434070600225823e-05,0.999975323677063
2005,2,2,2,2.4333108740393072e-05,0.0005764638772234321,0.9993991851806641
2007,2,2,2,0.0014485875144600868,0.0001938495406648144,0.9983574748039246
2009,2,1,1,5.318400326359551e-06,0.9999929666519165,1.7295189991273219e-06
2010,0,2,2,0.003098628018051386,0.0003576806338969618,0.9965437054634094
2011,3,2,2,3.1094621988358995e-08,2.7750295430450933e-06,0.9999972581863403
2012,0,2,2,0.00045124045573174953,0.0004276059626135975,0.9991211295127869
2014,2,1,1,1.9407158106332645e-05,0.9999773502349854,3.234002178942319e-06
2015,2,1,0,0.5637694597244263,0.055492304265499115,0.380738228559494
2016,4,1,1,0.13144615292549133,0.7737867832183838,0.09476705640554428
2017,3,2,2,3.0707371934113326e-07,1.321835497947177e-05,0.9999864101409912
2019,2,2,2,9.791232878342271e-05,0.000438360235420987,0.9994637370109558
2020,1,1,1,2.5713572995300638e-06,0.9999855756759644,1.1801200344052631e-05
2021,4,2,2,2.9528635536735237e-07,0.0012254394823685288,0.9987743496894836
2022,1,1,1,1.4332897535496159e-07,0.9999980926513672,1.7904550304592703e-06
2023,1,1,1,4.9717960791895166e-05,0.9998770952224731,7.314119284274057e-05
2024,0,1,1,2.860398126358632e-06,0.9999957084655762,1.3863598269381328e-06
2025,2,2,2,0.03328729048371315,0.0011917117517441511,0.9655209183692932
2026,0,1,1,0.0004509699356276542,0.9989849925041199,0.0005640737945213914
2027,1,1,1,5.111044742989179e-07,0.9999538660049438,4.559334411169402e-05
2028,1,2,2,2.4833434508764185e-07,0.0003072276304010302,0.9996925592422485
2029,0,2,2,1.0874816602779447e-08,1.2746800166496541e-06,0.9999986886978149
2030,1,2,2,0.23709021508693695,0.004196665715426207,0.7587130665779114
2031,1,1,0,0.8523452281951904,0.04280834645032883,0.10484640300273895
2032,1,2,2,3.7444717690959806e-06,0.0014431882882490754,0.9985530972480774
2033,1,1,1,2.2206211724551395e-05,0.9999769926071167,8.320045594700787e-07
2034,0,2,0,0.7037676572799683,0.035116046667099,0.2611163258552551
2035,4,1,1,7.789153460180387e-05,0.9999107122421265,1.1388639904907905e-05
2036,0,1,1,2.7357751605450176e-05,0.9999628067016602,9.843202860793099e-06
2039,0,2,2,0.0014137071557343006,1.2107286238460802e-05,0.9985741376876831
2040,4,2,2,6.974009011173621e-05,0.0003738577361218631,0.9995563626289368
2041,1,2,2,0.004234696738421917,0.0002050454349955544,0.9955601692199707
2042,2,2,2,1.0031933015852701e-05,1.9783619791269302e-05,0.9999701976776123
2043,1,2,2,1.2150572956670658e-06,2.487451274646446e-05,0.9999738931655884
2044,2,2,2,1.6463678775835433e-06,0.00034603802487254143,0.9996522665023804
2045,2,2,2,0.00025630558957345784,0.005083167459815741,0.9946604371070862
2046,1,2,2,3.210895010852255e-05,5.129566852701828e-05,0.999916672706604
2047,3,1,1,2.477146381352213e-07,0.9999996423721313,6.655161399748977e-08
2048,0,1,1,4.918501417705556e-06,0.9999940395355225,1.0028981023424421e-06
2049,2,1,1,1.4208952052285895e-05,0.9999350309371948,5.0742422899929807e-05
2050,1,2,1,0.17915110290050507,0.798911988735199,0.02193688601255417
2051,4,1,1,0.0004604233254212886,0.9206613898277283,0.07887821644544601
2052,4,2,2,0.00016319174028467387,0.00013243149442132562,0.9997044205665588
2054,1,2,2,0.32278427481651306,0.14445990324020386,0.5327557921409607
2055,2,2,2,2.8533453587442636e-05,1.318308750342112e-05,0.9999582767486572
2057,0,2,1,0.025756988674402237,0.9609766006469727,0.013266421854496002
2058,3,1,1,6.594409569515847e-06,0.9999909400939941,2.4858657070581103e-06
2059,0,1,1,6.150306489871582e-06,0.9999899864196777,3.918181391782127e-06
2060,4,2,2,5.673680789186619e-06,6.739029049640521e-05,0.9999269247055054
2061,1,2,2,7.316504706977867e-06,1.6867919612195692e-06,0.9999910593032837
2062,0,1,1,0.0002476388472132385,0.9990869760513306,0.0006653786404058337
2064,0,2,2,9.26579446058895e-07,0.0001959173969225958,0.9998031258583069
2065,0,2,2,0.001251275883987546,0.00027793837944045663,0.9984707236289978
2066,0,2,2,2.5204761186614633e-05,6.412647780962288e-05,0.9999107122421265
2069,3,2,2,2.7876010335603496e-06,0.000659156939946115,0.9993380904197693
2070,1,2,2,0.010798509232699871,0.00020181515719741583,0.9889996647834778
2071,0,2,2,1.1497041185748458e-07,1.9224903553549666e-06,0.9999979734420776
2072,2,2,2,3.9676757296547294e-05,8.943930879468098e-05,0.9998708963394165
2073,4,2,2,0.3525750935077667,0.12795107066631317,0.5194737911224365
2074,4,2,2,0.3844286799430847,0.034319959580898285,0.581251323223114
2075,1,2,2,1.369487705460415e-07,0.00010716187534853816,0.9998927116394043
2076,2,1,1,0.0001267593033844605,0.9998611211776733,1.209725178341614e-05
2077,4,2,2,6.080258117435733e-06,2.216756547568366e-05,0.9999717473983765
2078,0,1,1,0.3015427589416504,0.5765930414199829,0.12186423689126968
2082,3,1,0,0.7436134219169617,0.14614631235599518,0.11024025082588196
2083,4,1,1,5.468902145366883e-06,0.9999938011169434,7.321120847336715e-07
2084,2,2,2,0.00021356105571612716,2.6796817110152915e-05,0.9997596144676208
2085,4,2,2,3.534602001309395e-06,3.460511288722046e-05,0.9999618530273438
2086,0,1,1,5.7907900696818615e-09,1.0,3.1526567467743405e-10
2087,0,2,2,5.564194225371466e-07,3.8561261135328095e-06,0.9999955892562866
2088,4,2,1,0.3610195517539978,0.5449720621109009,0.09400840848684311
2091,1,1,1,4.407081917179312e-07,0.9999982118606567,1.3413714441412594e-06
2092,0,2,2,1.1639959218712193e-08,7.562736925592617e-08,0.9999998807907104
2094,0,2,2,0.0007746421615593135,0.00025194641784764826,0.9989733695983887
2095,3,2,2,0.00016337150009348989,0.0001870302075985819,0.9996496438980103
2096,1,1,0,0.6106720566749573,0.27686992287635803,0.1124580129981041
2097,1,1,1,1.0641771268637967e-06,0.9999910593032837,7.820502105460037e-06
2098,2,1,1,0.062240686267614365,0.9302071332931519,0.007552230730652809
2099,1,1,2,0.05289587751030922,0.0036856236401945353,0.9434184432029724
2100,1,2,2,1.7592020640222472e-07,9.124331512566641e-08,0.9999997615814209
2101,4,1,1,0.0205643642693758,0.9456396698951721,0.03379591554403305
2102,0,2,2,0.002845869166776538,0.00017675544950179756,0.9969774484634399
2104,0,2,2,0.08894594013690948,0.010639979504048824,0.9004141092300415
2105,3,1,1,0.0003998862230218947,0.9991762042045593,0.0004239318077452481
2106,2,1,1,0.03188667073845863,0.7852278351783752,0.1828855276107788
2107,1,2,2,0.004064153414219618,0.02757244184613228,0.9683634042739868
2108,2,2,2,0.023236239328980446,0.003895785892382264,0.9728679060935974
2109,2,1,0,0.8772521615028381,0.06474225223064423,0.058005571365356445
2110,0,2,2,0.036800920963287354,0.012425660155713558,0.9507733583450317
2112,3,2,2,0.0032553349155932665,0.01564597524702549,0.9810985922813416
2113,0,1,1,1.2375032838463085e-06,0.9999985694885254,2.163755965511882e-07
2114,0,1,1,0.0002217446599388495,0.9997580647468567,2.0140225387876853e-05
2115,2,2,2,6.51752452540677e-06,1.4171525435813237e-05,0.9999792575836182
2118,0,2,2,4.280572738935007e-06,4.525745680439286e-06,0.9999911785125732
2119,0,2,2,1.9775688997469842e-07,2.0350500562926754e-05,0.9999793767929077
2120,4,1,1,6.860542356434962e-08,0.9999996423721313,2.588418226423528e-07
2121,1,1,1,1.7243265801880625e-06,0.9999959468841553,2.270764753120602e-06
2122,1,1,0,0.8520628213882446,0.025060923770070076,0.12287630885839462
2123,4,2,2,0.12894012033939362,0.09999033808708191,0.7710695862770081
2124,0,1,1,0.011946817860007286,0.9856600761413574,0.00239312625490129
2125,2,1,1,0.14486388862133026,0.8240934610366821,0.031042687594890594
2127,4,1,1,3.8901998777873814e-05,0.9999312162399292,2.9925040507805534e-05
2129,0,1,2,0.1068766713142395,0.28455033898353577,0.6085729598999023
2130,3,1,1,0.02045636996626854,0.917733907699585,0.061809785664081573
2132,4,2,2,0.0509091317653656,0.06895065307617188,0.8801402449607849
2133,3,1,0,0.6958568692207336,0.14028200507164001,0.16386117041110992
2135,2,1,1,6.140046025393531e-05,0.9998437166213989,9.488211071584374e-05
2136,1,1,0,0.7446145415306091,0.23594465851783752,0.019440731033682823
2137,2,1,1,1.949612851603888e-05,0.9999334812164307,4.697318945545703e-05
2138,4,1,1,3.26107829096145e-06,0.999988317489624,8.371991498279385e-06
2139,2,1,0,0.5485109686851501,0.4322313368320465,0.019257662817835808
2141,3,1,1,1.7231672018169775e-06,0.999997615814209,6.413749247258238e-07
2142,4,1,1,0.10390642285346985,0.7644848227500916,0.13160870969295502
2143,4,1,1,0.035123784095048904,0.9470938444137573,0.01778241991996765
2145,3,1,0,0.5052844882011414,0.354216992855072,0.14049850404262543
2146,4,1,1,0.2829778790473938,0.5973724722862244,0.11964968591928482
2147,3,1,0,0.8507777452468872,0.07536134123802185,0.07386094331741333
2148,2,1,0,0.49905192852020264,0.4702565670013428,0.03069157339632511
2149,2,1,1,0.23692981898784637,0.7287114858627319,0.03435872122645378
2150,1,2,2,2.7359455145870015e-08,3.3031778201575435e-08,1.0
2151,1,2,2,0.00010520554496906698,0.007017155643552542,0.9928776621818542
2152,4,2,2,8.039570275286678e-06,5.1555736718000844e-05,0.9999403953552246
2153,4,1,1,2.646380198711995e-05,0.9998332262039185,0.00014031215687282383
2154,2,2,2,2.2452252324001165e-06,1.434125988453161e-05,0.9999834299087524
2155,0,1,1,4.870314114668872e-06,0.9999896287918091,5.545574367715744e-06
2156,4,2,2,2.934534748533224e-08,3.505818710891617e-07,0.9999996423721313
2157,4,2,2,1.0857653251150623e-05,8.388976311834995e-06,0.9999808073043823
2158,3,2,2,4.1935999206543784e-07,2.6325700673623942e-05,0.9999731779098511
2159,0,1,0,0.6538807153701782,0.014655621722340584,0.3314637541770935
2160,4,2,2,2.1157111405045725e-06,1.1140288052047254e-06,0.9999967813491821
2162,0,1,1,0.007182859815657139,0.9680290818214417,0.024788089096546173
2163,3,1,1,4.5434066464622447e-07,0.9999992847442627,2.425281593332329e-07
2165,1,2,2,2.1368592229009664e-08,1.8201868442702107e-05,0.9999817609786987
2166,3,2,2,6.551626938744448e-07,7.835690666979644e-06,0.9999915361404419
2167,4,2,2,1.948143903973687e-07,5.384580163081409e-06,0.9999943971633911
2169,2,2,2,0.0006198143237270415,9.216698344971519e-06,0.9993709921836853
2173,4,2,2,5.098858673591167e-05,7.440647459588945e-05,0.9998745918273926
2174,1,2,2,0.04383651539683342,0.002228389261290431,0.9539350271224976
2176,2,1,1,2.1402698621386662e-05,0.9999576807022095,2.0904195480397902e-05
2177,3,2,2,0.0028897912707179785,0.001521774916909635,0.9955884218215942
2178,3,2,2,1.4380358152266126e-05,7.869643741287291e-05,0.9999068975448608
2179,1,2,2,0.00550570385530591,0.003496320452541113,0.9909979104995728
2180,1,1,1,7.833512063371018e-05,0.9997768998146057,0.00014477467630058527
2181,0,1,1,3.380344787728973e-05,0.9999245405197144,4.163882840657607e-05
2182,0,2,2,3.6068763620278332e-06,0.00024090762599371374,0.9997555613517761
2183,0,2,2,0.00019905547378584743,2.8049471438862383e-05,0.9997729659080505
2185,1,1,1,1.886031553155476e-09,1.0,2.0288384305899854e-09
2186,2,1,1,0.0012409741757437587,0.976330041885376,0.022428976371884346
2187,0,1,1,5.190618594497209e-06,0.9999901056289673,4.756887392431963e-06
2188,0,2,2,1.6209741326989047e-09,4.0207095253208536e-07,0.9999996423721313
2189,3,1,1,1.702871259112726e-06,0.9999921321868896,6.199627478054026e-06
2190,4,2,2,6.514074812002946e-06,2.951757596747484e-05,0.9999638795852661
2191,1,1,1,0.09406430274248123,0.8841853737831116,0.02175033465027809
2192,0,2,2,1.6335144437107374e-07,2.330323877686169e-05,0.999976634979248
2193,2,2,2,0.00012025093747070059,9.747742296895012e-05,0.9997822642326355
2195,1,1,1,3.284011711457424e-07,0.9999986886978149,9.888733529805904e-07
2196,0,2,2,0.08095300197601318,0.007897387258708477,0.9111495614051819
2197,1,1,1,1.0233197400566496e-07,0.9999995231628418,3.7545530062743637e-07
2198,3,1,1,0.00010579569061519578,0.9998927116394043,1.5333140481743612e-06
2199,4,1,1,6.234258194126596e-07,0.9999992847442627,9.07115875747877e-08
2201,0,2,2,0.0001545015547890216,8.649667142890394e-05,0.9997590184211731
2203,0,2,2,5.571896963374456e-06,3.489360460662283e-05,0.9999594688415527
2204,3,1,0,0.5021889805793762,0.017475781962275505,0.4803352355957031
2205,3,1,1,0.00046058217412792146,0.9993915557861328,0.0001478628400946036
2206,3,2,2,2.4396285880357027e-05,0.0016557356575503945,0.9983198046684265
2208,3,2,2,2.1519936126424e-05,4.40094254372525e-06,0.9999740123748779
2209,1,2,2,3.4592431141788893e-09,1.018910680272711e-07,0.9999998807907104
2210,0,1,1,2.538112994443509e-06,0.9999911785125732,6.262730494199786e-06
2211,2,1,1,6.8580443439714145e-06,0.9999922513961792,8.591867413088039e-07
2212,2,1,1,4.079184145666659e-05,0.9999499320983887,9.307815162173938e-06
2213,1,1,1,1.6579923212134418e-08,1.0,1.0508410142051616e-08
2215,2,1,1,4.5766705625283066e-07,0.9999983310699463,1.2050148825437645e-06
2216,0,1,1,3.8912253330636304e-07,0.9999954700469971,4.17066621594131e-06
2217,2,1,1,7.626340902788797e-06,0.9999854564666748,6.885161383252125e-06
2218,2,1,1,0.00068755290703848,0.9991889595985413,0.00012346349831204861
2221,1,2,2,6.761676195310429e-05,7.125922275008634e-05,0.9998611211776733
2222,1,2,2,1.6987596040962671e-07,1.8584787540021352e-05,0.9999812841415405
2223,0,2,2,8.5752583345311e-07,2.3055180520259455e-07,0.999998927116394
2224,2,2,2,1.7103349847502614e-08,1.557003633934073e-05,0.9999843835830688
2225,0,2,2,8.456589739580522e-07,2.3222334277761547e-07,0.999998927116394
2226,1,2,2,0.015462529845535755,0.002887663897126913,0.9816498160362244
2227,4,2,2,0.2348715364933014,0.0041141202673316,0.7610143423080444
2228,0,2,2,1.0657952770998236e-05,5.378693458624184e-06,0.9999840259552002
2229,3,2,2,4.274355433153687e-06,3.6420603919395944e-06,0.9999920129776001
2230,2,2,2,0.007199039217084646,0.0005952183855697513,0.992205798625946
2231,2,1,1,2.8668989671132294e-06,0.9999960660934448,1.0186460031036404e-06
2232,0,2,2,0.15911155939102173,0.00706466194242239,0.8338238596916199
2233,2,2,2,0.31538906693458557,0.2568056583404541,0.4278052747249603
2235,0,2,2,3.8504222175106406e-05,0.0003916681162081659,0.999569833278656
2236,4,1,1,0.009274915792047977,0.9872381687164307,0.00348698440939188
2237,4,1,1,0.00038180447882041335,0.9994491934776306,0.00016905197117011994
2240,2,1,1,1.8649085404831567e-06,0.9999974966049194,6.07504489380517e-07
2242,0,2,2,6.340321760944789e-07,0.0005449263844639063,0.9994544386863708
2243,0,1,1,0.14007052779197693,0.6441037058830261,0.21582579612731934
2244,2,2,0,0.35943031311035156,0.31866130232810974,0.3219084143638611
2246,2,1,1,0.013156101107597351,0.9856885671615601,0.0011553526856005192
2247,3,1,1,0.000130537009681575,0.9998642206192017,5.256779786577681e-06
2248,1,1,1,0.17223045229911804,0.8023738265037537,0.02539576217532158
2250,2,1,1,0.0001463793305447325,0.9993587136268616,0.0004949189024046063
2251,3,1,0,0.5800767540931702,0.3547290861606598,0.06519412994384766
2253,3,2,2,1.1509711839607917e-05,0.00021175444999244064,0.9997766613960266
2256,0,1,1,8.092974894680083e-07,0.9999908208847046,8.383661224797834e-06
2257,2,2,2,1.0655953701643739e-06,7.356908099609427e-06,0.9999915361404419
2260,3,1,1,0.0006840630085207522,0.999096155166626,0.00021979598386678845
2261,2,1,1,2.8427746201487025e-07,0.9999996423721313,1.0746865797273131e-07
2262,2,2,2,0.005081751849502325,0.006128772161900997,0.988789439201355
2263,3,2,2,1.2593599421961699e-05,0.003423241665586829,0.9965642094612122
2264,2,1,1,0.00015697268827352673,0.9997919201850891,5.107459583086893e-05
2265,1,1,1,1.418982691347992e-07,0.9999967813491821,3.043778178835055e-06
2266,3,2,2,1.269384142688068e-06,0.0002771131112240255,0.9997215867042542
2267,2,1,1,0.0008417112403549254,0.9991113543510437,4.691268622991629e-05
2268,0,1,1,2.566990815466852e-06,0.9999959468841553,1.5237517345667584e-06
2270,2,2,2,1.5571617041132413e-05,7.2246912168338895e-06,0.9999771118164062
2271,2,1,2,0.2671562433242798,0.011156423017382622,0.721687376499176
2272,4,2,2,4.7241607603609737e-07,8.03590319264913e-06,0.9999915361404419
2274,2,2,2,6.183418008731678e-05,0.0019177035428583622,0.9980204105377197
2275,1,2,2,0.017317527905106544,0.0009721471578814089,0.9817103743553162
2276,2,1,1,0.12006121873855591,0.5180444717407227,0.36189427971839905
2277,4,2,2,0.0001651361963013187,2.5318517145933583e-05,0.9998095631599426
2278,0,2,2,2.842517119461263e-07,2.9996424473210936e-06,0.9999967813491821
2279,2,1,1,9.960510942619294e-05,0.999863862991333,3.65355153917335e-05
2280,4,2,2,0.0014530509943142533,0.002868009265512228,0.9956789612770081
2282,4,1,1,1.126870574807981e-05,0.9999821186065674,6.640977517236024e-06
2283,3,2,2,0.0006853608647361398,0.013513907790184021,0.9858006834983826
2284,1,2,2,0.0006886397604830563,0.00017418763309251517,0.9991372227668762
2289,1,1,1,4.641595660359599e-05,0.9999426603317261,1.08729800558649e-05
2290,1,1,1,1.0986302640958456e-06,0.9999958276748657,3.1325612326327246e-06
2291,2,1,1,5.92464130022563e-06,0.9999932050704956,8.241123623520252e-07
2292,3,1,1,3.098199886153452e-05,0.9999263286590576,4.263041046215221e-05
2293,0,2,2,6.802075631640037e-07,4.2751103137561586e-06,0.9999949932098389
2294,4,2,2,0.42771685123443604,0.0748656690120697,0.49741750955581665
2295,4,1,1,0.0009659479255788028,0.9988375306129456,0.0001965264673344791
2296,2,1,1,0.0014211697271093726,0.9961639642715454,0.0024148335214704275
2297,0,2,2,3.9247092331606837e-07,3.7614579468936427e-06,0.9999958276748657
2298,1,2,0,0.8056671023368835,0.15541161596775055,0.03892134502530098
2299,3,1,1,4.1257080738432705e-05,0.9999542236328125,4.463202458282467e-06
2300,0,2,2,4.920938181385281e-07,0.00011423186515457928,0.9998853206634521
2301,0,1,2,0.00045536819379776716,0.02063293568789959,0.9789117574691772
2302,1,2,2,1.2487697631513583e-06,1.1204451766388956e-06,0.9999977350234985
2303,0,2,2,7.966318662511185e-06,1.7175620087073185e-05,0.9999748468399048
2304,2,1,1,5.0526628001534846e-06,0.9999939203262329,1.0522697948545101e-06
2305,0,1,1,0.00019826430070679635,0.999129593372345,0.0006722054095007479
2306,1,2,2,4.175950323315192e-07,0.00043495770660229027,0.9995645880699158
2307,1,2,2,3.4209570003440604e-06,4.985403938917443e-05,0.9999467134475708
2308,3,1,1,0.0009843313600867987,0.9989550113677979,6.062973625375889e-05
2309,1,1,0,0.8781763315200806,0.03376370668411255,0.08806005120277405
2311,0,1,1,0.06767622381448746,0.9302830696105957,0.002040695631876588
2312,2,1,1,0.00047715718392282724,0.9994878768920898,3.494677002890967e-05
2313,4,2,2,0.0006989961839281023,0.0006789960898458958,0.998621940612793
2314,1,1,1,5.2317170684546e-07,0.9998797178268433,0.00011976491077803075
2315,4,1,1,9.781703556654975e-05,0.999870777130127,3.138285319437273e-05
2316,0,1,1,2.1871450371691026e-05,0.9999610185623169,1.7063481209333986e-05
2317,4,1,1,0.00017386054969392717,0.9997358918190002,9.019559365697205e-05
2318,4,1,1,2.156136588382651e-06,0.9999971389770508,7.225686999845493e-07
2320,2,1,1,0.00010812746768351644,0.9998860359191895,5.844863608217565e-06
2321,2,2,2,8.068247439041443e-07,1.3911609357819543e-06,0.9999977350234985
2324,0,1,1,0.0129602225497365,0.9860520362854004,0.0009877635166049004
2326,3,1,1,8.339249575328722e-07,0.9999974966049194,1.6529834283574019e-06
2327,3,1,1,3.383535295142792e-05,0.9997978806495667,0.00016834307461977005
2328,0,2,2,4.814238536710036e-07,5.05170646647457e-05,0.9999489784240723
2329,0,1,1,0.0001362912735203281,0.9998518228530884,1.1818689017673023e-05
2330,1,1,2,0.0033710093703120947,0.4109809100627899,0.5856481194496155
2331,4,1,1,3.641550563315832e-07,0.9999994039535522,2.845562505626731e-07
2332,2,1,1,3.902009211742552e-06,0.9999948740005493,1.2161540325905662e-06
2334,4,2,2,4.77489666081965e-05,3.5729866795009e-05,0.9999164342880249
2336,3,1,1,0.009466969408094883,0.9581253528594971,0.032407667487859726
2337,4,1,1,6.282585673034191e-06,0.9999912977218628,2.402830887149321e-06
2338,2,1,1,0.00033595843706279993,0.9987673759460449,0.0008966901223175228
2339,1,2,2,1.1755137165891938e-05,4.471953161555575e-06,0.9999836683273315
2340,0,1,1,0.1369360387325287,0.738025426864624,0.12503859400749207
2342,0,2,2,0.003533201524987817,0.0004814545391127467,0.9959853291511536
2344,3,2,1,0.13421832025051117,0.4912143051624298,0.3745673596858978
2345,4,2,2,1.0068584742839448e-05,0.0003259417717345059,0.9996640682220459
2347,4,2,2,0.00027701666112989187,0.0008696403237991035,0.9988534450531006
2350,1,2,2,4.734958565677516e-06,5.009110282117035e-07,0.9999947547912598
2351,3,1,1,3.4750621580315055e-07,0.9999990463256836,5.663177944370545e-07
2353,1,2,2,4.168834493611939e-05,0.00010706784087233245,0.9998512268066406
2355,2,2,2,2.381446392973885e-05,0.00025403668405488133,0.9997220635414124
2357,1,2,2,0.005955059081315994,0.000295649457257241,0.9937492609024048
2359,0,1,1,2.836156227203901e-06,0.9999970197677612,9.839643411169163e-08
2361,2,2,2,8.0809390055947e-05,3.112087870249525e-05,0.9998880624771118
2362,1,2,2,9.861196303972974e-06,0.00032951743924058974,0.9996606111526489
2364,4,2,2,6.668706919299439e-05,9.718871297081932e-06,0.999923586845398
2366,4,2,2,6.995604053372517e-05,0.0004347786889411509,0.999495267868042
2367,2,1,1,0.004282528068870306,0.9915633201599121,0.00415418203920126
2368,1,1,1,0.24074570834636688,0.5355631709098816,0.2236911803483963
2369,3,1,1,4.970487680111546e-06,0.9999948740005493,1.5851014723011758e-07
2372,0,1,1,0.011325361207127571,0.9796887040138245,0.008985919877886772
2373,0,1,0,0.5123679041862488,0.4353894889354706,0.05224260315299034
2374,2,1,0,0.595349133014679,0.27848806977272034,0.12616276741027832
2377,1,2,2,2.701846426589327e-07,6.400496931746602e-05,0.9999357461929321
2378,2,1,1,0.17141711711883545,0.7496798634529114,0.07890300452709198
2379,1,2,2,1.2976222478755517e-06,2.6984136638930067e-05,0.9999717473983765
2381,2,2,2,7.370670937234536e-05,0.0073625496588647366,0.992563784122467
2382,2,2,2,3.9756461774231866e-05,0.026843398809432983,0.9731167554855347
2383,3,2,2,3.415328319533728e-05,0.0014924408169463277,0.9984733462333679
2384,0,1,1,9.333102752862033e-07,0.9999990463256836,3.1820714951891205e-08
2385,3,2,2,5.517346224337416e-08,4.385583807220428e-08,1.0
2386,1,2,2,0.00022575075854547322,0.0018299786606803536,0.997944176197052
2389,3,2,2,0.002153380075469613,0.00011095993977505714,0.9977356195449829
2390,2,1,1,0.00018382954294793308,0.9992152452468872,0.0006008553318679333
2391,4,2,0,0.540806770324707,0.06743494421243668,0.3917582333087921
2395,4,1,1,9.66887910180958e-07,0.9999988079071045,1.892026801897373e-07
2396,1,1,2,0.08449000120162964,0.006329440511763096,0.9091805219650269
2397,2,2,1,0.001969411736354232,0.9688688516616821,0.029161741957068443
2398,4,2,2,0.0004896123427897692,4.905622699880041e-05,0.9994613528251648
2399,2,1,1,0.046301789581775665,0.9502161741256714,0.0034821077715605497
2405,4,2,2,4.242795057507465e-06,2.5719731638673693e-05,0.9999699592590332
2408,2,2,2,0.00017539859982207417,6.3035399762156885e-06,0.9998182654380798
2409,1,1,1,3.431720415392192e-06,0.9999886751174927,7.908580300863832e-06
2410,1,1,0,0.6089968681335449,0.3237636089324951,0.06723958253860474
2411,4,1,1,3.039184548470075e-07,0.9999995231628418,1.3751663630046096e-07
2412,2,1,0,0.7937703728675842,0.05644151195883751,0.14978809654712677
2413,3,1,1,3.256808122387156e-05,0.9999469518661499,2.0528919776552357e-05
2415,3,1,1,4.738897587230895e-06,0.9999947547912598,5.132903311277914e-07
2416,1,1,1,1.785388303687796e-05,0.9999723434448242,9.802546628634445e-06
2417,4,2,2,0.014743668958544731,0.01602131873369217,0.9692349433898926
2418,4,1,1,4.94365281156206e-07,0.9999988079071045,7.489464906029752e-07
2419,2,2,1,0.13138027489185333,0.7182484865188599,0.15037120878696442
2420,4,2,0,0.8333308100700378,0.05515781044960022,0.11151137202978134
2421,3,2,2,0.015030192211270332,0.00016070104902610183,0.9848091006278992
2422,3,2,2,0.001364681520499289,0.0005675116553902626,0.9980677962303162
2423,1,2,2,1.091751666848495e-08,1.3785231089968875e-07,0.9999998807907104
2424,3,2,2,1.7493040331828524e-06,7.97462689661188e-06,0.9999902248382568
2425,0,2,2,1.1514102880028076e-05,1.0881218486247235e-06,0.9999873638153076
2428,2,1,1,6.808390025980771e-06,0.9999916553497314,1.5469497611775296e-06
2429,0,2,2,5.5927678488387755e-08,2.973306663989206e-06,0.9999970197677612
2430,0,1,2,0.11582308262586594,0.10505369305610657,0.7791231870651245
2431,0,1,1,0.08823943883180618,0.7559347748756409,0.15582582354545593
2432,4,1,1,8.601234731031582e-05,0.9998925924301147,2.1342890249798074e-05
2433,1,2,2,1.7428849474754315e-08,3.113791535724886e-08,1.0
2434,1,2,2,1.0266955541737843e-05,7.937858754303306e-06,0.9999817609786987
2435,1,2,2,2.1312146145646693e-06,1.4622495655203238e-05,0.9999831914901733
2436,0,2,2,1.8264440626580836e-08,1.5922181262340018e-07,0.9999998807907104
2437,1,1,1,0.0002029453607974574,0.9995558857917786,0.00024109760124702007
2438,3,2,1,0.0001857139141066,0.9995421171188354,0.0002721907221712172
2439,0,2,2,1.0629063353917445e-06,0.0001527260901639238,0.9998462200164795
2440,3,1,0,0.5777246952056885,0.02813246101140976,0.394142746925354
2441,4,1,1,4.995153722120449e-05,0.999907374382019,4.2632647819118574e-05
2442,4,1,0,0.5187684893608093,0.392863929271698,0.08836759626865387
2443,1,2,2,6.300984178864155e-09,6.868287073302781e-06,0.999993085861206
2444,4,2,2,1.3605363946567195e-08,3.557948730303906e-05,0.9999644756317139
2445,4,2,2,8.671045361552387e-05,0.007260284852236509,0.9926530122756958
2448,3,1,1,0.00033461779821664095,0.9994231462478638,0.00024228804977610707
2449,4,1,1,8.16200099507114e-06,0.9999631643295288,2.872701224987395e-05
2450,1,2,0,0.6469513177871704,0.03965407609939575,0.3133946359157562
2451,1,1,1,7.859907391605248e-09,0.9999985694885254,1.3658481066158856e-06
2452,0,1,1,1.1370925676601473e-06,0.9999986886978149,2.071773224088247e-07
2453,4,2,2,2.248831236784099e-07,8.424058250966482e-06,0.9999912977218628
2454,0,2,2,7.377587962764665e-07,2.4100962036754936e-05,0.9999752044677734
2455,3,1,1,1.8649349442512175e-07,0.9999997615814209,4.340774850675189e-09
2456,3,1,1,3.079747557421797e-06,0.9999955892562866,1.3185433545004344e-06
2460,2,2,2,0.0002667111693881452,0.0011273501440882683,0.9986060261726379
2461,2,1,1,3.5754204873228446e-05,0.9999536275863647,1.0579058653092943e-05
2462,3,1,1,3.196818943251856e-05,0.9998701810836792,9.784664143808186e-05
2463,2,2,2,0.2327141910791397,0.0037727595772594213,0.7635129690170288
2464,1,1,1,1.0645668879760706e-07,0.9999991655349731,6.976745225983905e-07
2465,1,1,1,1.012388565868605e-05,0.9999887943267822,1.0782006256704335e-06
2466,0,1,1,1.017628255794989e-05,0.9999896287918091,2.098033604625016e-07
2467,4,2,2,4.109351266379235e-06,7.876361632952467e-05,0.9999171495437622
2469,2,2,2,0.00010282946459483355,0.01820281147956848,0.9816942811012268
2471,4,1,1,5.139582935953513e-05,0.999769389629364,0.00017925909196492285
2472,2,2,2,0.00034210982266813517,0.006474815774708986,0.9931829571723938
2473,3,2,2,3.638042926468188e-06,2.662204906300758e-06,0.9999936819076538
2474,0,1,1,1.506604405676626e-07,0.9999994039535522,4.0342979445995297e-07
2476,1,2,2,4.5429118245010613e-08,2.399976665401482e-06,0.999997615814209
2477,2,1,1,0.001325635821558535,0.9985799789428711,9.435557149117813e-05
2478,3,1,1,0.0002926959132310003,0.9996825456619263,2.478206079103984e-05
2479,4,1,0,0.5411171913146973,0.22639431059360504,0.23248843848705292
2480,2,2,2,1.671454265306238e-05,9.201788634527475e-05,0.9998912811279297
2482,0,2,2,1.3852368283551186e-05,8.770865861151833e-06,0.9999773502349854
2484,2,2,2,6.162805675558047e-06,0.00020792102441191673,0.999785840511322
2485,0,2,2,9.770154747457127e-07,2.0028328435728326e-06,0.9999970197677612
2486,0,2,2,1.3546933530506067e-07,2.4101577764668036e-06,0.9999974966049194
2488,0,2,2,4.081555380253121e-05,2.4168582967831753e-05,0.9999350309371948
2489,4,2,2,4.093443294550525e-06,5.118807894177735e-05,0.999944806098938
2492,4,2,2,4.093104053026764e-06,4.359031663625501e-06,0.9999915361404419
2493,0,2,2,2.3309380594582763e-06,0.0005081133567728102,0.999489426612854
2494,3,2,2,3.533431481628213e-06,1.4635343177360483e-06,0.9999949932098389
2495,1,2,2,5.208211860008305e-06,0.0004994171322323382,0.999495267868042
2496,3,2,2,2.063396550511243e-06,3.533002745825797e-05,0.9999626874923706
2497,2,1,1,2.2786218323744833e-05,0.9999630451202393,1.4185953659762163e-05
2498,1,1,1,6.688750886496564e-07,0.9999923706054688,6.938495516806142e-06
2500,4,1,1,4.12297168850273e-07,0.9999994039535522,1.6828204252306023e-07
2505,0,2,2,3.5690324393794493e-12,4.3047062803225344e-08,1.0
2507,3,1,1,2.1009718693676405e-05,0.9999785423278809,4.862084779233555e-07
2508,1,2,2,8.701747447048547e-07,3.068080695811659e-05,0.9999685287475586
2510,0,2,2,1.084300982334696e-09,2.3880696176092897e-07,0.9999997615814209
2511,4,2,2,2.186237679779879e-06,4.94593268740573e-06,0.9999929666519165
2513,3,2,2,1.7357411934426636e-06,1.8536522929935018e-06,0.9999963045120239
2514,4,2,2,0.28217312693595886,0.008256700821220875,0.7095701694488525
2517,3,1,1,2.3382558822504507e-07,0.9999997615814209,4.0652484045722304e-08
2518,4,2,2,4.8270605475408956e-05,0.0002296039747307077,0.9997220635414124
2519,2,2,2,0.0010028474498540163,0.00042835273779928684,0.9985687732696533
2520,1,2,2,3.612577074818546e-06,4.7344150516437367e-05,0.9999490976333618
2521,2,2,2,0.0004318161809351295,3.0269631679402664e-05,0.9995379447937012
2522,0,2,0,0.6699874997138977,0.1883769929409027,0.1416354924440384
2523,2,1,1,4.3896781676266983e-07,0.9999990463256836,5.455218001770845e-07
2526,2,2,2,1.628900645300746e-05,2.6886735213338397e-05,0.9999567270278931
2528,0,2,2,1.8006371949041977e-09,1.0598760127322748e-06,0.999998927116394
2529,0,2,2,0.0003335995425004512,4.846427691518329e-05,0.9996178150177002
2530,2,2,2,7.114046951528508e-08,1.0192366062256042e-05,0.9999896287918091
2531,4,2,2,0.0003590711276046932,0.00025583425303921103,0.9993851184844971
2532,3,2,2,1.752403022692306e-07,5.612820359601756e-07,0.9999992847442627
2533,3,2,2,4.569536031340249e-05,0.00011244386405451223,0.9998419284820557
2534,0,2,2,6.587301868421491e-06,3.6021447158418596e-07,0.999993085861206
2535,4,2,2,7.126867785700597e-06,2.3389177385979565e-06,0.9999904632568359
2537,4,2,2,0.00011659553274512291,0.00011685021308949217,0.9997666478157043
2538,4,2,2,1.626864104764536e-05,2.6066005375469103e-05,0.9999576807022095
2539,4,2,2,0.0017910301685333252,0.0005182893364690244,0.9976906776428223
2540,1,2,2,4.421380026542465e-07,1.3406141988525633e-05,0.9999861717224121
2542,1,2,2,2.4818625377065473e-08,1.1772960533562582e-05,0.9999881982803345
2543,2,2,2,0.0005525113083422184,0.00017349458357784897,0.9992740750312805
2544,2,2,2,1.957968720489589e-07,3.232698509236798e-05,0.9999674558639526
2545,4,2,2,2.1362834559113253e-06,4.248494860803476e-06,0.9999935626983643
2546,4,2,2,1.601493408998067e-07,7.933670531201642e-06,0.9999918937683105
2548,0,1,1,1.1655771459118114e-06,0.9999964237213135,2.3796194454916986e-06
2550,2,1,1,0.00031027354998514056,0.9996531009674072,3.661475784610957e-05
2551,0,1,1,0.000712631328497082,0.999127209186554,0.00016011428670026362
2552,4,1,1,2.9798204650433036e-06,0.9999967813491821,2.1841192676674837e-07
2553,1,2,2,6.616980681428686e-05,5.0291298975935206e-05,0.9998835325241089
2554,3,1,1,1.4964063666411676e-05,0.9999794960021973,5.56942632101709e-06
2555,3,2,2,0.48987215757369995,0.007586211431771517,0.5025416016578674
2556,3,2,2,2.940504600701388e-06,0.00020903088443446904,0.9997879862785339
2557,0,1,1,5.225708264333662e-06,0.9999946355819702,1.0671073624735072e-07
2559,0,1,1,1.4634889566877973e-06,0.9999954700469971,3.03163574244536e-06
2561,0,1,1,4.01459401473403e-05,0.9999241828918457,3.5608401958597824e-05
2562,0,2,2,4.9465502343082335e-06,3.0817725473752944e-06,0.9999920129776001
2563,3,2,2,1.733234853418253e-06,1.046942884386226e-06,0.9999971389770508
2564,2,2,2,0.00011165285832248628,0.18412238359451294,0.8157659769058228
2566,4,2,2,0.1742977350950241,0.06236986443400383,0.7633323669433594
2567,3,2,2,1.8153228893424966e-06,1.4794659364270046e-06,0.9999967813491821
2568,3,1,1,8.23792379378574e-06,0.9999904632568359,1.3063106507615885e-06
2569,1,1,1,0.04093986749649048,0.9544914364814758,0.004568698350340128
2570,4,1,1,6.59281965909031e-07,0.9999992847442627,8.537460161051058e-08
2573,4,1,1,5.7070217735599726e-05,0.9999271631240845,1.5749665180919692e-05
2575,2,2,2,0.0004065665416419506,2.894800854846835e-05,0.9995644688606262
2576,2,2,2,0.00010401401959825307,0.00014157203258946538,0.9997543692588806
2578,1,1,1,0.0005287532694637775,0.9994007349014282,7.045778329484165e-05
2579,1,1,1,0.00013832545664627105,0.9990764856338501,0.0007851740811020136
2580,3,1,1,5.153512816491457e-08,0.9999998807907104,2.1689682938585975e-08
2581,4,1,1,1.3297890291141812e-06,0.999993085861206,5.61145043320721e-06
2582,4,2,0,0.6182484030723572,0.007583954371511936,0.37416768074035645
2583,4,2,2,1.179602350021014e-05,6.375562952598557e-05,0.9999244213104248
2584,3,1,1,2.084131119772792e-05,0.9999737739562988,5.3534304242930375e-06
2585,1,2,2,4.804830314242281e-05,0.00013676191156264395,0.9998152852058411
2586,3,1,1,6.799471884733066e-05,0.999920129776001,1.1847190762637183e-05
2587,2,1,1,7.593988812004682e-06,0.9999858140945435,6.623140052397503e-06
2588,2,2,2,4.528609679255169e-06,5.444097041618079e-05,0.9999409914016724
2592,0,2,2,0.11033471673727036,0.03562026098370552,0.8540449738502502
2594,2,1,0,0.6587716937065125,0.04257283732295036,0.2986554503440857
2595,1,1,2,0.06936389207839966,0.03945525735616684,0.8911808729171753
2596,2,1,2,0.011349820531904697,0.0033686216920614243,0.9852816462516785
2597,2,1,2,0.08101364970207214,0.00847295019775629,0.9105134010314941
2598,3,1,2,0.30284008383750916,0.20549342036247253,0.4916664958000183
2599,3,1,1,0.00012205637176521122,0.9998700618743896,7.91183629189618e-06
2600,0,1,1,6.206559646670939e-06,0.9999929666519165,8.439105272373126e-07
2601,2,1,1,0.0011524403234943748,0.9947868585586548,0.004060644190758467
2602,0,2,2,5.5159303883556277e-05,0.00021150590328034014,0.9997332692146301
2604,1,1,1,0.00043988728430122137,0.9993826150894165,0.0001774256961653009
2605,4,1,1,3.408432166907005e-05,0.9998708963394165,9.504689660388976e-05
2607,3,1,1,0.00023783462529536337,0.9996243715286255,0.0001377755106659606
2608,1,2,2,0.0003370764316059649,0.0014120039995759726,0.9982507824897766
2609,1,2,2,8.982628060039133e-05,0.0010430016554892063,0.9988672733306885
2610,1,1,2,0.2697150409221649,0.09236713498830795,0.6379178166389465
2612,4,1,1,7.581922432109423e-07,0.9999963045120239,2.9595046271424508e-06
2613,2,2,2,1.1898548564204248e-06,4.9749622121453285e-05,0.9999490976333618
2614,4,2,2,6.456943083321676e-06,9.800302905205172e-06,0.9999837875366211
2615,3,2,2,7.194740447857839e-08,2.462642441969365e-05,0.9999752044677734
2616,2,1,1,9.575996227795258e-05,0.9998893737792969,1.4838105926173739e-05
2617,2,2,2,6.497182170051019e-08,1.2717566278297454e-05,0.9999871253967285
2619,0,1,1,2.253543698316207e-06,0.9999936819076538,4.016127149952808e-06
2620,0,2,2,7.095664500411658e-08,3.6061935588804772e-06,0.9999963045120239
2621,2,1,1,0.0209320317953825,0.9340710043907166,0.044996947050094604
2622,4,2,2,0.0001467223628424108,0.0011374008608981967,0.9987159967422485
2623,4,2,2,7.981538487911166e-07,4.6218941861297935e-05,0.9999529123306274
2624,3,1,1,1.1374434507160913e-05,0.9999881982803345,4.717360582162655e-07
2625,0,1,1,1.4031435057404451e-05,0.9999839067459106,2.050919647444971e-06
2626,1,1,1,1.7533555364934728e-05,0.9999761581420898,6.267350272537442e-06
2627,2,1,1,0.00028662831755355,0.9996916055679321,2.1836714950040914e-05
2628,0,2,2,8.920145546653657e-07,5.36054676558706e-06,0.9999938011169434
2629,0,1,1,3.019678388227476e-06,0.9999955892562866,1.428933046554448e-06
2631,2,2,2,0.006303383037447929,0.00044362276094034314,0.9932529330253601
2633,2,2,2,0.00011896905198227614,0.0031613665632903576,0.9967196583747864
2635,3,2,2,1.0827222496345712e-07,8.70822304932517e-07,0.9999990463256836
2636,0,2,2,1.5194149455055594e-05,5.47755480511114e-05,0.9999300241470337
2637,4,2,2,9.906791092362255e-06,0.002296204213052988,0.9976939558982849
2638,0,2,2,3.0972958597885736e-07,1.5170188817137387e-05,0.9999845027923584
2639,4,1,1,8.229380910051987e-06,0.9999858140945435,6.00202565692598e-06
2640,1,1,2,0.17085619270801544,0.38099926710128784,0.4481445550918579
2641,1,2,2,5.897102255403297e-06,1.4613212442782242e-05,0.9999794960021973
2642,0,2,2,4.2681932654886623e-07,7.058673645587987e-08,0.9999994039535522
2645,1,1,1,2.6397719921078533e-05,0.9998584985733032,0.00011509792966535315
2647,1,1,1,2.7007016001334705e-07,0.9999992847442627,4.818642196369183e-07
2648,4,2,2,0.00022453750716522336,0.006554551422595978,0.9932209253311157
2650,0,1,1,4.258984517946374e-06,0.9999276399612427,6.81384262861684e-05
2651,0,1,1,0.00021148021914996207,0.9994907379150391,0.0002977906842716038
2653,3,1,1,5.325748134055175e-06,0.9999889135360718,5.816570592287462e-06
2654,2,2,2,2.697642571547476e-07,9.430927093490027e-06,0.9999903440475464
2655,4,2,2,0.0017044518608599901,0.0006703250110149384,0.9976252913475037
2656,3,2,2,4.282222107576672e-06,0.00011054702190449461,0.9998852014541626
2657,4,2,2,2.2175238427735167e-06,7.390505743387621e-06,0.9999903440475464
2660,4,1,1,4.8392794269602746e-05,0.9998096823692322,0.00014192484377417713
2661,0,1,1,0.0004969856236129999,0.999138593673706,0.0003643607487902045
2662,4,1,1,1.555651607532127e-07,0.9999997615814209,1.1012049583314365e-07
2664,2,2,2,4.5359498471952975e-05,1.4998763617768418e-06,0.999953031539917
2665,3,2,2,4.250802703609224e-06,7.602895493619144e-05,0.9999196529388428
2666,0,1,1,2.4079483864625217e-06,0.9999806880950928,1.6914402294787578e-05
2667,1,2,2,4.932543333779904e-07,1.7861764717963524e-05,0.9999816417694092
2668,4,2,2,0.002524621319025755,4.45761761511676e-05,0.9974307417869568
2669,2,2,2,2.0348109046608442e-06,1.462592808820773e-05,0.9999833106994629
2670,1,2,2,1.864052819655626e-06,0.00018598425958771259,0.9998121857643127
2671,1,2,2,8.760507625993341e-05,1.938765126396902e-05,0.9998929500579834
2672,1,1,1,0.14476267993450165,0.6134606003761292,0.241776704788208
2673,0,2,2,2.1496938984455483e-07,1.3674167576027685e-07,0.9999996423721313
2674,3,2,2,0.05135626718401909,0.1514790952205658,0.7971646189689636
2675,0,2,2,0.00016450950352009386,3.929104786948301e-05,0.9997962117195129
2676,2,1,1,9.389450497110374e-06,0.9999877214431763,2.9278273814270506e-06
2677,3,1,1,1.2207008239784045e-06,0.9999985694885254,2.228225355338509e-07
2678,3,1,1,1.5675717804697342e-05,0.9999605417251587,2.383191531407647e-05
2679,1,2,2,2.958205368486233e-05,1.3275398487166967e-05,0.9999572038650513
2681,1,2,2,1.760253326210659e-05,9.862480510491878e-05,0.999883770942688
2682,2,1,1,0.12167701125144958,0.6510795950889587,0.2272433638572693
2683,3,1,1,6.267951562222152e-07,0.9999991655349731,1.589055784734228e-07
2684,2,2,2,1.1281907319471429e-07,0.0009360481635667384,0.9990639090538025
2685,0,2,2,0.03146233409643173,0.0063475752249360085,0.9621900916099548
2686,4,2,2,3.772800846491009e-05,1.8164040739065968e-05,0.9999440908432007
2688,1,2,2,1.5817199994216935e-08,7.501607512949704e-08,0.9999998807907104
2689,4,2,2,0.000442205899162218,0.014881188981235027,0.9846766591072083
2690,3,2,2,4.7011239985295106e-06,1.933018211275339e-05,0.9999760389328003
2692,0,1,0,0.49250665307044983,0.12373793870210648,0.3837554156780243
2693,2,2,2,8.069290197454393e-05,0.0021198587492108345,0.9977994561195374
2694,0,2,2,1.3210685210651718e-05,3.910145096597262e-05,0.9999476671218872
2695,3,2,2,0.003453204408288002,0.00033277636975981295,0.996213972568512
2698,3,2,2,0.016222650185227394,0.001339988666586578,0.9824373126029968
2699,2,2,2,0.0001145715796155855,0.0009421053691767156,0.9989433884620667
2700,3,1,1,2.055651975751971e-06,0.9999978542327881,1.3837954782047746e-07
2702,0,2,2,4.576008905132767e-07,2.6910681754088728e-06,0.9999967813491821
2703,1,1,1,7.441598427249119e-05,0.9989996552467346,0.000925979285966605
2704,0,2,0,0.5760342478752136,0.008627137169241905,0.4153386950492859
2705,2,2,2,4.1701288864715025e-05,9.214448073180392e-05,0.9998661279678345
2706,0,2,2,3.444858407419815e-07,2.866330248707527e-07,0.9999994039535522
2707,0,1,1,1.5177086254425376e-08,1.0,1.2900337464927247e-09
2708,2,2,0,0.698370635509491,0.011991724371910095,0.28963762521743774
2709,3,2,2,3.1753077109897276e-06,1.5312456525862217e-05,0.9999815225601196
2710,0,1,1,1.815839389962548e-08,1.0,5.253367740820636e-10
2711,0,2,2,1.1871276910824236e-05,0.00010649470641510561,0.9998816251754761
2712,4,1,0,0.5463341474533081,0.015864059329032898,0.4378018379211426
2714,2,2,2,0.005893751513212919,0.0011320012854412198,0.9929742813110352
2715,4,1,1,1.2596172993539767e-08,1.0,2.2562350210364457e-08
2716,3,1,1,3.716979790624464e-06,0.9998670816421509,0.00012915125989820808
2717,2,1,1,3.772265336010605e-05,0.9999557733535767,6.498255970655009e-06
2718,0,2,2,1.2799810633623565e-07,2.8860022212029435e-06,0.9999970197677612
2720,1,1,1,8.350138159585185e-06,0.9999648332595825,2.679894350876566e-05
2721,3,2,2,0.04046153649687767,0.007236598990857601,0.9523018598556519
2723,4,2,2,0.0009920272277668118,0.0015452313236892223,0.9974627494812012
2724,2,1,1,6.978006581448426e-07,0.9999988079071045,5.134818366059335e-07
2725,2,2,2,2.3219720333145233e-06,5.278603930491954e-05,0.9999449253082275
2726,0,2,2,0.009013754315674305,0.0007460883352905512,0.990240216255188
2727,0,2,2,0.0017854060279205441,0.004293509293347597,0.9939210414886475
2728,3,2,2,1.4343278962769546e-05,0.00024583289632573724,0.9997398257255554
2730,3,1,1,5.1499364417395554e-06,0.9999922513961792,2.6013326532847714e-06
2731,2,2,2,1.3505862625606824e-05,0.00038756808498874307,0.999599039554596
2733,4,1,1,8.953828114499629e-07,0.9999955892562866,3.496566932881251e-06
2734,1,1,1,0.05697150155901909,0.5885119438171387,0.35451653599739075
2736,1,2,2,0.00015389584586955607,7.691770406381693e-06,0.9998383522033691
2737,2,1,1,0.2195274978876114,0.7310175895690918,0.04945491626858711
2739,4,1,1,7.292826467164559e-06,0.9999281167984009,6.464016769314185e-05
2740,4,2,2,1.0241485597362043e-06,2.1912721422268078e-05,0.9999769926071167
2741,1,1,1,2.492110297680483e-06,0.9999964237213135,1.0672420103219338e-06
2742,1,2,2,3.619191147663514e-06,7.782398461131379e-05,0.9999185800552368
2743,4,2,2,2.8997246772632934e-05,3.369412661413662e-05,0.9999372959136963
2745,4,2,2,6.100708560552448e-05,5.100111593492329e-06,0.9999338388442993
2746,0,2,2,2.4712426238693297e-05,2.4560422389185987e-06,0.9999728202819824
2747,0,2,2,1.301723045799008e-06,1.1051590263377875e-05,0.9999876022338867
2748,2,2,2,7.39216488909733e-07,7.971298146003392e-06,0.9999912977218628
2751,2,1,1,0.001857417169958353,0.9978581070899963,0.0002845098206307739
2752,2,1,2,0.00014785974053665996,0.001422832952812314,0.9984293580055237
2753,3,1,1,7.672804713365622e-06,0.9999827146530151,9.608427717466839e-06
2754,2,1,1,2.0370515585454996e-07,0.9999973773956299,2.360702637815848e-06
2755,2,2,2,0.010545703582465649,0.0013029840774834156,0.9881513118743896
2756,2,2,2,3.6870696931146085e-06,1.8418477338855155e-05,0.9999778270721436
2757,3,1,1,2.232691622339189e-05,0.9999762773513794,1.3580986433225917e-06
2758,2,1,1,7.052059572743019e-06,0.999991774559021,1.177574745270249e-06
2759,4,2,2,4.20476951035198e-08,2.906051122408826e-05,0.9999709129333496
2760,4,1,1,5.587066809198404e-09,1.0,1.567771690247355e-08
2763,2,2,2,0.00015262622036971152,0.00029849892598576844,0.9995488524436951
2764,2,2,2,6.592139106942341e-05,0.001020581810735166,0.9989134073257446
2767,1,2,2,2.1381285364441283e-07,2.545811548770871e-05,0.999974250793457
2768,0,2,2,0.03186064958572388,2.6019764845841564e-05,0.9681134223937988
2769,2,2,2,2.0892597873967134e-08,1.0181876859860495e-05,0.9999898672103882
2770,2,2,2,7.099608296812221e-07,9.50845151237445e-06,0.9999897480010986
2771,2,1,1,0.0003330842009745538,0.9986916184425354,0.0009753131307661533
2772,4,2,2,6.167570518300636e-06,3.6987992643844336e-05,0.9999568462371826
2773,3,2,2,3.361299241078086e-05,1.3878774552722462e-05,0.9999525547027588
2774,4,2,2,7.608730811625719e-05,0.00012219733616802841,0.9998018145561218
2776,1,2,2,2.163190629289602e-06,1.6117377299451618e-06,0.9999961853027344
2778,1,2,2,1.2005986718577333e-05,4.364585402072407e-05,0.9999443292617798
2779,1,2,2,0.0005866443971171975,0.0003524073399603367,0.9990609288215637
2780,0,2,2,3.112868114385492e-07,1.454616551654908e-07,0.9999995231628418
2781,0,2,2,7.685811431734635e-10,4.88573022039418e-08,1.0
2784,4,2,2,0.0006906526396051049,0.05589713156223297,0.943412184715271
2785,3,2,2,0.00029324545175768435,6.355523510137573e-05,0.9996432065963745
2787,4,2,2,7.185223512351513e-05,0.0002232982951682061,0.9997047781944275
2788,0,2,2,2.9080509111878428e-09,5.852538009776254e-09,1.0
2789,3,2,2,0.00010345374175813049,3.1062325433595106e-05,0.9998654127120972
2790,0,2,2,1.5251050626829965e-06,1.5954052287270315e-05,0.999982476234436
2791,2,1,1,4.3233067117398605e-05,0.999941349029541,1.5432300642714836e-05
2792,0,2,2,9.45295687415637e-06,1.63256675023149e-06,0.9999889135360718
2793,2,2,2,3.2694762921892107e-05,0.00019891414558514953,0.9997684359550476
2795,4,2,2,6.560860583704198e-07,2.9853634941900964e-07,0.999998927116394
2796,3,2,2,6.852562364656478e-05,0.003809412708505988,0.9961220622062683
2799,3,1,1,1.089836998424687e-09,0.9999998807907104,6.995267654019699e-08
2800,3,2,2,8.01740497990977e-07,8.606808478361927e-06,0.9999905824661255
2802,3,1,1,0.0005243864143267274,0.9994518160820007,2.3760350813972764e-05
2803,0,2,2,1.005067176151897e-07,1.7399308489984833e-05,0.999982476234436
2804,0,2,2,0.006908648181706667,0.0003225435793865472,0.9927688837051392
2805,2,2,2,0.000162526048370637,0.002437558490782976,0.9973999261856079
2807,3,1,2,0.4843273162841797,0.006185084581375122,0.5094875693321228
2808,4,2,2,4.1052557207876816e-05,3.3348511351505294e-05,0.9999256134033203
2809,4,2,2,3.770576881834131e-07,4.5348781441134633e-07,0.9999991655349731
2810,0,2,2,0.00047195510705932975,8.653529221192002e-06,0.9995193481445312
2811,4,2,2,6.39959325781092e-05,7.273416849784553e-05,0.9998632669448853
2812,1,2,2,5.307764695317019e-06,0.00010933688463410363,0.9998853206634521
2813,4,1,1,0.00018148850358556956,0.999762237071991,5.6273045629495755e-05
2814,1,2,2,0.00045501135173253715,0.00011341838398948312,0.9994315505027771
2815,1,2,2,3.0475216590275522e-06,0.00010992170427925885,0.9998869895935059
2816,2,2,2,3.206745896022767e-05,8.246337529271841e-05,0.9998854398727417
2817,0,2,2,1.1245138153981316e-09,1.1130123489522248e-09,1.0
2818,3,2,2,3.8998867239570245e-05,0.001249943277798593,0.9987109899520874
2819,2,2,2,0.00012619320477824658,5.2138366299914196e-05,0.9998217225074768
2821,2,2,2,5.3264107009454165e-06,3.357195737407892e-06,0.9999912977218628
2822,4,2,2,1.0664094588719308e-05,1.579477066115942e-05,0.9999736547470093
2823,4,1,1,5.5025473955083726e-08,0.9999997615814209,1.554440132167656e-07
2826,1,2,2,1.1961623158640577e-06,2.2082519990362925e-06,0.999996542930603
2827,3,2,2,2.7596086056291824e-06,0.0030197263695299625,0.9969775676727295
2828,1,2,2,2.41665816247405e-06,0.000436648988397792,0.9995610117912292
2829,0,2,2,8.39909534988692e-06,7.876875315560028e-06,0.9999837875366211
2830,4,1,1,9.501938507128216e-07,0.9999964237213135,2.613567858134047e-06
2831,1,2,2,1.16771684588457e-06,2.2438227915699827e-06,0.999996542930603
2832,3,2,2,6.100024620536715e-05,0.02195183001458645,0.9779872298240662
2833,0,1,1,0.000402544072130695,0.999523401260376,7.403046038234606e-05
2834,3,2,2,5.564010734815383e-06,0.0003240025253035128,0.9996703863143921
2835,1,2,2,0.10327190160751343,0.0001990918826777488,0.896528959274292
2836,2,1,1,0.0005344807868823409,0.999414324760437,5.120354035170749e-05
2837,3,1,1,5.836365346567618e-08,0.9999998807907104,6.720995759934567e-09
2838,3,1,1,9.569562280375976e-07,0.9999926090240479,6.4315377130697016e-06
2839,0,2,2,4.812435872736387e-05,3.308879604446702e-05,0.9999186992645264
2840,4,1,1,1.4290826584328897e-06,0.9999982118606567,3.5633897255138436e-07
2841,3,2,2,0.01911713369190693,0.00015710257866885513,0.9807257056236267
2842,2,2,2,7.45622946851654e-06,2.330094048375031e-06,0.9999901056289673
2843,4,2,2,2.493531212621747e-07,1.8302018361282535e-05,0.9999814033508301
2844,1,1,1,0.19103845953941345,0.555263102054596,0.2536984384059906
2845,4,2,2,1.948871613421943e-06,1.8900960640166886e-05,0.9999791383743286
2847,1,1,1,8.723277744593361e-08,0.9999988079071045,1.0572974815659109e-06
2850,2,2,2,0.00022376466949936002,5.731995406677015e-05,0.9997188448905945
2851,3,2,2,0.054298799484968185,0.010774184949696064,0.9349269866943359
2852,1,2,2,5.6755492551019415e-05,5.010737368138507e-05,0.9998931884765625
2854,0,2,2,2.050178551371573e-07,1.581853155130375e-07,0.9999996423721313
2855,4,2,2,0.0001440399355487898,0.005478423088788986,0.9943775534629822
2856,2,2,2,0.0003878047573380172,6.456029041146394e-06,0.9996058344841003
2857,1,1,1,1.804838802854647e-07,0.9999997615814209,6.927141527057756e-08
2858,4,2,2,7.706275209784508e-05,0.0002819612273015082,0.999640941619873
2859,2,2,2,0.0002051462943200022,0.0010569840669631958,0.9987378716468811
2861,0,2,2,0.00023562769638374448,0.00181684794370085,0.9979475140571594
2862,1,1,2,0.00030253492877818644,0.06318474560976028,0.9365126490592957
2864,1,2,2,1.6655045342872654e-08,1.5745915789011633e-06,0.9999984502792358
2865,0,2,2,2.2227927729545627e-06,3.894636847689981e-06,0.9999938011169434
2866,1,1,1,0.0015288155991584063,0.9983277916908264,0.0001433914148947224
2867,0,1,1,1.729523137328215e-05,0.9999489784240723,3.368558827787638e-05
2869,1,2,2,0.0007173704216256738,6.158265023259446e-05,0.9992210865020752
2870,0,2,2,6.828360028521274e-07,4.164498363934399e-07,0.999998927116394
2871,2,1,2,0.19099271297454834,0.2423354536294937,0.5666718482971191
2872,4,2,1,8.749377229833044e-06,0.9998284578323364,0.00016275716188829392
2873,0,2,2,3.072902836720459e-05,0.00010005912918131799,0.9998692274093628
2874,2,1,1,6.064193712518318e-06,0.9999935626983643,3.726648571955593e-07
2875,1,1,1,5.180391781323124e-06,0.9999910593032837,3.711323188326787e-06
2876,3,2,2,8.192150562535971e-05,0.00019188692385796458,0.9997262358665466
2877,0,1,1,0.0008994600502774119,0.9990614056587219,3.918115544365719e-05
2879,0,1,1,1.974152219474945e-08,0.9999997615814209,2.05108435125112e-07
2880,1,2,2,0.00013084421516396105,1.4511595509247854e-05,0.999854564666748
2881,0,2,2,1.5080644516274333e-05,1.6338378827640554e-07,0.9999847412109375
2882,4,2,2,4.336806341598276e-06,1.8487735360395163e-05,0.9999772310256958
2883,3,2,2,2.892252268793527e-07,9.542243788018823e-05,0.9999042749404907
2884,4,2,2,0.00019410799723118544,1.1426455785112921e-05,0.9997944235801697
2885,0,2,2,1.5080644516274333e-05,1.6338378827640554e-07,0.9999847412109375
2886,4,1,2,0.017836833372712135,0.33379727602005005,0.6483659744262695
2887,3,1,1,9.099853741645347e-06,0.9999903440475464,5.113371344123152e-07
2888,3,2,2,2.7821057301480323e-05,3.126371302641928e-05,0.9999409914016724
2891,0,2,2,6.439093702681475e-09,1.1460925719575243e-07,0.9999998807907104
2892,4,2,2,9.4041351985652e-05,6.304738781182095e-05,0.9998428821563721
2893,3,1,1,7.194426143541932e-05,0.9997525811195374,0.00017550704069435596
2894,4,2,2,2.9960160645714495e-06,6.16191464359872e-05,0.9999353885650635
2895,4,1,1,0.0023217482957988977,0.9972962737083435,0.00038193882210180163
2897,0,1,2,9.717517457374925e-09,9.023124584928155e-05,0.9999097585678101
2899,3,1,1,0.00018028983322437853,0.9846862554550171,0.015133529901504517
2901,0,1,1,2.5936426027328707e-05,0.9999655485153198,8.506995982315857e-06
2902,4,1,1,0.0030972606036812067,0.9933627843856812,0.0035399075131863356
2904,1,2,2,0.00013511512952391058,1.889433406176977e-05,0.9998458623886108
2905,4,2,2,1.0059159649244975e-05,6.4881692196649965e-06,0.999983549118042
2906,1,2,2,3.0227386105252663e-06,4.799343855665938e-07,0.999996542930603
2907,4,2,2,0.0003267727151978761,0.00039647097582928836,0.9992768168449402
2908,0,1,1,1.1105827368851351e-08,1.0,6.998575052818978e-09
2909,1,1,1,0.00010376057616667822,0.9998619556427002,3.4228680306114256e-05
2910,0,2,2,1.1985517467394402e-08,7.896102438564867e-09,1.0
2911,3,1,2,1.102498936234042e-05,0.2037619799375534,0.796226978302002
2912,0,2,2,2.6619757136359112e-06,5.065995537734125e-06,0.9999923706054688
2914,2,2,2,1.7215335219589178e-06,8.619681466370821e-05,0.9999121427536011
2915,4,1,1,1.8089594959747046e-06,0.9999890327453613,9.185629096464254e-06
2917,3,2,2,0.0002902163832914084,0.0001251418434549123,0.9995846152305603
2918,3,2,2,4.576234058362161e-09,7.1362444487022e-07,0.9999992847442627
2919,2,2,2,1.2973327102372423e-05,4.844835643780243e-07,0.9999865293502808
2921,2,1,1,5.2741215768037364e-05,0.9999403953552246,6.917685823282227e-06
2922,4,2,2,1.1337055383364714e-07,1.7876340280054137e-05,0.9999819993972778
2924,0,2,2,5.774320577245362e-09,4.2032519331769436e-07,0.9999995231628418
2925,1,2,2,5.71246846448048e-06,0.0008155629620887339,0.9991787075996399
2926,0,2,2,2.075710936466635e-09,2.679308011011017e-07,0.9999997615814209
2927,4,2,2,2.4461720386170782e-05,1.3336872143554501e-05,0.9999622106552124
2928,1,1,1,6.545481028297218e-07,0.9999980926513672,1.296993218602438e-06
2929,1,2,2,4.7392214597152815e-09,2.650369594903168e-07,0.9999997615814209
2930,1,2,2,0.0003118603490293026,1.8962289686896838e-05,0.9996691942214966
2931,4,1,1,1.2490890185290482e-05,0.999950647354126,3.682251917780377e-05
2932,3,1,1,8.075733057921752e-05,0.9998912811279297,2.7902147849090397e-05
2934,0,2,2,3.370453782736149e-07,3.861775894620223e-07,0.9999992847442627
2935,2,1,1,6.253282481338829e-05,0.9996998310089111,0.00023765214427839965
2936,3,1,1,2.870213756978046e-05,0.9999704360961914,9.121981179305294e-07
2937,1,1,1,5.487345333676785e-07,0.9999992847442627,1.306545840407125e-07
2938,0,2,2,5.8426930849009295e-08,1.5395697161579847e-08,1.0
2939,4,2,2,0.002018263330683112,0.0030016449745744467,0.9949800372123718
2940,1,1,1,2.3518398393207463e-06,0.9999964237213135,1.1890786026924616e-06
2941,3,1,1,0.00011637590796453878,0.999863862991333,1.9736309695872478e-05
2943,3,2,2,1.451248294870311e-06,3.7701343558183e-07,0.9999982118606567
2945,4,2,2,6.772286724299192e-05,0.0016049087280407548,0.9983273148536682
2946,0,2,2,5.053057066106703e-07,3.4829436117433943e-06,0.9999960660934448
2947,0,2,2,4.859052049610568e-10,2.221904367161187e-07,0.9999997615814209
2949,2,1,1,3.17799708682287e-06,0.999996542930603,2.250649515644909e-07
2950,2,2,2,0.0014802452642470598,1.558918484079186e-05,0.9985041618347168
2951,3,2,2,0.0001300694129895419,1.4315406588139012e-05,0.999855637550354
2952,4,1,1,1.0343973372073378e-05,0.9999880790710449,1.5824272168174502e-06
2953,0,2,2,2.0822148144361563e-05,1.3683929012131557e-07,0.9999790191650391
2954,0,1,1,0.0003009186766576022,0.9996345043182373,6.460246368078515e-05
2955,1,2,2,0.00024009283515624702,0.0008529705228284001,0.9989069700241089
2957,4,1,1,2.091461828968022e-05,0.9999593496322632,1.9711274944711477e-05
2958,1,2,2,2.1522057068068534e-05,1.6460449842270464e-05,0.9999619722366333
2959,2,1,1,0.0069821723736822605,0.9919060468673706,0.0011118290713056922
2960,3,1,1,0.00012653150770347565,0.9997304081916809,0.00014302227646112442
2961,1,2,2,0.00045899965334683657,0.00017086652223952115,0.9993701577186584
2964,1,2,2,2.556117237872968e-07,4.337944574217545e-06,0.9999954700469971
2965,2,2,2,5.368075653677806e-05,5.860152214154368e-06,0.9999405145645142
2966,0,2,2,5.270131168799708e-06,1.8181646737502888e-05,0.9999765157699585
2967,2,2,2,8.25629394967109e-05,0.0028871751856058836,0.9970301389694214
2968,1,2,2,0.0017500376561656594,0.0001175218349089846,0.9981324076652527
2970,2,2,2,1.352036917978694e-07,0.0002762484655249864,0.9997236132621765
2971,2,1,1,0.006432150490581989,0.9929652214050293,0.000602595042437315
2972,4,2,2,5.106082880956819e-06,0.00012683468230534345,0.9998680353164673
2974,3,1,1,8.717354830878321e-06,0.999961256980896,2.9988421374582686e-05
2975,0,1,1,0.03345845267176628,0.7363612055778503,0.2301802933216095
2976,2,1,1,1.3744402167503722e-05,0.9999853372573853,8.929944215196883e-07
2977,0,1,2,2.4530195332772564e-06,0.02205049619078636,0.9779470562934875
2978,4,2,2,0.00015111455286387354,3.612206637626514e-05,0.9998127818107605
2979,1,1,2,0.07644124329090118,0.12914162874221802,0.7944172024726868
2980,4,2,2,8.435001745965565e-07,5.045904458711448e-07,0.9999986886978149
2982,1,1,2,2.5058902792807203e-06,8.964705193648115e-05,0.9999078512191772
2983,3,1,1,0.0016871703555807471,0.998143196105957,0.00016957819752860814
2984,2,2,2,0.00011784608068410307,0.00014348069089464843,0.9997386336326599
2985,1,1,0,0.7829397320747375,0.07452096790075302,0.14253933727741241
2986,3,2,2,6.478617433458567e-05,3.693034886964597e-05,0.9998981952667236
2987,0,2,1,0.00042352607124485075,0.9823682904243469,0.017208188772201538
2988,3,2,2,0.0001454876473871991,5.640240487991832e-05,0.9997981190681458
2989,4,1,1,1.670977439971466e-06,0.9999973773956299,8.991109439193679e-07
2991,2,2,2,4.9697122449288145e-05,0.003233651863411069,0.9967166781425476
2992,2,1,1,1.3695974303118419e-05,0.9999842643737793,2.074864596579573e-06
2993,3,2,2,0.0005921419942751527,0.0005182071472518146,0.9988896250724792
2994,3,1,1,5.767467519035563e-05,0.99989914894104,4.321446976973675e-05
2995,3,2,2,2.9012328468525084e-06,3.7966085528751137e-06,0.9999933242797852
2997,4,1,1,3.393859151401557e-05,0.999951958656311,1.4055561223358382e-05
2999,2,1,1,2.394236389591242e-06,0.9999966621398926,1.0028453516497393e-06
3000,4,1,1,5.816194743601955e-07,0.9999991655349731,1.968789860029574e-07
3001,2,1,2,0.031833045184612274,0.007137434557080269,0.961029589176178
3002,0,1,1,0.0013842169428244233,0.9985313415527344,8.437843644060194e-05
3003,1,1,1,0.0021422363352030516,0.8764851689338684,0.12137258797883987
3004,2,1,1,9.188010352545462e-08,0.9999850988388062,1.4820504475210328e-05
3006,3,1,1,0.0746610090136528,0.9107252359390259,0.014613770879805088
3007,1,1,1,1.6643357980683504e-07,0.999998927116394,8.499441719322931e-07
3008,1,2,2,1.2727507055387832e-05,5.428489748737775e-05,0.9999330043792725
3010,3,1,1,0.050458841025829315,0.9424844980239868,0.007056654430925846
3011,0,1,1,0.012791970744729042,0.9864978790283203,0.00071016262518242
3012,3,1,1,0.029935210943222046,0.9688271284103394,0.001237675896845758
3014,0,1,1,0.002416812814772129,0.9975563287734985,2.688821950869169e-05
3015,1,1,1,0.0012601239141076803,0.9981390237808228,0.0006008936907164752
3016,3,1,1,0.004521074704825878,0.9952157735824585,0.000263135734712705
3019,1,1,1,0.0027631621342152357,0.995893120765686,0.0013437262969091535
3020,4,1,1,0.006580294109880924,0.9904160499572754,0.0030036240350455046
3022,1,1,1,1.518937438049761e-07,0.9999990463256836,7.596215141347784e-07
3023,1,1,1,0.038876138627529144,0.9569634795188904,0.0041603874415159225
3024,4,1,1,0.010115135461091995,0.9780141115188599,0.011870728805661201
3025,0,1,1,0.00023271713871508837,0.9994599223136902,0.0003074084816034883
3029,3,1,1,1.3652285815624055e-05,0.9996961355209351,0.00029026868287473917
3030,4,1,1,0.001572214881889522,0.9157500267028809,0.08267775923013687
3032,2,1,1,0.06553412228822708,0.9283252954483032,0.006140649318695068
3033,2,1,1,0.0009709448786452413,0.9989436268806458,8.54250174597837e-05
3034,0,1,1,0.007511335425078869,0.9914348721504211,0.0010537882335484028
3035,1,1,1,0.00034165725810453296,0.999542236328125,0.000116120652819518
3036,4,1,1,8.859045919962227e-05,0.9981813430786133,0.0017301421612501144
3037,0,1,0,0.8269640803337097,0.14135432243347168,0.03168150410056114
3038,4,1,1,0.008730689063668251,0.990659773349762,0.0006094608106650412
3040,0,1,1,0.0018497563432902098,0.997586727142334,0.0005635039997287095
3041,2,1,1,0.2469254732131958,0.7049598097801208,0.04811472073197365
3042,4,1,1,8.859045919962227e-05,0.9981813430786133,0.0017301421612501144
3045,0,1,1,0.04494078457355499,0.9508825540542603,0.004176657181233168
3049,1,1,1,0.0003612979780882597,0.9995027780532837,0.00013595595373772085
3050,1,1,0,0.8071731328964233,0.15222978591918945,0.040597058832645416
3051,2,1,1,0.05737279728055,0.9204525947570801,0.02217465080320835
3052,0,1,1,0.06163225322961807,0.9186055660247803,0.019762186333537102
3054,0,1,1,0.005014441441744566,0.9893669486045837,0.005618631839752197
3055,4,1,2,0.020631950348615646,0.36409395933151245,0.6152740716934204
3056,1,1,1,2.075405791401863e-05,0.9999555349349976,2.3739317839499563e-05
3057,1,1,1,2.075405791401863e-05,0.9999555349349976,2.3739317839499563e-05
3058,0,1,1,0.000857897917740047,0.9991274476051331,1.4668213225377258e-05
3059,2,1,1,0.0002867954026442021,0.99937903881073,0.00033411008189432323
3060,0,1,1,0.005741790868341923,0.9883142709732056,0.005943909753113985
3061,0,1,2,1.008639628707897e-06,0.0007973146857693791,0.9992017149925232
3063,0,1,1,9.610796951164957e-06,0.9999650716781616,2.5283028662670404e-05
3064,3,1,1,4.304212416172959e-05,0.9999074935913086,4.939724021824077e-05
3065,4,1,1,0.17364846169948578,0.6556624174118042,0.17068910598754883
3066,4,1,1,0.020394982770085335,0.6078185439109802,0.3717864751815796
3067,4,1,1,0.00189979188144207,0.9957530498504639,0.0023471706081181765
3068,4,1,1,0.001362997223623097,0.9979541301727295,0.0006828775512985885
3070,4,1,1,5.681908632482191e-08,0.9999998807907104,4.1501280634292925e-08
3071,3,1,1,0.009293470531702042,0.9880793690681458,0.002627226058393717
3072,1,1,1,0.0021422363352030516,0.8764851689338684,0.12137258797883987
3073,3,1,0,0.7829193472862244,0.10613282024860382,0.11094782501459122
3074,1,1,0,0.404354989528656,0.28614282608032227,0.30950215458869934
3075,0,1,1,0.009248195216059685,0.9870374202728271,0.0037143819499760866
3076,0,1,1,0.033462245017290115,0.9592627882957458,0.007275022566318512
3077,4,1,1,0.08106492459774017,0.8623346090316772,0.05660048872232437
3078,0,1,2,0.07794037461280823,0.10877031087875366,0.8132892847061157
3079,1,1,1,0.0022790131624788046,0.996673583984375,0.001047360128723085
3080,1,1,1,0.020114488899707794,0.9676169157028198,0.012268555350601673
3081,2,1,1,0.00020053329353686422,0.9986979961395264,0.0011014164192602038
3083,3,1,1,0.0010780267184600234,0.9987672567367554,0.00015469855861738324
3084,3,1,1,0.4784471392631531,0.49075421690940857,0.03079863078892231
3085,4,1,0,0.4858402907848358,0.32625165581703186,0.18790802359580994
3086,0,1,1,0.03212703391909599,0.6839591860771179,0.283913791179657
3087,1,1,1,0.005006563384085894,0.9900510907173157,0.004942281171679497
3088,2,1,1,0.2793070375919342,0.6659942865371704,0.054698649793863297
3089,1,1,1,0.27761659026145935,0.6857395172119141,0.036643922328948975
3090,4,1,0,0.48407119512557983,0.371097207069397,0.14483164250850677
3092,0,1,1,0.1771325320005417,0.8017547130584717,0.021112728863954544
3093,3,1,1,0.07006002962589264,0.902350664138794,0.027589330449700356
3094,3,1,1,0.07705476135015488,0.5093966722488403,0.4135485589504242
3095,3,1,0,0.8917352557182312,0.09397397190332413,0.014290756545960903
3096,2,1,0,0.7374507784843445,0.05933624878525734,0.20321300625801086
3097,4,1,0,0.7719396948814392,0.017836812883615494,0.2102234661579132
3098,4,1,2,0.04846598953008652,0.2829039990901947,0.668630063533783
3099,2,1,1,0.030297493562102318,0.9676737785339355,0.0020287237130105495
3100,4,1,1,2.5216109861503355e-05,0.999962329864502,1.2446931577869691e-05
3101,4,1,1,7.857820492063183e-06,0.9999868869781494,5.25893392477883e-06
3102,1,1,1,0.012166690081357956,0.9834603667259216,0.004372906405478716
3105,3,1,2,1.5807574527570978e-05,7.66423181630671e-05,0.9999074935913086
3106,4,1,1,0.08972472697496414,0.891383707523346,0.018891533836722374
3108,0,1,1,1.0492242836335208e-05,0.9999579191207886,3.1590268918080255e-05
3109,3,1,1,0.006511431187391281,0.9928846955299377,0.0006038128049112856
3112,2,1,2,0.482587069272995,0.0124012790620327,0.5050116181373596
3113,3,1,1,0.25370559096336365,0.6858018040657043,0.06049265339970589
3115,2,1,0,0.6551961302757263,0.11411135643720627,0.23069243133068085
3116,3,1,1,0.009088978171348572,0.9635601043701172,0.027350857853889465
3117,4,1,1,0.08832328766584396,0.7711601853370667,0.14051654934883118
3118,4,1,1,0.12029273808002472,0.868825376033783,0.010881917551159859
3119,4,1,1,0.0018162571359425783,0.9975530505180359,0.0006307332660071552
3120,3,1,1,0.01261985395103693,0.8061612248420715,0.1812189370393753
3121,4,1,1,0.049060143530368805,0.5841227173805237,0.3668171465396881
3122,3,1,1,0.009192867204546928,0.9885739088058472,0.002233213046565652
3123,2,1,0,0.6267271041870117,0.33259034156799316,0.04068252444267273
3124,0,1,1,0.007539764512330294,0.9923710823059082,8.919648098526523e-05
3126,1,1,1,3.0458335459115915e-05,0.9999637603759766,5.824595518788556e-06
3127,0,1,1,5.266919106361456e-05,0.999947190284729,1.8943556767681002e-07
3129,4,1,1,0.00189979188144207,0.9957530498504639,0.0023471706081181765
3130,4,1,1,0.001362997223623097,0.9979541301727295,0.0006828775512985885
3132,3,1,0,0.7829193472862244,0.10613282024860382,0.11094782501459122
3133,1,1,1,0.005006563384085894,0.9900510907173157,0.004942281171679497
3134,1,1,1,0.005006563384085894,0.9900510907173157,0.004942281171679497
3135,2,1,1,0.0007734033279120922,0.998420238494873,0.0008063310524448752
3136,4,1,1,0.08972472697496414,0.891383707523346,0.018891533836722374
3137,4,1,1,0.3373975157737732,0.599490225315094,0.0631122887134552
3138,3,1,1,0.032264091074466705,0.7824510931968689,0.18528476357460022
3139,3,1,1,0.006511431187391281,0.9928846955299377,0.0006038128049112856
3141,3,1,1,0.153257817029953,0.7660160660743713,0.08072617650032043
3142,2,1,0,0.4437495172023773,0.1385183036327362,0.41773220896720886
3143,1,1,1,1.3311068869370501e-05,0.9999854564666748,1.2734033134620404e-06
3144,0,1,1,0.14752575755119324,0.828503429889679,0.023970842361450195
3145,0,1,1,0.017927395179867744,0.9748243093490601,0.0072482554242014885
3146,4,1,1,0.08520680665969849,0.9012042880058289,0.013588831759989262
3147,3,1,1,0.014048886485397816,0.9802906513214111,0.005660399794578552
3148,2,1,1,0.03417884185910225,0.9312803149223328,0.0345408171415329
3149,3,1,0,0.4335888624191284,0.40309759974479675,0.1633135825395584
3150,4,1,1,0.005868133157491684,0.9934015870094299,0.0007303026504814625
3151,2,1,1,0.004433125723153353,0.9829712510108948,0.012595603242516518
3152,3,1,1,1.4206077594280941e-06,0.9999983310699463,2.1805242056416319e-07
3153,1,1,1,7.505010580644011e-05,0.9998949766159058,2.99671391985612e-05
3154,1,1,1,0.0020674336701631546,0.9972565770149231,0.000675962888635695
3155,3,1,0,0.5718700289726257,0.2591278553009033,0.16900214552879333
3156,0,1,1,0.11608996987342834,0.8774441480636597,0.006465910468250513
3157,4,1,0,0.5756146311759949,0.3712136745452881,0.05317165330052376
3160,3,2,2,0.0001763086038408801,2.5310462660854682e-05,0.9997984766960144
3161,4,2,2,9.98657378659118e-06,3.7740584957646206e-05,0.9999521970748901
3162,4,2,2,0.0001520659716334194,8.843332761898637e-05,0.9997594952583313
3163,4,2,2,0.0037751926574856043,0.0036913417279720306,0.9925334453582764
3164,1,2,2,0.058025289326906204,0.019610637798905373,0.9223639965057373
3165,3,2,2,6.415642019419465e-06,2.7028320346289547e-06,0.9999908208847046
3166,1,2,2,7.583255978715897e-08,4.545454430626705e-06,0.9999953508377075
3167,0,1,1,4.358374212642957e-07,0.9999995231628418,5.4507246716184454e-08
3168,3,2,2,7.56565568735823e-05,3.6041623388882726e-05,0.9998883008956909
3169,1,2,2,2.4745137125137262e-05,6.2144658841134515e-06,0.9999690055847168
3171,2,1,1,0.011010217480361462,0.9882237911224365,0.0007659211405552924
3172,0,1,1,0.20046404004096985,0.7028958797454834,0.09664011001586914
3173,4,1,1,0.11873825639486313,0.8769547343254089,0.0043069845996797085
3176,1,2,2,9.591016123522422e-07,1.1900562640221324e-05,0.9999871253967285
3177,2,2,2,5.295831215335056e-06,1.6154954209923744e-05,0.9999785423278809
3178,3,2,2,4.9397049224353395e-06,3.2629659472149797e-06,0.9999918937683105
3180,1,2,2,6.356205994961783e-05,2.834110546245938e-06,0.9999336004257202
3181,3,2,2,5.545233943848871e-05,1.5978255760273896e-05,0.9999285936355591
3182,2,2,2,4.6944052883191034e-05,1.3434889297059271e-05,0.9999395608901978
3183,4,2,2,0.001824356964789331,0.0009913424728438258,0.9971843361854553
3185,3,1,0,0.5881851315498352,0.24867138266563416,0.16314345598220825
3187,3,2,2,2.4748042051214725e-06,1.0763965292426292e-06,0.9999964237213135
3188,1,2,2,1.3230199328972958e-05,1.2049904398736544e-06,0.9999855756759644
3189,3,2,2,3.366744931554422e-05,1.9030239855055697e-05,0.9999473094940186
3190,3,2,2,0.0006090464885346591,6.032614328432828e-05,0.9993307590484619
3191,0,2,2,1.7212674663369398e-07,9.058444447873626e-06,0.9999908208847046
3192,4,2,2,0.0002500547852832824,0.0007151353056542575,0.9990347623825073
3193,0,2,2,5.508515459951013e-05,6.800312257837504e-05,0.999876856803894
3194,2,2,2,2.0429850337677635e-05,0.00014751902199350297,0.999832034111023
3195,4,2,2,0.00015665461251046509,1.2315131243667565e-05,0.9998310804367065
3197,4,1,1,0.00045303552178665996,0.9993917942047119,0.00015521097520831972
3199,1,2,2,8.04451119620353e-05,0.001109833363443613,0.9988096952438354
3200,1,2,2,1.913388132379623e-06,2.4039463824010454e-06,0.9999957084655762
3201,4,2,2,6.312161815458239e-08,0.0004684220184572041,0.9995315074920654
3202,1,2,2,2.1614703200611984e-06,7.664824806852266e-06,0.9999902248382568
3203,1,2,2,2.6426468480167387e-07,0.0001885203819256276,0.9998112320899963
3205,1,2,2,4.010795237263665e-06,4.7170527977868915e-05,0.9999487400054932
3206,3,2,2,8.00658090156503e-05,2.437962575640995e-05,0.999895453453064
3207,4,1,1,0.04129911586642265,0.9407953023910522,0.017905542626976967
3208,1,1,0,0.5092472434043884,0.025086509063839912,0.4656662344932556
3209,3,1,0,0.6083500981330872,0.23860013484954834,0.15304973721504211
3210,3,1,2,0.3355875313282013,0.09118485450744629,0.5732276439666748
3211,0,1,1,0.07956025004386902,0.9059047102928162,0.014534998685121536
3212,3,1,1,0.18661896884441376,0.6707926392555237,0.14258836209774017
3216,4,1,1,8.522649181941233e-07,0.9999991655349731,3.500105449916191e-08
3217,2,1,1,0.007875735871493816,0.9905385971069336,0.0015856765676289797
3219,1,1,1,0.0562959723174572,0.9151727557182312,0.028531301766633987
3220,1,1,0,0.6597225666046143,0.0571068599820137,0.283170610666275
3221,3,1,1,0.4365442097187042,0.5345770120620728,0.02887880429625511
3222,2,1,0,0.6564280986785889,0.009910618886351585,0.3336612582206726
3223,3,1,1,0.44338253140449524,0.5045458674430847,0.052071601152420044
3224,4,1,1,0.01706131547689438,0.9813438653945923,0.0015947857173159719
3225,2,1,1,0.11466577649116516,0.8756559491157532,0.009678254835307598
3226,3,1,0,0.7106886506080627,0.07835507392883301,0.2109561711549759
3228,2,1,1,0.00011520830594236031,0.99985671043396,2.801540722430218e-05
3229,1,1,1,0.13927870988845825,0.8568593859672546,0.003861927893012762
3230,4,1,0,0.49912962317466736,0.12607255578041077,0.3747977316379547
3231,0,1,1,0.00034569791750982404,0.9992198944091797,0.00043436241685412824
3233,3,1,1,0.3481539189815521,0.6037298440933228,0.04811625927686691
3234,2,1,2,0.25677770376205444,0.2593749165534973,0.48384732007980347
3235,1,1,1,0.0071244016289711,0.9918376803398132,0.0010379753075540066
3236,1,1,0,0.669497549533844,0.011884262785315514,0.31861820816993713
3238,3,1,2,0.22523654997348785,0.28831571340560913,0.4864477217197418
3239,0,1,0,0.4060593843460083,0.35866254568099976,0.23527805507183075
3240,4,1,1,0.1506054848432541,0.844105064868927,0.00528948288410902
3241,0,1,1,0.004642806947231293,0.9939097166061401,0.001447431743144989
3242,0,1,1,0.007451880723237991,0.9882453680038452,0.004302711226046085
3243,3,1,2,0.27983221411705017,0.009599955752491951,0.710567831993103
3244,3,1,1,0.00603052182123065,0.9918169379234314,0.0021526082418859005
3246,3,1,1,0.31740549206733704,0.627032995223999,0.05556148663163185
3247,2,1,1,0.01769340969622135,0.9789902567863464,0.0033163102343678474
3248,4,1,1,0.005868133157491684,0.9934015870094299,0.0007303026504814625
3249,3,1,1,0.23270191252231598,0.7430639266967773,0.024234114214777946
3250,0,1,1,0.008425669744610786,0.9904984831809998,0.0010758040007203817
3251,3,1,1,0.03821362927556038,0.9606149792671204,0.0011714169522747397
3252,3,1,1,0.0894487127661705,0.90633225440979,0.004219038411974907
3253,1,1,1,1.7265969290747307e-05,0.9999752044677734,7.559478035545908e-06
3255,4,1,1,0.0003920919552911073,0.9995456337928772,6.220914656296372e-05
3259,3,1,1,2.1459456434058666e-07,0.9999997615814209,1.1818706902033682e-08
3261,0,1,1,0.010290935635566711,0.9561246037483215,0.03358450159430504
3263,4,1,1,0.002836900530382991,0.9967337846755981,0.00042934174416586757
3264,3,1,1,3.184444722137414e-05,0.9999532699584961,1.4897688743076287e-05
3265,0,1,2,2.9116306905052625e-05,0.009517204016447067,0.9904536008834839
3266,2,1,0,0.7653135657310486,0.19302421808242798,0.04166223481297493
3267,4,1,1,8.442845137324184e-05,0.9998599290847778,5.56312661501579e-05
3268,1,1,1,0.14002326130867004,0.815933108329773,0.0440436452627182
3271,4,1,0,0.6453108787536621,0.22625404596328735,0.12843507528305054
3273,4,1,1,0.000365302839782089,0.9994103908538818,0.00022433095728047192
3274,4,1,1,0.00016579768271185458,0.9997197985649109,0.00011437710782047361
3275,3,1,1,0.09769731760025024,0.8651254773139954,0.03717720881104469
3276,0,1,1,0.0021546422503888607,0.9971287846565247,0.0007166264695115387
3277,2,1,2,0.005565662402659655,0.001463928259909153,0.9929704070091248
3278,0,1,1,0.014607490971684456,0.9846662282943726,0.000726329511962831
3279,3,1,1,0.0026520772371441126,0.9963873624801636,0.0009605836821720004
3280,1,1,1,0.14426997303962708,0.8066064715385437,0.04912358149886131
3281,2,1,0,0.8516358733177185,0.05256519839167595,0.09579898416996002
3282,4,1,1,0.008136975578963757,0.9911461472511292,0.0007168679148890078
3283,1,1,0,0.6735521554946899,0.21640118956565857,0.11004665493965149
3284,0,1,1,0.30066680908203125,0.5672987699508667,0.13203440606594086
3285,1,1,1,0.004212348721921444,0.9917381405830383,0.004049479961395264
3286,4,1,1,5.313006477081217e-05,0.9998589754104614,8.78905484569259e-05
3287,4,1,1,0.06355256587266922,0.9304102063179016,0.006037198938429356
3288,3,1,0,0.4338948428630829,0.41561493277549744,0.15049025416374207
3289,1,1,1,0.022396739572286606,0.9384863972663879,0.039116885513067245
3290,4,1,1,0.3365192711353302,0.6191036701202393,0.04437701404094696
3291,1,1,0,0.855817437171936,0.09933240711688995,0.04485014081001282
3292,0,1,0,0.6819972395896912,0.11801934242248535,0.1999834179878235
3293,2,1,0,0.9443244934082031,0.010369262658059597,0.04530627653002739
3294,4,1,1,0.2640756666660309,0.5789108276367188,0.15701347589492798
3295,2,1,2,0.13363885879516602,0.21207916736602783,0.6542819738388062
3296,4,1,1,0.08506257086992264,0.9074583053588867,0.007479180581867695
3297,3,1,0,0.46917665004730225,0.18759042024612427,0.34323301911354065
3298,1,1,2,0.2744408845901489,0.02882996015250683,0.6967291831970215
3299,2,1,1,0.05874150991439819,0.9326269030570984,0.008631568402051926
3300,2,1,1,7.936477231851313e-06,0.999987006187439,5.0436110541340895e-06
3301,4,1,1,0.062269579619169235,0.9118499159812927,0.025880521163344383
3302,3,1,1,0.31127649545669556,0.5159680843353271,0.1727554053068161
3304,0,1,1,0.00030827714363113046,0.9972737431526184,0.0024179487954825163
3305,1,1,1,0.0002195034467149526,0.9995378255844116,0.00024273680173791945
3306,0,1,0,0.8882945775985718,0.06759808957576752,0.04410737007856369
3307,1,1,1,0.0066598509438335896,0.9892455339431763,0.004094591364264488
3308,4,1,0,0.8671755790710449,0.026338687166571617,0.10648573189973831
3309,2,1,1,0.2232995480298996,0.69113689661026,0.08556351810693741
3310,2,1,1,0.0005553783848881721,0.9993127584457397,0.00013188726734369993
3311,2,1,0,0.6771324872970581,0.2645088732242584,0.05835863947868347
3312,1,1,0,0.49571579694747925,0.4511759579181671,0.053108200430870056
3313,0,1,1,0.030091971158981323,0.968900740146637,0.0010072941659018397
3315,0,1,1,0.010912326164543629,0.9857586622238159,0.0033289999701082706
3317,0,1,1,0.002817434025928378,0.9929694533348083,0.004213110543787479
3318,0,1,0,0.653923749923706,0.041188329458236694,0.3048878610134125
3320,4,1,0,0.5377194285392761,0.3349335789680481,0.12734702229499817
3321,2,1,0,0.8440238833427429,0.051914192736148834,0.10406200587749481
3322,4,1,1,0.28946974873542786,0.6623145341873169,0.048215776681900024
3323,1,1,0,0.7257527709007263,0.23178911209106445,0.042458098381757736
3326,0,1,1,0.08753523975610733,0.8002288937568665,0.112235888838768
3329,1,1,1,0.0013047114480286837,0.9958266615867615,0.0028686262667179108
3330,2,1,1,1.3430119906843174e-05,0.9999793767929077,7.250446287798695e-06
3331,2,1,1,0.15774938464164734,0.7960595488548279,0.046191129833459854
3332,4,1,1,1.3579530389051797e-07,0.9999974966049194,2.3843060716899345e-06
3333,0,1,1,0.003174323122948408,0.996709942817688,0.00011574723612284288
3334,4,1,1,0.05635874345898628,0.6716032028198242,0.272038072347641
3335,2,1,0,0.6488481760025024,0.1039746105670929,0.24717719852924347
3336,4,1,0,0.8880388736724854,0.005698215216398239,0.10626283288002014
3337,3,1,1,0.04726848751306534,0.6964031457901001,0.256328284740448
3338,0,1,1,0.022121910005807877,0.9744169116020203,0.0034611616283655167
3339,0,1,1,0.007683098781853914,0.521254301071167,0.471062570810318
3340,4,1,1,1.3848525881599016e-08,1.0,6.745355385362473e-10
3342,4,1,2,0.23308148980140686,0.011683845892548561,0.7552346587181091
3346,2,1,0,0.8477442264556885,0.06461410224437714,0.0876416489481926
3348,0,1,0,0.6193593740463257,0.3222416043281555,0.05839906260371208
3353,3,1,1,0.21112531423568726,0.7634201645851135,0.025454532355070114
3354,4,1,0,0.6829708814620972,0.19340775907039642,0.12362140417098999
3355,2,1,1,0.00134777941275388,0.9983870983123779,0.00026516063371673226
3356,0,1,1,0.13122117519378662,0.6174352765083313,0.2513434886932373
3358,1,1,1,0.09530963748693466,0.8796095848083496,0.02508079819381237
3359,4,1,1,0.0015596563462167978,0.993301510810852,0.005138834938406944
3360,0,1,0,0.730157732963562,0.12234154343605042,0.147500678896904
3361,1,1,1,0.0012546791695058346,0.9985089898109436,0.0002362894592806697
3362,3,1,1,0.07915884256362915,0.9148494601249695,0.005991632584482431
3364,4,1,1,0.10831435024738312,0.8726676106452942,0.019018113613128662
3365,4,1,1,0.00042232443229295313,0.9822513461112976,0.01732635870575905
3366,2,1,1,0.0005161496228538454,0.998872697353363,0.0006110928952693939
3368,1,1,1,0.057220228016376495,0.9173870086669922,0.025392793118953705
3369,3,1,0,0.5212766528129578,0.18557484447956085,0.2931484878063202
3370,2,1,1,3.768509122892283e-05,0.9999607801437378,1.5084663118614117e-06
3371,2,1,1,7.263359293574467e-05,0.999921441078186,5.9251933635096066e-06
3372,0,1,1,3.3056276151910424e-05,0.999962568283081,4.314651505410438e-06
3373,2,1,1,8.39127733343048e-06,0.9999899864196777,1.666809566813754e-06
3374,0,1,1,0.00023271713871508837,0.9994599223136902,0.0003074084816034883
3375,2,1,1,2.9262411160857482e-08,1.0,2.779675822850436e-09
3377,3,1,1,0.13787351548671722,0.46058163046836853,0.4015448987483978
3378,4,1,0,0.41458696126937866,0.3819396197795868,0.20347338914871216
3379,3,1,1,1.3652285815624055e-05,0.9996961355209351,0.00029026868287473917
3380,2,1,1,0.06553410738706589,0.9283252954483032,0.0061406465247273445
3381,1,1,1,0.0003416577528696507,0.999542236328125,0.00011612087837420404
3385,4,1,1,0.21509689092636108,0.7094626426696777,0.07544045150279999
3386,4,1,1,0.024415718391537666,0.9549826979637146,0.02060156688094139
3387,0,1,0,0.6104768514633179,0.35646045207977295,0.033062644302845
3388,1,1,2,0.07876476645469666,0.3295985162258148,0.5916366577148438
3389,4,1,1,0.0022553838789463043,0.9975054860115051,0.00023911661992315203
3390,0,1,1,0.005014441441744566,0.9893669486045837,0.005618631839752197
3391,0,1,1,0.027959270402789116,0.9677735567092896,0.004267177078872919
3393,3,1,1,0.00036429186002351344,0.9996030926704407,3.2600069971522316e-05
3394,0,1,1,9.610788765712641e-06,0.9999650716781616,2.5283028662670404e-05
3395,4,1,1,0.001362997223623097,0.9979541301727295,0.0006828775512985885
3396,4,1,1,0.08106492459774017,0.8623346090316772,0.05660048872232437
3397,1,1,1,0.020114488899707794,0.9676169157028198,0.012268555350601673
3398,2,1,1,0.00020053329353686422,0.9986979961395264,0.0011014164192602038
3399,1,1,0,0.49510660767555237,0.3792693018913269,0.12562409043312073
3400,4,1,0,0.5295424461364746,0.3803991377353668,0.09005845338106155
3401,4,1,1,2.5216109861503355e-05,0.999962329864502,1.2446931577869691e-05
3402,4,1,1,7.857820492063183e-06,0.9999868869781494,5.25893392477883e-06
3403,1,1,1,8.305834171551396e-07,0.9999973773956299,1.7611712337384233e-06
3404,4,1,1,0.010115135461091995,0.9780141115188599,0.011870728805661201
3405,4,1,1,0.008730689063668251,0.990659773349762,0.0006094608106650412
3406,0,1,1,0.10328955203294754,0.8952507376670837,0.001459651393815875
3407,1,1,1,0.0021422349382191896,0.8764851689338684,0.12137256562709808
3408,1,1,1,0.0021422349382191896,0.8764851689338684,0.12137256562709808
3409,1,1,0,0.404354989528656,0.28614282608032227,0.30950215458869934
3410,0,1,1,0.03212703391909599,0.6839591860771179,0.283913791179657
3411,2,1,2,0.0005416931235231459,0.012079755775630474,0.9873785376548767
3414,3,1,2,0.00013458497414831072,0.0013614506460726261,0.9985039234161377
3415,3,1,2,0.00013458497414831072,0.0013614506460726261,0.9985039234161377
3416,4,1,1,0.0018162571359425783,0.9975530505180359,0.0006307332660071552
3417,0,1,1,4.358374212642957e-07,0.9999995231628418,5.4507246716184454e-08
3418,3,1,0,0.7231935858726501,0.02573573589324951,0.25107064843177795
3419,1,1,1,0.11586879193782806,0.771180272102356,0.11295096576213837
3420,0,1,2,9.250098628399428e-06,0.36344626545906067,0.6365444660186768
3421,0,1,1,0.00011714610445778817,0.9997978806495667,8.495836664224043e-05
3423,2,1,1,0.011010217480361462,0.9882237911224365,0.0007659211405552924
3424,0,1,1,0.20046404004096985,0.7028958797454834,0.09664011001586914
3425,2,1,1,0.0018996811704710126,0.997819185256958,0.00028113462030887604
3426,2,1,2,0.016945699229836464,0.0034579490311443806,0.9795962572097778
3427,3,1,1,0.16290852427482605,0.7993672490119934,0.03772420808672905
3428,1,1,0,0.833325207233429,0.1234007254242897,0.04327406361699104
3429,1,1,0,0.8246119022369385,0.1663518100976944,0.009036306291818619
3430,3,1,0,0.5881851315498352,0.24867138266563416,0.16314345598220825
3431,4,1,1,0.004873413126915693,0.9947965741157532,0.000330084643792361
3432,3,1,1,0.29007789492607117,0.6980272531509399,0.011894872412085533
3433,3,1,1,0.05377376452088356,0.9438274502754211,0.0023988550528883934
3435,3,1,1,0.0017011197051033378,0.9981288313865662,0.00017002527602016926
3436,1,1,1,0.001352724153548479,0.9985942244529724,5.3062758524902165e-05
3437,2,1,1,0.0733395665884018,0.7253128886222839,0.2013475000858307
3438,3,1,2,0.3355875015258789,0.09118487685918808,0.5732276439666748
3441,2,1,2,0.25677770376205444,0.2593749165534973,0.48384732007980347
3442,0,1,1,0.007451881654560566,0.9882454872131348,0.004302707966417074
3443,3,1,2,0.27983221411705017,0.009599955752491951,0.710567831993103
3445,4,1,1,0.24609410762786865,0.71722811460495,0.03667780011892319
3446,4,1,1,5.1440329116303474e-05,0.9999414682388306,7.056642971292604e-06
3447,3,1,1,0.017285026609897614,0.8823654651641846,0.10034949332475662
3448,2,1,1,0.07478919625282288,0.8914402723312378,0.03377050161361694
3450,1,1,1,0.00041076604975387454,0.9995447993278503,4.4399555918062106e-05
3451,0,1,2,2.9116306905052625e-05,0.009517204016447067,0.9904536008834839
3452,1,1,1,0.14002326130867004,0.815933108329773,0.0440436452627182
3453,4,1,0,0.6453108191490173,0.22625404596328735,0.12843507528305054
3454,3,1,1,0.09769731760025024,0.8651254773139954,0.03717720881104469
3456,4,1,0,0.7248348593711853,0.21082475781440735,0.06434040516614914
3457,1,1,1,0.14426997303962708,0.8066064715385437,0.04912358149886131
3458,1,1,2,0.00421266071498394,0.12218839675188065,0.8735990524291992
3459,3,1,0,0.7383646368980408,0.2294168472290039,0.03221855312585831
3460,1,1,0,0.6735521554946899,0.21640118956565857,0.11004665493965149
3461,0,1,1,0.30066677927970886,0.5672988295555115,0.13203439116477966
3462,1,1,1,0.022396739572286606,0.9384863972663879,0.039116885513067245
3463,0,1,0,0.6819972395896912,0.11801934242248535,0.1999834179878235
3465,2,1,2,0.13363885879516602,0.21207916736602783,0.6542819738388062
3466,4,1,1,0.08506257086992264,0.9074583053588867,0.007479180581867695
3467,3,1,0,0.46917665004730225,0.18759043514728546,0.3432329595088959
3468,1,1,0,0.574865460395813,0.4159277379512787,0.009206771850585938
3469,2,1,1,7.936477231851313e-06,0.999987006187439,5.0436110541340895e-06
3470,4,1,1,0.062269579619169235,0.9118499159812927,0.025880521163344383
3471,2,1,1,0.005005389917641878,0.994070827960968,0.000923820654861629
3473,0,1,1,0.00030827688169665635,0.9972737431526184,0.002417947631329298
3474,0,1,1,0.00030827688169665635,0.9972737431526184,0.002417947631329298
3475,0,1,1,0.030091971158981323,0.968900740146637,0.0010072935838252306
3476,0,1,1,0.010912320576608181,0.9857586622238159,0.0033289967104792595
3478,0,1,1,0.00281743542291224,0.9929694533348083,0.004213110543787479
3479,1,1,1,0.0013047114480286837,0.9958266615867615,0.0028686262667179108
3480,2,1,1,1.3430119906843174e-05,0.9999793767929077,7.250446287798695e-06
3481,2,1,1,0.15774938464164734,0.7960594892501831,0.04619113728404045
3482,1,1,1,9.650266292737797e-05,0.9996894598007202,0.00021410010231193155
3483,0,1,1,0.003174323122948408,0.996709942817688,0.00011574723612284288
3484,0,1,2,0.13204342126846313,0.19117523729801178,0.676781415939331
3485,2,1,0,0.6488482356071472,0.1039746031165123,0.24717719852924347
3486,4,1,0,0.8880388736724854,0.005698215216398239,0.10626283288002014
3487,3,1,1,0.04726849123835564,0.6964032053947449,0.256328284740448
3488,0,1,1,0.022121915593743324,0.9744169116020203,0.0034611651208251715
3489,0,1,1,0.007683098781853914,0.521254301071167,0.47106263041496277
3490,4,1,1,1.572655561332681e-09,1.0,9.193169003829382e-10
3491,2,1,1,1.88413457635761e-06,0.9999972581863403,8.958147645898862e-07
3492,4,1,2,0.23308148980140686,0.011683845892548561,0.7552346587181091
3493,4,1,1,0.00022884586360305548,0.9996383190155029,0.00013288053742144257
3494,1,1,0,0.9665175676345825,0.015593856573104858,0.01788857951760292
3497,2,1,0,0.8477442264556885,0.06461411714553833,0.0876416489481926
3498,4,1,1,0.3630361557006836,0.5462067723274231,0.09075706452131271
3499,0,1,1,0.0003377451212145388,0.9903303384780884,0.009331949055194855
3501,1,1,1,0.00021577824372798204,0.9718100428581238,0.027974143624305725
3502,3,1,0,0.7054316997528076,0.09477580338716507,0.19979248940944672
3503,3,1,1,0.21112529933452606,0.7634201645851135,0.025454532355070114
3504,4,1,1,0.001559654949232936,0.993301510810852,0.005138837732374668
3505,3,1,1,0.07915884256362915,0.9148494601249695,0.005991632584482431
3506,4,1,1,0.0006655033794231713,0.9989913105964661,0.00034319484257139266
3507,4,1,1,0.02825212851166725,0.9510580897331238,0.02068975195288658
3508,0,1,1,0.0005485366564244032,0.9989186525344849,0.000532842124812305
3510,0,1,1,0.002970327390357852,0.9913425445556641,0.005687130615115166
3511,2,1,1,6.070428753446322e-06,0.9999921321868896,1.8566486232884927e-06
3512,1,1,1,0.0003968384407926351,0.9995526671409607,5.048991442890838e-05
3513,2,1,1,0.004980415105819702,0.9917295575141907,0.0032899908255785704
3515,0,1,1,0.012715025804936886,0.9758082628250122,0.01147676445543766
3516,3,1,2,0.14995038509368896,0.007818072102963924,0.8422315120697021
3517,1,1,1,0.039919011294841766,0.9420519471168518,0.01802905835211277
3518,1,1,2,0.05492107942700386,0.03963663429021835,0.9054422378540039
3519,4,1,1,0.04973224923014641,0.932741641998291,0.017526166513562202
3520,4,1,0,0.6504246592521667,0.23597390949726105,0.11360141634941101
3521,2,1,1,0.1749514490365982,0.7949843406677246,0.030064167454838753
3522,3,1,1,0.0009164777584373951,0.9990099668502808,7.35438079573214e-05
3525,1,1,1,0.0621395967900753,0.5091356635093689,0.4287247359752655
3526,1,1,1,7.598647471240838e-07,0.9660594463348389,0.033939819782972336
3527,2,1,0,0.5506935715675354,0.14118801057338715,0.3081184923648834
3528,4,1,1,1.9130315820348187e-07,0.9999977350234985,2.0450693227758165e-06
3530,1,1,1,0.08697319775819778,0.8611063361167908,0.051920436322689056
3531,1,1,1,0.004393402021378279,0.9947651624679565,0.0008414541953243315
3533,3,1,1,0.44338250160217285,0.5045458674430847,0.05207158997654915
3534,4,1,1,0.017061322927474976,0.9813438653945923,0.0015947865322232246
3535,0,1,1,0.00034569791750982404,0.9992198944091797,0.0004343621840234846
3536,3,1,2,0.27983221411705017,0.009599955752491951,0.710567831993103
3538,1,1,1,0.00881400890648365,0.990646481513977,0.0005395450862124562
3539,1,1,1,0.00041076625348068774,0.9995447993278503,4.439959957380779e-05
3541,0,1,2,2.9116306905052625e-05,0.009517204016447067,0.9904536008834839
3542,4,1,0,0.6453108191490173,0.22625404596328735,0.12843507528305054
3543,0,1,0,0.48293712735176086,0.4295644462108612,0.08749843388795853
3544,4,1,1,2.288851192133734e-06,0.9999567270278931,4.103919491171837e-05
3545,4,1,1,0.14416244626045227,0.8422026038169861,0.013634997420012951
3546,3,1,1,0.2799423038959503,0.7113409042358398,0.00871679000556469
3547,1,1,1,0.022396745160222054,0.9384863972663879,0.03911689668893814
3549,0,1,0,0.6819972395896912,0.11801934242248535,0.1999834179878235
3550,0,1,0,0.5816469192504883,0.27946576476097107,0.1388874053955078
3552,3,1,0,0.7871344089508057,0.13146953284740448,0.08139610290527344
3554,2,1,0,0.5670495629310608,0.37420931458473206,0.05874117463827133
3555,0,1,1,0.04105858877301216,0.9528008103370667,0.006140630692243576
3557,4,1,1,0.4080328643321991,0.571789026260376,0.020178111270070076
3559,2,1,1,1.547021042824781e-06,0.999997615814209,8.91349600351532e-07
3560,4,1,1,0.08140896260738373,0.777207612991333,0.14138340950012207
3561,0,1,1,0.008456140756607056,0.9911455512046814,0.000398340227548033
3562,4,1,1,6.201701694408257e-07,0.9999982118606567,1.1675863333948655e-06
3563,4,1,1,7.255358696056646e-07,0.9999991655349731,7.751975772407604e-08
3564,3,1,1,0.00022937243920750916,0.9996163845062256,0.0001542529498692602
3565,3,1,2,4.16933253291063e-05,0.16206493973731995,0.8378934264183044
3566,0,1,1,0.0393659770488739,0.9122764468193054,0.048357583582401276
3567,4,1,1,6.644507720920956e-06,0.999982476234436,1.087571399693843e-05
3568,1,1,1,0.011174815706908703,0.9855158925056458,0.0033092694357037544
3569,0,1,1,0.00011569948401302099,0.9998691082000732,1.5199427252809983e-05
3570,1,1,1,0.005659387446939945,0.9820000529289246,0.012340490706264973
3571,3,1,1,0.018379133194684982,0.9336461424827576,0.04797470569610596
3572,1,1,0,0.6992257237434387,0.05395781993865967,0.24681642651557922
3573,3,1,1,0.0016614061314612627,0.9980018734931946,0.0003366644086781889
3574,2,1,0,0.5503129959106445,0.3773731589317322,0.0723138302564621
3575,0,1,1,0.003011969616636634,0.9941391944885254,0.002848813310265541
3576,1,1,1,1.1994698979833629e-05,0.9999727010726929,1.529924338683486e-05
3577,4,1,1,0.037883926182985306,0.9421710968017578,0.019944947212934494
3579,3,1,1,0.138657808303833,0.5907838344573975,0.2705584168434143
3580,3,1,1,3.3075990359066054e-05,0.9998406171798706,0.00012624506780412048
3581,1,1,1,0.0005070106708444655,0.9993621706962585,0.0001308313076151535
3582,4,1,1,0.39541390538215637,0.4756721556186676,0.12891393899917603
3583,4,1,1,0.005310762673616409,0.9937460422515869,0.0009431744692847133
3584,3,1,0,0.8434083461761475,0.07465612888336182,0.08193551748991013
3585,3,1,1,4.774109584104735e-06,0.9999943971633911,7.872575906731072e-07
3587,4,1,0,0.41749003529548645,0.26724162697792053,0.31526830792427063
3588,0,2,2,2.5217303800673108e-08,2.0836267822232912e-07,0.9999997615814209
3589,0,2,2,1.4382922017830424e-06,3.5079349345323863e-06,0.9999951124191284
3590,1,2,2,0.021041899919509888,0.0008612698875367641,0.9780967831611633
3591,3,2,2,0.0004514659522101283,9.071503154700622e-05,0.9994578957557678
3592,2,2,2,3.1684379564467235e-07,8.956811143434606e-06,0.999990701675415
3593,4,2,2,0.001990347169339657,0.0005309116095304489,0.9974787831306458
3594,0,2,2,7.52421897232125e-07,3.480752752693661e-08,0.9999992847442627
3595,3,2,2,4.6727669200663513e-07,1.2432899438863387e-06,0.9999983310699463
3596,0,2,2,1.1919340181520965e-07,8.71997599460883e-06,0.9999911785125732
3597,0,1,1,0.0033979760482907295,0.9949571490287781,0.0016448989044874907
3598,2,1,1,0.33901000022888184,0.44795334339141846,0.2130366712808609
3599,2,1,1,0.01100897416472435,0.7880232334136963,0.20096784830093384
3600,3,1,1,0.0006430777139030397,0.9990925788879395,0.00026441310183145106
3601,1,1,1,0.00016378074360545725,0.8627750873565674,0.13706111907958984
3602,0,1,1,0.0007657133974134922,0.9991569519042969,7.739359716651961e-05
3603,2,1,1,1.3588517504103947e-05,0.9844120144844055,0.015574440360069275
3604,0,1,0,0.6286802291870117,0.36344632506370544,0.007873423397541046
3605,4,1,1,0.23408688604831696,0.6691395044326782,0.09677357971668243
3608,2,1,1,0.06958425790071487,0.8482910990715027,0.08212466537952423
3610,4,1,1,2.3157920168159762e-06,0.9999721050262451,2.5553046725690365e-05
3611,0,1,0,0.434714674949646,0.15623566508293152,0.4090496897697449
3613,2,1,0,0.44770970940589905,0.24895720183849335,0.303333044052124
3614,0,1,0,0.4807227551937103,0.3979654014110565,0.12131179124116898
3617,2,1,1,1.6673494656060939e-06,0.9997321963310242,0.00026606512255966663
3618,0,1,0,0.7092634439468384,0.17539355158805847,0.11534301936626434
3619,0,1,1,8.017380605451763e-05,0.9998730421066284,4.672899376600981e-05
3620,2,1,1,0.00011391549924155697,0.9996449947357178,0.00024106873024720699
3621,4,1,1,0.001104637049138546,0.9980854988098145,0.0008098952821455896
3622,3,1,1,2.127366497006733e-05,0.9999531507492065,2.5629073206800967e-05
3623,3,1,1,0.000395867828046903,0.9995676875114441,3.645923061412759e-05
3626,2,1,1,0.00016960434732027352,0.7232347130775452,0.2765956521034241
3627,1,1,2,0.0066187139600515366,0.010609031654894352,0.9827722907066345
3633,2,1,1,6.104663043515757e-06,0.9999196529388428,7.419384201057255e-05
3634,2,1,2,0.00439741276204586,0.03733827546238899,0.9582642912864685
3635,4,1,1,0.10379907488822937,0.5904428958892822,0.305757999420166
3636,3,1,0,0.5833181738853455,0.3635494112968445,0.05313243344426155
3637,1,1,0,0.7396814227104187,0.16360227763652802,0.09671629965305328
3638,1,1,0,0.6163395643234253,0.3041633665561676,0.07949710637331009
3639,4,1,0,0.8485453128814697,0.0990900844335556,0.05236455425620079
3640,4,1,0,0.7765141725540161,0.1776156723499298,0.045870184898376465
3641,0,1,0,0.653923749923706,0.041188329458236694,0.30488789081573486
3644,2,1,1,1.4767906009183207e-08,0.9999998807907104,7.757749642678391e-08
3645,4,1,1,0.002769151469692588,0.9953722357749939,0.0018585937796160579
3646,1,1,1,0.1757902055978775,0.7826772332191467,0.04153252765536308
3650,4,1,1,0.002557255793362856,0.98664790391922,0.01079478394240141
3651,3,1,1,0.0010672006756067276,0.9987190961837769,0.00021374608331825584
3653,1,1,1,0.07652103155851364,0.6574780344963074,0.2660009264945984
3654,1,1,1,0.0019452770939096808,0.9976193308830261,0.0004353301483206451
3655,4,1,1,3.038947397726588e-05,0.9993981122970581,0.0005715235020034015
3656,3,1,1,0.0008542657014913857,0.9989450573921204,0.000200689843040891
3657,3,1,1,0.0008542657014913857,0.9989450573921204,0.000200689843040891
3658,2,1,1,0.0007975101470947266,0.9935199618339539,0.005682484246790409
3659,4,1,0,0.6570770740509033,0.07475370913743973,0.26816922426223755
3660,3,1,1,6.038759693183238e-06,0.999970555305481,2.3374053853331134e-05
3661,1,1,1,5.788824086749855e-09,1.0,2.2082740969153747e-08
3662,4,1,1,0.02982749231159687,0.9582011103630066,0.011971427127718925
3663,4,1,1,0.2523433566093445,0.7005698680877686,0.047086816281080246
3664,4,1,1,6.621329475819948e-07,0.9999990463256836,2.388058817359706e-07
3665,4,1,1,0.22692923247814178,0.677926778793335,0.09514401853084564
3666,3,1,1,0.25633400678634644,0.7301008701324463,0.01356514822691679
3667,4,1,0,0.7047415971755981,0.05028428137302399,0.24497412145137787
3668,0,1,2,0.002803498413413763,0.00025581425870768726,0.9969406127929688
3669,2,1,1,0.0001952661550603807,0.9994262456893921,0.0003784715663641691
3670,3,1,1,0.10325901210308075,0.886427104473114,0.010313876904547215
3672,2,1,1,0.037144824862480164,0.9594982266426086,0.003356952453032136
3673,1,1,1,0.2650531232357025,0.7075499892234802,0.027396896854043007
3674,3,1,1,0.0010672006756067276,0.9987190961837769,0.00021374608331825584
3676,1,1,1,0.07652103155851364,0.6574780344963074,0.2660009264945984
3677,1,1,1,0.0019452770939096808,0.9976193308830261,0.0004353301483206451
3678,4,1,1,3.038947397726588e-05,0.9993981122970581,0.0005715235020034015
3679,3,1,1,0.0008542657014913857,0.9989450573921204,0.000200689843040891
3680,0,1,2,1.1002146493410692e-05,0.011864418163895607,0.9881246089935303
3681,1,1,1,0.0002946933964267373,0.999687910079956,1.746665839164052e-05
3682,4,1,0,0.6570770740509033,0.07475370913743973,0.26816922426223755
3683,3,1,1,6.038759693183238e-06,0.999970555305481,2.3374053853331134e-05
3685,4,1,1,0.02982749231159687,0.9582011103630066,0.011971427127718925
3686,4,1,1,0.2523433566093445,0.7005698680877686,0.047086816281080246
3687,4,1,1,6.621329475819948e-07,0.9999990463256836,2.388058817359706e-07
3688,0,1,0,0.7092634439468384,0.17539355158805847,0.11534301936626434
3689,0,1,1,8.017380605451763e-05,0.9998730421066284,4.672899376600981e-05
3690,2,1,1,0.00011391549924155697,0.9996449947357178,0.00024106873024720699
3691,4,1,1,0.001104637049138546,0.9980854988098145,0.0008098952821455896
3692,3,1,1,2.127366497006733e-05,0.9999531507492065,2.5629073206800967e-05
3693,3,1,1,0.000395867828046903,0.9995676875114441,3.645923061412759e-05
3696,2,1,1,0.00016960434732027352,0.7232347130775452,0.2765956521034241
3697,1,1,2,0.0066187139600515366,0.010609031654894352,0.9827722907066345
3703,2,1,1,6.104663043515757e-06,0.9999196529388428,7.419384201057255e-05
3704,2,1,2,0.00439741276204586,0.03733827546238899,0.9582642912864685
3705,4,1,1,0.10379907488822937,0.5904428958892822,0.305757999420166
3706,3,1,0,0.5833181738853455,0.3635494112968445,0.05313243344426155
3707,1,1,0,0.7396814227104187,0.16360227763652802,0.09671629965305328
3708,1,1,0,0.6163395643234253,0.3041633665561676,0.07949710637331009
3709,4,1,0,0.8485453128814697,0.0990900844335556,0.05236455425620079
3710,4,1,0,0.7765141725540161,0.17761562764644623,0.04587017372250557
3711,0,1,0,0.653923749923706,0.041188329458236694,0.30488789081573486
3712,2,1,0,0.6488482356071472,0.1039746031165123,0.24717719852924347
3713,4,1,0,0.8880388736724854,0.005698215216398239,0.10626283288002014
3714,3,1,1,0.04726848751306534,0.6964031457901001,0.256328284740448
3715,0,1,1,0.022121915593743324,0.9744169116020203,0.0034611651208251715
3716,0,1,1,0.007683098781853914,0.521254301071167,0.47106263041496277
3717,2,1,1,7.108557298352025e-08,0.9999996423721313,2.480595640008687e-07
3718,2,1,1,1.88413457635761e-06,0.9999972581863403,8.958147645898862e-07
3719,4,1,2,0.23308148980140686,0.011683845892548561,0.7552346587181091
3720,4,1,1,0.00022884565987624228,0.9996383190155029,0.0001328804064542055
3721,1,1,0,0.9665175676345825,0.015593856573104858,0.01788857951760292
3724,2,1,0,0.8477442264556885,0.06461411714553833,0.0876416489481926
3726,0,1,1,0.0003377451212145388,0.9903303384780884,0.009331949055194855
3728,1,1,1,0.00021577824372798204,0.9718100428581238,0.027974143624305725
3729,3,1,0,0.7054316997528076,0.09477580338716507,0.19979248940944672
3730,3,1,1,0.21112531423568726,0.7634201645851135,0.025454532355070114
3731,4,1,1,0.0015596563462167978,0.993301510810852,0.005138834938406944
3732,3,1,1,0.07915884256362915,0.9148494601249695,0.005991632584482431
3733,4,1,1,0.0006655030301772058,0.9989913105964661,0.00034319472615607083
3734,4,1,1,0.028252143412828445,0.9510580897331238,0.020689761266112328
3737,0,1,1,0.002970327390357852,0.9913425445556641,0.005687130615115166
3738,2,1,1,6.070428753446322e-06,0.9999921321868896,1.8566486232884927e-06
3739,1,1,1,0.0003968384407926351,0.9995526671409607,5.048991442890838e-05
3740,2,1,1,0.004980415105819702,0.9917295575141907,0.0032899908255785704
3743,3,1,2,0.14995038509368896,0.007818072102963924,0.8422315120697021
3744,2,1,1,0.43234995007514954,0.46065273880958557,0.10699736326932907
3745,1,1,2,0.05492107942700386,0.03963663429021835,0.9054422378540039
3746,4,1,1,0.049732234328985214,0.932741641998291,0.017526159062981606
3747,4,1,0,0.6504246592521667,0.23597389459609985,0.1136014312505722
3748,2,1,1,0.1749514490365982,0.7949843406677246,0.030064167454838753
3749,3,1,1,0.0009164777584373951,0.9990099668502808,7.35438079573214e-05
3750,3,1,1,0.016594601795077324,0.9718347191810608,0.011570720002055168
3751,2,1,2,0.009898974560201168,0.009740227833390236,0.9803608059883118
3752,1,1,1,0.0621395967900753,0.5091356635093689,0.4287247359752655
3753,1,1,1,7.598647471240838e-07,0.9660594463348389,0.03393983468413353
3754,2,1,0,0.5506935715675354,0.14118801057338715,0.3081184923648834
3755,4,1,1,1.9130315820348187e-07,0.9999977350234985,2.0450693227758165e-06
3757,1,1,1,0.08697319775819778,0.8611063361167908,0.051920436322689056
3758,1,1,1,0.004393402021378279,0.9947651624679565,0.0008414541953243315
3760,3,1,1,0.44338253140449524,0.5045458674430847,0.052071601152420044
3761,4,1,1,0.01706131547689438,0.9813438653945923,0.0015947857173159719
3762,0,1,1,0.00034569791750982404,0.9992198944091797,0.0004343621840234846
3763,3,1,2,0.27983221411705017,0.009599955752491951,0.710567831993103
3765,0,1,1,0.051797863095998764,0.9470841288566589,0.0011180499568581581
3766,1,1,1,0.00041076625348068774,0.9995447993278503,4.439959957380779e-05
3767,3,1,1,3.184444722137414e-05,0.9999532699584961,1.4897688743076287e-05
3768,0,1,2,2.9116306905052625e-05,0.009517204016447067,0.9904536008834839
3769,4,1,0,0.6453108787536621,0.22625404596328735,0.12843507528305054
3770,0,1,0,0.48293712735176086,0.4295644462108612,0.08749843388795853
3771,4,1,1,2.2888489183969796e-06,0.9999567270278931,4.103919491171837e-05
3772,4,1,1,0.14416244626045227,0.8422026038169861,0.013634997420012951
3773,3,1,1,0.2799423336982727,0.7113408446311951,0.008716789074242115
3774,1,1,1,0.022396745160222054,0.9384863972663879,0.03911689668893814
3776,0,1,0,0.6819972395896912,0.11801934242248535,0.1999834179878235
3777,0,1,0,0.5816469192504883,0.27946576476097107,0.1388874053955078
3779,3,1,0,0.7871344089508057,0.13146954774856567,0.08139610290527344
3781,2,1,0,0.5670495629310608,0.37420931458473206,0.05874117463827133
3782,0,1,1,0.04105858877301216,0.9528008103370667,0.006140630692243576
3784,4,1,1,0.40803292393684387,0.5717889666557312,0.02017810009419918
3786,2,1,1,1.547021042824781e-06,0.999997615814209,8.91349600351532e-07
3787,4,1,1,0.08140896260738373,0.777207612991333,0.14138340950012207
3788,0,1,1,0.008456140756607056,0.9911455512046814,0.000398340227548033
3790,4,1,1,7.255358696056646e-07,0.9999991655349731,7.751975772407604e-08
3791,3,1,1,0.00022937222092878073,0.9996163845062256,0.00015425278979819268
3792,3,1,2,4.1693321691127494e-05,0.16206501424312592,0.8378933668136597
3793,0,1,1,0.0393659770488739,0.9122764468193054,0.048357583582401276
3794,4,1,1,6.644507720920956e-06,0.999982476234436,1.087571399693843e-05
3795,1,1,1,0.011174815706908703,0.9855158925056458,0.0033092694357037544
3796,0,1,1,0.00011569948401302099,0.9998691082000732,1.5199427252809983e-05
3797,1,1,1,0.005659387446939945,0.9820000529289246,0.012340490706264973
3798,3,1,1,0.018379131332039833,0.9336461424827576,0.04797470569610596
3799,1,1,0,0.6992257237434387,0.05395781993865967,0.24681642651557922
3800,3,1,1,0.0016614061314612627,0.9980018734931946,0.0003366644086781889
3801,2,1,0,0.5503129959106445,0.3773731589317322,0.0723138302564621
3803,1,1,1,1.1994698979833629e-05,0.9999727010726929,1.529924338683486e-05
3804,4,1,1,0.037883929908275604,0.9421710968017578,0.01994495280086994
3806,3,1,1,0.138657808303833,0.5907838344573975,0.2705584168434143
3807,3,1,1,3.3075990359066054e-05,0.9998406171798706,0.00012624506780412048
3808,1,1,1,0.0005070106708444655,0.9993621706962585,0.0001308313076151535
3809,4,1,1,0.39541393518447876,0.4756721556186676,0.12891393899917603
3810,4,1,1,0.005310762673616409,0.9937460422515869,0.0009431744692847133
3811,3,1,0,0.8434083461761475,0.07465612888336182,0.08193551748991013
3812,0,1,1,1.5599873677274445e-06,0.9999977350234985,7.088955271683517e-07
3815,1,1,0,0.6819714903831482,0.257389098405838,0.06063941866159439
3816,2,1,1,1.60116243819175e-07,0.9999997615814209,3.355552991024524e-08
3817,4,1,1,0.00025698117678985,0.9988480806350708,0.0008949377224780619
3818,3,1,1,0.05752771347761154,0.9260904788970947,0.016381800174713135
3819,0,1,1,4.183168016425043e-07,0.9999991655349731,4.591529716435616e-07
3821,1,1,1,5.424147730082041e-06,0.9999926090240479,1.9161595901096007e-06
3822,1,1,1,0.0016168855363503098,0.9983336329460144,4.946683475282043e-05
3823,0,1,1,3.1621362950318144e-07,0.9999948740005493,4.859056389250327e-06
3824,0,1,1,0.003397973021492362,0.9949571490287781,0.0016448997193947434
3825,2,1,1,0.33901000022888184,0.44795334339141846,0.2130366712808609
3826,2,1,1,0.01100897416472435,0.7880232334136963,0.20096784830093384
3827,3,1,1,1.4206077594280941e-06,0.9999983310699463,2.1805242056416319e-07
3828,1,1,1,7.505010580644011e-05,0.9998949766159058,2.9967166483402252e-05
3829,3,1,1,0.010273606516420841,0.989572286605835,0.00015412569337058812
3830,3,1,0,0.5718700289726257,0.2591278553009033,0.16900214552879333
3831,0,1,1,0.11608999222517014,0.8774441480636597,0.006465910468250513
3832,4,1,0,0.5756146311759949,0.3712136745452881,0.05317165330052376
3833,3,1,1,0.0103935357183218,0.9513463973999023,0.03826012462377548
3834,3,1,1,0.1125326007604599,0.8396995067596436,0.04776795580983162
3835,0,1,2,0.0775877982378006,0.1577415019273758,0.7646707892417908
3836,2,1,0,0.8920944929122925,0.047133028507232666,0.06077243760228157
3837,1,1,1,0.0033275962341576815,0.9921765923500061,0.004495838191360235
3839,1,1,1,0.33517077565193176,0.39438512921333313,0.2704440951347351
3840,1,1,0,0.8109951615333557,0.08639393746852875,0.10261094570159912
3841,1,1,0,0.8109951615333557,0.08639393746852875,0.10261094570159912
3842,0,1,1,4.358374212642957e-07,0.9999995231628418,5.4507246716184454e-08
3843,4,1,2,0.030331287533044815,0.2891698181629181,0.6804988980293274
3844,4,1,1,0.0920412465929985,0.8209686875343323,0.08699009567499161
3846,2,1,1,0.011010217480361462,0.9882237911224365,0.0007659211405552924
3847,0,1,1,0.20046404004096985,0.7028958797454834,0.09664011001586914
3848,4,1,1,0.11873825639486313,0.8769547343254089,0.0043069845996797085
3850,2,1,0,0.692837655544281,0.15896287560462952,0.14819951355457306
3851,0,1,1,0.0004955753684043884,0.9994982481002808,6.135275725682732e-06
3853,2,1,0,0.6212904453277588,0.27167394757270813,0.1070355772972107
3854,2,1,1,0.0018996811704710126,0.997819185256958,0.00028113432927057147
3855,3,1,1,0.16290852427482605,0.7993672490119934,0.03772420808672905
3856,1,1,1,0.003512308234348893,0.996159553527832,0.00032808826654218137
3858,1,1,0,0.833325207233429,0.1234007477760315,0.04327405244112015
3859,1,1,0,0.8246119022369385,0.1663518100976944,0.009036306291818619
3860,3,1,0,0.5881851315498352,0.24867138266563416,0.16314345598220825
3861,4,1,1,0.004873410798609257,0.9947965741157532,0.00033008435275405645
3862,3,1,1,0.29007789492607117,0.6980272531509399,0.011894872412085533
3864,0,1,1,0.006714472081512213,0.9885427951812744,0.004742738325148821
3865,0,1,1,0.11078125238418579,0.8594295382499695,0.029789268970489502
3866,2,1,1,0.3355403244495392,0.638560950756073,0.025898752734065056
3867,1,1,1,2.799993978896964e-07,0.9999978542327881,1.8308052176507772e-06
3868,3,1,1,0.10457190126180649,0.8732354640960693,0.022192643955349922
3869,3,1,2,0.0010904541704803705,0.006925990339368582,0.9919835925102234
3870,4,1,1,0.3436749577522278,0.6313596367835999,0.024965383112430573
3871,2,1,2,0.2565991282463074,0.33428293466567993,0.4091179370880127
3872,4,1,1,0.00045303552178665996,0.9993917942047119,0.00015521097520831972
3875,2,1,1,0.07333957403898239,0.7253130078315735,0.2013474553823471
3876,0,1,0,0.6756344437599182,0.22309811413288116,0.10126746445894241
3879,2,1,1,0.005993471015244722,0.9891345500946045,0.004871913697570562
3881,0,1,1,0.008359517902135849,0.9831966161727905,0.008443808183073997
3882,4,1,1,0.04129911586642265,0.9407953023910522,0.017905542626976967
3883,1,1,0,0.5092473030090332,0.02508651278913021,0.46566617488861084
3884,3,1,0,0.6083500981330872,0.23860013484954834,0.1530497819185257
3885,3,1,2,0.3355875015258789,0.09118487685918808,0.5732276439666748
3886,0,1,1,0.07956025004386902,0.9059047102928162,0.014534998685121536
3887,3,1,1,0.18661896884441376,0.6707926392555237,0.14258834719657898
3891,3,1,1,6.279176432144595e-07,0.9999983310699463,1.0600177802189137e-06
3892,2,1,1,0.007875735871493816,0.9905385971069336,0.0015856765676289797
3894,1,1,1,0.0562959723174572,0.9151727557182312,0.028531301766633987
3895,1,1,0,0.6597225666046143,0.0571068599820137,0.283170610666275
3896,3,1,1,0.43654412031173706,0.5345771312713623,0.028878772631287575
3897,2,1,0,0.6564280986785889,0.009910618886351585,0.3336612582206726
3898,3,1,1,0.44338250160217285,0.5045458674430847,0.05207158997654915
3899,0,1,1,0.02698294259607792,0.9700237512588501,0.002993316389620304
3900,3,1,1,0.054449815303087234,0.9223446249961853,0.023205557838082314
3901,3,1,0,0.7106886506080627,0.07835507392883301,0.2109561711549759
3902,4,1,1,0.00042758649215102196,0.9993658661842346,0.00020660451264120638
3903,2,1,1,0.00011520830594236031,0.99985671043396,2.801540722430218e-05
3904,1,1,1,0.13927872478961945,0.8568593263626099,0.0038619295228272676
3905,4,1,0,0.49912962317466736,0.12607255578041077,0.3747977316379547
3906,0,1,1,0.00034569791750982404,0.9992198944091797,0.00043436241685412824
3908,3,1,1,0.34815385937690735,0.6037298440933228,0.04811626300215721
3909,2,1,2,0.25677770376205444,0.2593749165534973,0.48384732007980347
3910,1,1,1,0.0071244016289711,0.9918376803398132,0.0010379753075540066
3911,1,1,0,0.6694976091384888,0.011884263716638088,0.31861820816993713
3913,3,1,2,0.22523650527000427,0.28831571340560913,0.4864477813243866
3914,0,1,0,0.4060593843460083,0.35866254568099976,0.23527805507183075
3915,4,1,1,0.1506054848432541,0.844105064868927,0.00528948288410902
3916,1,1,1,1.881210076604134e-09,1.0,7.097433307734491e-09
3917,0,1,1,0.007451880723237991,0.9882453680038452,0.004302711226046085
3918,3,1,2,0.27983221411705017,0.009599955752491951,0.710567831993103
3919,0,1,1,0.0003953032137360424,0.9985675811767578,0.0010370698291808367
3922,0,1,1,0.004425101913511753,0.994857907295227,0.0007170289172790945
3923,1,1,1,0.013718406669795513,0.9851725101470947,0.0011090378975495696
3924,4,1,1,0.048349276185035706,0.9441789388656616,0.007471751421689987
3925,4,1,1,0.004951048642396927,0.9917592406272888,0.0032896907068789005
3926,2,1,1,0.4498344361782074,0.5352423787117004,0.01492314226925373
3927,3,1,1,0.08944869041442871,0.90633225440979,0.004219038411974907
3929,1,1,1,0.027045074850320816,0.9713034629821777,0.0016514480812475085
3930,0,1,1,0.029723571613430977,0.9631861448287964,0.00709028635174036
3931,1,1,1,0.03117430955171585,0.9604732394218445,0.008352466858923435
3934,4,1,1,0.0006314351921901107,0.9979433417320251,0.0014251875691115856
3936,0,1,1,0.010290935635566711,0.9561246037483215,0.03358450159430504
3937,4,1,1,0.00026206037728115916,0.9996046423912048,0.00013337119889911264
3938,4,1,1,0.002836900530382991,0.9967337846755981,0.00042934174416586757
3939,3,1,1,3.184444722137414e-05,0.9999532699584961,1.4897688743076287e-05
3940,0,1,2,2.9116306905052625e-05,0.009517204016447067,0.9904536008834839
3941,2,1,0,0.7653135657310486,0.19302421808242798,0.04166223481297493
3942,3,1,1,0.0007710848585702479,0.998881995677948,0.00034686955041252077
3943,4,1,1,0.030576560646295547,0.9264235496520996,0.04299987107515335
3946,4,1,0,0.6453108787536621,0.22625404596328735,0.12843507528305054
3948,1,1,1,0.0030505370814353228,0.9960571527481079,0.0008922805427573621
3949,3,1,1,0.0008345587993972003,0.9982909560203552,0.0008744624792598188
3950,3,1,1,0.09769731760025024,0.8651254773139954,0.03717720881104469
3951,0,1,1,0.0021546422503888607,0.9971287846565247,0.0007166264695115387
3952,2,1,2,0.005565662402659655,0.001463928958401084,0.9929704070091248
3953,0,1,1,0.014607490971684456,0.9846662282943726,0.000726329511962831
3954,4,1,0,0.7248348593711853,0.21082472801208496,0.06434039026498795
3955,1,1,1,0.14426997303962708,0.8066064119338989,0.04912358522415161
3956,2,1,0,0.8516358733177185,0.05256519839167595,0.09579898416996002
3957,4,1,1,0.008136975578963757,0.9911461472511292,0.0007168679148890078
3958,1,1,0,0.6735521554946899,0.21640118956565857,0.11004665493965149
3959,0,1,1,0.30066680908203125,0.5672987699508667,0.13203440606594086
3960,1,1,1,0.004212348721921444,0.9917381405830383,0.004049479961395264
3961,4,1,1,5.313006477081217e-05,0.9998589754104614,8.78905484569259e-05
3962,4,1,1,0.06355256587266922,0.9304102063179016,0.006037198938429356
3963,3,1,0,0.4338948130607605,0.41561493277549744,0.15049023926258087
3964,1,1,1,0.022396745160222054,0.9384863972663879,0.03911689668893814
3965,4,1,1,0.3365192711353302,0.6191036701202393,0.04437701404094696
3966,1,1,0,0.855817437171936,0.09933240711688995,0.04485014081001282
3967,0,1,0,0.6819972395896912,0.11801934242248535,0.1999834179878235
3968,2,1,0,0.9443244934082031,0.010369262658059597,0.04530627653002739
3969,4,1,1,0.2640756666660309,0.5789108276367188,0.15701347589492798
3970,2,1,2,0.13363885879516602,0.21207916736602783,0.6542819738388062
3971,4,1,1,0.08506257086992264,0.9074583053588867,0.007479180581867695
3972,3,1,0,0.46917665004730225,0.18759043514728546,0.3432329595088959
3973,1,1,2,0.2744409441947937,0.028829967603087425,0.6967291831970215
3974,2,1,1,0.05874150991439819,0.9326269030570984,0.008631568402051926
3975,2,1,1,7.936477231851313e-06,0.999987006187439,5.0436110541340895e-06
3976,4,1,1,0.062269579619169235,0.9118499159812927,0.025880521163344383
3977,2,1,1,0.0034247166477143764,0.9964271187782288,0.0001481095387134701
3979,0,1,1,0.00030827714363113046,0.9972737431526184,0.0024179487954825163
3980,1,1,0,0.7888442873954773,0.07518129795789719,0.1359744668006897
3981,0,1,0,0.8882945775985718,0.06759808957576752,0.04410737007856369
3982,1,1,1,0.006659847684204578,0.9892455339431763,0.004094589501619339
3983,4,1,0,0.8671755790710449,0.026338687166571617,0.10648573189973831
3984,2,1,1,0.2232995480298996,0.69113689661026,0.08556351810693741
3985,2,1,1,0.0005553783848881721,0.9993127584457397,0.00013188726734369993
3986,2,1,0,0.6771324872970581,0.2645088732242584,0.05835863947868347
3987,1,1,0,0.49571579694747925,0.4511760175228119,0.05310821160674095
3988,4,2,2,8.3968728858963e-07,7.756108971079811e-06,0.9999914169311523
3989,0,2,2,7.31442341930233e-05,0.000148228500620462,0.9997785687446594
3990,1,2,2,1.692423757049255e-05,1.1451021237007808e-05,0.9999716281890869
3991,1,2,2,1.6439264527434716e-06,1.243750739376992e-05,0.999985933303833
3992,2,2,2,1.835778311942704e-05,5.446192517410964e-05,0.9999271631240845
3993,1,2,2,1.4344773546781653e-07,1.2653924841288244e-06,0.9999985694885254
3994,4,2,2,6.31285147392191e-05,0.0007780187879689038,0.9991588592529297
3995,4,2,0,0.5052181482315063,0.3661482334136963,0.12863358855247498
3996,0,2,2,1.1484316608800782e-08,3.399123443159624e-06,0.999996542930603
3997,1,2,2,0.0007022777572274208,0.0003241638478357345,0.9989736080169678
3999,1,2,2,3.992559140897356e-05,0.0018660839414224029,0.9980939030647278
4004,2,2,0,0.833937406539917,0.026383724063634872,0.13967883586883545
4005,4,2,2,5.0234833906870335e-05,2.817776294250507e-05,0.9999216794967651
4006,0,2,2,1.3708603319173562e-06,0.0001698938722256571,0.9998286962509155
4007,3,2,2,4.89710544115951e-07,8.096953024505638e-06,0.9999914169311523
4009,2,2,2,1.3419564311334398e-05,4.668965993914753e-05,0.9999397993087769
4010,0,2,2,2.8306387775955955e-06,2.7307171421853127e-06,0.9999943971633911
4011,1,2,2,9.082307883545582e-07,2.279310592712136e-06,0.9999967813491821
4012,2,2,2,6.52634262223728e-05,0.00011538739636307582,0.9998193383216858
4013,4,2,2,8.627684292150661e-05,4.2553238017717376e-05,0.9998711347579956
4014,1,2,2,1.279846060242562e-07,3.6275273487262893e-06,0.9999963045120239
4015,3,2,2,8.469587555737235e-06,1.948723365785554e-05,0.9999721050262451
4016,4,2,2,2.1302132154232822e-05,0.00013220169057603925,0.9998464584350586
4017,0,2,2,1.6091310328647523e-07,1.005878220894374e-05,0.9999898672103882
4018,4,2,2,6.578484317287803e-06,0.0001162504413514398,0.9998772144317627
4019,3,2,2,1.105696901504416e-05,2.964719897136092e-06,0.999985933303833
4020,4,2,2,0.00010748391650849953,8.22297515696846e-05,0.9998102784156799
4021,2,2,2,2.1666008251486346e-05,8.779839845374227e-05,0.9998904466629028
4024,4,2,2,4.924820314045064e-05,0.0005489935865625739,0.9994018077850342
4025,2,2,2,0.000218548986595124,0.00020972439961042255,0.9995717406272888
4026,3,2,2,3.973675120505504e-06,3.215780679965974e-06,0.999992847442627
4027,0,2,2,5.646676868309441e-07,5.867005711479578e-06,0.9999935626983643
4028,2,2,2,0.0018934860127046704,0.0003569906984921545,0.9977495074272156
4029,0,2,2,3.316372385597788e-07,1.8199671103502624e-06,0.9999978542327881
4030,3,2,2,4.823889412364224e-07,9.064239065992297e-07,0.9999985694885254
4031,0,2,2,3.2592069487691333e-07,2.628898130296875e-07,0.9999994039535522
4032,0,2,2,7.250461209196146e-08,2.8553057518365677e-07,0.9999996423721313
4033,0,2,2,1.8446028038354711e-09,3.779704684347962e-06,0.9999961853027344
4035,1,2,2,4.5683992766498704e-07,2.8981010018469533e-06,0.9999966621398926
4036,0,2,2,7.898525922200861e-08,5.85009615861054e-07,0.9999992847442627
4037,3,2,2,1.1114996141259326e-06,5.461939736051136e-07,0.9999983310699463
4038,1,2,2,1.4826623555563856e-05,1.1850319424411282e-05,0.9999734163284302
4039,0,2,2,1.2719755204670946e-07,8.16451631635573e-07,0.9999990463256836
4040,1,2,2,4.1302897102468705e-07,1.7149787936432404e-06,0.9999979734420776
4041,4,2,2,1.1727413948392496e-05,0.0004983487888239324,0.9994899034500122
4042,4,2,2,0.0034532039426267147,0.0011059994576498866,0.9954408407211304
4043,1,2,2,2.978424902266852e-07,5.630953637592029e-06,0.999994158744812
4044,0,2,2,4.301781686422146e-08,6.269106620493403e-07,0.9999994039535522
4045,0,2,2,1.8191340700468572e-07,4.061830907176045e-07,0.9999994039535522
4046,2,2,2,6.031468728906475e-05,0.00022596633061766624,0.9997137188911438
4047,1,2,2,4.748209903482348e-06,1.3349031178222504e-05,0.9999818801879883
4049,4,2,2,1.5895793694653548e-05,6.268767901929095e-05,0.999921441078186
4050,3,2,2,1.753109972923994e-05,1.8553670088294894e-05,0.9999638795852661
4052,3,2,2,2.0218155896145618e-06,1.4191238051353139e-06,0.999996542930603
4053,2,2,2,4.031940989079885e-05,0.0001441936765331775,0.9998155236244202
4055,0,2,2,4.117819685234281e-07,3.411575733025529e-07,0.9999992847442627
4057,3,2,2,5.810114203086414e-07,1.0414561302241054e-06,0.9999983310699463
4060,3,2,2,6.0760339692933485e-06,7.822028419468552e-05,0.9999157190322876
4061,4,2,2,0.006254383362829685,0.008311151526868343,0.9854345321655273
4062,2,2,2,0.003193104872480035,0.002581642707809806,0.9942253232002258
4063,0,2,2,9.391868616148713e-08,1.9676359443110414e-05,0.9999802112579346
4064,2,2,2,1.3118171409587376e-05,2.0993991711293347e-05,0.9999659061431885
4066,1,2,2,9.008782626551692e-07,7.221325631689979e-06,0.999991774559021
4067,2,2,2,1.1839840226457454e-05,6.796234629291575e-06,0.9999814033508301
4068,1,2,2,2.3072186650097137e-06,2.865433089027647e-06,0.9999948740005493
4069,1,2,2,9.874568007717244e-08,1.137471008405555e-05,0.9999885559082031
4070,2,2,2,1.1003029612766113e-05,1.0614387974783313e-05,0.9999784231185913
4071,4,2,2,7.602905952808214e-06,7.067485967127141e-06,0.9999853372573853
4072,1,2,2,1.2282274838071316e-05,1.1950138286920264e-05,0.9999758005142212
4074,3,2,2,0.00019872369011864066,3.5279314033687115e-05,0.9997660517692566
4075,3,2,2,0.0001456089230487123,1.6435114957857877e-05,0.9998378753662109
4076,0,2,2,1.607637223344227e-08,5.892449905786634e-08,1.0
4077,2,2,2,2.0897425656585256e-06,4.889840056421235e-06,0.9999929666519165
4078,0,2,2,3.234611085645156e-07,4.1524677385496034e-07,0.9999992847442627
4080,0,2,2,1.0175321563110629e-07,1.585945483384421e-06,0.9999983310699463
4082,0,2,2,2.8418452302503283e-07,1.0447811291669495e-06,0.9999986886978149
4083,0,2,2,1.5131005781654494e-08,4.2772805386448454e-07,0.9999995231628418
4084,1,2,2,1.3190418940212112e-05,6.5079716478066985e-06,0.9999802112579346
4086,1,2,2,4.250871825206559e-06,4.559145509119844e-06,0.9999911785125732
4087,2,2,2,1.3380825294007082e-05,1.7587321053724736e-05,0.9999690055847168
4089,0,2,2,2.3028593432172784e-07,6.907230272190645e-07,0.9999990463256836
4090,1,2,2,5.165165362086555e-07,1.8066407392325345e-06,0.9999977350234985
4092,2,2,2,0.00018473176169209182,0.0001571132888784632,0.9996582269668579
4093,3,2,1,0.26888054609298706,0.723048985004425,0.008070499636232853
4095,0,2,2,1.954430359774051e-07,2.3983286610018695e-06,0.9999973773956299
4096,3,2,2,1.2578413588926196e-05,2.6613372028805315e-05,0.9999607801437378
4097,3,2,2,3.0429371690843254e-05,2.9352215278777294e-05,0.9999402761459351
4098,4,2,2,1.0352659955970012e-06,1.1260551218583714e-05,0.9999877214431763
4099,3,2,2,0.00013081349607091397,7.109711441444233e-05,0.9997979998588562
4100,1,2,2,3.6319986975286156e-05,0.00011602383892750368,0.9998476505279541
4101,2,2,2,4.050737970828777e-06,8.20676996227121e-06,0.9999877214431763
4102,4,2,2,3.646953700808808e-06,3.6785462725674734e-05,0.9999594688415527
4105,4,2,2,9.879874596663285e-06,3.171858043060638e-05,0.9999583959579468
4106,3,2,2,1.3794306141790003e-05,8.076668564171996e-06,0.9999780654907227
4107,0,2,2,9.628087127566687e-08,1.6253426338153076e-06,0.9999982118606567
4108,3,2,2,6.732191195624182e-06,9.03068848856492e-06,0.9999842643737793
4109,2,2,2,4.192834967398085e-05,9.961629984900355e-06,0.9999480247497559
4111,0,2,2,1.8535961654464472e-09,5.051541762668421e-08,1.0
4112,4,2,2,3.867687155434396e-06,1.2896851330879144e-05,0.9999833106994629
4115,1,2,2,3.179280383847072e-06,4.617535068973666e-06,0.9999921321868896
4117,0,2,2,3.0343124990395154e-07,4.0278465007759223e-07,0.9999992847442627
4118,0,2,2,5.6634782197306777e-08,8.292741995319375e-07,0.9999991655349731
4119,3,2,2,5.725874507334083e-05,4.9400691750634e-06,0.999937891960144
4120,1,2,2,2.406501380392001e-06,8.749479093239643e-06,0.9999889135360718
4121,2,2,2,0.00032606010790914297,0.00015985625213943422,0.9995139837265015
4122,3,2,2,1.0234730325464625e-05,5.6939956266433e-05,0.9999327659606934
4123,0,2,2,5.616892622128944e-07,9.23853713175049e-06,0.9999902248382568
4124,2,2,2,7.606176041008439e-06,2.4306753402925096e-05,0.9999680519104004
4125,0,2,2,1.3633404023494222e-06,1.5272775272023864e-05,0.9999834299087524
4129,4,2,2,2.8786953407688998e-06,1.2798906027455814e-05,0.9999843835830688
4130,4,2,2,1.634151703910902e-05,1.863684519776143e-05,0.9999650716781616
4131,3,2,2,0.00038044535904191434,9.784034045878798e-05,0.9995217323303223
4132,1,2,2,1.9592578155425144e-06,4.437148891156539e-05,0.9999537467956543
4133,0,2,2,2.8611216507101744e-08,2.5553313776072173e-07,0.9999997615814209
4134,2,2,2,1.0887059033848345e-05,2.1662322978954762e-05,0.9999674558639526
4135,1,2,2,4.336442871455404e-10,5.582738253906427e-07,0.9999994039535522
4136,2,2,2,2.391448651906103e-05,1.577213333803229e-05,0.9999603033065796
4137,0,2,2,1.4901738154549093e-07,7.473399250557122e-07,0.9999991655349731
4138,3,2,2,2.46136260102503e-05,7.081601779646007e-06,0.999968409538269
4139,0,2,2,1.448557185312893e-07,3.307251972728409e-06,0.999996542930603
4140,2,2,2,5.506178695213748e-07,6.060989107936621e-06,0.9999933242797852
4141,4,2,2,7.972372259246185e-06,5.4659994930261746e-05,0.9999372959136963
4142,2,2,2,6.168590516608674e-06,1.3405860954662785e-06,0.9999924898147583
4143,2,2,2,2.446897724439623e-06,7.825429747754242e-06,0.9999896287918091
4144,2,2,2,6.846195901744068e-06,6.955035587452585e-06,0.9999862909317017
4145,1,2,2,3.537220152338705e-07,3.5239254430052824e-06,0.9999960660934448
4146,0,2,2,2.6613406589603983e-07,2.283541789438459e-06,0.9999974966049194
4147,3,2,2,1.5139501556404866e-05,7.265301519510103e-06,0.9999775886535645
4148,3,2,2,0.00015968152729328722,8.016682113520801e-05,0.999760091304779
4149,0,2,2,1.6280130239465507e-06,4.6078685045358725e-06,0.9999936819076538
4150,1,2,2,1.0828811127794324e-06,2.506031250959495e-06,0.9999964237213135
4151,0,2,2,3.8406855651373917e-07,2.4740911612752825e-06,0.9999971389770508
4152,3,2,2,0.0003289783780928701,5.8695051848189905e-05,0.9996122717857361
4154,3,2,2,0.00010515206668060273,4.194435678073205e-05,0.9998528957366943
4155,4,2,2,3.36273501488904e-07,1.4651058108938741e-06,0.9999982118606567
4156,0,2,2,5.497638611018374e-08,9.987915916553902e-08,0.9999998807907104
4157,0,2,2,2.3490358671551803e-06,1.09361030808941e-06,0.999996542930603
4158,1,2,2,5.053561835666187e-06,6.057138079995639e-07,0.9999943971633911
4159,4,2,2,0.4225768744945526,0.021187014877796173,0.5562360882759094
4160,3,2,2,1.728850111248903e-05,5.217228590481682e-06,0.9999774694442749
4161,3,2,2,3.483190766928601e-06,1.0822502645169152e-06,0.9999954700469971
4162,3,2,2,2.4691530597920064e-06,1.37478282340453e-05,0.9999837875366211
4163,1,2,2,1.3505096774224512e-07,1.3234782272775192e-05,0.9999866485595703
4164,3,2,2,5.5189364502439275e-05,0.00021876519895158708,0.9997259974479675
4165,1,2,2,2.8017564090987435e-06,2.0616066649381537e-06,0.9999951124191284
4166,1,2,2,4.6592947455792455e-07,7.506598080908589e-07,0.9999988079071045
4168,1,2,2,1.2957222850218386e-07,3.756777289254387e-07,0.9999995231628418
4169,0,2,2,1.4405709407583345e-06,5.526953827938996e-07,0.9999979734420776
4171,1,2,2,2.7792737000709167e-06,1.3628816759592155e-06,0.9999959468841553
4172,0,2,2,8.480117799081199e-07,2.0038603906868957e-05,0.9999791383743286
4173,0,2,2,1.6477937947456667e-07,2.1574737729679327e-07,0.9999996423721313
4174,3,2,2,1.3504647540685255e-05,6.592940735572483e-06,0.9999799728393555
4175,2,2,2,1.6948786651482806e-05,6.869192930025747e-06,0.9999761581420898
4176,0,2,2,1.4352750440593809e-05,6.2023577811487485e-06,0.9999794960021973
4177,0,2,2,7.527533512075024e-07,1.6654685452976992e-07,0.9999991655349731
4178,4,2,2,9.855109084355718e-08,2.1011342710153258e-07,0.9999996423721313
4179,3,2,2,0.001075799111276865,0.00017085502622649074,0.9987533092498779
4180,3,2,2,0.1459091752767563,0.03395885229110718,0.8201320171356201
4181,1,2,2,7.124642138478521e-07,1.0386391977590392e-06,0.9999982118606567
4182,4,2,2,7.019159511401085e-07,4.535310381470481e-06,0.9999947547912598
4183,4,2,2,7.456229127456027e-07,1.0503322300792206e-06,0.9999982118606567
4184,1,2,2,1.4909321066625125e-07,3.5302124956615444e-07,0.9999995231628418
4186,0,2,2,2.373650431763963e-08,7.17589543342001e-08,0.9999998807907104
4188,4,2,2,8.81948267306143e-07,3.840102181129623e-06,0.9999953508377075
4189,4,2,2,1.6491863163992093e-07,3.354305988523265e-07,0.9999995231628418
4190,2,2,2,0.00012366435839794576,1.3003806998312939e-05,0.9998632669448853
4192,1,2,2,2.2044523007025418e-07,1.5134523891902063e-06,0.9999982118606567
4193,1,2,2,3.546669518073031e-07,3.1170402507996187e-06,0.999996542930603
4194,1,2,2,3.543021875884733e-07,1.1881243153766263e-06,0.9999984502792358
4195,2,2,2,2.834502447512932e-05,3.5705768823390827e-05,0.9999358654022217
4196,2,2,2,3.6593846743926406e-05,2.511497541490826e-06,0.9999608993530273
4197,0,2,2,3.9978662158546285e-08,2.6397523811283463e-07,0.9999997615814209
4198,0,2,2,1.6625594412289502e-07,1.755889798005228e-06,0.9999980926513672
4199,4,2,2,6.483373482524257e-08,5.173022827875684e-07,0.9999994039535522
4200,4,2,2,1.3035948143169662e-07,7.449110853485763e-06,0.9999924898147583
4201,0,2,2,1.3662796227720264e-08,9.427949976270611e-08,0.9999998807907104
4202,3,2,2,0.03574027121067047,0.04488858953118324,0.9193711280822754
4203,4,2,2,3.575199229999271e-07,2.011509195654071e-06,0.999997615814209
4204,1,2,2,1.3661930097441655e-05,1.8313082819076953e-06,0.9999845027923584
4206,3,2,2,1.0268556252412964e-05,2.7703445084625855e-06,0.999987006187439
4207,1,2,2,2.0499148376984522e-05,1.0369052688474767e-05,0.9999691247940063
4208,0,2,2,6.221731041478051e-08,1.8829092596206465e-07,0.9999996423721313
4209,4,2,2,1.1119520593183552e-07,2.878682892060169e-07,0.9999996423721313
4210,2,2,2,2.2383761461242102e-05,1.0664400178939104e-05,0.9999669790267944
4211,1,2,2,2.124409547832329e-06,8.43876080125483e-07,0.9999970197677612
4213,4,2,2,1.1440434946052846e-06,8.519234597770264e-07,0.9999979734420776
4214,1,2,2,7.377389010798652e-07,5.187786200622213e-07,0.9999988079071045
4215,0,2,2,8.811245066908668e-08,6.014388276298632e-08,0.9999997615814209
4216,2,2,2,1.090507794287987e-05,1.3145293451088946e-05,0.9999760389328003
4219,0,2,2,1.293870894869542e-07,5.96771428718057e-07,0.9999992847442627
4221,0,2,2,8.900698844627186e-09,5.8838246275172423e-08,1.0
4222,1,2,2,5.725411256207735e-07,2.178467411795282e-06,0.9999972581863403
4223,1,2,2,2.2131281696147198e-07,1.7287494529227843e-06,0.9999979734420776
4224,4,2,2,3.204120559985313e-07,1.402955490448221e-06,0.9999982118606567
4225,2,2,2,4.067535337526351e-05,9.043878890224732e-06,0.9999502897262573
4226,2,2,2,5.876466821064241e-05,1.1553364856808912e-05,0.999929666519165
4227,2,2,2,3.7019843148300424e-05,9.444422175874934e-06,0.9999535083770752
4229,2,2,2,6.809093611082062e-05,1.1861241546284873e-05,0.9999200105667114
4230,0,2,2,8.538195039875518e-09,5.083369813974059e-08,1.0
4231,1,2,2,3.4432360962455277e-07,1.9982933281426085e-06,0.999997615814209
4233,2,2,2,8.375626930501312e-05,0.026536492630839348,0.9733797311782837
4234,4,2,2,8.97887986184287e-08,2.3797664994162915e-07,0.9999996423721313
4235,1,2,2,0.0006119614117778838,0.20222187042236328,0.7971661686897278
4236,1,2,2,0.4029633402824402,0.009600173681974411,0.5874364972114563
4237,3,2,2,5.873047030036105e-06,5.166462869965471e-06,0.9999890327453613
4238,2,2,0,0.8032096028327942,0.11714306473731995,0.07964727282524109
4239,0,2,2,1.47653565818473e-07,2.8228771043359302e-05,0.9999716281890869
4240,0,2,0,0.9682089686393738,0.012171045877039433,0.019619936123490334
4241,0,2,0,0.4741494357585907,0.1536843478679657,0.3721662163734436
4242,4,2,0,0.4977893531322479,0.00525672547519207,0.49695396423339844
4243,2,2,2,2.595765238311287e-07,3.0344794140546583e-05,0.9999693632125854
4244,3,2,2,0.3111737072467804,0.05835363641381264,0.6304726600646973
4245,2,2,0,0.7736131548881531,0.04311714693903923,0.1832696944475174
4246,1,2,1,0.032150063663721085,0.9507021903991699,0.017147762700915337
4247,0,2,2,3.4300214224458614e-08,1.4147146032428282e-07,0.9999998807907104
4248,0,2,2,1.3852368283551186e-05,8.770865861151833e-06,0.9999773502349854
4250,2,2,2,5.380720722314436e-06,0.00028803228633478284,0.9997065663337708
4251,2,2,2,1.0322411981178448e-05,5.2234587201382965e-05,0.9999374151229858
4252,3,2,2,2.8702581403194927e-05,0.0003095612919423729,0.9996616840362549
4253,2,2,2,5.717024760087952e-05,0.00028615863993763924,0.9996566772460938
4256,1,2,2,2.3573704766022274e-06,0.0003444828907959163,0.9996531009674072
4258,4,2,2,1.666466914684861e-06,5.047949343861546e-06,0.9999933242797852
4259,2,2,2,4.847308446187526e-06,0.00012634340964723378,0.9998687505722046
4260,2,2,2,7.243976870086044e-05,3.8425831007771194e-05,0.9998891353607178
4262,4,2,2,3.9211470721056685e-05,0.0005590942455455661,0.9994016885757446
4264,2,2,2,8.832492959243154e-09,9.451733973264709e-08,0.9999998807907104
4265,4,2,2,1.4941884728614241e-05,0.00018412702775094658,0.999800980091095
4266,1,2,2,2.090343514282722e-05,9.689416037872434e-05,0.9998822212219238
4268,2,2,2,5.1749688282143325e-05,0.00022404774790629745,0.9997242093086243
4270,2,2,2,3.6862842534901574e-05,9.493765537627041e-05,0.9998682737350464
4272,2,2,2,1.5572607026115293e-06,1.3467351891449653e-05,0.9999849796295166
4274,1,2,2,4.992029062123038e-06,0.0004419372999109328,0.9995530247688293
4277,4,2,2,3.186026151524857e-05,0.00042149340151809156,0.9995467066764832
4278,4,2,2,1.924474236147944e-05,4.0871102100936696e-05,0.9999399185180664
4279,0,2,2,1.4008801230147583e-08,5.679005354863875e-08,1.0
4280,3,2,2,5.652543222822715e-06,0.00031520877382718027,0.9996792078018188
4281,0,2,2,5.096663358017395e-07,1.4641068446508143e-06,0.9999980926513672
4284,1,2,2,2.6480311134946533e-05,0.000973331683780998,0.9990002512931824
4285,2,2,2,3.7634585169143975e-05,9.904940088745207e-05,0.9998632669448853
4286,0,2,2,5.708164394491178e-07,5.494807282957481e-06,0.9999939203262329
4287,2,2,2,1.4732429463037988e-06,1.3152854080544785e-05,0.9999854564666748
4288,2,2,2,3.339629256515764e-05,5.882701952941716e-05,0.9999077320098877
4289,4,2,2,0.000468473561340943,0.0009573384304530919,0.9985742568969727
4290,0,2,2,7.294666488633084e-07,5.598681696028507e-07,0.9999986886978149
4291,1,2,2,1.1897478202627099e-07,1.0442990969750099e-06,0.9999988079071045
4292,0,2,2,1.8164248771768143e-08,4.665340824772102e-08,1.0
4293,1,2,2,5.346646503312513e-08,1.9185254132025875e-06,0.9999980926513672
4294,3,2,2,7.491111091439961e-07,1.9082431208516937e-06,0.9999973773956299
4295,1,2,2,1.6443163985968567e-05,4.120350786251947e-05,0.9999423027038574
4296,1,2,2,6.555905542882101e-07,9.594319999450818e-05,0.9999033212661743
4297,4,2,2,0.003368611680343747,0.0019052067073062062,0.9947261214256287
4298,0,2,2,3.700330125866458e-06,4.815170541405678e-06,0.9999915361404419
4299,0,2,2,3.623873681135592e-07,5.385652912082151e-06,0.9999942779541016
4302,3,2,2,7.350694068009034e-05,0.0007419341709464788,0.9991845488548279
4303,1,2,2,4.669552708946867e-06,2.81399707091623e-06,0.9999924898147583
4304,3,2,2,6.60300356685184e-05,0.00036141747841611505,0.9995725750923157
4305,3,2,2,2.063396550511243e-06,3.532999471644871e-05,0.9999626874923706
4306,3,2,2,9.713302461022977e-06,4.740924396173796e-06,0.9999855756759644
4307,1,2,2,8.070538228821533e-07,4.282217923901044e-05,0.9999563694000244
4308,0,2,2,8.771073645164051e-09,8.824144970276393e-06,0.9999911785125732
4309,4,2,2,6.450913474509434e-07,2.0448445866350085e-05,0.9999788999557495
4310,0,2,2,0.00032004975946620107,5.633214095723815e-05,0.9996235370635986
4311,1,2,2,1.280289918526023e-08,4.569328666548245e-06,0.9999954700469971
4312,2,2,2,0.00039368998841382563,0.00029266378260217607,0.9993135929107666
4313,4,2,2,4.313418685342185e-06,1.7530364857520908e-05,0.9999781847000122
4314,0,2,2,5.2860927098663524e-05,6.08419140917249e-05,0.9998863935470581
4315,4,2,2,5.18179040227551e-05,1.6710353520466015e-05,0.9999314546585083
4316,1,2,2,2.0742522792716045e-06,8.46454611291847e-07,0.9999971389770508
4317,4,2,2,0.00034813935053534806,0.00022574773174710572,0.9994261264801025
4318,3,2,2,0.00011723431089194492,0.0003915599954780191,0.9994912147521973
4319,1,2,2,3.3081931178458035e-05,4.578347216011025e-05,0.9999210834503174
4320,3,2,2,7.894227746874094e-05,4.891028947895393e-05,0.9998722076416016
4321,4,2,2,4.5760262423755194e-07,2.709020918700844e-06,0.9999967813491821
4322,0,2,2,0.0004281007859390229,5.9811332903336734e-05,0.9995120763778687
4323,0,2,2,3.1586528947968873e-09,7.152296888079945e-08,0.9999998807907104
4324,2,2,2,0.0005676577566191554,0.00024682292132638395,0.9991855025291443
4325,3,2,2,1.7519098037155345e-05,7.407452358165756e-05,0.999908447265625
4326,2,2,2,5.421668447525008e-06,8.110545422823634e-06,0.9999865293502808
4327,1,2,2,7.373019972334305e-09,5.1547704060794786e-06,0.9999948740005493
4328,3,2,2,1.9966613763244823e-05,1.6062545910244808e-05,0.9999639987945557
4329,0,2,2,6.490364739875076e-06,2.5937142709153704e-06,0.9999909400939941
4330,2,2,2,1.3829904673912097e-05,2.859829692170024e-05,0.9999575614929199
4331,1,2,2,1.1006574823113624e-05,0.0001606063888175413,0.9998284578323364
4332,3,2,2,6.162429144751513e-07,0.00010264659067615867,0.999896764755249
4333,1,2,2,2.6601803256198764e-05,6.822870545875048e-06,0.9999666213989258
4334,3,2,2,6.806105830037268e-07,3.087893855990842e-05,0.999968409538269
4335,1,2,2,0.0019665686413645744,0.0005009709275327623,0.9975323677062988
4336,3,2,2,1.5623527360730805e-07,9.799418876355048e-07,0.999998927116394
4337,4,2,2,0.0001243685110239312,0.00044537251233123243,0.999430239200592
4338,0,2,2,3.4024601518467534e-06,2.3020623984848498e-07,0.9999963045120239
4339,3,2,2,3.3553220418980345e-05,1.4141834071779158e-05,0.9999523162841797
4340,3,2,2,0.0009919186122715473,0.0004268414922989905,0.9985811710357666
4342,4,2,2,1.1703420568665024e-05,2.8856589779024944e-05,0.9999594688415527
4343,0,2,2,5.393775609263685e-06,2.193566797359381e-05,0.9999727010726929
4344,1,2,2,4.2210251649521524e-07,8.118176083371509e-06,0.9999914169311523
4345,4,2,2,0.000843233719933778,5.1727060053963214e-05,0.9991050362586975
4347,4,2,2,8.703156345291063e-05,0.00028722212300635874,0.9996258020401001
4348,2,2,2,2.47404187803113e-07,4.0086575609166175e-05,0.9999597072601318
4349,0,2,2,3.1393383892464044e-08,8.716202870573397e-08,0.9999998807907104
4351,0,2,2,2.6480911401449703e-06,7.431955509673571e-06,0.9999899864196777
4352,1,2,0,0.7921633720397949,0.02693342976272106,0.18090316653251648
4353,4,2,2,0.0005847132997587323,0.011790791526436806,0.9876245260238647
4354,1,2,1,0.14101198315620422,0.7319165468215942,0.12707147002220154
4356,4,2,2,1.763089130690787e-06,3.504095047901501e-06,0.9999947547912598
4357,1,2,2,1.0131457202078309e-06,5.092021820018999e-05,0.9999481439590454
4358,2,2,2,1.6408945157309063e-05,0.00024189373652916402,0.9997416138648987
4361,3,2,2,3.089482447649061e-07,1.4719088540005032e-05,0.9999849796295166
4363,2,2,2,7.066714260872686e-06,3.2902738894335926e-05,0.9999600648880005
4364,0,2,2,1.3197514817875344e-05,5.628735016216524e-05,0.9999305009841919
4366,0,2,2,2.699953256524168e-06,1.2788844117039844e-07,0.9999971389770508
4367,1,2,2,5.978659828542732e-05,0.0002028709277510643,0.9997373223304749
4368,2,2,2,0.00035051078884862363,0.0001047298064804636,0.9995446801185608
4369,0,2,2,2.0673380163316324e-07,1.2944542504556011e-06,0.9999984502792358
4370,2,2,2,0.003306073835119605,0.0008958498947322369,0.9957980513572693
4371,0,2,2,5.896463051158207e-08,1.7490532400188386e-07,0.9999998807907104
4372,3,2,2,0.0009199214400723577,0.00011227089999010786,0.9989677667617798
4373,1,2,2,8.184554367574037e-09,1.557511950522894e-06,0.9999984502792358
4374,3,2,2,8.84063592820894e-06,1.0683364962460473e-05,0.9999804496765137
4375,1,2,2,6.433117505366681e-07,1.923566742334515e-05,0.9999802112579346
4377,0,2,2,8.20604739715236e-09,1.5698774404881988e-06,0.9999984502792358
4379,1,2,1,0.44378846883773804,0.5151038765907288,0.04110763221979141
4381,1,2,0,0.720093309879303,0.10663215816020966,0.17327450215816498
4383,4,2,2,2.7729406610887963e-06,0.00011294472642475739,0.9998842477798462
4384,3,2,2,5.707952368538827e-06,1.8029300917987712e-05,0.9999762773513794
4386,4,2,2,0.00031956061138771474,1.2667663895626902e-06,0.9996790885925293
4387,4,2,2,7.463418683073542e-08,7.240647391881794e-06,0.9999926090240479
4388,3,2,2,0.0005059601389802992,0.00024102249881252646,0.9992530941963196
4390,4,2,2,0.00016660265100654215,0.0004534539766609669,0.9993799924850464
4395,3,2,2,9.010305802803487e-06,9.78807747742394e-06,0.999981164932251
4396,0,2,2,8.434622031927574e-06,1.169767801911803e-05,0.9999798536300659
4398,2,2,2,0.0016725383466109633,6.233229214558378e-05,0.9982650876045227
4399,2,2,2,2.649744033078605e-07,5.261663318378851e-06,0.9999945163726807
4400,1,2,2,2.9508348234230652e-05,0.00017809901328291744,0.9997923970222473
4402,1,2,2,1.9413533891565748e-07,2.0299228253861656e-06,0.9999977350234985
4403,2,2,2,2.546789801272098e-06,4.2021893023047596e-05,0.999955415725708
4404,1,2,2,1.2896436601295136e-05,5.6965167459566146e-05,0.9999301433563232
4406,4,2,0,0.5373343229293823,0.006418632809072733,0.4562470018863678
4407,2,2,2,0.000701171054970473,0.0001933710154844448,0.9991053938865662
4408,0,2,2,5.564713205785665e-07,2.4892304281820543e-05,0.9999744892120361
4409,0,2,2,2.549902156090411e-08,1.4188129171088804e-05,0.9999858140945435
4410,2,2,2,1.7115610262408154e-08,1.2444907952158246e-05,0.9999876022338867
4412,4,2,2,5.681822301539796e-08,1.8569943449620041e-06,0.9999980926513672
4414,3,2,2,3.1375034836855775e-07,1.3435710570774972e-06,0.9999983310699463
4415,3,2,2,8.109876944217831e-05,0.0002545599127188325,0.999664306640625
4416,2,2,2,3.3995438570855185e-06,1.240025198967487e-06,0.9999953508377075
4417,3,2,2,3.8910053262952715e-05,1.560284727020189e-05,0.9999455213546753
4418,2,2,2,3.3995438570855185e-06,1.240025198967487e-06,0.9999953508377075
4419,4,2,2,6.656025652773678e-05,6.697668140986934e-05,0.9998664855957031
4420,2,2,2,4.4456533942138776e-05,7.615835784235969e-06,0.9999479055404663
4421,4,2,2,0.0012140311300754547,0.00048589709331281483,0.9983001351356506
4422,0,2,2,1.17831817192382e-07,2.3351491051926132e-07,0.9999996423721313
4423,4,2,2,0.0006962521001696587,2.498456342436839e-05,0.999278724193573
4424,3,2,2,2.8840348775815983e-08,1.4560104943939223e-07,0.9999998807907104
4426,3,2,2,1.9885967049049214e-05,7.788694347254932e-05,0.9999022483825684
4427,1,2,2,1.8292561776434013e-07,1.989508518818184e-06,0.9999977350234985
4430,4,2,2,0.08769416809082031,0.021165816113352776,0.8911400437355042
4432,0,2,0,0.8679733276367188,0.09119082242250443,0.04083583131432533
4433,4,2,2,1.3526622524295817e-06,3.116228981525637e-06,0.9999955892562866
4434,2,2,2,9.797755410545506e-06,2.0409295757417567e-05,0.9999698400497437
4435,1,2,2,3.1836698326515034e-06,8.218667062465101e-05,0.9999146461486816
4436,0,2,2,1.1762518736802008e-09,6.65018887957558e-07,0.9999992847442627
4437,4,2,2,0.00013667636085301638,1.48466654081858e-06,0.9998618364334106
4438,4,2,2,4.456848401446223e-08,5.593270998360822e-06,0.9999943971633911
4439,1,2,2,0.002451455919072032,0.00019737327238544822,0.9973511695861816
4440,1,2,2,7.367512822042954e-09,2.766694933598046e-06,0.9999972581863403
4442,2,2,2,3.3995438570855185e-06,1.240025198967487e-06,0.9999953508377075
4443,0,2,2,2.4680864953552373e-05,4.5714082261838485e-06,0.9999707937240601
4444,3,2,2,0.0010925009846687317,0.0004290968645364046,0.998478353023529
4445,0,2,2,0.0005402093520388007,0.00013089059211779386,0.9993288516998291
4446,0,2,2,3.8186382766980387e-07,1.2707095038422267e-06,0.9999983310699463
4447,3,2,2,9.855076496023685e-05,5.3340681915869936e-05,0.9998480081558228
4448,3,2,2,6.022847856002045e-07,3.1532596267425106e-07,0.9999990463256836
4449,2,2,2,0.0010750680230557919,3.621414725785144e-05,0.9988887906074524
4450,2,2,2,2.460058112774277e-07,6.361974556057248e-06,0.9999934434890747
4452,4,2,2,1.4534394722431898e-05,0.00034240682725794613,0.999643087387085
4456,4,2,2,3.0085345770203276e-06,1.3879212929168716e-05,0.9999831914901733
4458,1,2,2,8.227264515880961e-06,2.8675181056314614e-06,0.9999889135360718
4460,0,2,2,0.00023375294404104352,0.0002549397759139538,0.9995112419128418
4461,2,2,2,9.065085032489151e-05,5.8774196077138186e-05,0.9998505115509033
4462,3,2,2,1.0322747584723402e-05,1.773292024154216e-05,0.999971866607666
4463,0,2,2,2.7933107048738748e-05,1.6133590179379098e-05,0.9999560117721558
4464,2,2,2,2.339780803595204e-05,4.415741204866208e-05,0.9999325275421143
4465,3,2,2,0.0004191832267679274,8.826321572996676e-05,0.9994925260543823
4467,3,2,2,1.0553121683187783e-05,9.894170034385752e-06,0.9999794960021973
4468,0,2,2,2.2375793662376964e-08,1.980558408831712e-06,0.9999979734420776
4469,4,2,2,2.6140498903259868e-06,4.36117534263758e-06,0.9999929666519165
4470,0,2,2,8.20604739715236e-09,1.5698774404881988e-06,0.9999984502792358
4471,4,2,2,3.135382485197624e-06,5.7278008171124384e-05,0.9999395608901978
4472,4,2,1,0.3339202105998993,0.6452001929283142,0.020879579707980156
4474,3,2,0,0.9651591181755066,0.010972968302667141,0.023867888376116753
4475,1,2,0,0.5660897493362427,0.14714831113815308,0.28676196932792664
4476,2,2,0,0.8593457937240601,0.011148677207529545,0.12950552999973297
4478,0,2,1,0.21095740795135498,0.7240728735923767,0.06496969610452652
4479,1,2,0,0.8072730302810669,0.019843814894557,0.17288313806056976
4480,1,2,2,1.6548285657336237e-06,7.708436896791682e-06,0.9999905824661255
4481,0,2,2,8.357015417459479e-07,1.3605229469249025e-05,0.9999855756759644
4482,4,2,2,4.847397121920949e-06,0.00011381427611922845,0.9998812675476074
4483,4,2,2,3.6078645848647284e-07,1.6314797903760336e-05,0.9999833106994629
4484,1,2,2,5.61356391699519e-05,1.1499851098051295e-05,0.9999324083328247
4485,0,2,2,1.5744910930592937e-09,7.780279815960967e-07,0.9999991655349731
4486,2,2,2,0.00037192393210716546,0.00021363275300245732,0.9994144439697266
4487,0,2,2,3.9177419353109144e-07,1.2066999488524743e-06,0.9999984502792358
4488,4,2,2,0.00014486683357972652,0.00027140602469444275,0.9995836615562439
4489,4,2,2,3.6009350878885016e-05,1.2106589565519243e-05,0.9999518394470215
4490,4,2,2,9.04881744645536e-06,2.8911140361742582e-06,0.9999880790710449
4491,2,2,2,0.00012585199146997184,4.794944834429771e-05,0.9998262524604797
4492,4,2,2,3.6951380025129765e-05,5.43915739399381e-05,0.9999086856842041
4493,0,2,2,3.691604604227905e-07,1.3776486866845516e-06,0.9999982118606567
4494,2,2,2,0.003219433594495058,0.0012164096115157008,0.9955642223358154
4495,4,2,2,1.8553658946984797e-06,8.45842805574648e-06,0.9999896287918091
4496,1,2,2,0.0005227558431215584,0.00011175359395565465,0.999365508556366
4497,0,2,2,1.0919302129153152e-09,7.936797885577107e-08,0.9999998807907104
4498,1,2,2,2.2541162252309732e-05,0.0001546468847664073,0.9998227953910828
4499,2,2,2,3.312653689135914e-07,2.5165534680127166e-05,0.9999744892120361
4500,3,2,2,5.645910050589009e-07,4.2332317207183223e-07,0.999998927116394
4501,4,2,2,1.6640983346860594e-07,4.4880575842398684e-06,0.9999953508377075
4502,4,2,2,5.438510470412439e-06,8.031034667510539e-05,0.9999141693115234
4503,2,2,0,0.8941894769668579,0.014984491281211376,0.09082600474357605
4506,3,2,0,0.736078679561615,0.21840456128120422,0.04551681876182556
4507,1,2,1,0.3038140535354614,0.6072456240653992,0.0889403373003006
4508,4,2,0,0.9488092064857483,0.009815806522965431,0.041375044733285904
4510,4,2,0,0.7435129284858704,0.12156114727258682,0.134925976395607
4511,3,2,0,0.6256648898124695,0.35159119963645935,0.02274387888610363
4513,1,2,0,0.7432571649551392,0.007985369302332401,0.248757466673851
4514,4,2,0,0.6141043901443481,0.008606347255408764,0.3772892355918884
4515,0,2,0,0.9069273471832275,0.04049994423985481,0.05257277563214302
4516,3,2,0,0.9536327123641968,0.010436603799462318,0.035930734127759933
4517,3,2,2,0.0009152334532700479,0.06848134100437164,0.9306033849716187
4518,3,2,0,0.8427236676216125,0.023011378943920135,0.13426491618156433
4519,2,2,0,0.6537343263626099,0.11305360496044159,0.23321199417114258
4520,0,2,2,3.7110849007149227e-06,1.6122762644954491e-06,0.9999946355819702
4521,4,2,2,1.7428961882615113e-06,7.660451956326142e-05,0.9999215602874756
4522,2,2,2,2.955237141577527e-05,0.0002227552904514596,0.9997476935386658
4523,4,2,2,2.5438728812332556e-07,9.998002497013658e-06,0.9999897480010986
4525,1,2,2,4.948348575339878e-08,5.930005045229336e-06,0.9999940395355225
4526,1,2,2,0.0017347706016153097,0.0001825868821470067,0.9980826377868652
4527,4,2,2,4.860612989432411e-06,2.4313776521012187e-05,0.9999707937240601
4528,3,2,2,0.0001871804124675691,0.0002110239875037223,0.9996017813682556
4529,3,2,2,2.3199647785077104e-06,1.17882314043527e-06,0.999996542930603
4530,3,2,2,3.850836947094649e-05,1.513588176749181e-05,0.9999463558197021
4531,3,2,2,0.0009488352225162089,0.00044893339509144425,0.9986022114753723
4532,0,2,2,0.00011246692156419158,7.600239041494206e-05,0.9998114705085754
4533,4,2,2,1.0155848030990455e-05,2.4662091163918376e-05,0.9999651908874512
4534,1,2,2,0.0001249502383871004,0.00010349386866437271,0.9997716546058655
4536,0,2,2,0.00035015205503441393,0.00016581517411395907,0.9994839429855347
4537,2,2,2,2.8915579264321423e-07,4.526597422227496e-06,0.999995231628418
4538,3,2,2,1.0157904398511164e-05,1.5913952665869147e-05,0.9999740123748779
4539,1,2,2,4.664614294824787e-08,6.9967081799404696e-06,0.9999929666519165
4541,0,2,2,1.1237106356531967e-08,1.6352561260646326e-06,0.9999983310699463
4542,2,2,2,1.2759958735841792e-05,7.313385140150785e-05,0.9999140501022339
4543,4,2,2,0.27334898710250854,0.09309287369251251,0.6335581541061401
4544,0,2,0,0.9308293461799622,0.019480444490909576,0.04969026893377304
4545,4,2,0,0.883842945098877,0.0329606868326664,0.08319635689258575
4546,0,2,0,0.9262531399726868,0.012059886008501053,0.06168701872229576
4547,4,2,0,0.628842294216156,0.15089264512062073,0.22026509046554565
4548,4,2,2,0.40729159116744995,0.009532861411571503,0.583175539970398
4549,0,2,0,0.616820752620697,0.048138391226530075,0.3350408673286438
4550,4,2,0,0.628842294216156,0.15089264512062073,0.22026509046554565
4551,0,2,0,0.895412266254425,0.003447897033765912,0.10113991796970367
4552,2,2,1,0.02681063488125801,0.9683170318603516,0.004872282966971397
4553,1,2,1,0.4019295871257782,0.4139368236064911,0.1841335892677307
4554,0,2,0,0.9308293461799622,0.019480444490909576,0.04969026893377304
4556,4,2,2,0.40729159116744995,0.009532861411571503,0.583175539970398
4557,1,2,0,0.7088039517402649,0.07023219764232635,0.22096383571624756
4558,4,2,0,0.9142736792564392,0.01715255342423916,0.06857389211654663
4559,4,2,0,0.7369565963745117,0.04184837266802788,0.2211950570344925
4560,2,2,2,0.00067775824572891,0.00022811265080235898,0.9990941286087036
4563,0,2,2,2.318352620989117e-09,8.291429480777879e-07,0.9999991655349731
4564,3,2,2,3.064175325562246e-05,4.197293947072467e-06,0.9999651908874512
4566,3,2,2,0.0003295739588793367,0.0003113518177997321,0.9993591904640198
4567,2,2,2,3.7056393011880573e-06,2.5373270545969717e-05,0.9999709129333496
4568,1,2,2,0.0004995707422494888,0.0001497269986430183,0.9993507266044617
4569,1,2,2,5.835978299728595e-06,2.4631797259644372e-06,0.9999916553497314
4570,1,2,2,2.003096597036347e-06,7.907376016191847e-07,0.9999971389770508
4571,2,2,2,4.641208943212405e-05,4.85724704049062e-05,0.9999051094055176
4572,0,2,2,0.00011402140808058903,6.225713877938688e-05,0.9998237490653992
4573,1,2,2,4.634828292182647e-05,6.05285276833456e-05,0.999893069267273
4574,2,2,2,0.0031687517184764147,0.0010681005660444498,0.9957630634307861
4575,3,2,2,7.942941806504678e-07,3.6362527566780045e-07,0.9999988079071045
4576,1,2,2,0.0011754205916076899,0.00011814313620561734,0.9987064599990845
4578,1,2,2,2.6808886104845442e-05,0.0002001462271437049,0.9997730851173401
4579,0,2,2,8.187697631001356e-09,8.679843404024723e-07,0.9999991655349731
4580,4,2,2,2.7995454274787335e-06,5.6853950809454545e-06,0.9999915361404419
4581,1,2,2,8.320490962887561e-09,6.556749212904833e-06,0.9999934434890747
4582,1,2,2,7.99770623416407e-06,5.687892189598642e-05,0.9999351501464844
4583,3,2,0,0.6729591488838196,0.1541585773229599,0.17288224399089813
4584,2,2,0,0.9055054783821106,0.04872184246778488,0.04577276110649109
4585,2,2,0,0.8467481136322021,0.009118878282606602,0.14413310587406158
4586,2,2,0,0.5339199900627136,0.4281032979488373,0.0379767082631588
4587,0,2,2,0.010106349363923073,0.0007724141469225287,0.98912113904953
4590,1,2,0,0.8412089347839355,0.09440382570028305,0.06438719481229782
4591,4,2,2,0.07159212231636047,0.1515754759311676,0.7768324613571167
4596,0,2,0,0.8821701407432556,0.0692363753914833,0.0485934242606163
4597,3,2,0,0.6501917243003845,0.006337991915643215,0.3434702455997467
4598,2,2,0,0.8940791487693787,0.045623455196619034,0.06029737368226051
4600,3,2,0,0.8452536463737488,0.03565121442079544,0.11909515410661697
4601,2,2,0,0.7985432147979736,0.19141359627246857,0.01004310604184866
4602,3,2,2,0.20384511351585388,0.010809965431690216,0.7853448987007141
4603,2,2,2,0.2673092782497406,0.05607582628726959,0.6766148805618286
4604,1,2,0,0.5046870708465576,0.10186164081096649,0.3934512734413147
4605,3,2,2,0.0007520709768868983,0.030375557020306587,0.9688723087310791
4606,4,2,0,0.9384245276451111,0.004367528948932886,0.05720802769064903
4607,4,2,2,0.03560801222920418,0.012631971389055252,0.9517601132392883
4609,2,2,2,1.1292487215541769e-05,2.1326213754946366e-05,0.9999673366546631
4610,1,2,2,7.6102628554508556e-06,0.00017858213686849922,0.9998138546943665
4611,3,2,2,6.728570838276937e-07,8.705160144018009e-05,0.9999122619628906
4612,1,2,2,2.3749922547722235e-05,7.006571195233846e-06,0.9999692440032959
4613,0,2,2,1.7193330092979409e-09,1.5492811371586868e-06,0.9999984502792358
4614,0,2,2,1.3677221431862563e-05,1.6094356396934018e-05,0.9999701976776123
4615,3,2,2,2.411169077731756e-07,1.8914557813332067e-06,0.9999978542327881
4616,2,2,2,7.82501811045222e-05,0.00012348034942988306,0.9997982382774353
4617,2,2,2,2.444913661747705e-06,9.749561513672234e-07,0.999996542930603
4618,2,2,2,5.4596316658717114e-06,1.6853301758601447e-06,0.999992847442627
4619,0,2,2,0.00014317115710582584,0.00011692490807035938,0.999739944934845
4620,3,2,2,9.425693860976025e-05,0.0003354176296852529,0.9995703101158142
4621,4,2,2,8.94637378223706e-06,2.2955371605348773e-05,0.9999680519104004
4622,0,2,2,3.370508920852444e-06,1.3950227184977848e-05,0.9999827146530151
4623,4,2,2,5.209371920500416e-07,3.520351128827315e-06,0.9999959468841553
4624,1,2,2,0.00016955558385234326,6.925142224645242e-05,0.999761164188385
4625,4,2,2,1.4376374224411848e-07,7.816578886377101e-07,0.9999990463256836
4626,0,2,2,3.8008900560271286e-07,5.949103069724515e-06,0.9999936819076538
4627,2,2,2,2.2497044938063482e-07,3.4142994991270825e-05,0.9999656677246094
4628,1,2,2,1.6112335288198665e-07,2.18521222450363e-06,0.9999977350234985
4629,2,2,2,1.1044629673051531e-06,5.3563042456516996e-05,0.9999454021453857
4630,1,2,2,7.292614554899046e-06,7.750390795990825e-05,0.9999152421951294
4631,1,2,2,0.0005734658916480839,0.00011031996109522879,0.9993162155151367
4632,3,2,0,0.7502623200416565,0.01735161431133747,0.2323860079050064
4635,2,2,0,0.8567481637001038,0.010503767058253288,0.132748082280159
4636,3,2,2,0.009117498993873596,0.04145984724164009,0.9494225978851318
4637,2,2,1,0.36858129501342773,0.6044261455535889,0.026992542669177055
4638,3,2,0,0.6698517203330994,0.017775805667042732,0.31237244606018066
4639,1,2,0,0.7994866967201233,0.12130411714315414,0.07920917868614197
4640,4,2,0,0.9330022931098938,0.01776060461997986,0.04923708736896515
4641,1,2,2,0.00018590004765428603,0.0001820571778807789,0.9996320009231567
4642,2,2,1,0.0021840122062712908,0.9973781108856201,0.00043789774645119905
4643,0,2,0,0.3964056968688965,0.2463233321905136,0.3572710156440735
4644,3,2,0,0.8884111046791077,0.09574469923973083,0.015844233334064484
4646,0,2,0,0.6007718443870544,0.31933659315109253,0.07989158481359482
4647,2,2,1,0.27538374066352844,0.6787904500961304,0.045825786888599396
4648,0,2,0,0.7762207984924316,0.16532163321971893,0.058457568287849426
4649,0,2,0,0.7559937834739685,0.0877397432923317,0.1562664806842804
4650,1,2,0,0.6818135380744934,0.011734058149158955,0.3064523935317993
4651,4,2,0,0.6669849753379822,0.2413215935230255,0.0916934683918953
4652,0,2,0,0.606235146522522,0.07852374017238617,0.31524109840393066
4653,1,2,0,0.9194852113723755,0.021450001746416092,0.05906479433178902
4655,2,2,0,0.8130876421928406,0.026756370440125465,0.16015593707561493
4656,3,2,0,0.6387236714363098,0.30386877059936523,0.05740765109658241
4658,4,2,1,7.938489034131635e-06,0.9999734163284302,1.8693321180762723e-05
4659,4,2,0,0.5478107333183289,0.020035073161125183,0.43215423822402954
4660,4,2,0,0.8397706151008606,0.004916543606668711,0.1553129106760025
4662,3,2,0,0.7614351511001587,0.08710179477930069,0.1514631062746048
4664,0,2,1,0.46778348088264465,0.5033733248710632,0.02884320728480816
4665,3,2,0,0.6033357977867126,0.01404171995818615,0.38262248039245605
4666,2,2,0,0.6605225801467896,0.24087610840797424,0.09860137850046158
4668,3,2,0,0.8334040641784668,0.07543335855007172,0.0911625549197197
4669,2,2,0,0.7708335518836975,0.06282460689544678,0.16634181141853333
4671,1,2,0,0.6427993774414062,0.013961643911898136,0.3432389795780182
4672,1,2,0,0.8352630734443665,0.013547058217227459,0.151189923286438
4673,0,2,0,0.7625677585601807,0.013801556080579758,0.2236306369304657
4675,4,2,2,1.5922253169264877e-06,7.657415699213743e-05,0.9999219179153442
4676,2,2,2,1.4132269825495314e-06,7.089020073181018e-05,0.9999276399612427
4677,1,2,2,2.9846685123402494e-08,3.0320419682539068e-05,0.9999697208404541
4678,2,2,2,4.469999112188816e-05,5.8175064623355865e-06,0.9999494552612305
4680,4,2,2,0.00046881739399395883,0.0002735265879891813,0.9992576241493225
4681,1,2,2,4.023316080292716e-08,6.1190071392047685e-06,0.9999939203262329
4683,0,2,2,4.956338671036065e-06,1.8596330164655228e-07,0.9999947547912598
4684,2,2,2,5.642473752232036e-06,2.0937150111421943e-06,0.9999922513961792
4685,4,2,2,0.0002659859601408243,0.00018208756227977574,0.9995519518852234
4686,4,2,2,4.1964678530348465e-05,7.087501580826938e-05,0.9998871088027954
4687,2,2,2,0.00021491335064638406,1.7183796444442123e-05,0.9997679591178894
4688,1,2,2,0.00022062103380449116,0.0002451140317134559,0.9995342493057251
4689,1,2,2,4.2092699459317373e-07,1.3097440387355164e-05,0.9999864101409912
4690,2,2,2,0.001009273575618863,3.796582677750848e-05,0.9989527463912964
4691,3,2,2,4.773971795657417e-08,1.6102065103495988e-07,0.9999998807907104
4692,4,2,2,9.41311227506958e-05,0.00029421321232803166,0.9996116757392883
4694,2,2,2,7.992363862285856e-06,8.880671884980984e-06,0.9999831914901733
4695,0,2,2,8.425453223992463e-09,1.8568969153420767e-06,0.9999980926513672
4696,2,2,2,3.341337651363574e-05,0.00013290804054122418,0.9998337030410767
4697,2,2,0,0.9555696845054626,0.002950110239908099,0.0414801649749279
4698,0,2,0,0.8836513161659241,0.1067502349615097,0.009598435834050179
4699,3,2,0,0.7644637227058411,0.038087714463472366,0.1974485218524933
4700,1,2,2,0.44037774205207825,0.019720027223229408,0.5399022698402405
4702,0,2,2,0.4536947011947632,0.011290476657450199,0.535014808177948
4704,1,2,2,0.00984806939959526,0.0011673577828332782,0.9889844655990601
4705,0,2,2,0.4224321246147156,0.021274877712130547,0.5562930107116699
4707,2,2,0,0.8994044661521912,0.00339709036052227,0.09719843417406082
4708,0,2,0,0.7264568209648132,0.09260512888431549,0.18093809485435486
4709,1,2,0,0.8445636034011841,0.004702775739133358,0.1507335603237152
4710,2,2,0,0.9383615851402283,0.0246124267578125,0.03702602535486221
4711,1,2,0,0.6682332158088684,0.24336948990821838,0.08839728683233261
4712,3,2,2,0.15692701935768127,0.4122107923030853,0.4308622181415558
4713,2,2,0,0.902737021446228,0.030512124300003052,0.0667509138584137
4714,0,2,0,0.6261345744132996,0.042707350105047226,0.3311580717563629
4715,4,2,0,0.7939083576202393,0.004189104773104191,0.2019025832414627
4716,1,2,2,0.20828665792942047,0.03879900276660919,0.752914309501648
4717,3,2,0,0.7589987516403198,0.02454790286719799,0.2164534032344818
4718,2,2,0,0.8384098410606384,0.0166820976883173,0.14490801095962524
4719,2,2,0,0.920748770236969,0.012138767167925835,0.06711247563362122
4720,4,2,0,0.7433842420578003,0.07307183742523193,0.18354390561580658
4722,0,2,0,0.8722347021102905,0.047209952026605606,0.08055535703897476
4724,0,2,0,0.9674869179725647,0.012641087174415588,0.019871946424245834
4725,1,2,2,0.023989237844944,0.00205140165053308,0.9739592671394348
4726,0,2,0,0.6261345744132996,0.042707350105047226,0.3311580717563629
4727,4,2,0,0.7227576375007629,0.06438379734754562,0.21285852789878845
4728,1,2,0,0.539866030216217,0.051998529583215714,0.40813544392585754
4729,0,2,0,0.6450080275535583,0.045525290071964264,0.309466689825058
4730,3,2,0,0.8635271191596985,0.006435212213546038,0.13003772497177124
4734,3,2,2,3.0872877232468454e-06,1.0722448678279761e-05,0.9999861717224121
4735,3,2,2,3.4361924008408096e-06,1.4105716218182351e-05,0.999982476234436
4736,3,2,2,2.588626841770747e-07,5.765966488979757e-05,0.9999420642852783
4737,4,2,2,0.000728070386685431,3.1557976853946457e-06,0.9992688298225403
4739,0,2,2,1.8591084881336428e-05,1.5189108125923667e-05,0.9999662637710571
4740,3,2,2,1.710310897351519e-07,1.379664695377869e-06,0.9999984502792358
4741,2,2,2,0.0001634349173400551,0.00010787008795887232,0.9997287392616272
4742,0,2,2,7.331168035307201e-06,3.109312274318654e-07,0.9999923706054688
4743,1,2,2,3.2206862670136616e-06,7.248946189974959e-07,0.9999960660934448
4744,1,2,2,8.047572919167578e-05,0.00019587996939662844,0.9997236132621765
4745,3,2,2,0.00020514022617135197,0.00037854418042115867,0.9994163513183594
4746,1,2,2,7.589689630549401e-05,7.398519665002823e-05,0.9998500347137451
4748,2,2,2,9.459075954509899e-06,2.6931318643619306e-05,0.999963641166687
4750,4,2,2,2.5468341391388094e-07,1.5424874391101184e-06,0.9999982118606567
4752,1,2,2,2.233406917184766e-07,2.2549740606336854e-05,0.9999772310256958
4753,3,2,2,6.169015023260727e-07,4.612084865129873e-07,0.999998927116394
4754,3,2,2,8.907676942726539e-07,5.15500187248108e-06,0.9999940395355225
4756,4,2,0,0.6678102016448975,0.2403237223625183,0.09186616539955139
4757,1,2,0,0.5113017559051514,0.2786146104335785,0.21008357405662537
4758,1,2,2,5.4050731705501676e-05,2.249710632895585e-05,0.9999234676361084
4759,4,2,0,0.6901403665542603,0.21203923225402832,0.09782037883996964
4760,1,2,0,0.9076187014579773,0.025714194402098656,0.06666707992553711
4761,4,2,0,0.7504656910896301,0.06353269517421722,0.18600159883499146
4762,2,2,0,0.8186982274055481,0.09727106243371964,0.08403071761131287
4763,3,2,1,0.0512504056096077,0.9180501699447632,0.0306994691491127
4764,4,2,2,0.417644739151001,0.010395838879048824,0.571959376335144
4765,3,2,0,0.9223028421401978,0.06599057465791702,0.011706607416272163
4766,2,2,2,0.24802462756633759,0.007456690538674593,0.7445186972618103
4767,1,2,2,0.37338557839393616,0.1905411183834076,0.43607327342033386
4768,2,2,0,0.8988918662071228,0.04184862598776817,0.059259600937366486
4769,1,2,0,0.9546234011650085,0.033905159682035446,0.011471502482891083
4770,2,2,0,0.8856716752052307,0.06314077228307724,0.051187530159950256
4771,3,2,0,0.7497226595878601,0.05178656429052353,0.19849078357219696
4772,4,2,2,0.417644739151001,0.010395838879048824,0.571959376335144
4773,2,2,0,0.8380287885665894,0.03337052837014198,0.12860064208507538
4774,3,2,0,0.7497226595878601,0.05178656429052353,0.19849078357219696
4775,1,2,0,0.6691336631774902,0.3133980333805084,0.017468286678195
4776,1,2,0,0.5113017559051514,0.2786146104335785,0.21008357405662537
4777,2,2,0,0.8988918662071228,0.04184862598776817,0.059259600937366486
4778,1,2,2,0.01811014860868454,0.017039721831679344,0.9648501873016357
4779,2,2,2,0.35728731751441956,0.07964091002941132,0.5630717873573303
4780,0,2,0,0.5850902199745178,0.29890888929367065,0.11600091308355331
4782,1,2,0,0.647637128829956,0.05231722816824913,0.30004560947418213
4784,2,2,2,0.382251501083374,0.04861874133348465,0.5691297650337219
4785,3,2,2,1.2730435628327541e-05,6.311814559012419e-06,0.9999809265136719
4786,4,2,2,2.91006222141732e-06,0.00010085479152621701,0.9998962879180908
4787,3,2,2,5.490695002663415e-06,1.7741193005349487e-05,0.9999767541885376
4788,3,2,2,6.855962055851705e-07,8.335779421031475e-05,0.9999159574508667
4789,1,2,2,1.6094410966616124e-05,1.0426731023471802e-05,0.9999735355377197
4791,2,2,2,0.0003329951723571867,0.00032589430338703096,0.9993410706520081
4792,0,2,2,4.448101265097648e-07,5.5574896578036714e-06,0.9999939203262329
4793,1,2,2,0.00033167051151394844,0.00013327646593097597,0.9995349645614624
4794,2,2,2,2.8584788651642157e-06,1.1623519640124869e-06,0.9999959468841553
4795,0,2,2,5.899078314541839e-05,3.7096478990861215e-06,0.9999372959136963
4796,2,2,2,5.079426773590967e-05,4.57326095784083e-05,0.9999034404754639
4797,1,2,2,6.945130735402927e-05,0.0001692653022473678,0.9997612833976746
4798,3,2,2,1.1492757948872168e-05,9.364572179038078e-06,0.9999791383743286
4799,0,2,2,1.0047627256426495e-05,1.3912813301431015e-05,0.9999760389328003
4800,2,2,2,1.032145883073099e-05,5.674486237694509e-05,0.9999328851699829
4801,4,2,2,0.0011683283373713493,5.7186127378372476e-05,0.9987744688987732
4802,3,2,2,2.8371566429541417e-08,1.4091453692799405e-07,0.9999998807907104
4803,0,2,2,1.1961267318838509e-06,5.2681052693515085e-06,0.9999935626983643
4804,4,2,2,1.1503153473313432e-05,0.0002410129818599671,0.9997474551200867
4805,1,2,2,1.468288957084951e-07,2.3156921997724567e-06,0.999997615814209
4806,0,2,2,1.3196514991875574e-08,2.5594608814571984e-06,0.9999974966049194
4807,0,2,2,3.765134124478209e-06,2.0944788047927432e-05,0.9999752044677734
4808,0,0,1,0.25471338629722595,0.7235715985298157,0.02171502634882927
4809,4,0,0,0.8530709147453308,0.02835310436785221,0.11857595294713974
4810,2,0,0,0.9563901424407959,0.012993824668228626,0.030616015195846558
4811,2,0,0,0.7976304292678833,0.0339304581284523,0.1684391051530838
4812,3,0,0,0.8181951642036438,0.027572298422455788,0.15423251688480377
4813,0,0,0,0.7251178026199341,0.09936769306659698,0.17551447451114655
4814,1,0,0,0.9362295866012573,0.025780368596315384,0.03798997029662132
4816,4,0,0,0.7124491930007935,0.005212272517383099,0.28233858942985535
4817,4,0,1,0.38712266087532043,0.5395386815071106,0.07333862036466599
4818,3,0,1,0.39835286140441895,0.48706820607185364,0.11457889527082443
4819,0,0,0,0.6870850920677185,0.19099830090999603,0.12191662192344666
4820,0,0,0,0.6581988334655762,0.05549730360507965,0.286303848028183
4821,1,0,2,0.08279771357774734,0.17320500314235687,0.7439972758293152
4822,3,0,0,0.5161843299865723,0.02649923972785473,0.45731642842292786
4824,3,0,0,0.8046228885650635,0.006670087110251188,0.18870708346366882
4825,1,0,0,0.8374620676040649,0.029241476207971573,0.13329647481441498
4827,4,0,0,0.8598740696907043,0.008503441698849201,0.1316225826740265
4828,1,0,0,0.7929081916809082,0.05229794234037399,0.1547939032316208
4830,1,2,2,1.5263531167875044e-06,8.531576895620674e-06,0.9999898672103882
4831,4,2,2,2.91006222141732e-06,0.00010085479152621701,0.9998962879180908
4832,1,2,2,1.9035629520658404e-05,0.00033778001670725644,0.999643087387085
4833,2,2,2,4.209208981365009e-08,1.8990975149790756e-05,0.9999810457229614
4834,3,2,2,3.9314196328632534e-05,3.729301397470408e-06,0.9999569654464722
4836,3,2,2,0.0005899639218114316,0.0004000187909696251,0.9990099668502808
4838,4,2,2,7.225008448585868e-05,0.00027155724819749594,0.9996562004089355
4839,3,2,2,2.9382447337411577e-06,1.4754456287846551e-06,0.9999955892562866
4840,1,2,2,1.3398316696111578e-06,8.792479775365791e-07,0.9999978542327881
4841,3,2,2,0.000847544870339334,0.00034386295010335743,0.9988086223602295
4842,2,2,2,0.0002409187436569482,6.984813808230683e-05,0.9996892213821411
4843,2,2,2,9.523766493657604e-05,7.474181529687485e-06,0.9998972415924072
4845,0,2,2,2.8441405675039277e-08,1.0759789148551135e-07,0.9999998807907104
4846,2,2,2,0.00108933518640697,3.9367845602100715e-05,0.9988712668418884
4847,4,2,2,1.4079051879889448e-07,1.1775571238104021e-06,0.9999986886978149
4849,1,2,2,1.7298329169079807e-07,1.00300349004101e-05,0.9999898672103882
4850,2,2,2,4.482869371713605e-06,5.647832495014882e-06,0.9999898672103882
4851,4,2,2,1.319743319072586e-07,3.837388703686884e-06,0.9999960660934448
4852,3,2,2,1.9286955648567528e-05,1.3758377463091165e-05,0.9999669790267944
4855,2,0,0,0.8734204769134521,0.04457492008805275,0.08200457692146301
4856,4,0,2,0.007317694369703531,0.0021273549646139145,0.9905548691749573
4857,1,0,0,0.8012384176254272,0.005874655209481716,0.19288697838783264
4858,4,0,1,0.44236883521080017,0.4518529176712036,0.10577825456857681
4859,2,0,2,0.2524875998497009,0.0037521596532315016,0.7437602877616882
4860,1,0,0,0.8986371755599976,0.05917428806424141,0.042188484221696854
4861,0,0,0,0.8281236886978149,0.00725172832608223,0.16462451219558716
4862,2,0,0,0.5394595861434937,0.27994048595428467,0.18060000240802765
4863,3,0,0,0.664861798286438,0.010064699687063694,0.3250734806060791
4864,0,0,0,0.5672120451927185,0.0783131793141365,0.3544747531414032
4865,3,2,2,0.0004410755936987698,0.00020607681653928012,0.9993528723716736
4866,4,0,1,0.3064628839492798,0.45324814319610596,0.24028891324996948
4867,1,0,1,0.4115470349788666,0.4295101463794708,0.15894284844398499
4868,4,0,0,0.7209370732307434,0.012250663712620735,0.2668122947216034
4869,3,0,0,0.5434048175811768,0.022867443040013313,0.4337277114391327
4871,4,0,0,0.8111469745635986,0.006009609904140234,0.182843416929245
4872,2,0,0,0.8117611408233643,0.04179723188281059,0.14644165337085724
4874,4,0,2,0.37750115990638733,0.2423294335603714,0.3801693916320801
4876,4,0,0,0.8016784191131592,0.11765304207801819,0.08066852390766144
4877,3,0,1,0.0022583999671041965,0.9971780776977539,0.0005634729750454426
4878,1,0,2,0.3575308322906494,0.017090963199734688,0.6253781914710999
4880,1,0,0,0.8074594140052795,0.02867094986140728,0.163869708776474
4885,2,2,2,1.628900645300746e-05,2.6886760679190047e-05,0.9999567270278931
4887,0,2,2,1.8006371949041977e-09,1.0598760127322748e-06,0.999998927116394
4888,0,2,2,0.0003335995425004512,4.846427691518329e-05,0.9996178150177002
4889,2,2,2,7.114046951528508e-08,1.0192366062256042e-05,0.9999896287918091
4890,4,2,2,0.00035907095298171043,0.00025583425303921103,0.9993851184844971
4891,1,2,2,3.9145238162063833e-08,6.295580078585772e-06,0.9999936819076538
4893,3,2,2,4.367714154795976e-06,1.6979428210106562e-06,0.9999939203262329
4896,2,2,2,9.065093763638288e-05,5.8774196077138186e-05,0.9998505115509033
4897,0,2,2,7.732695053164207e-07,2.733054543568869e-06,0.999996542930603
4898,4,2,2,0.002572012133896351,0.0004938265192322433,0.996934175491333
4899,2,2,2,1.0255220331600867e-05,3.307402948848903e-05,0.9999567270278931
4900,4,2,2,0.0007801734609529376,3.482417741906829e-05,0.9991850256919861
4901,0,2,2,1.30458603919692e-08,2.1104888503487018e-07,0.9999997615814209
4903,4,2,2,2.2963236915529706e-05,0.00047108650323934853,0.999505877494812
4904,0,2,2,1.9193686284779687e-07,3.8286265180431656e-07,0.9999994039535522
4905,4,2,2,2.3033753393519873e-07,5.459498424897902e-06,0.9999942779541016
4906,0,2,2,5.19780587637797e-06,1.6268095350824296e-05,0.9999785423278809
4907,3,2,0,0.9005459547042847,0.0616040900349617,0.03784995526075363
4908,0,2,0,0.7461190819740295,0.03950992226600647,0.21437090635299683
4909,4,2,0,0.857150673866272,0.0667247399687767,0.07612458616495132
4910,3,2,0,0.6871193051338196,0.11634808033704758,0.19653257727622986
4911,4,2,2,0.35599687695503235,0.0011452700709924102,0.6428578495979309
4912,1,2,2,6.983362368373491e-07,0.00012694824545178562,0.9998723268508911
4914,4,2,2,2.8939390883664373e-09,2.91819310405117e-06,0.9999971389770508
4915,0,2,2,7.300801629916975e-10,1.2218815470532718e-07,0.9999998807907104
4916,2,2,2,1.6587332396511556e-08,1.4806147419221816e-06,0.9999985694885254
4917,1,2,2,5.616273557329521e-10,2.7944454927819606e-07,0.9999997615814209
4918,4,0,0,0.8081570267677307,0.003203483298420906,0.18863949179649353
4920,1,0,0,0.718661904335022,0.2639632821083069,0.0173747930675745
4921,4,2,2,0.0021274948958307505,0.0023850910365581512,0.9954873919487
4922,0,0,0,0.6223682165145874,0.36174139380455017,0.015890419483184814
4924,0,0,0,0.8053081035614014,0.10993257164955139,0.08475933223962784
4925,2,0,0,0.8280209302902222,0.02669689618051052,0.14528213441371918
4927,1,0,1,0.3352375626564026,0.48051488399505615,0.18424758315086365
4928,4,0,0,0.8405839800834656,0.05069408565759659,0.10872190445661545
4929,4,2,2,0.0027983738109469414,0.04816102609038353,0.9490405917167664
4930,1,0,0,0.8678573966026306,0.053623005747795105,0.0785195380449295
4931,1,0,1,0.0017915678909048438,0.9895893931388855,0.008619066327810287
4932,4,0,1,0.2705848515033722,0.6601029634475708,0.06931222975254059
4933,4,0,0,0.8196879625320435,0.043157514184713364,0.13715453445911407
4934,4,0,0,0.8779089450836182,0.009513942524790764,0.11257711052894592
4935,2,2,2,5.854605660715606e-06,0.00021185925288591534,0.9997822642326355
4936,1,0,0,0.6088852882385254,0.32672005891799927,0.06439468264579773
4937,1,0,2,0.0053844996728003025,0.1489945352077484,0.84562087059021
4938,2,0,2,0.18512681126594543,0.030046558007597923,0.7848266363143921
4939,2,0,0,0.8588851690292358,0.009874947369098663,0.13123992085456848
4940,0,0,0,0.9474084973335266,0.01651211641728878,0.03607931733131409
4941,4,0,0,0.7252529263496399,0.04062937945127487,0.23411771655082703
4942,3,0,2,0.36048614978790283,0.029601668938994408,0.6099122166633606
4943,3,0,0,0.5310314893722534,0.007700954098254442,0.4612675607204437
4944,1,0,0,0.9577593207359314,0.009834648109972477,0.03240600973367691
4945,0,0,1,0.06271752715110779,0.9250161647796631,0.012266305275261402
4946,1,0,0,0.6000563502311707,0.03301907703280449,0.36692458391189575
4947,2,0,1,0.004196327179670334,0.9298481941223145,0.06595546007156372
4948,3,0,0,0.7459495067596436,0.013347029685974121,0.24070344865322113
4949,1,2,2,3.0509512725984678e-05,0.0004211549530737102,0.9995483756065369
4950,3,2,2,0.0028103338554501534,0.0038174691144376993,0.9933722019195557
4951,3,0,0,0.869441568851471,0.07187057286500931,0.058687783777713776
4952,1,0,0,0.6679766178131104,0.0301220640540123,0.30190131068229675
4953,1,0,2,0.395713210105896,0.1837621033191681,0.4205246865749359
4954,0,0,0,0.564081609249115,0.22382715344429016,0.21209131181240082
4955,2,0,0,0.8628917932510376,0.03755364567041397,0.09955450892448425
4956,1,0,0,0.7714762091636658,0.16622640192508698,0.06229730322957039
4957,1,2,2,0.04420432075858116,0.10355476289987564,0.8522409796714783
4958,3,0,0,0.4975956082344055,0.36151954531669617,0.14088483154773712
4959,3,0,0,0.8427364826202393,0.06557794660329819,0.09168554097414017
4960,0,0,0,0.9041728377342224,0.055231060832738876,0.04059617221355438
4962,1,2,0,0.736602246761322,0.022835657000541687,0.24056214094161987
4963,1,0,2,0.2624151408672333,0.06909626722335815,0.6684885621070862
4965,4,0,0,0.9894812107086182,0.0011510701151564717,0.009367638267576694
4966,0,0,0,0.7312138676643372,0.0253993459045887,0.24338681995868683
4967,1,2,2,1.8844907856419013e-07,0.0002763400843832642,0.9997233748435974
4969,0,0,2,0.4042019546031952,0.012001879513263702,0.5837961435317993
4970,0,0,0,0.5811237096786499,0.19415996968746185,0.22471630573272705
4971,3,0,0,0.5817338824272156,0.0322406180202961,0.3860255181789398
4972,0,0,2,0.13985632359981537,0.02180360071361065,0.8383401036262512
4973,4,0,0,0.8839349150657654,0.016347067430615425,0.09971793740987778
4974,4,0,0,0.7135825753211975,0.11137864738702774,0.17503879964351654
4976,2,0,0,0.754416823387146,0.02300179749727249,0.22258134186267853
4977,0,0,0,0.5977880358695984,0.20302824676036835,0.19918371737003326
4979,1,2,2,6.064209810574539e-05,0.0002507621538825333,0.9996886253356934
4980,2,0,0,0.618018388748169,0.11423206329345703,0.26774948835372925
4981,2,0,0,0.7049167156219482,0.0767485573887825,0.21833471953868866
4982,1,0,1,0.18676027655601501,0.746427595615387,0.06681209802627563
4984,1,0,0,0.604360818862915,0.1265585571527481,0.2690805494785309
4985,4,0,1,0.33474814891815186,0.620263397693634,0.04498841241002083
4986,0,0,0,0.5063704252243042,0.48982512950897217,0.0038044496905058622
4987,4,0,2,0.430221825838089,0.03465528041124344,0.535122811794281
4989,4,0,1,0.00016156377387233078,0.9980395436286926,0.0017989054322242737
4990,2,0,0,0.638324499130249,0.3205972909927368,0.04107823222875595
4994,2,0,0,0.8237490653991699,0.023522675037384033,0.15272825956344604
4995,3,0,1,0.023111704736948013,0.9637749195098877,0.013113383203744888
4996,4,2,2,0.009231791831552982,0.0022650333121418953,0.9885031580924988
4998,4,0,1,0.10360828042030334,0.840227484703064,0.0561642199754715
4999,1,0,0,0.797190248966217,0.11810386180877686,0.0847059041261673
5000,2,0,2,0.11586850136518478,0.02489291876554489,0.8592385053634644
5001,2,0,0,0.5838027596473694,0.02506965771317482,0.3911275565624237
5002,4,0,0,0.7077939510345459,0.026180997490882874,0.2660250663757324
5003,1,0,0,0.6791242361068726,0.011063863523304462,0.30981189012527466
5004,4,0,0,0.8467621207237244,0.06170888617634773,0.0915290042757988
5007,1,0,0,0.8441377878189087,0.03464203700423241,0.1212201863527298
5009,1,0,0,0.6041373014450073,0.019842324778437614,0.3760204315185547
5011,3,0,0,0.7961734533309937,0.07423801720142365,0.12958849966526031
5013,2,0,2,0.36118972301483154,0.0889580100774765,0.5498523116111755
5014,4,0,2,0.29087376594543457,0.004282398149371147,0.7048438787460327
5015,2,0,0,0.8595325350761414,0.08638198673725128,0.05408550053834915
5017,0,0,0,0.505958616733551,0.08073699474334717,0.41330432891845703
5018,1,0,0,0.8441377878189087,0.03464203700423241,0.1212201863527298
5019,2,0,0,0.6258129477500916,0.011385569348931313,0.3628014922142029
5020,2,0,0,0.6486872434616089,0.21765297651290894,0.13365979492664337
5022,2,0,0,0.6567785143852234,0.038325536996126175,0.30489596724510193
5024,1,0,0,0.6753218770027161,0.1920490711927414,0.13262909650802612
5026,4,0,0,0.7469510436058044,0.040306054055690765,0.2127428650856018
5027,0,0,0,0.6464551091194153,0.23871351778507233,0.11483143270015717
5028,2,0,2,0.04995693266391754,0.0072043826803565025,0.9428386688232422
5029,2,0,0,0.8682854175567627,0.09748535603284836,0.03422912210226059
5030,0,0,1,0.1573459357023239,0.681178092956543,0.16147597134113312
5031,1,0,2,0.02573201060295105,0.01095624826848507,0.9633117318153381
5032,2,0,0,0.7025057077407837,0.013535644859075546,0.2839586138725281
5033,2,0,2,0.29254135489463806,0.2893252968788147,0.41813331842422485
5034,2,0,1,0.37363186478614807,0.6206569075584412,0.005711257457733154
5035,4,0,0,0.8160633444786072,0.007235410623252392,0.17670130729675293
5036,1,0,2,0.27229276299476624,0.008250141516327858,0.7194570302963257
5037,3,0,0,0.9167157411575317,0.03716680780053139,0.04611745476722717
5038,4,0,0,0.6534284353256226,0.04742478206753731,0.29914674162864685
5039,4,0,0,0.7469510436058044,0.040306054055690765,0.2127428650856018
5041,3,0,0,0.6020827293395996,0.3401721119880676,0.05774517357349396
5045,3,0,0,0.669040322303772,0.12387307733297348,0.20708657801151276
5046,3,0,0,0.8870061635971069,0.04251527041196823,0.07047860324382782
5047,4,0,0,0.7681629061698914,0.14045391976833344,0.09138313680887222
5048,0,0,0,0.8555822968482971,0.01635035313665867,0.12806729972362518
5049,4,0,0,0.6814827919006348,0.01828436553478241,0.30023276805877686
5050,4,0,0,0.9577580094337463,0.02115945890545845,0.021082526072859764
5051,2,0,0,0.3674911558628082,0.3212200403213501,0.31128883361816406
5052,0,0,0,0.7934346795082092,0.1566183865070343,0.049946945160627365
5053,2,0,0,0.8040300607681274,0.008846068754792213,0.1871238648891449
5054,2,0,0,0.8449317216873169,0.0029494836926460266,0.1521187424659729
5055,3,0,1,0.2866312265396118,0.6927823424339294,0.020586425438523293
5056,1,0,0,0.7612497210502625,0.020079437643289566,0.2186708003282547
5057,1,0,0,0.9243923425674438,0.045546285808086395,0.030061423778533936
5058,0,0,0,0.7869802117347717,0.0038516183849424124,0.2091682106256485
5059,4,0,0,0.49811071157455444,0.2714301645755768,0.23045913875102997
5060,0,0,0,0.8724052309989929,0.056756310164928436,0.07083850353956223
5061,1,0,0,0.9308708906173706,0.01483518723398447,0.05429394170641899
5062,3,0,0,0.8182874321937561,0.10742416977882385,0.07428845018148422
5063,2,0,0,0.8666711449623108,0.09160999953746796,0.041718754917383194
5064,1,0,2,0.27417436242103577,0.0038636834360659122,0.7219619750976562
5065,0,0,0,0.8868715167045593,0.09350628405809402,0.019622232764959335
5066,1,0,0,0.9689580202102661,0.007797324098646641,0.023244637995958328
5067,0,0,0,0.8362464308738708,0.150447279214859,0.01330628339201212
5068,1,0,0,0.5703917741775513,0.005180278327316046,0.42442795634269714
5069,2,0,2,0.365233451128006,0.025630826130509377,0.6091356873512268
5070,1,0,1,0.03375853970646858,0.958884596824646,0.007356840651482344
5074,0,0,0,0.8415051698684692,0.045122385025024414,0.11337242275476456
5075,0,0,0,0.8246819376945496,0.10224512964487076,0.07307297736406326
5076,0,0,0,0.8724052309989929,0.056756310164928436,0.07083850353956223
5077,1,0,0,0.9689580202102661,0.007797324098646641,0.023244637995958328
5078,1,0,0,0.9243923425674438,0.045546285808086395,0.030061423778533936
5079,0,0,2,0.0028638329822570086,0.002359726931899786,0.9947763681411743
5080,4,0,0,0.8992801308631897,0.0033635091967880726,0.09735642373561859
5081,2,0,2,0.3841036558151245,0.1687079221010208,0.4471884071826935
5084,4,0,2,0.4365592300891876,0.04462133347988129,0.5188193917274475
5085,2,0,0,0.876961350440979,0.0234660841524601,0.09957253932952881
5086,3,0,0,0.8066564202308655,0.11057405918836594,0.08276952803134918
5087,3,0,0,0.46489015221595764,0.17816992104053497,0.3569399416446686
5088,1,0,0,0.730423629283905,0.18829582631587982,0.08128052949905396
5089,2,0,1,0.20283980667591095,0.6466419696807861,0.1505182981491089
5090,1,0,0,0.8406839966773987,0.0023602256551384926,0.1569558084011078
5091,2,0,2,0.3841036558151245,0.1687079221010208,0.4471884071826935
5092,3,0,1,0.4181101322174072,0.4192291796207428,0.16266076266765594
5093,2,0,0,0.8631806373596191,0.07964323461055756,0.0571761317551136
5095,1,0,0,0.862055242061615,0.03594682738184929,0.10199794173240662
5096,2,0,0,0.8308550715446472,0.025085002183914185,0.14405986666679382
5097,1,0,0,0.730423629283905,0.18829582631587982,0.08128052949905396
5100,3,0,0,0.46489015221595764,0.17816992104053497,0.3569399416446686
5101,4,0,0,0.7631832957267761,0.19230106472969055,0.044515643268823624
5103,4,0,0,0.7135825753211975,0.11137864738702774,0.17503881454467773
5105,2,0,0,0.754416823387146,0.02300179749727249,0.22258134186267853
5106,0,0,0,0.5977880358695984,0.20302824676036835,0.19918371737003326
5108,1,2,2,6.064209810574539e-05,0.0002507621538825333,0.9996886253356934
5109,2,0,0,0.618018388748169,0.11423206329345703,0.26774948835372925
5110,2,0,0,0.7049167156219482,0.0767485573887825,0.21833471953868866
5111,1,0,1,0.18676027655601501,0.746427595615387,0.06681209802627563
5113,1,0,0,0.604360818862915,0.1265585571527481,0.2690805494785309
5114,4,0,1,0.33474814891815186,0.620263397693634,0.04498842731118202
5115,0,0,0,0.5063704252243042,0.48982512950897217,0.0038044496905058622
5116,4,0,2,0.4302218556404114,0.034655265510082245,0.5351229310035706
5118,4,0,1,0.00016156391939148307,0.9980395436286926,0.0017989062471315265
5119,2,0,0,0.638324499130249,0.3205972909927368,0.04107823222875595
5123,2,0,0,0.8237490653991699,0.023522675037384033,0.15272825956344604
5124,3,0,1,0.023111704736948013,0.9637749195098877,0.013113383203744888
5125,4,2,2,0.009231788106262684,0.0022650344762951136,0.9885031580924988
5127,4,0,1,0.10360830277204514,0.840227484703064,0.05616423115134239
5128,1,0,0,0.797190248966217,0.11810386180877686,0.0847059041261673
5129,2,0,2,0.11586850136518478,0.02489291876554489,0.8592385053634644
5130,2,0,0,0.5838027596473694,0.02506965771317482,0.3911275565624237
5131,4,0,0,0.7077939510345459,0.026180990040302277,0.2660250663757324
5132,1,0,0,0.6791242361068726,0.011063863523304462,0.30981189012527466
5133,4,0,0,0.8467621207237244,0.06170886754989624,0.0915290042757988
5136,1,0,0,0.8441377878189087,0.03464203700423241,0.1212201863527298
5138,1,0,0,0.6041373014450073,0.019842324778437614,0.3760204315185547
5140,3,0,0,0.7961734533309937,0.07423801720142365,0.12958849966526031
5142,2,0,2,0.36118972301483154,0.0889580100774765,0.5498523116111755
5143,4,0,2,0.2908737361431122,0.004282396286725998,0.7048438787460327
5144,2,0,0,0.8595325350761414,0.08638198673725128,0.05408550053834915
5146,0,0,0,0.505958616733551,0.08073699474334717,0.41330432891845703
5147,1,0,0,0.8441377878189087,0.03464203700423241,0.1212201863527298
5148,2,0,0,0.6258129477500916,0.011385569348931313,0.3628014922142029
5149,2,0,0,0.6486872434616089,0.21765297651290894,0.13365979492664337
5151,2,0,0,0.6567785143852234,0.038325536996126175,0.30489596724510193
5153,1,0,0,0.6753218770027161,0.1920490711927414,0.13262909650802612
5155,4,0,0,0.7469511032104492,0.04030604660511017,0.21274282038211823
5156,0,0,0,0.6464551091194153,0.23871351778507233,0.11483143270015717
5157,2,0,2,0.04995693266391754,0.0072043826803565025,0.9428386688232422
5158,2,0,0,0.8682854175567627,0.09748535603284836,0.03422912210226059
5159,0,0,1,0.1573459357023239,0.681178092956543,0.16147597134113312
5160,1,0,2,0.02573201060295105,0.01095624826848507,0.9633117318153381
5161,2,0,0,0.7025057077407837,0.013535644859075546,0.2839586138725281
5162,2,0,2,0.29254135489463806,0.2893252968788147,0.41813331842422485
5163,2,0,1,0.37363186478614807,0.6206569075584412,0.005711257457733154
5164,4,0,0,0.8160632848739624,0.007235409691929817,0.17670133709907532
5165,1,0,2,0.27229276299476624,0.008250141516327858,0.7194570302963257
5167,4,0,0,0.6534284949302673,0.04742477089166641,0.29914677143096924
5168,4,0,0,0.7469511032104492,0.04030604660511017,0.21274282038211823
5169,4,0,0,0.9294254183769226,0.0037533235736191273,0.06682129949331284
5170,3,0,0,0.6020827293395996,0.3401721119880676,0.05774517357349396
5174,3,0,0,0.669040322303772,0.12387307733297348,0.20708657801151276
5175,3,0,0,0.8870061635971069,0.04251527041196823,0.07047860324382782
5176,4,0,0,0.7681629061698914,0.14045390486717224,0.09138311445713043
5177,0,0,0,0.8555822968482971,0.01635035313665867,0.12806729972362518
5178,4,0,0,0.68148273229599,0.018284369260072708,0.300232857465744
5179,4,0,0,0.9577580094337463,0.02115945890545845,0.021082526072859764
5180,2,0,0,0.3674911558628082,0.3212200403213501,0.31128883361816406
5181,0,0,0,0.7934346795082092,0.1566183865070343,0.049946945160627365
5182,2,0,0,0.8040300607681274,0.008846068754792213,0.1871238648891449
5183,2,0,0,0.8449317216873169,0.0029494836926460266,0.1521187424659729
5184,3,0,1,0.2866312265396118,0.6927823424339294,0.020586425438523293
5185,1,0,0,0.7612497210502625,0.020079437643289566,0.2186708003282547
5186,1,0,0,0.9243923425674438,0.045546285808086395,0.030061423778533936
5187,0,0,0,0.7869802117347717,0.0038516183849424124,0.2091682106256485
5188,4,0,0,0.49811071157455444,0.2714301645755768,0.23045913875102997
5189,0,0,0,0.8724052309989929,0.056756310164928436,0.07083850353956223
5190,1,0,0,0.9308708906173706,0.01483518723398447,0.05429394170641899
5191,3,0,0,0.8182874321937561,0.10742416977882385,0.07428845018148422
5192,2,0,0,0.8666711449623108,0.09160999953746796,0.041718754917383194
5193,1,0,2,0.27417436242103577,0.0038636834360659122,0.7219619750976562
5194,0,0,0,0.8868715167045593,0.09350628405809402,0.019622232764959335
5195,1,0,0,0.9689580202102661,0.007797324098646641,0.023244637995958328
5196,0,0,0,0.8362464308738708,0.150447279214859,0.01330628339201212
5197,1,0,0,0.5703917741775513,0.005180278327316046,0.42442795634269714
5198,2,0,2,0.365233451128006,0.025630826130509377,0.6091356873512268
5199,1,0,1,0.03375853970646858,0.958884596824646,0.007356840651482344
5203,0,0,0,0.8415051698684692,0.045122385025024414,0.11337242275476456
5204,0,0,0,0.8246819376945496,0.10224512964487076,0.07307297736406326
5205,0,0,0,0.8724052309989929,0.056756310164928436,0.07083850353956223
5206,1,0,0,0.9689580202102661,0.007797324098646641,0.023244637995958328
5207,1,0,0,0.9243923425674438,0.045546285808086395,0.030061423778533936
5208,0,0,2,0.0028638329822570086,0.002359726931899786,0.9947763681411743
5209,4,0,0,0.8992801308631897,0.0033635091967880726,0.09735642373561859
5210,2,0,2,0.3841036558151245,0.1687079221010208,0.4471884071826935
5213,4,0,2,0.4365592300891876,0.04462133347988129,0.5188193917274475
5214,2,0,0,0.876961350440979,0.0234660841524601,0.09957253932952881
5215,3,0,0,0.8066564202308655,0.11057405918836594,0.08276952803134918
5216,3,0,0,0.46489015221595764,0.17816992104053497,0.3569399416446686
5217,1,0,0,0.730423629283905,0.18829582631587982,0.08128052949905396
5218,2,0,1,0.20283980667591095,0.6466419696807861,0.1505182981491089
5219,1,0,0,0.8406839966773987,0.0023602256551384926,0.1569558084011078
5220,2,0,2,0.3841036558151245,0.1687079221010208,0.4471884071826935
5221,3,0,1,0.4181101322174072,0.4192291796207428,0.16266076266765594
5222,2,0,0,0.8631806373596191,0.07964323461055756,0.0571761317551136
5224,1,0,0,0.862055242061615,0.03594682738184929,0.10199794173240662
5225,2,0,0,0.8308550715446472,0.025085002183914185,0.14405986666679382
5226,1,0,0,0.730423629283905,0.18829582631587982,0.08128052949905396
5229,3,0,0,0.46489015221595764,0.17816992104053497,0.3569399416446686
5230,4,0,0,0.7631832957267761,0.19230106472969055,0.044515643268823624
5232,1,0,0,0.8531790375709534,0.021107381209731102,0.12571357190608978
5233,0,0,2,0.3411235213279724,0.07093457877635956,0.5879418849945068
5234,1,0,0,0.9159737229347229,0.05297399312257767,0.031052256003022194
5235,0,0,0,0.5570330619812012,0.0014211975503712893,0.4415457546710968
5238,1,0,0,0.7202324271202087,0.03050038404762745,0.24926717579364777
5239,4,0,0,0.8964707255363464,0.029291708022356033,0.07423767447471619
5240,1,0,0,0.5893415212631226,0.1445552110671997,0.26610320806503296
5241,1,0,0,0.5650203824043274,0.2895112931728363,0.1454683542251587
5244,1,0,0,0.6294896602630615,0.3401505947113037,0.030359720811247826
5245,2,0,0,0.6190193891525269,0.28340381383895874,0.0975768119096756
5246,3,0,1,0.05813010036945343,0.9403983354568481,0.0014716105069965124
5247,3,0,0,0.7566935420036316,0.0700649693608284,0.17324146628379822
5248,1,0,0,0.8860698938369751,0.054251573979854584,0.0596785694360733
5249,1,0,0,0.7202324271202087,0.03050038404762745,0.24926717579364777
5252,4,0,0,0.9459964036941528,0.011641481891274452,0.04236205294728279
5253,1,0,0,0.9159737229347229,0.05297399312257767,0.031052256003022194
5254,1,0,0,0.7570846080780029,0.017061684280633926,0.22585374116897583
5255,4,0,0,0.7878738045692444,0.05719276890158653,0.15493345260620117
5256,2,0,0,0.828453004360199,0.15851812064647675,0.013028834015130997
5257,0,0,1,0.346017450094223,0.4219619929790497,0.23202058672904968
5258,2,0,0,0.8397291898727417,0.08863142877817154,0.07163938879966736
5259,1,0,0,0.8299793601036072,0.02765207551419735,0.14236856997013092
5260,1,0,0,0.8472451567649841,0.12892219424247742,0.02383260987699032
5261,0,0,0,0.868824303150177,0.03928883746266365,0.09188687056303024
5263,4,0,0,0.597920298576355,0.16256240010261536,0.23951730132102966
5264,0,0,0,0.8783676028251648,0.06510786712169647,0.05652457848191261
5266,0,0,2,0.14183440804481506,0.061526618897914886,0.7966390252113342
5267,1,0,1,0.2578907012939453,0.7366994619369507,0.005409901961684227
5268,4,0,0,0.9634541273117065,0.0017419587820768356,0.03480389341711998
5269,2,0,0,0.729789674282074,0.19252918660640717,0.07768118381500244
5270,0,0,0,0.9514816999435425,0.002136537339538336,0.046381864696741104
5271,4,0,0,0.8405979871749878,0.02486412227153778,0.1345379501581192
5272,3,0,0,0.9093990921974182,0.020776046440005302,0.06982496380805969
5273,2,0,0,0.6570752859115601,0.28816530108451843,0.05475945770740509
5274,4,0,0,0.8107364177703857,0.0261340644210577,0.16312944889068604
5275,2,0,0,0.828453004360199,0.15851812064647675,0.013028834015130997
5276,2,0,1,0.3334692418575287,0.6407124400138855,0.02581830881536007
5277,1,0,0,0.9455188512802124,0.006095259916037321,0.04838595539331436
5280,3,0,0,0.9191986918449402,0.007281528320163488,0.07351983338594437
5281,4,0,0,0.6864532232284546,0.2614470422267914,0.05209968611598015
5283,3,0,0,0.8312612175941467,0.09466526657342911,0.07407348603010178
5284,0,0,0,0.9688567519187927,0.005508194677531719,0.02563505806028843
5285,3,0,0,0.7497226595878601,0.05178656429052353,0.19849078357219696
5286,3,2,2,0.0001563925907248631,0.0012782755075022578,0.9985653758049011
5287,4,0,0,0.45824483036994934,0.29542210698127747,0.246333047747612
5288,2,0,0,0.7679694890975952,0.02573031559586525,0.2063002586364746
5289,3,0,0,0.946768581867218,0.00689398217946291,0.0463375598192215
5290,3,0,0,0.921435534954071,0.015043333172798157,0.0635211318731308
5291,4,0,0,0.8256472945213318,0.0814255028963089,0.09292721003293991
5292,1,0,0,0.5875191688537598,0.4055326282978058,0.006948171183466911
5293,4,0,0,0.7700036764144897,0.06960544735193253,0.16039085388183594
5295,2,0,0,0.8915212750434875,0.03581124544143677,0.07266757637262344
5296,0,0,0,0.933222234249115,0.013145778328180313,0.05363196134567261
5297,3,0,0,0.7762593626976013,0.029158711433410645,0.19458189606666565
5298,3,0,0,0.8903738260269165,0.009144713170826435,0.10048147290945053
5299,0,0,1,0.2148304581642151,0.7271519303321838,0.05801757425069809
5300,2,0,2,0.2524876892566681,0.0037521610502153635,0.7437602281570435
5301,1,0,0,0.8710480332374573,0.1072181835770607,0.021733781322836876
5302,4,0,0,0.6426889896392822,0.3194608986377716,0.037850115448236465
5303,1,0,2,0.3957131505012512,0.1837620884180069,0.4205247461795807
5305,1,0,1,0.4045742154121399,0.46788135170936584,0.12754443287849426
5306,2,0,2,0.34961575269699097,0.05286753922700882,0.597516655921936
5307,4,0,2,0.3696238398551941,0.011021836660802364,0.6193543076515198
5308,4,0,0,0.7446600794792175,0.13800081610679626,0.11733908951282501
5309,1,0,0,0.6910380721092224,0.013659884221851826,0.29530203342437744
5310,4,0,0,0.7570211291313171,0.004281284753233194,0.23869755864143372
5311,4,0,0,0.9454933404922485,0.02325253002345562,0.03125418722629547
5312,3,0,0,0.6015541553497314,0.29838815331459045,0.10005772113800049
5314,4,0,0,0.9894812107086182,0.0011510695330798626,0.009367638267576694
5315,0,0,0,0.8564049601554871,0.007637528236955404,0.1359574794769287
5316,4,0,0,0.8692373633384705,0.008226211182773113,0.12253647297620773
5317,1,0,0,0.7714762091636658,0.16622641682624817,0.06229730322957039
5318,1,0,2,0.33207955956459045,0.024613674730062485,0.6433067321777344
5319,4,0,0,0.9074057936668396,0.009227607399225235,0.08336654305458069
5320,0,0,0,0.8797159790992737,0.039818182587623596,0.08046580851078033
5322,3,0,0,0.8209527134895325,0.0449981726706028,0.13404905796051025
5323,2,0,0,0.5027750730514526,0.1817328780889511,0.31549203395843506
5324,1,0,0,0.88033127784729,0.008283254690468311,0.1113855242729187
5326,3,0,2,0.06476043909788132,0.037344735115766525,0.8978948593139648
5327,2,0,0,0.8255477547645569,0.008158364333212376,0.1662939190864563
5328,2,0,0,0.9219717383384705,0.03265531361103058,0.04537287726998329
5329,1,0,1,0.25301119685173035,0.695344865322113,0.051643889397382736
5331,1,0,0,0.8886366486549377,0.011839536018669605,0.09952378273010254
5332,1,0,0,0.8910963535308838,0.016685867682099342,0.09221777319908142
5333,3,0,0,0.5461568832397461,0.3408624529838562,0.11298070847988129
5334,0,0,0,0.8275022506713867,0.0014194720424711704,0.17107820510864258
5335,4,0,0,0.7880353331565857,0.07496203482151031,0.13700257241725922
5336,1,0,0,0.7487773299217224,0.21150416135787964,0.03971848636865616
5337,1,0,1,0.03245774284005165,0.87127286195755,0.09626945853233337
5339,1,0,0,0.6003072261810303,0.3720937669277191,0.027598941698670387
5340,4,0,0,0.628842294216156,0.15089263021945953,0.22026509046554565
5342,1,0,0,0.7612818479537964,0.03590456768870354,0.20281361043453217
5345,4,0,0,0.940538227558136,0.01586291193962097,0.04359886422753334
5346,2,0,0,0.5376912355422974,0.2722098231315613,0.19009888172149658
5347,1,0,0,0.7312751412391663,0.2118401974439621,0.05688457563519478
5348,4,0,0,0.9297820329666138,0.004611409734934568,0.06560651957988739
5349,3,0,0,0.9201968312263489,0.010690025985240936,0.06911323219537735
5350,3,0,0,0.7079437971115112,0.044112201780080795,0.2479439675807953
5351,3,0,0,0.7870769500732422,0.09513958543539047,0.11778345704078674
5353,0,0,0,0.7207856774330139,0.01325069647282362,0.265963613986969
5354,4,0,0,0.8767245411872864,0.04201388359069824,0.08126161247491837
5355,1,0,0,0.6274637579917908,0.011251130141317844,0.36128515005111694
5358,1,0,0,0.974721372127533,0.01036142185330391,0.014917196705937386
5359,2,0,0,0.8432208299636841,0.004615118261426687,0.152164027094841
5361,1,0,0,0.8941482305526733,0.05799097195267677,0.047860849648714066
5362,1,0,0,0.6893588900566101,0.061290401965379715,0.24935072660446167
5363,1,0,0,0.8674705028533936,0.020831149071455002,0.11169836670160294
5364,2,0,0,0.868694543838501,0.08354886621236801,0.047756653279066086
5365,4,0,0,0.9228867888450623,0.013167123310267925,0.06394607573747635
5366,0,0,0,0.7589067220687866,0.13267609477043152,0.10841720551252365
5367,0,0,0,0.9603767991065979,0.01455656811594963,0.025066690519452095
5368,1,0,2,0.0011198075953871012,0.00042863344424404204,0.9984515905380249
5369,3,0,0,0.6465771794319153,0.05427040532231331,0.2991524040699005
5370,0,0,0,0.8913954496383667,0.005945742130279541,0.10265885293483734
5371,2,0,1,0.18382196128368378,0.7385029792785645,0.07767503708600998
5372,0,0,0,0.711531400680542,0.2720694839954376,0.016399096697568893
5373,3,0,0,0.8190075755119324,0.015413098968565464,0.16557936370372772
5374,1,0,0,0.9218185544013977,0.0473376139998436,0.030843868851661682
5375,1,0,0,0.6843352913856506,0.1580856442451477,0.15757901966571808
5376,1,0,0,0.8732717037200928,0.023248057812452316,0.10348016023635864
5377,1,0,0,0.7312751412391663,0.2118401974439621,0.05688457563519478
5378,4,0,0,0.8648288249969482,0.014591245912015438,0.12057996541261673
5379,2,0,2,0.47549593448638916,0.02181662805378437,0.5026874542236328
5380,4,0,0,0.7486658096313477,0.14972379803657532,0.10161036252975464
5381,1,0,0,0.632199227809906,0.045308712869882584,0.3224920630455017
5382,3,0,0,0.9456822276115417,0.01674477942287922,0.037573035806417465
5383,4,0,0,0.6497313380241394,0.0759112685918808,0.2743573784828186
5384,3,0,0,0.8571034073829651,0.01757184788584709,0.1253248006105423
5387,2,0,0,0.6605225205421448,0.24087613821029663,0.09860137104988098
5388,2,0,0,0.9481623768806458,0.03334580734372139,0.01849175989627838
5389,3,0,0,0.8943987488746643,0.018278639763593674,0.08732260018587112
5390,3,0,1,0.013613519258797169,0.9857450127601624,0.0006414853851310909
5391,4,0,0,0.7208077907562256,0.0179804228246212,0.2612117826938629
5394,3,0,0,0.919619083404541,0.016369124874472618,0.06401178985834122
5395,3,0,0,0.7722060084342957,0.04830101504921913,0.1794929802417755
5397,1,0,0,0.8992642760276794,0.02628762274980545,0.0744481235742569
5399,1,0,0,0.6479455232620239,0.03373286873102188,0.3183215856552124
5402,3,0,0,0.8520404100418091,0.02909143641591072,0.11886822432279587
5404,3,0,2,0.3341420590877533,0.0007068237755447626,0.6651511192321777
5406,4,0,0,0.9232950210571289,0.019760727882385254,0.056944239884614944
5408,1,0,1,0.26300475001335144,0.6702759265899658,0.06671930104494095
5409,0,0,0,0.9781925678253174,0.0013444556389003992,0.020462889224290848
5410,0,0,2,0.2645491063594818,0.31611308455467224,0.41933777928352356
5412,4,0,0,0.855365514755249,0.02987954020500183,0.11475491523742676
5413,3,0,0,0.5809300541877747,0.045255906879901886,0.3738139569759369
5414,4,0,2,0.265475332736969,0.045791808515787125,0.6887328028678894
5415,1,0,0,0.8475378751754761,0.03730205073952675,0.11516004800796509
5416,3,0,0,0.60504150390625,0.3548026978969574,0.04015578329563141
5417,1,0,0,0.8802058100700378,0.01727217622101307,0.10252193361520767
5420,2,0,0,0.9213378429412842,0.028810657560825348,0.04985139146447182
5421,2,0,0,0.4721958339214325,0.06956851482391357,0.45823565125465393
5422,1,0,0,0.8037012219429016,0.1750703752040863,0.021228376775979996
5425,1,0,0,0.7612818479537964,0.03590456768870354,0.20281361043453217
5428,4,0,0,0.940538227558136,0.01586291193962097,0.04359886422753334
5429,2,0,0,0.5376912355422974,0.2722098231315613,0.19009888172149658
5430,1,0,0,0.7312751412391663,0.2118401974439621,0.05688457563519478
5431,4,0,0,0.9297820329666138,0.004611409734934568,0.06560651957988739
5432,3,0,0,0.9201968312263489,0.010690031573176384,0.06911323219537735
5433,3,0,0,0.7079437971115112,0.04411221295595169,0.24794398248195648
5434,3,0,0,0.7870769500732422,0.09513958543539047,0.11778345704078674
5436,0,0,0,0.7207856774330139,0.01325069647282362,0.265963613986969
5437,4,0,0,0.8767245411872864,0.04201388359069824,0.08126161247491837
5438,1,0,0,0.6274637579917908,0.011251130141317844,0.36128515005111694
5441,1,0,0,0.974721372127533,0.01036142185330391,0.014917196705937386
5442,2,0,0,0.8432208299636841,0.004615118261426687,0.152164027094841
5444,1,0,0,0.8941482305526733,0.05799097195267677,0.047860849648714066
5445,1,0,0,0.6893588900566101,0.061290401965379715,0.24935072660446167
5446,1,0,0,0.8674705028533936,0.020831149071455002,0.11169836670160294
5447,2,0,0,0.868694543838501,0.08354886621236801,0.047756653279066086
5448,4,0,0,0.9228867888450623,0.013167123310267925,0.06394607573747635
5449,0,0,0,0.7589067220687866,0.13267609477043152,0.10841720551252365
5450,0,0,0,0.9603767991065979,0.01455656811594963,0.025066690519452095
5451,1,0,2,0.0011198075953871012,0.00042863344424404204,0.9984515905380249
5452,3,0,0,0.6465771794319153,0.05427040532231331,0.2991524040699005
5453,0,0,0,0.8913954496383667,0.005945742130279541,0.10265885293483734
5454,2,0,1,0.18382196128368378,0.7385029792785645,0.07767503708600998
5455,0,0,0,0.711531400680542,0.2720694839954376,0.016399096697568893
5456,3,0,0,0.8190074563026428,0.01541309803724289,0.1655793935060501
5457,1,0,0,0.9218185544013977,0.0473376139998436,0.030843868851661682
5458,1,0,0,0.6843352913856506,0.1580856442451477,0.15757901966571808
5459,1,0,0,0.8732717037200928,0.023248057812452316,0.10348016023635864
5460,1,0,0,0.7312751412391663,0.2118401974439621,0.05688457563519478
5461,4,0,0,0.8648288249969482,0.014591245912015438,0.12057996541261673
5462,2,0,2,0.47549593448638916,0.02181662805378437,0.5026874542236328
5463,4,0,0,0.7486658096313477,0.14972379803657532,0.10161036252975464
5464,1,0,0,0.632199227809906,0.045308712869882584,0.3224920630455017
5465,3,0,0,0.9456822276115417,0.01674477942287922,0.037573035806417465
5466,4,0,0,0.649731457233429,0.07591122388839722,0.2743573486804962
5467,3,0,0,0.8571034073829651,0.01757184788584709,0.1253247857093811
5470,2,0,0,0.6605225205421448,0.24087613821029663,0.09860137104988098
5471,2,0,0,0.9481623768806458,0.03334580734372139,0.01849175989627838
5472,3,0,0,0.8943987488746643,0.018278639763593674,0.08732260018587112
5473,3,0,1,0.013613519258797169,0.9857450127601624,0.0006414853851310909
5474,4,0,0,0.7208077907562256,0.0179804228246212,0.2612117826938629
5477,3,0,0,0.919619083404541,0.016369124874472618,0.06401178985834122
5478,3,0,0,0.7722060084342957,0.04830101504921913,0.1794929802417755
5480,1,0,0,0.8992642760276794,0.02628762274980545,0.0744481235742569
5482,1,0,0,0.6479455232620239,0.03373286873102188,0.3183215856552124
5485,3,0,0,0.8520404100418091,0.02909143641591072,0.11886822432279587
5487,3,0,2,0.3341420590877533,0.0007068237755447626,0.6651511192321777
5489,4,0,0,0.9232950210571289,0.019760727882385254,0.056944239884614944
5491,1,0,1,0.26300475001335144,0.6702759265899658,0.06671930104494095
5492,0,0,0,0.9781925678253174,0.0013444556389003992,0.020462889224290848
5493,0,0,2,0.2645491063594818,0.31611308455467224,0.41933777928352356
5495,4,0,0,0.855365514755249,0.02987954020500183,0.11475491523742676
5496,3,0,0,0.5809300541877747,0.045255906879901886,0.3738139569759369
5497,4,0,2,0.265475332736969,0.045791808515787125,0.6887328028678894
5498,1,0,0,0.8475378751754761,0.03730205073952675,0.11516004800796509
5499,3,0,0,0.60504150390625,0.3548026978969574,0.04015578329563141
5500,1,0,0,0.8802058100700378,0.01727217622101307,0.10252193361520767
5503,2,0,0,0.9213378429412842,0.028810657560825348,0.04985139146447182
5504,2,0,0,0.4721958339214325,0.06956851482391357,0.45823565125465393
5505,1,0,0,0.8037012219429016,0.1750703752040863,0.021228376775979996
5508,3,0,0,0.6896497011184692,0.07140430063009262,0.23894597589969635
5509,4,0,0,0.7880167961120605,0.021021049469709396,0.19096212089061737
5512,2,0,0,0.9213378429412842,0.028810657560825348,0.04985139146447182
5513,4,0,0,0.9485307931900024,0.017434336245059967,0.03403482958674431
5514,1,0,1,0.27920839190483093,0.4852939546108246,0.23549768328666687
5516,3,0,0,0.60504150390625,0.3548026978969574,0.04015578329563141
5518,0,0,0,0.611299991607666,0.18548162281513214,0.20321838557720184
5520,4,0,0,0.7875779271125793,0.17956656217575073,0.03285554423928261
5521,1,0,0,0.9366189241409302,0.011869009584188461,0.05151205137372017
5522,1,0,0,0.8531790375709534,0.021107381209731102,0.12571360170841217
5523,0,0,2,0.3411235213279724,0.07093457877635956,0.5879418849945068
5524,1,0,0,0.9159737229347229,0.05297399312257767,0.03105226159095764
5525,0,0,0,0.5570330619812012,0.0014211969682946801,0.4415457546710968
5528,1,0,0,0.7202324271202087,0.03050038404762745,0.24926716089248657
5529,4,0,0,0.8964707255363464,0.029291708022356033,0.07423767447471619
5530,1,0,0,0.5893415212631226,0.1445552110671997,0.26610320806503296
5531,1,0,0,0.5650203824043274,0.2895112931728363,0.1454683542251587
5534,1,0,0,0.6294896602630615,0.3401505947113037,0.030359720811247826
5535,2,0,0,0.6190193891525269,0.28340381383895874,0.0975768119096756
5536,3,0,1,0.05813010782003403,0.9403982162475586,0.0014716103905811906
5537,3,0,0,0.7566935420036316,0.0700649693608284,0.1732414960861206
5538,1,0,0,0.8860698938369751,0.054251573979854584,0.0596785694360733
5539,1,0,0,0.7202324271202087,0.03050038404762745,0.24926716089248657
5542,4,0,0,0.9459964036941528,0.011641481891274452,0.04236205294728279
5543,1,0,0,0.9159737229347229,0.05297399312257767,0.03105226159095764
5544,1,0,0,0.7570845484733582,0.017061682417988777,0.22585375607013702
5545,4,0,0,0.7878738045692444,0.05719276890158653,0.15493345260620117
5546,2,0,0,0.828453004360199,0.15851812064647675,0.013028834015130997
5547,0,0,1,0.346017450094223,0.4219619929790497,0.23202058672904968
5548,2,0,0,0.8397291898727417,0.08863142877817154,0.07163938879966736
5549,1,0,0,0.8299793601036072,0.027652062475681305,0.14236856997013092
5550,1,0,0,0.8472451567649841,0.1289222091436386,0.02383260987699032
5551,0,0,0,0.868824303150177,0.03928883746266365,0.09188687056303024
5553,4,0,0,0.597920298576355,0.16256240010261536,0.23951730132102966
5554,0,0,0,0.8783676028251648,0.06510786712169647,0.05652457848191261
5556,0,0,2,0.14183440804481506,0.061526618897914886,0.7966390252113342
5557,1,0,1,0.2578907310962677,0.7366993427276611,0.005409901030361652
5558,4,0,0,0.9634541273117065,0.0017419587820768356,0.03480389341711998
5559,2,0,0,0.729789674282074,0.19252918660640717,0.07768118381500244
5560,0,0,0,0.9514816999435425,0.002136537339538336,0.046381864696741104
5561,4,0,0,0.8405979871749878,0.02486412227153778,0.1345379501581192
5562,3,0,0,0.9093990921974182,0.020776046440005302,0.0698249414563179
5563,2,0,0,0.6570752859115601,0.28816530108451843,0.05475945770740509
5564,4,0,0,0.8107364177703857,0.0261340644210577,0.16312944889068604
5565,2,0,0,0.828453004360199,0.15851812064647675,0.013028834015130997
5566,2,0,1,0.3334692418575287,0.6407124400138855,0.02581830881536007
5567,1,0,0,0.9455188512802124,0.006095259916037321,0.048385944217443466
5570,3,0,0,0.9191986918449402,0.007281528320163488,0.07351983338594437
5571,4,0,0,0.6864532232284546,0.2614470422267914,0.05209968611598015
5573,3,0,0,0.8312612175941467,0.0946652963757515,0.07407350838184357
5574,0,0,0,0.9688567519187927,0.005508194677531719,0.02563505806028843
5575,3,0,0,0.7497226595878601,0.05178656429052353,0.19849078357219696
5576,3,2,2,0.0001563925907248631,0.0012782743433490396,0.9985653758049011
5577,4,0,0,0.45824483036994934,0.29542210698127747,0.246333047747612
5578,2,0,0,0.7679694890975952,0.02573031559586525,0.2063002586364746
5579,3,0,0,0.946768581867218,0.006893979385495186,0.0463375486433506
5580,3,0,0,0.921435534954071,0.015043333172798157,0.0635211318731308
5581,4,0,0,0.8256472945213318,0.0814255028963089,0.09292721003293991
5582,1,0,0,0.5875192284584045,0.4055326282978058,0.0069481679238379
5583,4,0,0,0.7700036764144897,0.06960544735193253,0.16039085388183594
5585,2,0,0,0.8915212750434875,0.03581124544143677,0.07266757637262344
5586,0,0,0,0.933222234249115,0.013145778328180313,0.05363196134567261
5587,3,0,0,0.7762594223022461,0.029158705845475197,0.19458188116550446
5588,3,0,0,0.8903738260269165,0.009144704788923264,0.10048147290945053
5589,0,0,1,0.2148304581642151,0.7271519303321838,0.05801757425069809
5590,2,0,2,0.2524876296520233,0.003752161515876651,0.7437602877616882
5591,1,0,0,0.8710480332374573,0.1072181835770607,0.021733781322836876
5592,4,0,0,0.6426889896392822,0.3194608986377716,0.037850115448236465
5593,1,0,2,0.3957131505012512,0.1837620884180069,0.4205247461795807
5595,1,0,1,0.4045742154121399,0.46788135170936584,0.12754443287849426
5596,2,0,2,0.34961575269699097,0.05286753922700882,0.597516655921936
5597,4,0,2,0.3696238398551941,0.011021836660802364,0.6193543076515198
5598,4,0,0,0.7446600794792175,0.13800081610679626,0.11733908951282501
5599,1,0,0,0.6910380721092224,0.013659884221851826,0.29530203342437744
5600,4,0,0,0.7570211291313171,0.004281284753233194,0.23869755864143372
5601,4,0,0,0.9454933404922485,0.02325253002345562,0.03125418722629547
5602,3,0,0,0.6015541553497314,0.29838818311691284,0.10005773603916168
5604,4,0,0,0.9894812107086182,0.0011510695330798626,0.009367638267576694
5605,0,0,0,0.8564049601554871,0.007637528236955404,0.1359574794769287
5606,4,0,0,0.8692373633384705,0.008226211182773113,0.12253647297620773
5607,1,0,0,0.7714762091636658,0.16622641682624817,0.06229730322957039
5608,1,0,2,0.33207955956459045,0.024613674730062485,0.6433067321777344
5609,4,0,0,0.9074057936668396,0.009227607399225235,0.08336654305458069
5610,0,0,0,0.8797159790992737,0.039818182587623596,0.08046580851078033
5612,3,0,0,0.8209528923034668,0.0449981689453125,0.13404904305934906
5613,2,0,0,0.5027750730514526,0.1817328780889511,0.31549203395843506
5614,1,0,0,0.88033127784729,0.008283254690468311,0.1113855242729187
5616,4,0,0,0.7985353469848633,0.012537146918475628,0.18892748653888702
5617,2,0,0,0.5074843764305115,0.03653455153107643,0.4559810757637024
5618,0,0,0,0.584265410900116,0.18223945796489716,0.2334951013326645
5619,3,0,0,0.902496337890625,0.016650555655360222,0.08085309714078903
5620,0,0,2,0.12645955383777618,0.03264026343822479,0.8409002423286438
5621,4,0,0,0.8177463412284851,0.045072294771671295,0.13718128204345703
5622,4,0,0,0.7216963768005371,0.19420352578163147,0.0841001346707344
5623,1,0,0,0.9359906315803528,0.03470280021429062,0.02930663898587227
5624,3,0,0,0.5970792770385742,0.38829508423805237,0.0146256722509861
5625,2,0,0,0.6866428852081299,0.1657395213842392,0.14761748909950256
5626,4,0,0,0.733222246170044,0.13681532442569733,0.12996241450309753
5627,0,0,0,0.5624478459358215,0.03952714800834656,0.3980250060558319
5628,3,0,0,0.7095824480056763,0.06812436133623123,0.22229313850402832
5629,0,0,0,0.8631891012191772,0.08538910746574402,0.05142180621623993
5630,1,0,0,0.7659843564033508,0.03508564457297325,0.1989300698041916
5631,1,0,0,0.8993661999702454,0.00793803296983242,0.09269581735134125
5633,0,0,0,0.863389790058136,0.03538208454847336,0.10122810304164886
5634,2,0,0,0.8181748986244202,0.08507019281387329,0.09675499051809311
5635,3,0,2,0.0961136445403099,0.009568626061081886,0.8943176865577698
5636,4,0,0,0.9452288150787354,0.027838563546538353,0.026932667940855026
5637,3,0,0,0.934979259967804,0.009029706008732319,0.05599101260304451
5638,1,0,1,0.1374460756778717,0.7351275682449341,0.127426415681839
5639,0,0,0,0.8919230103492737,0.015018686652183533,0.09305833280086517
5640,1,0,2,0.0011991077335551381,0.0008846912533044815,0.9979161620140076
5641,3,0,0,0.5749301314353943,0.27488961815834045,0.15018022060394287
5642,3,0,1,0.2885797321796417,0.6163256764411926,0.09509459137916565
5643,4,0,0,0.9050031304359436,0.029718555510044098,0.06527829170227051
5644,0,0,2,0.19388459622859955,0.019504396244883537,0.7866109609603882
5646,4,0,2,0.3094543516635895,0.018091971054673195,0.6724536418914795
5647,4,0,0,0.6760210394859314,0.008126793429255486,0.3158521056175232
5649,2,0,0,0.805432140827179,0.017544671893119812,0.17702323198318481
5651,1,0,0,0.9473693370819092,0.012905478477478027,0.03972515091300011
5652,3,0,0,0.7201009392738342,0.03501239791512489,0.24488666653633118
5654,4,0,0,0.5550292730331421,0.3569731116294861,0.08799761533737183
5655,4,0,0,0.9173959493637085,0.008002737537026405,0.07460132986307144
5656,0,2,2,0.002036589663475752,0.00014383051893673837,0.9978196620941162
5657,2,0,0,0.7033532857894897,0.2714200019836426,0.025226639583706856
5658,4,0,1,0.43174681067466736,0.5397853255271912,0.02846788801252842
5659,0,0,0,0.9404973387718201,0.038841765373945236,0.020660830661654472
5660,2,0,0,0.9181389808654785,0.007449219468981028,0.07441181689500809
5661,0,0,0,0.6275439858436584,0.29365110397338867,0.07880493998527527
5662,2,0,0,0.6530241966247559,0.13121771812438965,0.21575814485549927
5664,3,0,0,0.8401892781257629,0.029927168041467667,0.12988360226154327
5666,1,0,0,0.5707448124885559,0.05951935797929764,0.36973583698272705
5667,4,0,0,0.7531937956809998,0.05575144290924072,0.19105471670627594
5669,1,0,0,0.45456185936927795,0.39280766248703003,0.1526304930448532
5670,2,0,2,0.2654217779636383,0.01701268181204796,0.7175654768943787
5671,1,0,0,0.6121859550476074,0.17870110273361206,0.20911286771297455
5673,0,0,0,0.7217612266540527,0.14406396448612213,0.13417477905750275
5674,0,0,2,0.342431902885437,0.0037164317909628153,0.6538516283035278
5675,1,0,0,0.6896918416023254,0.07129324972629547,0.23901493847370148
5676,1,0,0,0.8012876510620117,0.017010673880577087,0.18170173466205597
5677,3,0,0,0.8855107426643372,0.08266057819128036,0.03182864189147949
5679,0,0,0,0.8288007378578186,0.018348591402173042,0.15285064280033112
5680,0,0,0,0.9353057146072388,0.011443058960139751,0.0532512366771698
5681,2,0,0,0.82746821641922,0.04462026059627533,0.12791156768798828
5682,4,0,0,0.8202093243598938,0.06411752104759216,0.11567322909832001
5683,1,0,2,0.37846240401268005,0.20344798266887665,0.41808953881263733
5684,2,0,1,0.2711293399333954,0.7079088687896729,0.020961791276931763
5685,4,0,0,0.7903951406478882,0.00302790361456573,0.20657695829868317
5686,0,0,0,0.9487497210502625,0.03142353519797325,0.019826697185635567
5688,0,0,2,0.20356328785419464,0.00891169998794794,0.7875250577926636
5689,3,0,0,0.8270508646965027,0.08869647234678268,0.0842527449131012
5690,2,0,0,0.9484792947769165,0.0031684127170592546,0.04835228621959686
5691,2,0,0,0.6089327931404114,0.3296341001987457,0.061433058232069016
5693,2,0,0,0.8443880081176758,0.03716602548956871,0.118445985019207
5694,3,0,0,0.9402744770050049,0.010019540786743164,0.04970591142773628
5695,2,0,0,0.8884069919586182,0.038672056049108505,0.07292096316814423
5696,1,0,0,0.7053110003471375,0.1660877913236618,0.12860120832920074
5697,0,0,0,0.8108636140823364,0.15679283440113068,0.03234351426362991
5698,0,0,0,0.619633674621582,0.1393335610628128,0.24103277921676636
5699,1,0,1,0.08533298969268799,0.9073824286460876,0.007284550927579403
5700,2,0,0,0.8122725486755371,0.005644593853503466,0.1820828765630722
5701,0,0,0,0.8699590563774109,0.010725678876042366,0.1193152666091919
5702,2,0,2,0.39287713170051575,0.014081393368542194,0.5930415391921997
5703,3,0,0,0.8928045630455017,0.01164580974727869,0.09554952383041382
5704,2,0,2,0.0840165838599205,0.008268049918115139,0.907715380191803
5706,3,0,2,0.16024218499660492,0.13569581508636475,0.7040620446205139
5707,1,0,0,0.8349237442016602,0.04052121937274933,0.12455511093139648
5709,0,0,0,0.8632801175117493,0.012193175964057446,0.12452668696641922
5711,3,0,2,0.16024218499660492,0.13569581508636475,0.7040620446205139
5712,0,0,0,0.882666289806366,0.013897736556828022,0.10343600809574127
5713,0,0,0,0.9221110343933105,0.03088434785604477,0.047004710882902145
5714,1,0,0,0.895484983921051,0.06792248785495758,0.0365925207734108
5716,1,0,2,0.23566968739032745,0.0042314981110394,0.7600987553596497
5720,2,0,0,0.7851870059967041,0.18637295067310333,0.028440095484256744
5721,2,0,0,0.8232142329216003,0.05158976837992668,0.12519600987434387
5723,1,0,0,0.7790047526359558,0.16839197278022766,0.05260336026549339
5724,1,0,2,0.4099138677120209,0.02023833990097046,0.569847822189331
5725,1,0,2,0.15431979298591614,0.0066435071639716625,0.839036762714386
5726,3,0,1,0.4298434853553772,0.4622233211994171,0.1079331785440445
5727,0,0,2,0.14681793749332428,0.010173617862164974,0.8430083990097046
5728,0,0,0,0.5609506368637085,0.07779201865196228,0.36125731468200684
5729,3,0,0,0.8507157564163208,0.028497641906142235,0.12078660726547241
5730,0,0,0,0.9350754618644714,0.022223422303795815,0.04270108416676521
5732,3,0,0,0.7334265112876892,0.08961278945207596,0.1769607663154602
5733,3,0,0,0.5078932642936707,0.29104816913604736,0.20105858147144318
5734,1,0,0,0.9800577163696289,0.005820204969495535,0.01412208005785942
5736,3,0,0,0.6888508796691895,0.02450704015791416,0.2866421341896057
5737,3,0,0,0.807043731212616,0.11076521873474121,0.08219102025032043
5738,0,0,0,0.816877543926239,0.053506605327129364,0.12961582839488983
5739,4,0,0,0.8880845904350281,0.031815849244594574,0.08009956777095795
5740,4,0,0,0.8950682878494263,0.02680705301463604,0.07812460511922836
5741,1,0,0,0.966704785823822,0.00270877149887383,0.030586479231715202
5743,0,0,0,0.8001692295074463,0.07503346353769302,0.12479737401008606
5744,2,0,0,0.84537672996521,0.09422942996025085,0.060393866151571274
5745,2,0,0,0.8651694655418396,0.026852495968341827,0.10797803103923798
5747,0,0,0,0.9375789761543274,0.02249538153409958,0.039925649762153625
5748,2,0,0,0.9145755767822266,0.02535438723862171,0.06007000431418419
5749,3,2,2,0.0007489438285119832,0.008964059874415398,0.9902869462966919
5750,0,0,2,0.3909664452075958,0.01924366131424904,0.589789867401123
5751,1,0,1,0.46039146184921265,0.48641160130500793,0.05319684371352196
5752,3,0,0,0.8807837963104248,0.05974479764699936,0.05947137624025345
5753,1,0,1,0.3820752799510956,0.5980057716369629,0.019918939098715782
5754,1,0,0,0.6368716955184937,0.0036696300376206636,0.35945865511894226
5755,0,0,0,0.7154856324195862,0.08105199784040451,0.2034623622894287
5756,3,0,0,0.7023432850837708,0.006250104401260614,0.2914065718650818
5757,2,0,0,0.8992845416069031,0.033728621900081635,0.06698677688837051
5758,0,0,0,0.6769059300422668,0.25128525495529175,0.07180878520011902
5759,3,0,0,0.8873122930526733,0.03089909814298153,0.0817885771393776
5760,4,0,0,0.6629948019981384,0.097133107483387,0.23987215757369995
5761,2,0,1,0.05626782029867172,0.9397783279418945,0.00395383033901453
5762,0,0,0,0.6465644240379333,0.32595741748809814,0.02747814729809761
5763,0,0,0,0.9422977566719055,0.04262977093458176,0.015072399750351906
5766,2,0,0,0.7811608910560608,0.028561605140566826,0.19027750194072723
5767,0,0,1,0.18828292191028595,0.7848947048187256,0.026822298765182495
5771,0,0,2,0.41889873147010803,0.13154059648513794,0.44956067204475403
5772,0,0,0,0.7427822351455688,0.012417090125381947,0.24480076134204865
5773,4,2,2,0.0410909503698349,0.02952434867620468,0.929384708404541
5774,0,0,0,0.907798171043396,0.040115199983119965,0.05208660289645195
5775,1,0,2,0.2317284643650055,0.029290737584233284,0.7389808297157288
5776,3,0,1,0.4389724135398865,0.5114896297454834,0.04953797161579132
5777,4,0,0,0.8141442537307739,0.022652175277471542,0.16320347785949707
5778,1,0,2,0.40490639209747314,0.018480345606803894,0.5766133069992065
5779,2,0,0,0.9182838201522827,0.013799475505948067,0.06791672110557556
5781,4,0,2,0.1392526924610138,0.004330728203058243,0.8564164638519287
5782,1,0,2,0.12775492668151855,0.10003276914358139,0.7722123861312866
5784,1,0,0,0.719358503818512,0.0772206261754036,0.20342087745666504
5785,0,0,0,0.907798171043396,0.040115199983119965,0.05208660289645195
5787,0,0,0,0.948305606842041,0.019848261028528214,0.03184607997536659
5788,2,0,1,0.0025075345765799284,0.9962325692176819,0.001259870594367385
5789,1,0,0,0.8988152146339417,0.008003228344023228,0.09318151324987411
5790,0,0,0,0.8682136535644531,0.010011154226958752,0.12177523970603943
5791,4,0,0,0.7457036375999451,0.0053234645165503025,0.24897293746471405
5792,0,0,0,0.564716100692749,0.3525770306587219,0.08270690590143204
5793,2,0,0,0.8844737410545349,0.024637345224618912,0.09088894724845886
5794,4,0,2,0.05505066737532616,0.0019271463388577104,0.9430221319198608
5795,4,2,2,2.048347596428357e-05,0.016280151903629303,0.9836993217468262
5796,0,0,0,0.9230185747146606,0.05363285169005394,0.023348545655608177
5797,3,0,0,0.4791814088821411,0.04636223614215851,0.47445639967918396
5798,4,0,0,0.5630295276641846,0.05266984924674034,0.3843005895614624
5801,4,0,0,0.5304398536682129,0.4550829827785492,0.014477169141173363
5802,0,0,1,0.2730492949485779,0.6080580949783325,0.11889255046844482
5803,0,0,0,0.912684440612793,0.0033756927587091923,0.08393986523151398
5805,3,0,1,0.3480873703956604,0.3729061782360077,0.27900639176368713
5806,3,0,0,0.8961148262023926,0.04029727727174759,0.06358795613050461
5807,4,0,0,0.4692228138446808,0.3345712721347809,0.19620588421821594
5809,3,0,2,0.3301470875740051,0.10279116034507751,0.5670617818832397
5810,2,0,2,0.1440836638212204,0.02812962606549263,0.8277867436408997
5811,2,0,1,0.13083401322364807,0.8202695250511169,0.0488964281976223
5814,3,0,2,0.05256238952279091,0.10958905518054962,0.8378484845161438
5815,3,0,0,0.7799949645996094,0.046144887804985046,0.17386013269424438
5816,4,0,0,0.9056965708732605,0.03822941705584526,0.05607397481799126
5817,2,0,0,0.803591251373291,0.014446389861404896,0.18196237087249756
5818,0,0,0,0.7246942520141602,0.0468013733625412,0.22850434482097626
5821,2,0,1,0.13083401322364807,0.8202695250511169,0.0488964281976223
5822,3,0,0,0.7857108116149902,0.029676951467990875,0.18461214005947113
5824,0,0,0,0.8078466653823853,0.02387405000627041,0.1682792603969574
5826,1,0,2,0.35480207204818726,0.2897739112377167,0.35542401671409607
5828,3,0,0,0.48253798484802246,0.043553780764341354,0.47390827536582947
5829,2,0,0,0.5707452893257141,0.11920958012342453,0.31004512310028076
5830,2,0,0,0.5821245312690735,0.015036659315228462,0.402838796377182
5832,2,0,0,0.8992530107498169,0.010384766384959221,0.09036223590373993
5833,4,0,0,0.8878167867660522,0.023680509999394417,0.08850272744894028
5834,1,0,1,0.20677191019058228,0.7829190492630005,0.010309016332030296
5835,1,0,2,0.003020414849743247,0.002407174091786146,0.9945724606513977
5836,2,0,0,0.8375715017318726,0.011074462905526161,0.15135404467582703
5837,3,0,2,0.36552733182907104,0.014927340671420097,0.6195453405380249
5838,4,0,0,0.6070341467857361,0.009745640680193901,0.3832201659679413
5839,2,0,0,0.5447927117347717,0.02201736904680729,0.43318989872932434
5840,0,0,0,0.8018062114715576,0.04992963373661041,0.14826415479183197
5841,3,0,0,0.8874797821044922,0.037883590906858444,0.07463668286800385
5842,0,0,0,0.8931604027748108,0.027122188359498978,0.07971736043691635
5843,1,0,0,0.5451709032058716,0.3991958796977997,0.05563315004110336
5844,1,0,0,0.6907172799110413,0.06413447111845016,0.24514827132225037
5845,0,0,0,0.8018062114715576,0.04992963373661041,0.14826415479183197
5846,2,0,0,0.5447927117347717,0.02201736904680729,0.43318989872932434
5847,4,0,0,0.6070341467857361,0.009745640680193901,0.3832201659679413
5848,3,0,2,0.0716690719127655,0.01622578129172325,0.912105143070221
5850,3,0,0,0.4858376979827881,0.4291099011898041,0.08505231887102127
5852,3,0,1,0.13776174187660217,0.837791383266449,0.02444693259894848
5854,1,0,0,0.9752783179283142,0.007211803458631039,0.017509864643216133
5855,4,0,0,0.7889097332954407,0.10510939359664917,0.10598082840442657
5856,2,0,0,0.8710020780563354,0.04872511699795723,0.08027278631925583
5858,3,0,2,0.36302289366722107,0.26524221897125244,0.3717348873615265
5859,0,0,0,0.9727569222450256,0.012273173779249191,0.014969984069466591
5861,3,0,0,0.5555739998817444,0.03504426032304764,0.40938177704811096
5862,4,0,0,0.8938310742378235,0.05325514078140259,0.05291382223367691
5863,0,0,0,0.7173585891723633,0.11716782301664352,0.16547352075576782
5864,1,0,0,0.8916375637054443,0.015988191589713097,0.0923742726445198
5865,2,0,2,0.41014906764030457,0.11546455323696136,0.4743863642215729
5866,1,0,1,0.27261126041412354,0.5973529815673828,0.13003574311733246
5867,3,0,0,0.9172914028167725,0.022043658420443535,0.06066485866904259
5868,1,0,1,0.45681560039520264,0.5173050761222839,0.025879330933094025
5869,3,0,0,0.5555739998817444,0.03504426032304764,0.40938177704811096
5870,3,0,0,0.5562832355499268,0.09138460457324982,0.3523321747779846
5871,0,0,0,0.7879061698913574,0.005757765844464302,0.20633603632450104
5872,4,0,0,0.7889097332954407,0.10510939359664917,0.10598082840442657
5875,1,0,0,0.867922842502594,0.06357520818710327,0.06850200146436691
5876,0,0,0,0.925094723701477,0.002711651148274541,0.07219363749027252
5877,1,0,2,0.28276705741882324,0.02766006626188755,0.689572811126709
5878,4,0,0,0.5705036520957947,0.38357236981391907,0.045924000442028046
5880,3,0,2,0.23962540924549103,0.00476456992328167,0.7556100487709045
5881,0,0,0,0.9455698728561401,0.006129431538283825,0.048300668597221375
5882,2,0,0,0.5836554169654846,0.061731819063425064,0.35461270809173584
5883,0,0,0,0.9691819548606873,0.011165134608745575,0.0196529570966959
5884,4,0,0,0.8481680750846863,0.0764947384595871,0.07533717155456543
5885,0,0,0,0.8820720911026001,0.025771452113986015,0.09215641766786575
5888,1,0,0,0.8780624866485596,0.04345044121146202,0.07848700881004333
5889,4,0,0,0.7617897391319275,0.08523329347372055,0.15297694504261017
5890,1,0,0,0.9664493203163147,0.0033798550721257925,0.03017076663672924
5891,2,0,0,0.5836554169654846,0.061731819063425064,0.35461270809173584
5892,0,0,0,0.7465343475341797,0.09684482216835022,0.1566208153963089
5894,3,0,2,0.19824637472629547,0.003238095436245203,0.7985155582427979
5895,1,0,0,0.9025373458862305,0.04439730569720268,0.053065426647663116
5896,2,0,0,0.9398910999298096,0.00700141629204154,0.05310748144984245
5897,3,0,0,0.4917750954627991,0.4214048981666565,0.08682001382112503
5898,1,0,0,0.7779344320297241,0.012603336945176125,0.2094622403383255
5899,1,0,0,0.797643780708313,0.036524590104818344,0.16583165526390076
5900,1,0,0,0.9032133221626282,0.024153979495167732,0.07263273000717163
5901,1,0,0,0.7864894866943359,0.15488015115261078,0.05863039195537567
5902,1,0,0,0.7737810611724854,0.13464292883872986,0.0915759801864624
5903,2,0,2,0.4537465274333954,0.03394658491015434,0.5123068690299988
5904,0,0,0,0.9225447177886963,0.03620252385735512,0.04125278443098068
5905,4,0,0,0.821602463722229,0.01555024553090334,0.16284731030464172
5906,3,0,0,0.5080102682113647,0.055762361735105515,0.43622732162475586
5907,0,0,0,0.8607511520385742,0.06945222616195679,0.0697966143488884
5908,1,2,2,4.111038288101554e-05,0.0004117682983633131,0.9995470643043518
5910,4,2,2,0.00021549934172071517,2.773678170342464e-05,0.9997567534446716
5911,2,0,1,0.09728904813528061,0.8818200826644897,0.02089083008468151
5912,0,0,0,0.920271635055542,0.011540095321834087,0.06818830221891403
5913,1,0,2,0.2907199561595917,0.00474792392924428,0.7045320868492126
5914,4,0,0,0.9357311725616455,0.007667427882552147,0.056601397693157196
5915,2,0,2,0.21761909127235413,0.22284409403800964,0.5595368146896362
5916,0,0,0,0.6975695490837097,0.050824154168367386,0.2516062259674072
5919,1,0,0,0.6978971362113953,0.24774938821792603,0.05435342341661453
5920,1,0,2,0.01799689792096615,0.011503309942781925,0.9704997539520264
5921,2,0,0,0.7612175345420837,0.0498642660677433,0.18891814351081848
5923,4,0,1,0.27344024181365967,0.4643038809299469,0.2622559070587158
5924,3,0,0,0.6925049424171448,0.020281720906496048,0.2872133255004883
5925,4,2,2,0.0001827453961595893,0.20374388992786407,0.796073317527771
5926,2,0,0,0.9324905872344971,0.011401982977986336,0.05610746145248413
5927,2,0,0,0.7589825391769409,0.12274565547704697,0.1182718276977539
5928,4,0,0,0.7856804728507996,0.15443925559520721,0.059880331158638
5929,4,0,2,0.04530635103583336,0.0001752750395098701,0.9545184373855591
5930,2,0,0,0.8767825961112976,0.028255363926291466,0.0949619933962822
5932,0,0,2,0.16317039728164673,0.05304104834794998,0.7837886214256287
5933,3,0,0,0.7565343379974365,0.04136059060692787,0.20210498571395874
5934,3,0,2,0.1594269722700119,0.06158899888396263,0.778984010219574
5935,0,0,0,0.8192333579063416,0.056099239736795425,0.12466738373041153
5936,3,0,0,0.7936647534370422,0.014182721264660358,0.1921524554491043
5937,1,0,2,0.005782800726592541,0.3202629089355469,0.6739542484283447
5938,0,0,0,0.39930376410484314,0.37153342366218567,0.22916282713413239
5939,0,0,0,0.7176165580749512,0.2518554925918579,0.030528010800480843
5940,3,0,2,0.28901755809783936,0.11678791791200638,0.5941945314407349
5941,3,0,1,0.0007238692487590015,0.9992412328720093,3.4884706110460684e-05
5942,0,0,2,0.34064781665802,0.04544384405016899,0.6139083504676819
5943,1,2,2,7.227700552903116e-05,0.00011268560047028586,0.9998151659965515
5945,3,0,1,0.15668779611587524,0.8041255474090576,0.039186641573905945
5947,2,0,0,0.8767825961112976,0.028255363926291466,0.0949619933962822
5949,4,0,0,0.6588815450668335,0.05451926589012146,0.28659921884536743
5950,3,0,0,0.7949078679084778,0.11681526154279709,0.08827690035104752
5952,2,0,2,0.031886372715234756,0.0010144448606297374,0.9670992493629456
5953,4,0,0,0.4232271611690521,0.2606033384799957,0.31616947054862976
5954,3,0,0,0.8256665468215942,0.038344308733940125,0.1359890252351761
5955,4,0,0,0.8049164414405823,0.029499784111976624,0.1655838042497635
5956,0,0,2,0.4665784239768982,0.03248119354248047,0.5009403824806213
5957,4,0,0,0.404416561126709,0.33479148149490356,0.26079198718070984
5958,1,0,0,0.8264300227165222,0.006979151163250208,0.1665908247232437
5959,2,0,0,0.7921746373176575,0.03366353362798691,0.17416177690029144
5964,4,0,2,0.03171181306242943,0.011290713213384151,0.9569975733757019
5965,0,0,2,0.18408305943012238,0.016382422298192978,0.7995344996452332
5966,4,0,0,0.8157796263694763,0.018045639619231224,0.1661747395992279
5967,3,0,1,0.21992924809455872,0.6736003160476685,0.10647042840719223
5968,0,0,0,0.8314408659934998,0.11498291790485382,0.05357621982693672
5970,4,0,0,0.8292208313941956,0.029567187651991844,0.14121191203594208
5971,4,0,2,0.3586803078651428,0.07706969976425171,0.5642499923706055
5972,1,0,0,0.46252673864364624,0.09952180832624435,0.4379514157772064
5973,2,0,0,0.9582774043083191,0.011995958164334297,0.029726644977927208
5974,3,0,0,0.8809067606925964,0.033658020198345184,0.08543522655963898
5975,4,0,2,0.1571805626153946,0.004800492897629738,0.8380189538002014
5976,3,0,0,0.8600706458091736,0.1040332019329071,0.03589611500501633
5977,0,0,0,0.8795362114906311,0.06217231601476669,0.058291442692279816
5978,3,0,0,0.7706077694892883,0.019501393660902977,0.20989085733890533
5979,0,0,1,0.15925079584121704,0.6915947198867798,0.1491544544696808
5980,1,0,0,0.8533185720443726,0.10738426446914673,0.039297204464673996
5981,3,0,2,0.12283249944448471,0.003794834017753601,0.8733726143836975
5982,1,0,0,0.830792248249054,0.06681196391582489,0.10239585489034653
5983,3,0,0,0.8946413397789001,0.037301115691661835,0.0680576041340828
5984,1,0,0,0.8803989291191101,0.10007147490978241,0.01952958293259144
5985,2,0,0,0.5629477500915527,0.011699632741510868,0.42535263299942017
5986,0,0,1,0.07796163856983185,0.9109987616539001,0.011039539240300655
5987,3,0,0,0.9017961621284485,0.02122400514781475,0.07697980105876923
5988,2,0,0,0.8139342069625854,0.027784444391727448,0.1582813709974289
5989,4,0,0,0.7559981942176819,0.20642544329166412,0.037576355040073395
5990,1,0,2,0.3954712748527527,0.006206197664141655,0.5983225703239441
5991,4,0,0,0.9525641798973083,0.023842141032218933,0.023593619465827942
5993,1,0,0,0.929581880569458,0.01777627132833004,0.05264194682240486
5994,4,0,0,0.8257471323013306,0.05216396972537041,0.1220889538526535
5995,4,0,0,0.9177243113517761,0.05388081446290016,0.02839485928416252
5996,2,0,0,0.8701509237289429,0.0367695651948452,0.09307949244976044
5997,3,0,2,0.173816978931427,0.27941039204597473,0.5467726588249207
5998,1,0,0,0.6878072023391724,0.0041308472864329815,0.30806198716163635
5999,2,0,2,0.001913191401399672,0.0008090481860563159,0.9972777962684631
6000,4,2,2,7.36415313440375e-05,5.664238415192813e-06,0.9999206066131592
6001,2,0,0,0.9197026491165161,0.033724263310432434,0.04657311365008354
6002,4,0,0,0.7330023646354675,0.023772219195961952,0.24322544038295746
6006,1,1,1,2.10520374821499e-06,0.9999837875366211,1.4130509043752681e-05
6011,4,2,2,0.16164076328277588,0.0073323906399309635,0.8310268521308899
6012,3,2,2,1.3824575262333383e-06,1.2969281669938937e-05,0.9999855756759644
6013,1,1,1,0.0006205342942848802,0.9990648627281189,0.0003146406961604953
6014,3,2,2,0.0016624215058982372,0.00035114429192617536,0.9979863166809082
6016,0,2,2,3.274526605423489e-08,2.692260522962897e-06,0.9999972581863403
6019,4,2,0,0.6942756175994873,0.16848620772361755,0.13723818957805634
6020,4,0,1,2.2784690827393206e-06,0.9999146461486816,8.310066914418712e-05
6021,3,2,2,0.002348358044400811,0.007082083262503147,0.9905695915222168
6022,2,2,2,0.356582373380661,0.06251317262649536,0.5809044241905212
6023,1,2,2,9.247653360944241e-05,0.0022170727606862783,0.9976904392242432
6024,3,2,2,4.987269903722336e-07,4.609341885952745e-06,0.9999948740005493
6025,2,2,2,8.92750540515408e-06,5.6161054089898244e-05,0.9999349117279053
6026,2,2,2,0.0003450593212619424,6.29849309916608e-05,0.9995918869972229
6027,3,2,2,5.929760391154559e-06,9.834368938754778e-06,0.9999842643737793
6029,3,0,0,0.9100391268730164,0.017224226146936417,0.07273665070533752
6030,2,0,2,0.21176832914352417,0.16290372610092163,0.6253279447555542
6031,3,2,2,0.27674242854118347,0.1943814903497696,0.5288761258125305
6032,2,0,0,0.8885003328323364,0.05005713552236557,0.06144255772233009
6034,1,2,0,0.5244401693344116,0.025898346677422523,0.4496614634990692
6035,4,0,0,0.806638777256012,0.03935425728559494,0.1540069431066513
6036,2,2,2,2.1996062059770338e-05,0.0041992333717644215,0.9957787990570068
6037,3,2,0,0.6748557090759277,0.25360074639320374,0.07154358178377151
6038,0,2,2,3.7517304463108303e-07,2.651202748893411e-06,0.9999970197677612
6039,2,2,2,0.00011166033800691366,5.649533250107197e-06,0.999882698059082
6040,4,2,2,0.0008651285315863788,1.9034443539567292e-05,0.9991157650947571
6041,3,2,2,0.0002068149042315781,0.00012214768503326923,0.9996711015701294
6044,0,2,2,0.000390690634958446,1.3991576679472928e-06,0.9996078610420227
6045,4,2,2,0.0012813835637643933,9.573138231644407e-05,0.9986228942871094
6047,0,0,0,0.8468601703643799,0.14084947109222412,0.01229039579629898
6049,4,2,2,0.001039292081259191,0.00018594514403957874,0.9987747073173523
6050,2,2,2,1.85092096671724e-06,2.8657375423790654e-06,0.999995231628418
6051,3,2,2,3.193820521119051e-05,0.00046681048115715384,0.9995012283325195
6052,0,2,2,2.546689525928514e-09,3.5237681572652946e-07,0.9999996423721313
6053,4,2,2,1.3446510820358526e-05,0.001638515735976398,0.9983479976654053
6055,1,2,2,8.574030374575159e-09,4.067897407367127e-06,0.9999959468841553
6056,0,2,2,2.5193347852336956e-08,8.378899565286702e-07,0.9999991655349731
6057,4,2,2,0.43832120299339294,0.0005518600810319185,0.5611269474029541
6058,2,2,2,1.3767658856522758e-05,0.00040814155363477767,0.999578058719635
6060,3,0,0,0.8674959540367126,0.05296283960342407,0.07954122871160507
6061,0,2,2,2.5193347852336956e-08,8.378899565286702e-07,0.9999991655349731
6062,2,0,0,0.732997477054596,0.08920487016439438,0.17779763042926788
6063,3,2,2,5.984080871712649e-06,0.0003521256730891764,0.9996418952941895
6064,3,2,2,1.6136555132106878e-05,0.0003228746063541621,0.9996610879898071
6065,4,2,2,5.876438535779016e-07,0.0023242533206939697,0.9976751208305359
6066,1,0,0,0.5844020247459412,0.181044340133667,0.23455362021923065
6067,4,1,1,0.0013908389955759048,0.9984098672866821,0.00019930896814912558
6068,3,1,1,3.992813162767561e-06,0.9999957084655762,3.336398606279545e-07
6069,2,1,1,0.18771721422672272,0.6838719844818115,0.12841075658798218
6071,0,2,2,1.3463845505157224e-07,1.3890082300349604e-05,0.999985933303833
6072,2,2,2,8.198870773412636e-07,4.12455883633811e-05,0.9999579191207886
6073,0,2,2,5.522376156363862e-08,8.061067092057783e-06,0.9999918937683105
6074,2,2,2,2.176534508180339e-07,2.687022288228036e-06,0.9999970197677612
6075,2,2,2,1.2285622688068543e-06,1.1380003343219869e-05,0.9999874830245972
6076,1,0,0,0.7135000824928284,0.09922163188457489,0.18727830052375793
6077,4,2,2,4.0042391447059345e-06,3.6506401102087693e-06,0.9999922513961792
6078,1,2,2,0.0014294965658336878,0.0005876200739294291,0.9979828596115112
6079,2,2,0,0.4360547661781311,0.15427234768867493,0.40967291593551636
6080,2,2,2,0.016578534618020058,0.00022311291832011193,0.983198344707489
6081,4,0,0,0.7367534041404724,0.00846097245812416,0.2547856569290161
6083,3,2,2,1.3920696801505983e-05,6.72022724756971e-05,0.9999188184738159
6084,1,2,2,4.626886948244646e-06,2.6888944830716355e-06,0.9999926090240479
6085,1,2,2,0.0013903604121878743,8.589639764977619e-05,0.9985237717628479
6086,0,2,0,0.7655429244041443,0.059635184705257416,0.1748218834400177
6087,1,0,0,0.4803110659122467,0.12632222473621368,0.3933667540550232
6088,3,0,1,0.010183839127421379,0.9499465227127075,0.03986971080303192
6089,2,2,2,1.4694523997604847e-06,0.00025082266074605286,0.9997476935386658
6091,0,2,2,7.015079184213846e-09,1.6335479813278653e-07,0.9999998807907104
6092,3,2,2,3.2627610835334053e-06,0.00011253821139689535,0.9998842477798462
6094,1,2,2,3.972709450295042e-08,8.804147910268512e-06,0.9999911785125732
6095,2,1,2,0.03836223855614662,0.3029804825782776,0.6586572527885437
6096,0,2,2,6.298868697740545e-07,2.8530275812954642e-05,0.9999709129333496
6097,2,2,2,6.945164386706892e-06,4.52207459602505e-05,0.9999479055404663
6098,1,2,2,0.4029431641101837,0.006263745483011007,0.5907930731773376
6100,0,2,2,5.229444610677092e-08,2.9874527172069065e-06,0.9999970197677612
6101,0,2,2,0.1632165014743805,0.0022990028373897076,0.8344844579696655
6102,3,0,1,0.00948320236057043,0.97264164686203,0.017875202000141144
6103,0,0,0,0.778313398361206,0.11531566083431244,0.10637099295854568
6104,2,1,1,0.00037554209120571613,0.9988470077514648,0.0007774841506034136
6106,3,0,0,0.8527893424034119,0.02030559629201889,0.12690508365631104
6107,0,0,0,0.6193029880523682,0.010415913537144661,0.37028107047080994
6108,4,0,0,0.866178035736084,0.09617608040571213,0.0376458577811718
6109,4,0,0,0.853442370891571,0.07546225935220718,0.07109543681144714
6110,4,0,1,0.2569824159145355,0.5557255744934082,0.18729199469089508
6112,0,2,2,4.6394555397455406e-07,9.251184707181892e-08,0.9999994039535522
6113,3,2,1,0.00047714091488160193,0.7855483293533325,0.21397458016872406
6114,4,2,2,0.01865035481750965,0.0044975001364946365,0.9768521189689636
6115,0,0,0,0.7378233671188354,0.14839322865009308,0.11378343403339386
6116,0,2,0,0.9312204718589783,0.031509097665548325,0.03727045655250549
6117,4,2,2,0.00011615690891630948,0.0001228758628712967,0.9997609257698059
6118,1,2,0,0.5448041558265686,0.05814424157142639,0.397051602602005
6119,4,2,2,7.0394094109360594e-06,2.1813990315422416e-05,0.9999711513519287
6120,3,0,0,0.7134708762168884,0.15066079795360565,0.13586832582950592
6121,2,0,0,0.889626145362854,0.06612713634967804,0.04424664005637169
6122,4,0,2,0.4183698892593384,0.027197565883398056,0.5544325709342957
6123,1,2,0,0.6595535278320312,0.014346892945468426,0.32609954476356506
6124,1,2,0,0.7498836517333984,0.0665469765663147,0.18356937170028687
6125,2,0,0,0.8636966347694397,0.021886197850108147,0.11441712081432343
6127,0,0,0,0.9494444727897644,0.02271989919245243,0.02783554047346115
6129,4,2,0,0.7857425808906555,0.1376059502363205,0.0766514465212822
6130,3,1,1,0.030733874067664146,0.9682340025901794,0.001032174681313336
6131,4,0,2,0.05386026203632355,0.018502557650208473,0.9276371598243713
6133,3,2,1,0.21682128310203552,0.6638098955154419,0.11936880648136139
6134,4,2,2,3.847583502647467e-05,5.82929678785149e-05,0.9999032020568848
6135,1,0,0,0.7880330681800842,0.06744420528411865,0.14452271163463593
6136,4,1,1,1.6032415715017123e-06,0.9999961853027344,2.16907619687845e-06
6137,4,1,2,0.03602498024702072,0.30738675594329834,0.6565882563591003
6139,2,1,2,0.2012673318386078,0.0010764691978693008,0.7976561784744263
6140,1,2,0,0.8052169680595398,0.12507005035877228,0.06971296668052673
6141,3,2,2,2.6289571906090714e-05,0.0008765957318246365,0.9990971088409424
6143,1,2,0,0.7372714877128601,0.08567526936531067,0.1770532876253128
6145,3,2,2,8.650493441564322e-07,5.829379574606719e-07,0.9999985694885254
6146,2,2,2,6.655860488535836e-06,0.00019491514831315726,0.9997984766960144
6147,4,1,1,2.1590422250028496e-07,0.9999996423721313,1.6308048600421898e-07
6148,2,2,2,1.4617091892432654e-06,0.00014230961096473038,0.9998562335968018
6149,4,2,2,0.0002263854694319889,0.0003465858462732285,0.999427080154419
6150,2,1,1,2.0970326659153216e-05,0.9999768733978271,2.110103423547116e-06
6151,2,0,0,0.5146186947822571,0.3532716929912567,0.1321096271276474
6152,4,2,2,8.405917469644919e-06,0.0003573802823666483,0.9996341466903687
6153,3,0,0,0.8634930849075317,0.12037161737680435,0.016135292127728462
6154,2,1,1,6.345930887619033e-05,0.999933123588562,3.4540598790044896e-06
6157,3,2,2,0.001440290012396872,0.004623989574611187,0.993935763835907
6158,3,1,1,6.611179514948162e-07,0.9999992847442627,6.250620288028585e-08
6159,4,2,2,3.7274219266691944e-08,1.3972537090012338e-05,0.9999860525131226
6160,2,2,2,8.630861714209459e-08,7.179731619544327e-05,0.9999281167984009
6161,3,0,2,0.370639830827713,0.03561240807175636,0.5937476754188538
6162,4,2,1,0.029841475188732147,0.9169009923934937,0.053257569670677185
6163,3,2,0,0.6550328135490417,0.10941506922245026,0.23555222153663635
6164,1,1,1,7.86085583968088e-05,0.9999045133590698,1.68578826560406e-05
6165,0,2,2,4.218176741233037e-08,3.734712095138093e-07,0.9999996423721313
6166,1,0,2,0.0052440776489675045,0.2035585343837738,0.7911973595619202
6167,1,2,2,3.455710248090327e-05,2.2433358026319183e-05,0.9999430179595947
6168,3,0,0,0.8129481673240662,0.027845855802297592,0.15920600295066833
6169,1,2,0,0.6364576816558838,0.03225665166974068,0.3312855660915375
6171,3,1,0,0.8709293007850647,0.03484389930963516,0.09422686696052551
6172,1,2,2,7.3598948802100495e-06,8.344630623469129e-05,0.9999091625213623
6173,1,0,1,0.0018351874314248562,0.9517110586166382,0.04645373299717903
6174,0,2,2,1.3756563532751898e-07,7.164009616644762e-07,0.9999991655349731
6175,2,2,2,6.745647988282144e-05,0.0001635313092265278,0.9997690320014954
6176,4,2,2,2.7782343750004657e-05,0.0008034722995944321,0.9991687536239624
6177,0,1,1,0.003964004572480917,0.9518526792526245,0.04418333247303963
6179,1,2,2,2.55005352300941e-06,8.314123988384381e-05,0.9999144077301025
6180,4,2,2,4.917677870253101e-06,1.5379694104922237e-06,0.9999935626983643
6182,1,2,2,8.962454739958048e-05,1.1319770237605553e-05,0.9998990297317505
6183,4,2,2,7.498697414121125e-06,2.013752009588643e-06,0.9999904632568359
6184,4,2,2,0.17694607377052307,0.29197341203689575,0.5310806035995483
6185,2,0,2,0.01721162162721157,0.0001983315742108971,0.9825900197029114
6186,1,2,0,0.6619219779968262,0.017370130866765976,0.3207078278064728
6187,4,1,0,0.46567434072494507,0.10784946382045746,0.42647626996040344
6188,1,0,0,0.6183542609214783,0.1493707150220871,0.23227499425411224
6189,0,2,2,4.052379881613888e-05,4.180457835900597e-05,0.9999176263809204
6190,1,2,2,5.528812607735745e-07,5.0486854888731614e-05,0.9999488592147827
6191,0,0,0,0.5760422945022583,0.09387756884098053,0.33008015155792236
6192,3,2,2,2.7122546271129977e-06,5.213300028117374e-06,0.9999920129776001
6193,2,1,1,0.0003511351824272424,0.9996240139007568,2.477607449691277e-05
6194,4,2,2,0.017734840512275696,0.022813895717263222,0.9594512581825256
6195,1,2,2,1.4016093700774945e-05,5.64299407415092e-05,0.9999295473098755
6196,3,2,2,2.7122546271129977e-06,5.213300028117374e-06,0.9999920129776001
6197,4,2,2,0.0014668510993942618,0.007322001736611128,0.9912111163139343
6198,2,1,1,1.4108041796134785e-05,0.9999566078186035,2.922415478678886e-05
6200,0,2,2,4.92079107061727e-06,1.0862571286907041e-07,0.9999949932098389
6201,0,1,1,3.8163452700246125e-06,0.9999903440475464,5.875172519154148e-06
6202,0,2,2,2.336253965040669e-05,2.836057774402434e-06,0.9999737739562988
6204,3,2,2,0.0001581241376698017,4.934249955113046e-05,0.9997925162315369
6205,0,2,2,1.0337658551407003e-07,6.651443413829838e-07,0.9999991655349731
6206,4,2,2,0.0003304777783341706,0.00018754122720565647,0.9994819760322571
6208,2,2,2,0.4289613366127014,0.09983216971158981,0.47120651602745056
6210,1,2,2,0.0025445998180657625,0.00047244993038475513,0.996982991695404
6211,4,2,0,0.606873095035553,0.020948125049471855,0.372178852558136
6212,1,2,0,0.5782257318496704,0.004703553393483162,0.4170707166194916
6213,0,2,2,6.33286447282444e-07,1.69654049386736e-05,0.999982476234436
6214,4,2,2,2.4616886094008805e-06,2.9370369247772032e-06,0.9999945163726807
6216,3,2,0,0.7302455306053162,0.04632161930203438,0.22343286871910095
6218,0,1,1,0.014634961262345314,0.9807763695716858,0.004588679410517216
6220,1,2,2,4.6767887397436425e-05,2.5562003429513425e-05,0.9999277591705322
6221,0,2,2,1.596094648448343e-06,1.0739811841631308e-05,0.9999877214431763
6222,4,2,2,4.613241981132887e-05,1.6716144273232203e-06,0.9999521970748901
6223,0,1,1,4.2673949792515486e-05,0.9999563694000244,9.137071970144461e-07
6224,4,2,2,0.061805859208106995,0.0007218957762233913,0.9374721646308899
6225,1,2,2,6.065064098947914e-06,2.5638822990003973e-05,0.9999682903289795
6226,0,2,2,0.032977502793073654,0.0006316026556305587,0.96639084815979
6227,4,2,0,0.6990047097206116,0.008406163193285465,0.29258906841278076
6228,0,2,2,0.16811156272888184,0.20402082800865173,0.6278676390647888
6229,2,1,1,1.8502714738133363e-05,0.9999774694442749,4.0684199120732956e-06
6230,1,1,1,0.0004207755555398762,0.9993867874145508,0.00019247119780629873
6231,1,1,1,0.006392335053533316,0.9912830591201782,0.002324592787772417
6234,0,1,1,8.739056283957325e-06,0.9999872446060181,3.967901193391299e-06
6235,3,0,0,0.8757468461990356,0.09260775148868561,0.03164537996053696
6236,4,1,1,2.746150471466535e-07,0.9999994039535522,3.637170209458418e-07
6237,0,2,2,0.0003162505163345486,3.810282578342594e-05,0.9996455907821655
6240,4,1,1,1.3028513023982669e-07,0.9999998807907104,2.657450082210744e-08
6241,1,1,1,4.908507094114611e-07,0.9999985694885254,9.01570160749543e-07
6242,2,2,2,3.183744047419168e-05,8.605115726822987e-05,0.9998821020126343
6243,1,2,0,0.8108237981796265,0.006167836021631956,0.18300838768482208
6244,4,1,1,5.158503881830256e-07,0.9999992847442627,1.9003024931407708e-07
6245,2,2,2,8.103857908281498e-06,6.819966074544936e-05,0.9999237060546875
6246,3,2,2,6.421361467801034e-05,0.0029808583203703165,0.9969549179077148
6247,0,0,0,0.9522718191146851,0.0013956213369965553,0.04633253067731857
6248,2,2,2,0.00011561666906345636,0.00104625488165766,0.9988381266593933
6249,2,0,0,0.9561653733253479,0.0029975250363349915,0.0408371239900589
6250,1,0,0,0.9348434209823608,0.0071397144347429276,0.0580168142914772
6251,1,2,2,5.802179657621309e-06,0.0006987561355344951,0.9992953538894653
6252,3,1,1,0.002409006468951702,0.9969402551651001,0.0006507710786536336
6253,3,0,0,0.8013786673545837,0.0853908360004425,0.11323057860136032
6254,4,1,1,3.707361884153215e-07,0.9999994039535522,2.8306166655056586e-07
6256,3,2,2,6.711255196023558e-07,6.694660260109231e-05,0.9999322891235352
6257,3,1,1,8.076556241576327e-07,0.999998927116394,2.877813471968693e-07
6258,4,2,2,8.779061317909509e-06,0.00020797859178856015,0.9997832179069519
6259,4,1,1,5.136361778568244e-06,0.9999916553497314,3.1914057672111085e-06
6261,3,1,1,5.716814399647774e-08,0.9999998807907104,3.6840452910524846e-09
6262,4,2,2,2.504352232790552e-05,1.5961895769578405e-05,0.9999589920043945
6263,4,0,2,0.43642038106918335,0.00809858925640583,0.5554810762405396
6265,0,1,1,4.623468612408033e-06,0.9999927282333374,2.6873181013797875e-06
6266,2,1,1,8.68985298438929e-05,0.9858545660972595,0.014058551751077175
6267,3,1,1,6.281470632529818e-08,0.9999998807907104,2.094467710378467e-08
6268,3,1,1,3.7121055811439874e-06,0.9999959468841553,3.7641333960891643e-07
6269,2,2,2,0.0014063260750845075,0.00519479438662529,0.9933987855911255
6270,3,0,0,0.9335962533950806,0.005343085154891014,0.06106070056557655
6271,2,2,2,0.0008625132031738758,0.00044484413228929043,0.9986925721168518
6273,4,0,0,0.9125644564628601,0.01113009825348854,0.07630545645952225
6274,0,0,0,0.9600505828857422,0.015047055669128895,0.024902397766709328
6275,3,2,2,0.08650878816843033,0.017955774441361427,0.8955354690551758
6276,3,1,1,6.08595712492388e-07,0.9999992847442627,1.165018659321504e-07
6277,2,1,0,0.939156711101532,0.012845929712057114,0.04799728840589523
6279,3,2,2,0.0021462729200720787,0.0030496951658278704,0.9948040843009949
6280,3,1,1,3.125327552311319e-08,0.9999939203262329,6.068256880098488e-06
6281,3,0,0,0.6303841471672058,0.012401586398482323,0.3572142422199249
6282,3,1,1,0.000708786363247782,0.9990159273147583,0.00027524190954864025
6283,2,1,1,2.8849065074609825e-06,0.9999901056289673,7.0253381636575796e-06
6284,0,1,1,7.102297416849979e-08,0.9999998807907104,1.287173390096541e-08
6285,4,2,2,2.9784843036395614e-07,7.51780389691703e-05,0.9999245405197144
6286,0,2,2,3.436971596215699e-08,7.242968877108069e-06,0.9999927282333374
6287,1,1,1,5.343113116396125e-07,0.9999983310699463,1.117259671445936e-06
6288,1,2,2,0.14351721107959747,0.016840210184454918,0.8396425843238831
6289,2,1,1,8.229803256654122e-07,0.9999985694885254,5.606225386145525e-07
6290,1,0,0,0.8983949422836304,0.024472346529364586,0.07713271677494049
6291,3,0,0,0.8521604537963867,0.039300162345170975,0.1085393875837326
6292,3,2,2,4.3565145801949257e-07,3.3869571780087426e-05,0.9999656677246094
6293,2,1,1,1.5352662785517168e-06,0.9999959468841553,2.5226806883438258e-06
6294,3,2,2,0.00010294853564118966,0.20649389922618866,0.7934032082557678
6295,2,2,2,0.0002842076064553112,0.00020371927530504763,0.9995120763778687
6296,3,2,0,0.7195887565612793,0.03894958272576332,0.2414616197347641
6297,3,2,2,0.00011725936928996816,9.588673856342211e-05,0.9997867941856384
6298,3,2,2,2.4417959139100276e-06,1.1474592611193657e-05,0.9999861717224121
6299,3,2,2,4.887242539552972e-07,5.110149459142121e-07,0.9999990463256836
6301,3,2,2,1.0329914630347048e-06,4.205482400720939e-05,0.9999568462371826
6302,3,0,0,0.8995453119277954,0.03991079702973366,0.06054382771253586
6303,3,0,1,0.18495941162109375,0.808621883392334,0.006418654229491949
6304,0,2,2,1.122160853128662e-08,8.112716614050441e-07,0.9999991655349731
6305,0,1,1,0.15756948292255402,0.823296070098877,0.01913447678089142
6306,4,1,1,1.996505361034906e-08,1.0,1.8619514818851712e-09
6309,3,2,2,4.375743446871638e-05,0.0001155331265181303,0.9998407363891602
6310,0,0,1,0.010497625917196274,0.9887250065803528,0.0007773482939228415
6311,3,2,2,2.317506414328818e-06,4.658451143768616e-05,0.9999511241912842
6313,2,2,2,2.029321194640943e-06,6.865573959657922e-05,0.9999293088912964
6314,4,2,2,8.686307069183385e-07,1.9456034351605922e-05,0.9999797344207764
6315,1,2,2,1.0774800784929539e-07,0.00026703838375397027,0.9997327923774719
6316,2,1,1,2.114862809321494e-06,0.9999972581863403,5.988694624647906e-07
6317,1,2,2,7.047506045410046e-08,4.509048721956788e-06,0.9999953508377075
6318,0,0,0,0.9331647753715515,0.020929135382175446,0.04590609669685364
6319,1,1,1,8.518574759364128e-06,0.9999401569366455,5.1330735004739836e-05
6320,2,2,2,1.040028564602835e-06,9.636182949179783e-05,0.999902606010437
6322,0,1,1,0.010543158277869225,0.9875020980834961,0.0019548090640455484
6323,0,1,1,4.818522825189575e-08,0.9999998807907104,3.3952371580880936e-08
6324,0,0,1,0.10105393081903458,0.8979192972183228,0.0010267716133967042
6326,3,1,1,0.0001564642006997019,0.999796450138092,4.7138702939264476e-05
6327,0,2,0,0.8064523339271545,0.01807582750916481,0.1754719316959381
6328,0,2,2,1.166152729936698e-10,5.65498794458108e-08,1.0
6329,3,2,2,1.42457486163039e-06,3.248749271733686e-05,0.999966025352478
6330,0,2,2,0.07776497304439545,0.018385885283350945,0.903849184513092
6331,1,1,1,0.00013513228623196483,0.9989301562309265,0.0009346919832751155
6332,0,2,2,1.6235738087289064e-07,6.679179477941943e-06,0.9999932050704956
6333,2,1,1,0.0021095816045999527,0.9974604845046997,0.0004298568528611213
6334,0,1,1,0.00011931718472624198,0.9996153116226196,0.0002652901748660952
6336,0,2,2,1.3279007227140482e-08,3.364998235610983e-07,0.9999996423721313
6337,2,2,2,1.3452077496367565e-07,1.8580181858851574e-05,0.9999812841415405
6339,2,2,2,3.312909200303693e-07,3.386831303942017e-05,0.9999657869338989
6340,4,1,0,0.8019933104515076,0.023135291412472725,0.17487135529518127
6341,1,1,0,0.9725121855735779,0.017369521781802177,0.010118353180587292
6342,0,1,1,1.7057554941857234e-05,0.9999798536300659,3.0882281407684786e-06
6343,3,2,2,7.100190941855544e-07,2.954044430225622e-05,0.9999697208404541
6344,1,1,1,0.0007238402031362057,0.9992087483406067,6.739302625646815e-05
6346,2,1,1,1.6837044540807256e-06,0.999997615814209,6.988248060224578e-07
6347,0,1,1,0.2643159329891205,0.7173688411712646,0.018315229564905167
6349,1,0,0,0.7362560629844666,0.16456367075443268,0.09918022155761719
6351,4,2,2,2.3582241226449696e-07,4.227772933518281e-06,0.9999955892562866
6352,0,0,0,0.6181679964065552,0.07405003160238266,0.30778202414512634
6353,2,1,2,0.00842053908854723,0.21949857473373413,0.7720808982849121
6354,4,1,1,0.011903938837349415,0.9864130020141602,0.0016830774256959558
6355,1,1,1,1.415775045643386e-06,0.9999953508377075,3.194913460902171e-06
6356,1,0,0,0.9203932881355286,0.03541992977261543,0.0441867969930172
6358,1,2,2,1.2170697516467044e-07,0.0003465737390797585,0.9996533393859863
6359,4,2,2,4.366897599084041e-07,6.991402187850326e-06,0.9999924898147583
6360,1,0,0,0.9295545816421509,0.027987584471702576,0.04245791956782341
6361,2,1,1,2.971979120047763e-05,0.9999657869338989,4.534763775154715e-06
6362,3,0,0,0.8491417169570923,0.08488336205482483,0.06597499549388885
6363,2,2,2,0.00024924721219576895,0.0004692609654739499,0.9992815852165222
6364,0,0,0,0.9735355377197266,0.007775266654789448,0.018689176067709923
6365,1,1,1,0.08887829631567001,0.8985154032707214,0.012606251053512096
6367,1,0,0,0.9235185384750366,0.06388475000858307,0.012596731074154377
6368,3,2,2,1.2173225627520878e-07,1.1097672540927306e-05,0.9999887943267822
6369,0,2,2,5.12228082172328e-09,1.540695620860788e-06,0.9999984502792358
6370,3,1,1,1.0833306305357837e-06,0.9999985694885254,3.4464460441085976e-07
6371,1,2,2,1.72262218711694e-06,0.0003312929184176028,0.9996670484542847
6372,1,2,2,2.7852047423948534e-05,0.0016144998371601105,0.9983575940132141
6373,1,1,1,0.002546706236898899,0.9973830580711365,7.024563092272729e-05
6374,1,1,1,0.001852140063419938,0.998045802116394,0.00010200878023169935
6375,0,1,1,0.00851406343281269,0.9908535480499268,0.0006323758279904723
6376,4,1,1,0.0009294500923715532,0.9980483055114746,0.0010222513228654861
6377,0,2,2,1.1053677553718444e-05,1.0843002200999763e-05,0.9999780654907227
6378,0,0,0,0.5513362288475037,0.3300647735595703,0.11859903484582901
6379,4,2,2,2.0191359908494633e-06,0.0006350900512188673,0.9993628859519958
6380,1,2,2,5.1863484173964025e-08,2.3274169507203624e-05,0.9999767541885376
6381,1,2,2,9.379772905049322e-07,1.8677574189496227e-05,0.9999803304672241
6382,4,0,0,0.757988691329956,0.11994054913520813,0.12207075208425522
6383,4,0,0,0.914396345615387,0.016396434977650642,0.06920725107192993
6384,2,1,1,5.596404662355781e-06,0.9999927282333374,1.6784842955530621e-06
6385,3,2,0,0.5600576400756836,0.037611931562423706,0.4023304283618927
6387,1,0,0,0.5717540383338928,0.3520212769508362,0.0762246698141098
6388,2,0,2,0.07143716514110565,0.0006342634442262352,0.9279285669326782
6390,1,0,0,0.804550051689148,0.12550638616085052,0.06994364410638809
6392,2,1,2,1.4938681260900921e-06,4.341982275946066e-06,0.999994158744812
6393,2,2,1,0.3146561086177826,0.6591091156005859,0.026234757155179977
6394,1,1,0,0.8959591388702393,0.05193601921200752,0.052104875445365906
6396,3,0,0,0.8396175503730774,0.07438972592353821,0.0859927386045456
6397,3,0,0,0.9273656010627747,0.014458084478974342,0.05817626789212227
6398,2,0,0,0.6715107560157776,0.2635079324245453,0.06498132646083832
6399,0,1,1,4.316194463171996e-06,0.9999948740005493,8.305140113407106e-07
6400,3,2,0,0.8022211194038391,0.022140467539429665,0.17563840746879578
6402,1,1,1,0.02555275149643421,0.9721128940582275,0.0023343649227172136
6403,4,1,0,0.8205022215843201,0.017509423196315765,0.16198833286762238
6404,1,0,0,0.9149231314659119,0.029576947912573814,0.05549987778067589
6407,0,2,2,6.541892503264535e-07,8.006710231711622e-06,0.9999914169311523
6409,3,1,1,2.6369778424850665e-05,0.9999628067016602,1.0804386874951888e-05
6410,0,1,1,0.35131847858428955,0.5915370583534241,0.057144466787576675
6411,4,2,2,0.00028355533140711486,0.01326622162014246,0.9864502549171448
6412,4,2,2,0.00012741035607177764,0.0006026250193826854,0.9992699027061462
6413,4,2,2,0.0004884094232693315,0.00034312711795791984,0.9991685152053833
6414,4,1,1,0.0014787723775953054,0.998394787311554,0.00012636343308258802
6415,0,2,2,0.00021098018623888493,0.000823498354293406,0.9989655017852783
6416,3,1,1,9.50066460063681e-05,0.9998917579650879,1.3281696737976745e-05
6417,3,1,1,0.4129489064216614,0.5045322775840759,0.08251883834600449
6418,3,1,1,8.551033533876762e-05,0.9999068975448608,7.614775313413702e-06
6419,0,2,2,3.668260615086183e-05,0.00014503674174193293,0.9998182654380798
6420,2,1,1,1.0363092769694049e-05,0.9999873638153076,2.253589855172322e-06
6422,3,2,2,0.00043509938404895365,0.0026750853285193443,0.9968898892402649
6423,0,2,2,6.345175052047125e-08,3.165677071592654e-06,0.9999966621398926
6424,3,1,1,0.00011270510731264949,0.9998766183853149,1.0660406587703619e-05
6425,2,1,1,1.2847191328546614e-06,0.9999985694885254,8.735197098985736e-08
6426,3,2,2,0.00011801522487076,0.0022673059720546007,0.9976147413253784
6427,4,2,2,0.010854270309209824,0.00021581188775599003,0.9889299273490906
6428,4,2,2,0.0011672176187857985,0.047859076410532,0.9509737491607666
6429,2,2,2,0.00016718936967663467,0.003327647689729929,0.9965052604675293
6431,4,2,2,0.0004310385847929865,0.0035407845862209797,0.9960281848907471
6432,3,2,2,0.0007051379652693868,0.00120453757699579,0.9980903267860413
6433,2,2,2,0.036082249134778976,0.000252142664976418,0.9636656045913696
6434,1,2,2,4.935930064675631e-07,3.9140350054367445e-06,0.9999955892562866
6435,2,1,1,0.11170193552970886,0.8545649647712708,0.033733054995536804
6436,0,1,1,6.102321549406042e-06,0.9999908208847046,3.026626927749021e-06
6437,1,1,1,0.03680187463760376,0.962328314781189,0.000869886192958802
6438,4,2,2,0.025439808145165443,0.00013780126755591482,0.9744224548339844
6439,4,1,1,0.00013450947881210595,0.9998194575309753,4.606259972206317e-05
6442,1,1,1,0.00018083766917698085,0.9997840523719788,3.5105760616716e-05
6443,1,1,1,4.267562326276675e-05,0.9999374151229858,1.9870059986715205e-05
6444,3,1,1,1.677299223956652e-05,0.9999812841415405,1.9274975784355775e-06
6445,2,1,0,0.5916345119476318,0.20455849170684814,0.20380699634552002
6446,0,2,2,1.03467051815187e-07,3.364373469594284e-06,0.999996542930603
6447,2,1,1,7.07390281604603e-05,0.9999233484268188,5.907296326768119e-06
6448,4,1,1,2.511402271920815e-05,0.9999663829803467,8.525422344973776e-06
6449,3,1,1,5.489041996042943e-06,0.999994158744812,3.3186574910359923e-07
6450,3,0,0,0.8442752957344055,0.04165051877498627,0.11407419294118881
6451,4,0,0,0.7297380566596985,0.0442693829536438,0.2259925901889801
6452,3,1,1,0.008879581466317177,0.9855132699012756,0.005607180297374725
6453,2,0,0,0.9618148803710938,0.009913605637848377,0.028271520510315895
6454,0,1,1,0.00015128660015761852,0.9998328685760498,1.578386036271695e-05
6455,1,0,0,0.914647102355957,0.008789562620222569,0.07656332105398178
6456,3,1,1,0.008202753961086273,0.9914382696151733,0.00035898765781894326
6457,2,2,2,0.0025724084116518497,0.01195528358221054,0.9854722619056702
6458,4,2,2,0.0010215654037892818,7.805720815667883e-05,0.998900294303894
6459,1,1,1,9.307106665801257e-06,0.9999902248382568,5.264965921014664e-07
6461,4,0,0,0.8044365644454956,0.020001878961920738,0.17556163668632507
6462,4,2,2,0.0011493745259940624,0.0013765239855274558,0.9974741339683533
6463,0,1,1,0.0010062255896627903,0.9984898567199707,0.000503895222209394
6464,3,1,1,1.4305242075351998e-06,0.9999974966049194,1.0942101198452292e-06
6465,4,1,1,1.0851266779354773e-05,0.9999874830245972,1.6943313312367536e-06
6466,3,2,2,5.174801742668933e-08,5.27414385942393e-06,0.9999947547912598
6467,4,1,1,2.5458366081920758e-08,0.9999998807907104,3.587357610967956e-08
6468,3,0,0,0.8825857639312744,0.0092813391238451,0.10813295096158981
6469,4,1,1,5.061513002146967e-05,0.9999419450759888,7.382561307167634e-06
6470,1,1,1,0.18763189017772675,0.7979752421379089,0.014392870478332043
6471,0,2,0,0.8741546869277954,0.05492769926786423,0.07091757655143738
6472,0,0,0,0.8939067721366882,0.025189366191625595,0.08090391755104065
6474,3,1,1,1.3916982425143942e-05,0.9999828338623047,3.286051196482731e-06
6476,0,1,1,0.31962838768959045,0.5177503824234009,0.16262121498584747
6477,2,1,1,2.4853645300026983e-05,0.999967098236084,8.099381375359371e-06
6478,4,1,1,0.0004208762547932565,0.999508261680603,7.085769902914762e-05
6479,1,2,2,2.4333673991350224e-06,1.4091667253524065e-05,0.999983549118042
6480,3,1,1,0.00019026384688913822,0.999808132648468,1.598696030669089e-06
6481,0,0,0,0.9495825171470642,0.0043698144145309925,0.046047668904066086
6482,2,2,2,0.0006284239934757352,0.004320401232689619,0.9950512051582336
6483,3,1,1,0.00012152586714364588,0.9998724460601807,5.961148417554796e-06
6484,0,2,2,7.018545147730038e-05,0.00010175679926760495,0.9998279809951782
6485,2,2,2,0.00016037904424592853,0.00847117230296135,0.9913684725761414
6487,4,2,2,0.0021584744099527597,7.617400115123019e-05,0.9977654218673706
6488,0,1,1,1.4372713849297725e-05,0.9999788999557495,6.673156349279452e-06
6489,1,2,2,0.00020031255553476512,1.6066787793533877e-05,0.9997835755348206
6491,0,2,2,7.96734184405068e-06,6.95953212925815e-06,0.9999850988388062
6492,1,2,2,4.5028818362879974e-07,2.835073246387765e-06,0.9999966621398926
6493,3,2,2,5.551742106035817e-07,2.095163608828443e-06,0.9999972581863403
6494,2,2,2,4.069140777573921e-05,9.698226494947448e-05,0.9998623132705688
6496,0,1,1,2.437799366816762e-06,0.9999949932098389,2.583051127658109e-06
6498,1,0,0,0.8003294467926025,0.026278609409928322,0.1733919084072113
6500,2,2,2,0.00045331064029596746,0.003963612485677004,0.9955829977989197
6501,4,2,2,0.0026504676789045334,0.015778126195073128,0.9815714955329895
6502,3,2,2,0.09388531744480133,0.0007741472800262272,0.9053406119346619
6503,2,1,1,0.000145588448503986,0.9997220635414124,0.00013231186312623322
6504,3,2,2,0.0006946718203835189,0.0003501814790070057,0.9989551305770874
6505,2,2,2,1.4062672562431544e-05,4.216853267280385e-05,0.999943733215332
6506,2,2,2,3.3956224797293544e-05,0.00017464927805121988,0.9997914433479309
6507,0,2,2,8.171223839781305e-07,4.762731805385556e-06,0.9999943971633911
6508,1,2,2,0.003140741493552923,0.004719154443591833,0.9921401143074036
6509,1,1,1,0.00015620869817212224,0.9997996687889099,4.4169315515318885e-05
6510,2,1,1,0.001354970270767808,0.9984910488128662,0.00015394328511320055
6511,4,1,1,0.00037459220038726926,0.9993938207626343,0.00023161618446465582
6512,4,2,2,0.0004745525075122714,0.0044657341204583645,0.9950597286224365
6513,1,1,1,1.737053389661014e-05,0.9999676942825317,1.498783785791602e-05
6514,3,1,1,1.6192317389140953e-06,0.9999983310699463,5.3026120383492525e-08
6515,2,2,2,6.835425301687792e-05,0.000299470208119601,0.9996321201324463
6516,2,2,2,0.009943397715687752,0.006803813390433788,0.983252763748169
6517,0,2,2,2.2436959170590853e-06,1.7593270968063734e-05,0.999980092048645
6518,2,1,1,0.0001647578610572964,0.9997913241386414,4.3880845623789355e-05
6519,4,1,1,6.305442070697609e-07,0.9999992847442627,1.1104151553809061e-07
6520,0,1,1,9.655675512476591e-07,0.999998927116394,1.3404535081917857e-07
6521,4,1,1,0.053250450640916824,0.9287272095680237,0.018022259697318077
6522,4,2,2,3.1163076528173406e-06,0.00036129364161752164,0.9996355772018433
6523,3,1,1,1.1337362593621947e-05,0.9999880790710449,5.633210093947127e-07
6524,1,2,2,6.194197226250253e-07,2.7020487323170528e-06,0.9999966621398926
6525,4,1,1,0.012500861659646034,0.9869944453239441,0.0005046285223215818
6526,2,1,0,0.5986625552177429,0.366578608751297,0.03475889563560486
6527,0,1,1,0.03169267997145653,0.9619495272636414,0.006357782520353794
6529,4,2,2,0.0004912361619062722,0.00017652090173214674,0.9993321299552917
6530,4,2,2,3.1828737974137766e-06,0.00432917894795537,0.995667576789856
6531,2,0,0,0.8153826594352722,0.036270786076784134,0.14834652841091156
6532,1,1,1,0.015946216881275177,0.973157525062561,0.0108962282538414
6533,0,0,0,0.9000630378723145,0.02717830426990986,0.0727587565779686
6534,4,2,2,3.4529559343354777e-05,0.023860378190875053,0.9761050939559937
6537,4,1,1,1.0627418589592708e-07,0.9999998807907104,3.195747311224295e-08
6538,1,2,2,9.909756045090035e-05,1.690483622951433e-05,0.9998840093612671
6539,1,0,0,0.9024068713188171,0.012238649651408195,0.08535453677177429
6540,1,1,1,1.519971078778326e-06,0.9999979734420776,5.403712748375256e-07
6541,2,0,1,0.03521725535392761,0.9633589386940002,0.0014238287694752216
6542,4,0,0,0.892741322517395,0.010346661321818829,0.09691198915243149
6543,0,2,2,8.113317562674638e-06,3.9419668610207736e-05,0.9999524354934692
6544,4,2,2,8.648987204651348e-06,5.160022283234866e-06,0.9999861717224121
6545,0,1,1,0.00017481388931628317,0.999733030796051,9.210621647071093e-05
6546,4,2,2,3.7826845300514833e-07,1.2133513337175827e-05,0.9999874830245972
6547,1,2,2,9.245426917914301e-05,0.003888798877596855,0.9960187077522278
6549,1,2,2,0.4306271970272064,0.01192072406411171,0.5574520230293274
6550,3,0,0,0.8497668504714966,0.13557006418704987,0.014663112349808216
6551,1,2,2,2.6992875064024702e-05,0.00039266026578843594,0.9995803236961365
6552,3,0,0,0.7873237133026123,0.0228899959474802,0.18978635966777802
6554,0,1,0,0.4968355894088745,0.2837485373020172,0.21941588819026947
6555,2,1,0,0.7976515889167786,0.04897391423583031,0.15337449312210083
6556,3,2,2,7.14138732291758e-05,0.00011774112499551848,0.9998108744621277
6557,0,2,2,0.00028712122002616525,0.0005201533786021173,0.9991927742958069
6559,4,0,0,0.8093792200088501,0.10774265974760056,0.08287803083658218
6560,2,1,1,3.340628154546721e-06,0.9999955892562866,1.0583967195998412e-06
6561,1,0,0,0.8420712947845459,0.04893505200743675,0.10899368673563004
6562,2,0,0,0.6392374038696289,0.251864492893219,0.10889812558889389
6563,1,2,2,2.9538850867538713e-06,0.00017428438877686858,0.9998227953910828
6564,0,2,2,8.09455229955347e-07,3.1739696169097442e-06,0.9999959468841553
6565,2,1,1,4.209911367070163e-06,0.999995231628418,5.049878382124007e-07
6566,3,1,1,0.0001059845817508176,0.9998502731323242,4.3770127376774326e-05
6567,0,2,2,0.0001911715226015076,0.0007426981464959681,0.999066174030304
6568,2,1,1,0.006321617402136326,0.993218719959259,0.00045962288277223706
6569,4,2,2,2.658671473909635e-05,0.09864846616983414,0.901324987411499
6571,2,1,1,0.0005464591667987406,0.9994248151779175,2.8762959118466824e-05
6572,2,2,2,4.932430215376371e-07,2.7253277039562818e-06,0.9999967813491821
6573,1,0,0,0.8812713623046875,0.030826684087514877,0.08790189027786255
6574,1,1,1,1.8791841284837574e-05,0.9999780654907227,3.115514346063719e-06
6575,3,2,2,1.1232059478061274e-05,2.062110615952406e-05,0.9999681711196899
6577,1,1,1,0.0008090674527920783,0.9990369081497192,0.00015407957835122943
6578,3,0,1,0.02414093352854252,0.9750326871871948,0.0008263902273029089
6579,3,2,2,1.5286117559298873e-05,8.547111792722717e-05,0.9998992681503296
6580,2,0,0,0.8467798829078674,0.11622235924005508,0.03699774667620659
6581,2,0,0,0.8228270411491394,0.012414640747010708,0.16475827991962433
6582,1,0,0,0.9522857666015625,0.028294650837779045,0.019419671967625618
6583,3,0,0,0.751495361328125,0.12328438460826874,0.12522028386592865
6584,3,1,1,6.142904749140143e-05,0.9999306201934814,7.998584806045983e-06
6585,4,1,1,0.0032222180161625147,0.9957013726234436,0.001076424028724432
6586,3,2,0,0.7951688170433044,0.020010417327284813,0.1848207712173462
6588,0,1,1,1.2326854630373418e-05,0.9999614953994751,2.6172194338869303e-05
6589,0,0,0,0.8334712386131287,0.006989894900470972,0.1595388501882553
6590,2,1,1,8.81353230397508e-08,0.9999998807907104,4.2362461982747845e-08
6591,4,0,0,0.8408883213996887,0.027492370456457138,0.13161924481391907
6592,1,2,2,8.488814273732714e-06,3.559541028153035e-06,0.9999879598617554
6593,1,1,1,2.0826976196985925e-06,0.9999967813491821,1.1520969565026462e-06
6594,1,2,2,4.4623666894949565e-07,2.307290060343803e-06,0.9999972581863403
6596,1,0,0,0.693893551826477,0.00715419789776206,0.29895225167274475
6597,0,1,0,0.6964104771614075,0.10278298705816269,0.20080652832984924
6598,2,1,1,1.292499655392021e-05,0.9999849796295166,2.134643864337704e-06
6599,2,1,1,1.335856836703897e-06,0.9999984502792358,2.0207274076256e-07
6600,0,0,0,0.5264089107513428,0.4635193645954132,0.01007169485092163
6601,4,1,1,3.332145570311695e-05,0.999954104423523,1.2585096555994824e-05
6603,0,0,0,0.7900848388671875,0.07063986361026764,0.13927529752254486
6605,3,0,0,0.9006078243255615,0.007508845068514347,0.09188336879014969
6606,2,0,0,0.7208026647567749,0.20300699770450592,0.0761902779340744
6607,4,1,1,0.00037278063246048987,0.9995265007019043,0.00010071486030938104
6608,4,0,0,0.9641283750534058,0.006156187504529953,0.029715487733483315
6609,4,1,1,0.2397278994321823,0.7131964564323425,0.047075677663087845
6610,1,2,2,0.37564483284950256,0.17814648151397705,0.4462087154388428
6611,4,1,0,0.5573420524597168,0.29607266187667847,0.14658531546592712
6613,4,1,1,3.910207306034863e-05,0.9999474287033081,1.344677457382204e-05
6614,4,1,0,0.5764027833938599,0.35616037249565125,0.0674368143081665
6615,4,1,1,0.03259081393480301,0.9630914330482483,0.004317761864513159
6616,1,0,0,0.6435116529464722,0.010391906835138798,0.34609636664390564
6617,3,0,0,0.7605659365653992,0.024851340800523758,0.21458272635936737
6618,4,1,0,0.489834725856781,0.042321912944316864,0.46784329414367676
6620,2,1,0,0.5340030789375305,0.2989530563354492,0.16704384982585907
6622,1,0,0,0.5408989191055298,0.42236730456352234,0.036733802407979965
6624,3,0,1,0.29396578669548035,0.6896877884864807,0.016346432268619537
6625,3,0,2,0.15208056569099426,0.02694525010883808,0.8209741711616516
6627,3,1,2,0.09583213925361633,0.09699404984712601,0.8071738481521606
6628,3,0,1,0.35454118251800537,0.38322263956069946,0.26223617792129517
6629,2,0,0,0.6981777548789978,0.06194715574383736,0.23987509310245514
6630,1,0,0,0.980448305606842,0.006211761850863695,0.013339902274310589
6633,4,1,1,0.0010758043499663472,0.9987695813179016,0.00015455677930731326
6635,4,1,0,0.6383369565010071,0.23356226086616516,0.12810076773166656
6637,2,0,0,0.7213404178619385,0.14629188179969788,0.13236761093139648
6639,0,1,0,0.9174288511276245,0.023736262694001198,0.05883493274450302
6640,2,0,0,0.8467546105384827,0.08685661107301712,0.06638879328966141
6641,1,1,0,0.7674427032470703,0.13222560286521912,0.10033165663480759
6642,2,1,1,0.31542035937309265,0.5451337695121765,0.13944587111473083
6643,3,1,1,0.341510534286499,0.5374172925949097,0.1210721880197525
6645,3,0,0,0.8495693802833557,0.060264989733695984,0.09016560763120651
6646,1,2,0,0.9137753844261169,0.017849702388048172,0.0683748871088028
6647,2,2,0,0.7915951013565063,0.008243357762694359,0.2001614272594452
6648,0,1,1,0.00043824518797919154,0.9993085861206055,0.00025318225380033255
6650,1,2,1,0.42136499285697937,0.5463878512382507,0.032247144728899
6651,1,1,1,4.189792525721714e-05,0.9999421834945679,1.5951096429489553e-05
6652,2,1,1,6.027725976309739e-05,0.9999302625656128,9.51146830630023e-06
6654,3,0,0,0.7187631726264954,0.09320057183504105,0.18803627789020538
6655,1,1,0,0.5602428913116455,0.39639660716056824,0.04336045682430267
6656,0,1,1,0.00407756119966507,0.9775727987289429,0.018349625170230865
6657,1,2,0,0.8766487240791321,0.0022556635085493326,0.12109566479921341
6658,1,1,1,0.36092519760131836,0.6297767162322998,0.00929814949631691
6659,4,1,1,2.0140907508903183e-05,0.9999788999557495,9.071307545127638e-07
6660,2,0,0,0.8667693138122559,0.006977158132940531,0.12625353038311005
6661,2,1,0,0.9131455421447754,0.01431144680827856,0.07254303246736526
6662,4,2,0,0.9497787356376648,0.004676943179219961,0.04554424434900284
6663,4,2,2,0.2113887071609497,0.01697142794728279,0.771639883518219
6664,0,0,0,0.4971410632133484,0.3892274498939514,0.1136314794421196
6665,0,1,1,8.704882202437147e-05,0.9998984336853027,1.4473697774519678e-05
6666,4,1,1,0.0002782906231004745,0.9996597766876221,6.192966975504532e-05
6667,0,2,0,0.8823479413986206,0.03921409696340561,0.078437939286232
6668,1,2,2,0.15809668600559235,0.0004540171939879656,0.8414493799209595
6669,0,1,1,0.005065504927188158,0.9945083260536194,0.00042622987530194223
6670,3,0,0,0.8765480518341064,0.010406412184238434,0.11304547637701035
6672,2,2,0,0.6416580677032471,0.02062326669692993,0.3377186357975006
6673,2,1,2,3.6405861465027556e-05,0.021268680691719055,0.9786948561668396
6675,3,1,1,6.326664151856676e-05,0.9999328851699829,3.864807695208583e-06
6676,4,0,0,0.9378800392150879,0.006442417856305838,0.0556776188313961
6677,0,1,1,1.4097134226176422e-05,0.9999804496765137,5.424439223133959e-06
6678,0,0,0,0.9100780487060547,0.0027813257183879614,0.08714056760072708
6680,4,1,1,0.007656641770154238,0.990841269493103,0.001502100145444274
6681,3,1,1,0.45842084288597107,0.4639512598514557,0.07762793451547623
6682,2,1,0,0.8087169528007507,0.04873635992407799,0.14254677295684814
6683,3,0,0,0.9235060214996338,0.06616291403770447,0.01033102534711361
6685,2,0,1,0.16182944178581238,0.8282842040061951,0.009886384010314941
6686,4,0,0,0.927790641784668,0.049727022647857666,0.0224823709577322
6687,2,2,0,0.7882561683654785,0.05413695424795151,0.1576068252325058
6689,4,2,2,0.005943865515291691,0.00017309276154264808,0.9938830137252808
6691,2,1,1,0.02011723257601261,0.9763315916061401,0.003551191883161664
6692,1,0,0,0.9657405614852905,0.0067176371812820435,0.0275417547672987
6693,3,0,0,0.8008710145950317,0.06323323398828506,0.13589581847190857
6695,0,2,2,0.15396235883235931,0.009373270906507969,0.8366643190383911
6696,3,0,0,0.860032856464386,0.050430916249752045,0.08953624963760376
6698,0,0,0,0.7980672717094421,0.011614473536610603,0.19031819701194763
6699,0,2,0,0.906813383102417,0.03201597183942795,0.06117067486047745
6700,1,1,1,3.988916887465166e-06,0.9999911785125732,4.831148544326425e-06
6701,2,1,1,0.3402799069881439,0.6203362345695496,0.039383843541145325
6703,0,1,1,0.28427815437316895,0.6984619498252869,0.017259933054447174
6704,4,2,2,0.1781904250383377,0.009841566905379295,0.8119680285453796
6708,0,0,0,0.5227375626564026,0.39254939556121826,0.08471307158470154
6709,1,1,1,2.3805187083780766e-06,0.9999946355819702,3.017551080120029e-06
6711,2,0,0,0.7624487280845642,0.11446575820446014,0.12308555096387863
6712,4,1,1,2.3835057163523743e-06,0.9999974966049194,1.2810674832053337e-07
6713,0,0,0,0.8689611554145813,0.03472230210900307,0.09631651639938354
6714,2,0,0,0.7709168195724487,0.07070497423410416,0.15837816894054413
6715,4,0,0,0.9112294316291809,0.013566741719841957,0.0752038061618805
6716,0,0,0,0.832096517086029,0.05626954883337021,0.11163395643234253
6717,0,1,1,1.922326418934972e-06,0.9999974966049194,5.229439921095036e-07
6719,3,2,2,0.00044757709838449955,0.004961655009537935,0.9945907592773438
6720,4,1,1,0.07345686107873917,0.9084511399269104,0.018092017620801926
6721,3,1,1,0.07665806263685226,0.9152453541755676,0.008096560835838318
6722,0,1,0,0.8609412908554077,0.0588991604745388,0.0801595151424408
6724,3,1,1,2.391319867456332e-06,0.9999974966049194,1.490668921633187e-07
6726,2,1,1,6.659181963186711e-06,0.999993085861206,2.464756221343123e-07
6727,1,2,2,1.1026613719877787e-06,5.487975613505114e-06,0.9999934434890747
6728,2,0,0,0.9233463406562805,0.025880116969347,0.05077355355024338
6729,1,2,2,1.0721230410126736e-06,7.611794899275992e-06,0.9999912977218628
6730,0,0,0,0.8256716728210449,0.11821896582841873,0.05610928311944008
6731,4,1,1,3.2163893592951354e-06,0.9999961853027344,5.429215548247157e-07
6732,2,0,0,0.6586827635765076,0.029460975900292397,0.31185629963874817
6733,0,0,0,0.7157406806945801,0.23351308703422546,0.05074628069996834
6734,3,2,2,1.341514871455729e-05,9.742260590428486e-05,0.9998891353607178
6735,1,1,0,0.5239166021347046,0.429242879152298,0.046840474009513855
6736,2,1,1,1.4317676686914638e-05,0.9999817609786987,3.953205123252701e-06
6737,0,2,2,2.8028122045498094e-08,8.149269774548884e-07,0.9999991655349731
6738,0,2,2,2.4382887886531535e-07,1.996295031858608e-05,0.9999798536300659
6739,0,0,0,0.7585152387619019,0.06264863908290863,0.17883610725402832
6740,2,0,0,0.9320967793464661,0.0247755516320467,0.04312771558761597
6741,3,0,0,0.966590404510498,0.016109976917505264,0.01729968562722206
6742,0,1,1,0.00014404524699784815,0.9998440742492676,1.1807558621512726e-05
6744,3,0,1,0.2058970183134079,0.7182617783546448,0.0758412629365921
6745,0,1,1,8.28897441351728e-07,0.9999986886978149,4.275857463653665e-07
6746,0,2,2,3.110360921709798e-05,0.0002934613439720124,0.9996753931045532
6747,0,1,1,0.0022718715481460094,0.9974285960197449,0.00029954989440739155
6749,2,1,1,4.758670002047438e-06,0.9999946355819702,5.912387450734968e-07
6751,4,1,1,0.0002570013457443565,0.9989112615585327,0.0008317839819937944
6753,1,1,1,0.005580171011388302,0.9934400916099548,0.0009797208476811647
6754,1,2,0,0.7956092357635498,0.04462950676679611,0.1597612500190735
6758,4,0,0,0.9095687866210938,0.004427047446370125,0.08600416779518127
6759,1,1,1,4.7163259296212345e-05,0.9999443292617798,8.449820597888902e-06
6761,4,0,0,0.9662244319915771,0.003475201316177845,0.03030039556324482
6763,3,1,1,1.7962489664569148e-06,0.9999978542327881,2.9023459546806407e-07
6764,0,0,0,0.7532156109809875,0.10722441971302032,0.13955998420715332
6766,3,0,0,0.9070221781730652,0.018093230202794075,0.07488460093736649
6767,3,1,1,4.737868835036352e-07,0.9999994039535522,8.32295796726612e-08
6768,2,0,0,0.8792749047279358,0.08936173468828201,0.03136337175965309
6770,2,1,1,4.457115210243501e-06,0.9999922513961792,3.3206126772711286e-06
6772,1,1,0,0.904985785484314,0.056036826223134995,0.038977399468421936
6774,0,2,2,8.578584811402834e-07,1.2858352420153096e-05,0.9999862909317017
6775,0,1,1,2.522334625609801e-06,0.9999970197677612,4.6240023721111356e-07
6776,3,1,1,1.4444754015130457e-06,0.9999982118606567,3.3302427482340136e-07
6777,4,2,2,1.0517933333176188e-05,0.0002058652462437749,0.9997836947441101
6779,4,0,0,0.8481602072715759,0.05844039469957352,0.09339942038059235
6780,4,1,1,1.7884073599816475e-07,0.9999997615814209,7.726354311898831e-08
6781,3,1,1,0.00010791878594318405,0.9998206496238708,7.143765833461657e-05
6782,4,1,1,3.473000447229424e-07,0.9999996423721313,2.5173186202209763e-08
6784,1,0,0,0.9217373132705688,0.005281469319015741,0.07298123836517334
6785,3,1,1,0.0003243818646296859,0.9992709755897522,0.0004046527901664376
6786,1,2,2,1.013114228953782e-06,1.4276813999458682e-05,0.9999847412109375
6788,4,1,1,1.2649940117626102e-07,0.9999997615814209,8.1703284138257e-08
6789,4,1,1,0.005628599785268307,0.9939059615135193,0.0004654442018363625
6790,1,1,1,3.1581148505210876e-06,0.9999691247940063,2.767803380265832e-05
6791,1,1,1,4.064962467964506e-06,0.999994158744812,1.81773827989673e-06
6792,4,1,1,2.7209578547626734e-05,0.9999688863754272,3.848645974358078e-06
6793,0,1,0,0.9331840872764587,0.02177337184548378,0.045042503625154495
6794,0,1,1,3.217021230739192e-06,0.9999923706054688,4.451495442481246e-06
6795,4,0,0,0.599241316318512,0.2554585635662079,0.14530009031295776
6797,0,1,1,6.542349638039013e-06,0.9999902248382568,3.274969003541628e-06
6798,1,0,0,0.9614429473876953,0.012944182381033897,0.025612864643335342
6799,2,1,1,3.613029912230559e-05,0.9999604225158691,3.4572387903608615e-06
6800,2,2,2,7.5024317993666045e-06,0.00010206912702415138,0.9998904466629028
6801,0,0,0,0.8942206501960754,0.03481793403625488,0.07096142321825027
6802,2,2,2,0.0014423124957829714,0.00011215422273380682,0.9984455704689026
6805,3,0,0,0.8931472897529602,0.02598216012120247,0.08087055385112762
6806,1,0,0,0.9182903170585632,0.03409964218735695,0.04761005938053131
6807,2,0,0,0.9099492430686951,0.0183548703789711,0.07169588655233383
6808,3,1,1,0.0013919021002948284,0.9983443021774292,0.0002638368750922382
6809,4,1,1,1.3333516335478635e-06,0.9999982118606567,3.9671965623711003e-07
6810,1,1,0,0.9433690309524536,0.031254928559064865,0.025376101955771446
6811,1,0,0,0.945537805557251,0.032206300646066666,0.022255949676036835
6815,0,2,2,0.0005209781229496002,0.0006756404764018953,0.9988033771514893
6816,3,2,2,8.507081656716764e-05,0.0002572951780166477,0.9996576309204102
6817,3,0,0,0.9280530214309692,0.02548890747129917,0.04645800217986107
6818,4,1,0,0.47225674986839294,0.4338163435459137,0.09392689913511276
6819,1,0,0,0.8100107312202454,0.034870706498622894,0.15511856973171234
6820,0,0,0,0.9228197932243347,0.013063931837677956,0.06411628425121307
6821,0,0,1,0.19101877510547638,0.8015440106391907,0.007437188643962145
6822,3,1,1,3.87743853025313e-07,0.9999995231628418,3.451025776257666e-08
6823,1,1,0,0.8651516437530518,0.0782129168510437,0.056635528802871704
6824,4,0,0,0.6949652433395386,0.18064545094966888,0.12438927590847015
6826,3,1,1,5.315507223713212e-05,0.9999394416809082,7.43835198591114e-06
6828,4,2,0,0.810363233089447,0.05109637603163719,0.13854046165943146
6829,0,0,0,0.8268045783042908,0.1255132406949997,0.047682199627161026
6830,4,0,0,0.7577008008956909,0.03699018061161041,0.20530898869037628
6831,3,1,1,0.00020406035764608532,0.9997534155845642,4.251379141351208e-05
6832,4,1,1,1.144404336628213e-06,0.9999986886978149,2.2569734881017212e-07
6835,4,2,2,1.1154454114148393e-05,2.5462330086156726e-05,0.9999632835388184
6836,3,1,1,8.313935541082174e-05,0.9998717308044434,4.5162920287111774e-05
6838,1,2,2,0.0006732605397701263,0.1661754548549652,0.8331512212753296
6839,2,1,1,2.3215467081172392e-05,0.9999710321426392,5.725132723455317e-06
6840,0,2,2,4.3922247527916625e-07,5.160365162737435e-06,0.9999943971633911
6841,3,1,0,0.6288496851921082,0.2979099750518799,0.07324039936065674
6842,1,2,2,9.618228204999468e-07,5.436167612060672e-06,0.9999935626983643
6843,3,1,1,5.265876097837463e-06,0.9999879598617554,6.723425940435845e-06
6844,1,1,1,0.02780807763338089,0.9678384065628052,0.004353461787104607
6845,1,2,2,1.236514776792319e-06,2.1430400920507964e-06,0.9999966621398926
6847,2,2,2,0.0006671358132734895,0.002844511065632105,0.9964883327484131
6849,4,2,2,0.00037530262488871813,0.0007784999907016754,0.998846173286438
6850,2,2,2,0.19305473566055298,0.014539123512804508,0.7924061417579651
6851,4,2,2,3.485647539491765e-05,7.56881054257974e-05,0.9998894929885864
6853,2,1,1,0.2534378170967102,0.730035126209259,0.01652706228196621
6855,2,1,1,4.695091320172651e-06,0.9999946355819702,6.287776272984047e-07
6856,2,2,2,7.940636714920402e-05,0.00039328407729044557,0.9995273351669312
6857,3,0,2,0.18508680164813995,0.17681938409805298,0.6380937695503235
6858,1,0,0,0.8009645938873291,0.0876360535621643,0.11139929294586182
6861,4,2,2,1.2144925676693674e-05,9.600104385754094e-05,0.9998918771743774
6862,2,2,2,0.0001791616523405537,0.0004872869176324457,0.9993335604667664
6863,0,2,2,2.884788273149752e-06,0.0002597086422611028,0.9997374415397644
6865,2,2,2,8.05385789135471e-05,0.0009635671158321202,0.9989559650421143
6867,1,1,1,1.9046048009840888e-06,0.9999904632568359,7.618230483785737e-06
6868,3,1,2,1.6214906281675212e-05,7.139571607694961e-06,0.999976634979248
6869,2,1,0,0.6868144273757935,0.170224130153656,0.14296142756938934
6871,2,2,0,0.5561602711677551,0.03693871945142746,0.40690097212791443
6872,1,0,0,0.9414050579071045,0.0015970668755471706,0.0569978766143322
6873,4,2,2,0.00015597889432683587,0.0017065812135115266,0.998137354850769
6874,1,2,2,4.693484879680909e-05,0.0006708884029649198,0.99928218126297
6875,0,2,2,1.6825812053866684e-05,1.8349617675994523e-05,0.9999648332595825
6877,2,2,2,0.00016078563930932432,0.00017889527953229845,0.9996603727340698
6878,4,2,2,3.687679782160558e-05,3.6861576518276706e-05,0.9999263286590576
6879,4,0,0,0.9366685748100281,0.00300222379155457,0.060329191386699677
6881,3,0,0,0.5445919036865234,0.14847135543823242,0.30693668127059937
6882,4,2,2,2.1875550373806618e-05,4.521911978372373e-05,0.9999328851699829
6883,3,2,2,2.1332630240067374e-06,1.931445240188623e-06,0.9999959468841553
6884,1,0,0,0.9246363639831543,0.019806308671832085,0.055557336658239365
6885,0,0,0,0.9585047960281372,0.009186380542814732,0.032308802008628845
6888,0,2,2,1.4119280422164593e-05,5.6110202422132716e-06,0.9999803304672241
6889,3,0,0,0.4490881860256195,0.29362931847572327,0.2572825253009796
6891,3,1,1,0.15664413571357727,0.7964508533477783,0.0469050407409668
6892,0,2,2,1.9243523638579063e-05,2.6087165679200552e-05,0.9999547004699707
6894,0,2,2,3.1191266458563405e-08,8.479916004944243e-07,0.9999991655349731
6895,3,0,0,0.6953000426292419,0.21745707094669342,0.08724290132522583
6896,1,1,1,0.029277777299284935,0.9489004015922546,0.02182178571820259
6899,0,2,2,1.394087917105935e-06,5.754488483944442e-06,0.999992847442627
6900,4,0,0,0.8606948852539062,0.0053293402306735516,0.1339757889509201
6901,0,0,0,0.9308596849441528,0.018823567777872086,0.050316665321588516
6902,1,0,0,0.8316025137901306,0.09400392323732376,0.07439358532428741
6903,0,0,0,0.9255412817001343,0.05142751708626747,0.023031260818243027
6904,3,0,0,0.7554602026939392,0.03877394646406174,0.20576582849025726
6905,0,2,0,0.5586326122283936,0.06344565749168396,0.37792181968688965
6906,2,1,2,0.3321261703968048,0.04091719537973404,0.6269566416740417
6909,3,1,1,0.09196493029594421,0.897088885307312,0.010946214199066162
6910,1,0,0,0.7365217804908752,0.15889015793800354,0.10458806902170181
6911,2,0,0,0.8430566787719727,0.03822704032063484,0.11871624737977982
6912,0,1,1,0.03171668201684952,0.9677639603614807,0.0005193994147703052
6913,3,1,1,0.0038828784599900246,0.9960163235664368,0.00010074111196445301
6914,3,1,1,2.4898132323869504e-05,0.9999749660491943,9.122365440816793e-08
6915,0,1,1,0.018404005095362663,0.981040894985199,0.0005550815840251744
6916,2,0,2,0.22945605218410492,0.03225382789969444,0.7382901310920715
6917,4,1,1,0.0005796137847937644,0.9982137680053711,0.0012066286290064454
6918,3,0,2,0.3609873354434967,0.006253933999687433,0.6327587366104126
6919,3,0,0,0.9496124982833862,0.0056548635475337505,0.04473266378045082
6922,0,0,0,0.7125269174575806,0.19679681956768036,0.09067627042531967
6923,2,0,0,0.49455633759498596,0.016269566491246223,0.48917415738105774
6924,3,0,1,0.02149185724556446,0.9770076274871826,0.001500537502579391
6925,0,1,0,0.7725552320480347,0.14607062935829163,0.08137418329715729
6926,3,1,1,0.026705922558903694,0.9533470869064331,0.01994696445763111
6928,1,1,0,0.608066201210022,0.35345831513404846,0.03847546502947807
6929,1,1,1,0.30009037256240845,0.6885634064674377,0.011346224695444107
6931,2,2,0,0.7324594855308533,0.10759414732456207,0.15994636714458466
6932,0,2,0,0.8963756561279297,0.010181580670177937,0.09344274550676346
6933,3,1,1,0.016541162505745888,0.9830559492111206,0.00040285647264681756
6934,1,0,0,0.872425377368927,0.04124928265810013,0.08632535487413406
6935,0,0,0,0.8937869668006897,0.07095185667276382,0.03526124358177185
6936,1,0,0,0.5180808305740356,0.41660746932029724,0.06531170755624771
6937,2,0,0,0.9217740297317505,0.02368081361055374,0.05454521253705025
6938,4,0,0,0.7995057702064514,0.013960033655166626,0.18653419613838196
6939,0,0,0,0.8591546416282654,0.07923141121864319,0.061613913625478745
6940,2,1,1,0.3028091490268707,0.6792349219322205,0.017955997958779335
6941,1,0,0,0.8712854981422424,0.05782410502433777,0.07089037448167801
6943,2,0,0,0.8396192193031311,0.061607930809259415,0.09877286851406097
6944,4,0,0,0.8810848593711853,0.019422011449933052,0.0994931310415268
6945,0,2,0,0.7695336937904358,0.013024924322962761,0.21744146943092346
6947,3,0,0,0.8637765049934387,0.06672286987304688,0.0695006474852562
6948,1,0,0,0.709687352180481,0.23408924043178558,0.056223418563604355
6950,2,0,0,0.8544051647186279,0.07963933050632477,0.06595554947853088
6951,1,1,1,0.00019448515377007425,0.9992544054985046,0.0005511453491635621
6953,3,0,0,0.7944252490997314,0.024426836520433426,0.18114794790744781
6954,1,2,2,4.413099668454379e-05,0.00040901685133576393,0.9995468258857727
6955,1,1,0,0.7131450772285461,0.044149961322546005,0.24270494282245636
6956,3,0,0,0.7941269278526306,0.030492028221488,0.17538100481033325
6958,4,1,1,0.0008187388884834945,0.9991056323051453,7.556733908131719e-05
6959,0,0,1,0.39088404178619385,0.4983855187892914,0.1107303723692894
6960,4,1,1,0.0398666076362133,0.9553962349891663,0.004737164359539747
6961,4,0,0,0.7231763601303101,0.03170596435666084,0.2451176643371582
6962,4,1,1,0.019359959289431572,0.9774118661880493,0.003228134708479047
6963,0,1,1,0.005847849417477846,0.991142988204956,0.003009164473041892
6964,2,1,1,0.32288989424705505,0.5384839177131653,0.13862621784210205
6966,2,2,0,0.6610255837440491,0.0714886337518692,0.26748576760292053
6967,3,0,0,0.7213481664657593,0.0652858167886734,0.2133660912513733
6968,0,0,0,0.9042225480079651,0.016535229980945587,0.07924225926399231
6969,0,0,0,0.7328166365623474,0.2162187546491623,0.05096457153558731
6970,2,1,1,0.022354496642947197,0.9701173901557922,0.007528101559728384
6971,3,1,1,0.01965324394404888,0.9722083210945129,0.00813839491456747
6973,4,2,0,0.7629704475402832,0.07626401633024216,0.16076548397541046
6974,1,0,0,0.9264131188392639,0.04627063497900963,0.027316264808177948
6976,4,0,0,0.7900769710540771,0.0118560204282403,0.1980670541524887
6977,1,2,0,0.731424868106842,0.0025075655430555344,0.2660675644874573
6978,3,1,0,0.7048555016517639,0.21790151298046112,0.07724300771951675
6980,3,2,0,0.8104626536369324,0.0928703248500824,0.09666702151298523
6981,3,0,0,0.813532829284668,0.04903919994831085,0.1374279409646988
6982,0,1,1,1.3240536645753309e-05,0.9999749660491943,1.1771973731811158e-05
6983,0,0,0,0.7181962132453918,0.12264204770326614,0.159161776304245
6985,2,2,0,0.8185759782791138,0.011470901779830456,0.1699531078338623
6986,4,1,1,0.00021497689886018634,0.9991647005081177,0.0006203915691003203
6987,3,0,0,0.8953540325164795,0.019074900075793266,0.0855710580945015
6988,2,1,1,8.38062715047272e-06,0.9999902248382568,1.3795178119835327e-06
6991,0,0,2,0.38005587458610535,0.11372538655996323,0.5062187910079956
6992,4,1,1,0.20853526890277863,0.7710140347480774,0.020450754091143608
6993,3,0,0,0.7903424501419067,0.026953374966979027,0.1827041357755661
6994,2,0,0,0.6830689907073975,0.046629149466753006,0.27030184864997864
6995,4,1,1,0.0020933051127940416,0.9977253079414368,0.00018134377023670822
6996,1,0,0,0.9062467813491821,0.003277758602052927,0.09047551453113556
6998,0,0,0,0.9409298896789551,0.016402345150709152,0.042667750269174576
6999,2,0,0,0.9008566737174988,0.04091504588723183,0.05822833627462387
7000,2,0,0,0.9155225157737732,0.034172069281339645,0.050305336713790894
7001,4,2,0,0.7277246117591858,0.0278630331158638,0.2444123774766922
7002,2,2,2,0.00028298969846218824,0.0006901730666868389,0.999026894569397
7003,3,0,0,0.9401473999023438,0.04052390903234482,0.019328709691762924
7007,2,2,2,0.0012098811566829681,0.00018769240705296397,0.9986024498939514
7011,2,0,0,0.7457664012908936,0.02166038379073143,0.23257315158843994
7012,2,1,1,5.537492143048439e-06,0.9999940395355225,4.3664419990818715e-07
7013,1,1,2,0.0012828499311581254,0.04344727471470833,0.9552698731422424
7014,1,2,2,8.756009265198372e-06,8.03717557573691e-05,0.9999109506607056
7015,2,2,0,0.8310216665267944,0.02016652747988701,0.1488117128610611
7016,1,1,1,0.0042381430976092815,0.9956314563751221,0.00013048344408161938
7017,1,0,0,0.8347744345664978,0.12275078892707825,0.04247473180294037
7018,3,0,1,0.42260119318962097,0.5456478595733643,0.03175099194049835
7019,0,0,0,0.7513728737831116,0.012328149750828743,0.23629891872406006
7021,2,1,0,0.46977096796035767,0.46561071276664734,0.06461837142705917
7022,2,2,2,0.0013613828923553228,0.004041024949401617,0.9945975542068481
7023,2,2,0,0.7840909957885742,0.00583934411406517,0.21006964147090912
7024,4,0,0,0.9072282314300537,0.008379526436328888,0.08439218997955322
7026,3,0,0,0.6187251806259155,0.12142421305179596,0.2598506510257721
7027,0,0,0,0.8657172322273254,0.1112886443734169,0.022994177415966988
7029,1,1,1,9.260739716410171e-06,0.9999854564666748,5.235687240201514e-06
7030,2,0,0,0.7002392411231995,0.020252319052815437,0.27950841188430786
7031,1,0,0,0.8404561281204224,0.1110534518957138,0.04849040508270264
7032,0,0,0,0.9144740104675293,0.029347777366638184,0.05617814511060715
7033,4,0,2,0.10758252441883087,0.002255016239359975,0.8901623487472534
7034,1,2,2,2.5118589874750796e-08,2.9084187644912163e-06,0.9999971389770508
7036,3,0,0,0.4705493152141571,0.39166730642318726,0.13778337836265564
7037,4,0,0,0.7415449619293213,0.03181090205907822,0.2266441285610199
7039,1,1,1,0.3061141073703766,0.6691285967826843,0.02475733309984207
7040,0,2,2,9.961746400222182e-06,1.6709846022422425e-06,0.999988317489624
7041,3,1,1,7.692210601817351e-07,0.9999991655349731,8.076446533777926e-08
7042,0,1,1,4.1000646888278425e-05,0.9999573230743408,1.7280033262068173e-06
7043,1,0,0,0.9527691006660461,0.019089581444859505,0.028141308575868607
7045,4,0,0,0.7793928384780884,0.06497574597597122,0.15563149750232697
7046,1,2,2,2.5749845917744096e-06,8.879609595169313e-06,0.9999885559082031
7047,3,2,2,2.096130629070103e-06,2.4925998332037125e-06,0.9999953508377075
7048,1,0,0,0.4641825258731842,0.2967785894870758,0.2390388548374176
7049,0,0,1,0.11121947318315506,0.8792102336883545,0.009570353664457798
7050,1,0,0,0.8990131616592407,0.036501817405223846,0.0644850879907608
7051,0,0,0,0.8535727858543396,0.004354497883468866,0.14207276701927185
7052,2,0,0,0.6184688210487366,0.2958601713180542,0.0856710746884346
7053,1,0,1,0.20876845717430115,0.7473561763763428,0.04387539625167847
7054,2,1,1,4.6044960981816985e-06,0.9999920129776001,3.379913550816127e-06
7055,4,1,1,0.0007613868801854551,0.999188244342804,5.0309412472415715e-05
7056,0,0,0,0.7744553685188293,0.12401428818702698,0.10153035819530487
7057,0,1,0,0.9190557599067688,0.010107329115271568,0.07083690911531448
7058,0,0,0,0.9316155314445496,0.010107601061463356,0.058276884257793427
7059,3,1,1,3.236782504245639e-05,0.9999597072601318,7.944150638650171e-06
7060,4,2,2,7.366924364760052e-06,3.350475481056492e-06,0.9999892711639404
7061,3,2,2,7.523742169723846e-06,0.015653520822525024,0.9843389987945557
7062,3,1,1,4.7228932089637965e-05,0.9999358654022217,1.6872530977707356e-05
7063,1,2,2,2.783502850434161e-06,1.4331176316773053e-05,0.9999829530715942
7064,4,0,0,0.7073273658752441,0.033464282751083374,0.25920844078063965
7065,2,0,0,0.8296522498130798,0.05204377695918083,0.11830402165651321
7067,3,2,2,1.8897244444815442e-06,0.0001320623850915581,0.9998660087585449
7069,4,0,0,0.9103459715843201,0.00570635823532939,0.08394758403301239
7072,2,2,2,1.4435016964853276e-05,0.003827539272606373,0.9961579442024231
7073,2,1,1,1.891139959298016e-06,0.9999977350234985,4.114291982659779e-07
7074,1,1,1,4.930022896587616e-07,0.9999988079071045,6.817544999648817e-07
7075,0,1,1,7.859001198085025e-05,0.9999058246612549,1.5558927771053277e-05
7076,2,0,1,0.1709742695093155,0.7924389839172363,0.036586713045835495
7077,3,2,2,4.503596210270189e-05,0.09690947830677032,0.9030454754829407
7080,1,2,2,6.049894523130206e-07,7.604064194310922e-06,0.999991774559021
7081,4,2,2,1.1028381550204358e-06,0.0007043045479804277,0.999294638633728
7082,0,0,0,0.7998060584068298,0.037532299757003784,0.16266171634197235
7083,2,2,2,7.1082486101659015e-06,0.00012635072926059365,0.9998664855957031
7084,2,0,0,0.8813143968582153,0.00855205487459898,0.11013355106115341
7085,4,0,0,0.8408181667327881,0.019036367535591125,0.1401454508304596
7086,2,2,2,2.7560075977817178e-05,0.0003078434965573251,0.9996646642684937
7087,3,0,0,0.8044211268424988,0.05934641510248184,0.13623249530792236
7088,0,0,0,0.9361314177513123,0.013904222287237644,0.04996439814567566
7089,4,1,1,3.1297790314965823e-07,0.999997615814209,2.017945689658518e-06
7090,1,1,1,0.42441514134407043,0.5670216083526611,0.008563249371945858
7091,2,1,1,0.0006452777306549251,0.9991832375526428,0.00017146622121799737
7092,4,1,0,0.8842865824699402,0.04764089733362198,0.06807246059179306
7094,3,2,2,6.442907761083916e-06,0.00048153212992474437,0.9995120763778687
7096,0,2,2,1.6629117453703657e-05,1.0926014510914683e-05,0.9999724626541138
7097,3,2,2,3.902293883584207e-06,0.0002123403683071956,0.9997836947441101
7098,3,2,2,3.5874602417607093e-06,9.089207742363214e-05,0.9999054670333862
7099,0,1,1,0.0006111318944022059,0.9988841414451599,0.0005047748563811183
7101,4,0,0,0.8851795792579651,0.005613422952592373,0.10920698940753937
7102,2,1,1,0.11127673089504242,0.8720725774765015,0.016650725156068802
7103,4,2,2,9.011549764181837e-07,9.06806508282898e-06,0.9999899864196777
7104,0,1,1,3.300565367680974e-05,0.9999614953994751,5.525469077838352e-06
7105,4,1,0,0.6979161500930786,0.23187372088432312,0.07021011412143707
7106,2,2,2,1.5659941254853038e-06,7.055016612866893e-05,0.9999278783798218
7107,1,0,0,0.8667142987251282,0.017833277583122253,0.1154523566365242
7108,4,1,1,0.0002074487420031801,0.999721348285675,7.118011853890494e-05
7109,4,1,1,1.2321578424234758e-07,0.9999998807907104,2.605573001801531e-08
7110,4,1,1,1.390754533758809e-07,0.9999997615814209,5.597670948986888e-08
7111,3,2,2,2.0249917724868283e-05,0.005416221916675568,0.9945635199546814
7112,4,1,1,0.01088534016162157,0.985834538936615,0.003280101576820016
7115,2,0,0,0.8075942993164062,0.12525922060012817,0.06714650988578796
7116,0,2,2,3.482719002079193e-09,9.888608332175863e-08,0.9999998807907104
7117,2,2,2,3.996083250967786e-05,0.014720259234309196,0.9852398633956909
7118,0,2,2,0.0028263942804187536,0.0029129658360034227,0.9942606687545776
7119,2,2,2,5.374625743570505e-06,5.482949563884176e-05,0.9999397993087769
7120,1,1,1,0.0037349131889641285,0.9956753849983215,0.0005897147348150611
7121,3,2,2,8.931408956414089e-06,0.000710724329110235,0.9992803931236267
7122,1,1,1,0.0009164782240986824,0.9990033507347107,8.016574429348111e-05
7123,1,0,0,0.8301907181739807,0.03353385999798775,0.13627545535564423
7124,0,0,1,0.02516815811395645,0.9737305641174316,0.0011012277100235224
7126,2,2,2,2.4880614546418656e-07,7.665234079468064e-06,0.9999921321868896
7127,1,1,1,5.449809350466239e-07,0.999998927116394,5.728501264457009e-07
7128,3,2,0,0.6789485812187195,0.022886833176016808,0.29816463589668274
7129,0,1,1,1.0404596650914755e-05,0.9999445676803589,4.500548311625607e-05
7131,3,0,0,0.7548448443412781,0.06402453780174255,0.18113063275814056
7133,0,1,1,9.715977284940891e-06,0.9999872446060181,3.050973873541807e-06
7134,4,1,1,0.02567838318645954,0.96590256690979,0.008419057354331017
7135,0,0,0,0.9803717732429504,0.004626075271517038,0.015002154745161533
7136,4,1,1,4.589950913214125e-05,0.9998840093612671,7.002851634752005e-05
7138,0,1,1,0.00021664834639523178,0.9995860457420349,0.0001973222679225728
7140,4,2,2,0.11662707477807999,0.018551025539636612,0.8648219704627991
7141,3,2,1,0.05041299760341644,0.9484760761260986,0.0011108998442068696
7142,1,0,0,0.7769774198532104,0.17688830196857452,0.046134259551763535
7144,1,1,1,0.004880601540207863,0.9941095113754272,0.0010098832426592708
7147,2,0,1,0.38290515542030334,0.5187599658966064,0.09833485633134842
7148,0,0,0,0.9096476435661316,0.014691149815917015,0.07566121220588684
7150,1,2,2,0.00023436843184754252,0.00015016882389318198,0.9996154308319092
7151,3,2,2,1.8974818885908462e-05,0.00014439941151067615,0.9998365640640259
7154,4,1,1,0.2759231925010681,0.5197213292121887,0.20435550808906555
7155,3,1,0,0.614815890789032,0.30776557326316833,0.07741855829954147
7156,4,0,0,0.7313172817230225,0.006079015322029591,0.26260364055633545
7158,3,0,0,0.824594259262085,0.013550667092204094,0.16185513138771057
7159,4,2,2,1.4003721844346728e-06,9.458198292122688e-06,0.9999891519546509
7160,1,2,2,0.0006274461047723889,1.4701638974656817e-05,0.9993578791618347
7161,4,0,0,0.8906779289245605,0.003585873870179057,0.10573617368936539
7162,2,0,0,0.7154191732406616,0.06136321648955345,0.22321757674217224
7163,2,0,0,0.6739669442176819,0.008478499948978424,0.3175544738769531
7164,1,1,1,6.420539193641162e-07,0.9999971389770508,2.218687541244435e-06
7165,2,1,1,0.038819704204797745,0.9598109126091003,0.0013694524532184005
7166,4,1,1,0.0038565397262573242,0.9945843815803528,0.0015590391121804714
7167,4,0,0,0.854547381401062,0.010888040997087955,0.1345645785331726
7170,4,0,0,0.8518256545066833,0.014450243674218655,0.1337241381406784
7171,4,0,0,0.8619362115859985,0.009475314989686012,0.12858852744102478
7172,2,0,0,0.8863628506660461,0.01671847328543663,0.09691862761974335
7173,2,1,0,0.40431150794029236,0.30951789021492004,0.2861705720424652
7175,1,0,0,0.7834376692771912,0.01532016322016716,0.20124214887619019
7176,2,1,1,0.0007259800913743675,0.9990084767341614,0.00026554916985332966
7177,4,2,2,0.0002540632849559188,0.00022918780450709164,0.9995168447494507
7178,3,1,2,0.00018945352348964661,0.028835689648985863,0.970974862575531
7179,0,2,2,5.996263752194864e-08,8.015859975785133e-07,0.9999990463256836
7180,3,2,2,0.00013194922939874232,0.0008530798950232565,0.9990149736404419
7182,0,1,1,0.030648911371827126,0.9583597183227539,0.010991310700774193
7183,0,0,0,0.8971665501594543,0.03046281635761261,0.07237057387828827
7184,2,1,1,0.062005020678043365,0.9291626811027527,0.008832286112010479
7185,3,0,0,0.5126996040344238,0.4132199287414551,0.0740804448723793
7186,2,1,0,0.5125536322593689,0.40574684739112854,0.081699438393116
7187,4,0,0,0.7915114164352417,0.03417351841926575,0.17431508004665375
7188,1,0,0,0.9059894680976868,0.06876423954963684,0.025246301665902138
7190,0,1,1,0.00030479292036034167,0.9996069073677063,8.838120993459597e-05
7191,4,1,1,0.00039184672641567886,0.9995527863502502,5.5388747568940744e-05
7192,1,2,2,1.4032357285032049e-06,6.770013715140522e-05,0.9999308586120605
7193,0,0,0,0.8951504826545715,0.06175050884485245,0.04309895634651184
7194,4,0,0,0.7367530465126038,0.17167191207408905,0.09157507866621017
7195,4,0,2,0.42489853501319885,0.004821568261831999,0.5702798366546631
7196,3,1,1,0.00033330245059914887,0.999580442905426,8.620817243354395e-05
7197,0,0,0,0.9013368487358093,0.024434279650449753,0.07422888278961182
7199,0,0,0,0.9141945242881775,0.03570001572370529,0.05010540783405304
7200,3,0,0,0.7379351258277893,0.21427229046821594,0.04779261350631714
7201,4,2,2,7.673671461816411e-06,0.0008195496629923582,0.9991727471351624
7202,2,0,0,0.7700321078300476,0.13305766880512238,0.0969102755188942
7203,1,1,1,0.01524352002888918,0.9537150859832764,0.031041385605931282
7204,2,0,0,0.7190895676612854,0.0244044940918684,0.2565058767795563
7207,2,1,1,0.008002066053450108,0.9913472533226013,0.000650669215247035
7208,0,1,1,4.921175218441931e-07,0.9999992847442627,2.739010085406335e-07
7209,1,0,0,0.96808260679245,0.005884027574211359,0.0260334275662899
7212,0,0,0,0.9579087495803833,0.015098214149475098,0.02699301578104496
7213,4,1,1,0.0005546931060962379,0.9754903316497803,0.023954952135682106
7214,4,0,0,0.7286213040351868,0.04741251841187477,0.22396616637706757
7215,3,1,1,0.00012110936222597957,0.9998106360435486,6.825459422543645e-05
7216,1,0,0,0.803080141544342,0.0023986666928976774,0.19452118873596191
7217,3,0,0,0.6825466156005859,0.21281668543815613,0.10463669151067734
7218,2,1,0,0.8488309979438782,0.018488164991140366,0.13268086314201355
7221,3,1,1,0.001287913415580988,0.9983866214752197,0.000325460743624717
7224,2,1,1,0.21444101631641388,0.7184972763061523,0.06706175953149796
7226,4,1,1,1.8004974435825716e-06,0.9999979734420776,2.3543063321085356e-07
7228,3,1,1,0.007108700927346945,0.9923756718635559,0.0005156147526577115
7229,4,0,0,0.6525060534477234,0.018226727843284607,0.32926714420318604
7230,2,0,0,0.8219879269599915,0.04582090303301811,0.13219109177589417
7231,2,1,1,0.00016913635772652924,0.9963119626045227,0.0035188894253224134
7232,3,0,2,0.45794677734375,0.012217494659125805,0.5298357605934143
7234,4,0,0,0.831466555595398,0.03078574128448963,0.13774774968624115
7235,4,1,1,0.0005150369252078235,0.9993715882301331,0.00011342130892444402
7236,0,0,0,0.8944926261901855,0.03616929426789284,0.06933807581663132
7237,1,0,1,0.10233908891677856,0.8946043252944946,0.0030565583147108555
7238,3,0,0,0.811394453048706,0.021701723337173462,0.16690388321876526
7239,2,0,0,0.915048360824585,0.039195165038108826,0.045756518840789795
7240,4,2,0,0.5629934072494507,0.04419868811964989,0.39280787110328674
7242,4,1,1,0.0026608339976519346,0.9970837235450745,0.0002554162929300219
7244,3,1,1,0.006519797723740339,0.9930906295776367,0.000389588822145015
7246,0,1,1,0.00024389171449001878,0.9984090924263,0.001347023411653936
7247,2,0,2,0.4699636399745941,0.024233927950263023,0.5058024525642395
7248,1,0,0,0.5858150720596313,0.32017648220062256,0.09400840848684311
7249,1,0,0,0.9723548293113708,0.00163201242685318,0.026013126596808434
7250,0,1,1,0.04676008224487305,0.9477992057800293,0.005440656095743179
7252,1,0,1,0.07387948781251907,0.9229957461357117,0.003124786540865898
7253,1,1,1,1.1799718777183443e-05,0.9999829530715942,5.2637956287071574e-06
7254,1,1,1,1.6501007849001326e-05,0.9999654293060303,1.812523441913072e-05
7255,4,1,2,0.33815479278564453,0.3061271905899048,0.3557179868221283
7256,4,2,2,0.0005418152431957424,0.00038717815186828375,0.9990710020065308
7257,3,0,0,0.837347686290741,0.05836128443479538,0.10429107397794724
7258,1,0,0,0.6491572260856628,0.2735154628753662,0.07732735574245453
7259,2,0,0,0.8724865317344666,0.03568755462765694,0.09182584285736084
7260,2,2,2,0.0005201738094910979,0.011058934964239597,0.988420844078064
7261,3,1,1,0.0005229184171184897,0.9993849992752075,9.202060027746484e-05
7262,4,2,2,5.897607024962781e-06,0.0004363665939308703,0.9995577931404114
7263,0,0,1,0.14513735473155975,0.8003870844841003,0.054475538432598114
7264,1,2,2,0.00019954470917582512,3.1376490369439125e-05,0.9997691512107849
7265,3,0,1,0.42991626262664795,0.5420368313789368,0.028046920895576477
7266,1,2,2,3.645324250101112e-05,3.9383718103636056e-05,0.9999241828918457
7267,2,0,0,0.8470309972763062,0.02230335772037506,0.13066570460796356
7268,1,0,0,0.919897735118866,0.02897801622748375,0.051124315708875656
7269,3,0,0,0.8996231555938721,0.021546058356761932,0.07883074134588242
7271,3,1,1,0.14410817623138428,0.8518921732902527,0.00399967422708869
7272,0,2,2,6.943682073767832e-09,1.0408925845695194e-05,0.9999896287918091
7273,3,0,1,0.33273234963417053,0.654911994934082,0.012355689890682697
7274,0,1,1,2.69744068646105e-05,0.9999725818634033,4.6853551793901715e-07
7276,0,0,0,0.9232568144798279,0.0014881663955748081,0.07525509595870972
7277,2,1,1,2.6802958927873988e-06,0.9999959468841553,1.35908021547948e-06
7279,0,0,0,0.9143190979957581,0.04749896749854088,0.03818197175860405
7280,4,1,1,3.0572373361792415e-05,0.9999681711196899,1.2490638710005442e-06
7281,2,0,0,0.8363531827926636,0.04096295312047005,0.12268389761447906
7282,2,1,1,1.2365779184619896e-05,0.9999861717224121,1.4523702702717856e-06
7286,1,2,2,1.2193657994430396e-07,1.1627022331595072e-06,0.9999986886978149
7288,4,1,1,0.00019611678726505488,0.9997445940971375,5.928115933784284e-05
7289,2,0,0,0.8017533421516418,0.13047853112220764,0.06776807457208633
7290,3,2,2,0.0009738928056322038,0.013619370758533478,0.985406756401062
7291,3,0,2,0.17549766600131989,0.020609669387340546,0.8038926124572754
7292,3,0,0,0.9363431334495544,0.015043236315250397,0.04861362650990486
7293,3,2,2,9.443484486837406e-06,1.1389679457352031e-05,0.9999791383743286
7295,0,0,0,0.7691465616226196,0.022669147700071335,0.20818428695201874
7296,2,2,2,0.0008888285374268889,8.500905096298084e-05,0.9990261793136597
7298,4,0,0,0.9033414721488953,0.043208759278059006,0.05344978719949722
7299,1,2,2,2.636036242620321e-06,1.9958472421421902e-06,0.9999953508377075
7300,1,1,1,5.9844364841410425e-06,0.9999682903289795,2.5665196517365985e-05
7301,0,1,1,7.093065960361855e-06,0.9999923706054688,5.266809921522508e-07
7302,3,2,2,1.7663272956269793e-05,3.7661917303921655e-05,0.9999446868896484
7304,3,0,0,0.9233161807060242,0.017197351902723312,0.05948652699589729
7305,2,0,0,0.6875003576278687,0.036311566829681396,0.27618807554244995
7306,4,1,1,0.0015938509022817016,0.9981206059455872,0.0002855211787391454
7307,4,0,2,0.019397493451833725,0.008091417141258717,0.9725111722946167
7309,1,0,0,0.9004523754119873,0.03293069824576378,0.0666169598698616
7311,3,2,2,5.838123797730077e-06,1.0745861800387502e-05,0.9999834299087524
7312,0,1,1,0.0022718715481460094,0.9974285960197449,0.00029954989440739155
7313,3,2,2,1.5423750028276118e-06,4.423597601999063e-06,0.9999940395355225
7314,1,1,1,3.111869943950296e-07,0.9999992847442627,4.1112784288088733e-07
7315,1,0,1,0.08073350787162781,0.9134842157363892,0.0057822829112410545
7316,3,0,0,0.8614385724067688,0.03921855613589287,0.09934282302856445
7318,4,2,2,3.3204612464032834e-06,2.4152757760020904e-05,0.9999724626541138
7319,4,1,1,2.1616916967559519e-07,0.9999997615814209,4.518741647530078e-08
7320,3,1,1,4.4446354877436534e-05,0.9999420642852783,1.3491545360011514e-05
7321,4,0,0,0.9577546119689941,0.008982534520328045,0.03326277434825897
7322,3,1,0,0.6546096801757812,0.19132795929908752,0.1540624052286148
7324,0,0,0,0.898221492767334,0.034764230251312256,0.06701424717903137
7326,2,0,1,0.13811996579170227,0.8057641386985779,0.05611594393849373
7327,2,0,0,0.9268511533737183,0.0036037806421518326,0.06954503059387207
7328,1,2,0,0.518239438533783,0.33381879329681396,0.14794178307056427
7329,1,2,2,1.648870124881796e-07,2.9038235879852436e-05,0.9999707937240601
7330,1,2,2,7.07801737007685e-05,8.011801583052147e-06,0.9999212026596069
7331,2,0,0,0.509733259677887,0.1486058533191681,0.34166085720062256
7332,4,0,0,0.8497136831283569,0.022064190357923508,0.12822213768959045
7333,4,0,0,0.8841696381568909,0.05073467642068863,0.0650956854224205
7334,2,0,0,0.8951502442359924,0.01745590567588806,0.08739388734102249
7335,0,2,2,4.3774928570883276e-08,3.466570888122078e-07,0.9999996423721313
7336,4,0,0,0.92684406042099,0.008442174643278122,0.06471371650695801
7337,1,2,0,0.6046861410140991,0.006219804752618074,0.3890940845012665
7338,2,1,1,5.866668743692571e-06,0.9999914169311523,2.7467062864161562e-06
7339,0,0,0,0.8753013610839844,0.03138933330774307,0.09330938756465912
7340,2,2,2,7.451802048308309e-06,2.6946861908072606e-05,0.9999655485153198
7342,1,0,0,0.6494316458702087,0.2724081873893738,0.07816015183925629
7343,1,0,0,0.8893840312957764,0.005664229393005371,0.10495171695947647
7344,2,0,0,0.9648787975311279,0.006684593856334686,0.02843659557402134
7345,2,1,1,0.00012286615674383938,0.999849796295166,2.735630187089555e-05
7346,3,1,1,8.435328709310852e-06,0.9999902248382568,1.3338814142116462e-06
7347,3,2,2,7.3822361628117505e-06,1.4574986380466726e-05,0.9999780654907227
7348,0,0,0,0.76657634973526,0.1802736520767212,0.05315004289150238
7350,4,0,1,0.16201557219028473,0.8136115074157715,0.024372883141040802
7351,0,2,2,0.0040048216469585896,0.0023741114418953657,0.9936210513114929
7352,4,2,1,6.614262133552984e-07,0.9999991655349731,1.3357576733596943e-07
7353,1,0,0,0.9053658843040466,0.007506523281335831,0.08712757378816605
7354,0,1,1,4.955281838192604e-07,0.9999994039535522,9.170808823455445e-08
7355,0,0,2,0.2877669334411621,0.01387567538768053,0.6983574032783508
7356,2,0,0,0.9345383644104004,0.016822412610054016,0.04863928258419037
7357,4,1,1,0.004275030456483364,0.9885920882225037,0.0071329171769320965
7359,4,0,0,0.8047215342521667,0.09314818680286407,0.10213024169206619
7360,4,0,0,0.4538206458091736,0.16069158911705017,0.38548773527145386
7363,0,0,0,0.7190023064613342,0.09225848317146301,0.18873921036720276
7364,2,1,1,0.3326817452907562,0.5631055235862732,0.10421274602413177
7366,4,0,1,0.2745838761329651,0.6625622510910034,0.06285382062196732
7367,2,0,0,0.6272309422492981,0.03504467010498047,0.33772435784339905
7369,3,1,0,0.7373834848403931,0.2297280877828598,0.03288847208023071
7370,1,0,0,0.8773149251937866,0.010055385529994965,0.1126297265291214
7371,2,1,2,0.0062585086561739445,0.0011117333779111505,0.9926297664642334
7372,3,0,0,0.724615752696991,0.1952463835477829,0.08013786375522614
7373,1,1,1,0.0012340545654296875,0.9986461997032166,0.00011975949018960819
7374,2,2,0,0.685964822769165,0.05845535174012184,0.25557979941368103
7375,3,1,1,0.0002163178287446499,0.9997586607933044,2.5016473955474794e-05
7376,4,1,1,0.21654631197452545,0.7135177254676819,0.06993597000837326
7378,3,2,2,0.0011374651221558452,0.01292908750474453,0.9859334826469421
7379,3,0,0,0.9676029682159424,0.011536103673279285,0.02086086943745613
7380,4,1,1,0.2683764696121216,0.6207019686698914,0.11092153936624527
7381,0,0,0,0.6776098012924194,0.2526150345802307,0.06977519392967224
7382,0,2,2,0.44448408484458923,0.06472041457891464,0.4907954931259155
7383,0,0,1,0.4781953990459442,0.492900013923645,0.0289046261459589
7384,1,0,2,0.00020526077423710376,0.0022324598394334316,0.9975622892379761
7385,2,1,1,0.0002899422834161669,0.9996657371520996,4.434263610164635e-05
7386,2,0,0,0.8445245027542114,0.0393584743142128,0.11611700057983398
7387,2,0,0,0.8528398871421814,0.022083120420575142,0.1250770092010498
7388,2,0,0,0.9548110365867615,0.004113944713026285,0.0410749688744545
7389,4,1,0,0.8408496379852295,0.04402261599898338,0.11512773483991623
7390,3,0,1,0.04850872606039047,0.9405034780502319,0.010987873189151287
7391,0,2,2,0.00012341620458755642,0.00060374999884516,0.999272882938385
7392,4,1,0,0.5375640392303467,0.24222443997859955,0.22021152079105377
7393,1,2,2,6.678135378024308e-07,2.6354161946073873e-06,0.9999966621398926
7395,1,1,1,0.0012004547752439976,0.9982243180274963,0.0005752760334871709
7396,3,1,1,0.3005620837211609,0.36978086829185486,0.32965704798698425
7398,0,1,1,5.714015424018726e-05,0.9999321699142456,1.0728385859692935e-05
7399,0,1,1,0.024480771273374557,0.9748951196670532,0.0006240738439373672
7400,3,1,1,0.0021126160863786936,0.9951536655426025,0.0027337586507201195
7401,0,1,1,0.024676542729139328,0.9668419361114502,0.008481547236442566
7402,4,0,0,0.9266608953475952,0.017917515709996223,0.05542156472802162
7403,2,0,0,0.80864417552948,0.12206680327653885,0.06928900629281998
7404,4,0,0,0.9296812415122986,0.0014106850139796734,0.06890801340341568
7405,1,1,0,0.5949535965919495,0.3790563642978668,0.025990011170506477
7406,0,0,0,0.8629830479621887,0.0938289687037468,0.043187953531742096
7407,4,0,0,0.8584243655204773,0.051645103842020035,0.08993054926395416
7408,4,2,0,0.8065907955169678,0.08630199730396271,0.10710719972848892
7409,0,0,0,0.9427730441093445,0.017667027190327644,0.03955988585948944
7410,1,2,2,0.42983168363571167,0.029236143454909325,0.5409321784973145
7411,1,1,1,0.007366823963820934,0.9923020601272583,0.00033117164275608957
7414,1,0,1,0.43125417828559875,0.5543482899665833,0.01439757365733385
7415,1,0,0,0.742250919342041,0.2305261492729187,0.027222881093621254
7417,4,0,0,0.8917593359947205,0.07401889562606812,0.034221842885017395
7418,4,0,0,0.6992673277854919,0.17632360756397247,0.1244090273976326
7419,1,1,1,0.0072216796688735485,0.99210125207901,0.0006770321051590145
7421,2,0,0,0.8434470295906067,0.11286629736423492,0.043686624616384506
7422,3,2,2,1.064349362422945e-05,1.2498499017965514e-05,0.9999768733978271
7423,1,1,1,0.04774095118045807,0.9411152005195618,0.011143782176077366
7424,0,1,0,0.8135606646537781,0.049073025584220886,0.13736627995967865
7426,2,0,0,0.7257894277572632,0.05202757194638252,0.2221829891204834
7427,2,1,1,0.10192026197910309,0.8913255333900452,0.006754223722964525
7429,2,0,1,0.13598664104938507,0.8560720682144165,0.007941300980746746
7430,4,2,0,0.6953203082084656,0.17589171230793,0.12878794968128204
7431,2,2,2,4.9094589485321194e-05,6.464116449933499e-05,0.9998862743377686
7432,4,0,0,0.5684134364128113,0.018845027312636375,0.4127415120601654
7433,1,1,1,0.03818219527602196,0.9559058547019958,0.005911971442401409
7434,1,2,0,0.6947615146636963,0.007719391956925392,0.29751908779144287
7435,0,1,1,9.129448153544217e-05,0.9996509552001953,0.0002577069972176105
7437,4,1,0,0.8459852933883667,0.12350153177976608,0.030513182282447815
7438,1,1,0,0.9367319345474243,0.03863447532057762,0.024633534252643585
7440,4,0,0,0.9116945266723633,0.013791169039905071,0.07451427727937698
7441,2,0,0,0.9193560481071472,0.009328305721282959,0.07131558656692505
7442,2,0,0,0.8140274286270142,0.09040708839893341,0.09556550532579422
7443,4,1,1,0.008873242884874344,0.9908177852630615,0.0003089339879807085
7447,1,1,1,1.0387164365965873e-05,0.9999366998672485,5.288199463393539e-05
7449,3,1,1,0.019539205357432365,0.9792872667312622,0.001173533615656197
7450,3,0,0,0.8465402722358704,0.03349974751472473,0.11996003985404968
7451,3,0,0,0.8786041736602783,0.031629275530576706,0.08976653963327408
7452,2,1,1,5.1805127441184595e-05,0.9999442100524902,3.955417469114764e-06
7454,4,0,0,0.849722146987915,0.029944295063614845,0.12033361941576004
7457,1,1,1,0.36406561732292175,0.6202965974807739,0.015637777745723724
7459,4,0,0,0.8197948932647705,0.023138349875807762,0.1570667177438736
7460,1,0,0,0.8222182989120483,0.023825766518712044,0.15395592153072357
7461,4,0,0,0.9453912973403931,0.018056724220514297,0.036552052944898605
7463,4,0,0,0.76509028673172,0.08438923954963684,0.15052048861980438
7466,1,0,0,0.8948497772216797,0.03255993500351906,0.07259038090705872
7468,2,1,0,0.9207945466041565,0.04211510345339775,0.03709038347005844
7469,4,1,0,0.7378436326980591,0.1277626007795334,0.13439378142356873
7470,3,2,0,0.6926822066307068,0.07033441215753555,0.23698340356349945
7471,1,0,0,0.8283589482307434,0.004005101043730974,0.16763591766357422
7473,1,1,1,0.0002591614320408553,0.9996521472930908,8.874281775206327e-05
7476,4,1,0,0.6574385166168213,0.21786822378635406,0.12469317764043808
7477,2,2,0,0.7834898233413696,0.1564302295446396,0.06007988378405571
7478,0,1,1,0.00032166382879950106,0.9991439580917358,0.0005343751981854439
7479,3,1,1,0.02350563183426857,0.9626162648200989,0.01387813501060009
7480,3,2,2,0.00043790374184027314,6.413205119315535e-05,0.9994980096817017
7481,4,0,0,0.9478431344032288,0.011852745898067951,0.04030412808060646
7482,4,0,0,0.8969278335571289,0.04474256932735443,0.05832970142364502
7483,0,2,2,0.05947568640112877,0.020001014694571495,0.9205232858657837
7484,0,0,1,0.013976458460092545,0.9854189157485962,0.0006046267808414996
7485,1,1,0,0.6044574975967407,0.23237232863903046,0.16317014396190643
7486,4,0,0,0.8168283104896545,0.02825424261391163,0.15491749346256256
7487,4,0,0,0.8255887031555176,0.05203656479716301,0.12237467616796494
7489,0,0,0,0.7177541851997375,0.1328001171350479,0.14944562315940857
7490,0,1,1,7.859001198085025e-05,0.9999058246612549,1.5558927771053277e-05
7491,4,1,1,0.1928442418575287,0.7555716037750244,0.05158413201570511
7492,1,2,0,0.718743622303009,0.02575843222439289,0.25549793243408203
7495,2,1,1,0.000449713843408972,0.9995296001434326,2.0700254026451148e-05
7496,4,0,0,0.9169600009918213,0.01776491291821003,0.06527510285377502
7497,0,0,2,0.034105557948350906,0.023526079952716827,0.9423683881759644
7499,2,1,0,0.8389530777931213,0.029643673449754715,0.13140328228473663
7500,3,2,0,0.8403792977333069,0.04310709610581398,0.11651362478733063
7501,1,0,0,0.9588503837585449,0.006117624696344137,0.0350320041179657
7502,2,1,1,0.015573018230497837,0.9837309122085571,0.000696009024977684
7503,0,1,1,0.002921493025496602,0.980209469795227,0.016869045794010162
7505,4,2,2,0.4916039705276489,0.009811942465603352,0.4985840618610382
7506,2,0,1,0.08919022977352142,0.8754466772079468,0.03536311537027359
7507,4,2,0,0.9309049844741821,0.010687239468097687,0.058407798409461975
7508,3,2,2,2.364110514463391e-05,0.00018293631728738546,0.9997934699058533
7509,2,1,1,7.004810242960957e-08,0.9999992847442627,6.32794751709298e-07
7510,0,0,0,0.9846611618995667,0.0017753182910382748,0.01356357429176569
7511,4,1,1,0.02219914272427559,0.9753079414367676,0.002492947969585657
7513,2,1,2,0.00032921251840889454,0.001176104648038745,0.9984946250915527
7515,4,1,1,0.0006646773545071483,0.9991531372070312,0.00018222923972643912
7517,1,1,1,4.590173193719238e-05,0.9998303651809692,0.00012368174793664366
7518,4,1,1,0.003267373191192746,0.9959188103675842,0.0008138559060171247
7519,2,1,1,6.2392387008003425e-06,0.9999934434890747,3.3871413052111166e-07
7521,0,0,0,0.9419167637825012,0.0036320514045655727,0.0544511154294014
7522,0,0,0,0.8428613543510437,0.014817718416452408,0.142320916056633
7523,0,1,1,3.041986929019913e-05,0.9999598264694214,9.755253813636955e-06
7524,4,1,0,0.7984453439712524,0.03743506595492363,0.16411960124969482
7525,4,1,1,0.00023619375133421272,0.9997383952140808,2.536485408199951e-05
7526,3,0,0,0.7727618217468262,0.18987278640270233,0.03736536204814911
7527,2,0,0,0.7549368143081665,0.016915827989578247,0.22814740240573883
7528,4,2,0,0.417806476354599,0.2738829553127289,0.3083105981349945
7529,3,0,0,0.6987610459327698,0.03595573827624321,0.2652831971645355
7531,3,0,0,0.8583707213401794,0.013518066145479679,0.12811119854450226
7532,0,0,0,0.8853068947792053,0.023012571036815643,0.09168046712875366
7534,0,1,1,0.0003369458136148751,0.999569833278656,9.317210060544312e-05
7535,1,1,1,0.1269882172346115,0.8510649800300598,0.02194678783416748
7536,2,2,2,2.468380807840731e-05,0.0005831265007145703,0.9993921518325806
7537,4,2,2,0.00010868422396015376,5.3648265748051926e-05,0.9998376369476318
7538,2,1,0,0.7442303895950317,0.08412930369377136,0.1716403067111969
7539,3,1,1,3.1255254725692794e-05,0.9999661445617676,2.582191200417583e-06
7540,0,1,1,0.010320107452571392,0.9893028140068054,0.0003771005431190133
7542,4,1,1,0.00030415510991588235,0.9996645450592041,3.1265146390069276e-05
7543,2,2,2,0.41264188289642334,0.020223332569003105,0.5671347379684448
7544,1,0,0,0.7374626398086548,0.242813378572464,0.019723936915397644
7545,0,1,1,0.0008252374245785177,0.9991441965103149,3.059164373553358e-05
7546,4,1,0,0.8530508875846863,0.03373947739601135,0.11320970952510834
7547,3,0,0,0.7915391325950623,0.08514995127916336,0.12331093847751617
7548,3,0,0,0.9242393374443054,0.02726811170578003,0.04849252477288246
7549,1,1,1,0.0005457434454001486,0.9993382096290588,0.00011607426131376997
7550,3,0,0,0.8994053602218628,0.04353867471218109,0.0570560060441494
7551,4,1,1,2.9136828061382403e-07,0.9999996423721313,8.116337824048969e-08
7552,1,0,0,0.8982871770858765,0.06452059745788574,0.0371922142803669
7554,1,2,2,1.4515975635731593e-05,8.368704584427178e-06,0.9999771118164062
7556,0,1,1,2.134456553903874e-05,0.9999738931655884,4.72241799798212e-06
7557,4,2,2,3.740037573152222e-05,0.00043953474960289896,0.9995230436325073
7558,1,1,0,0.527678370475769,0.015183365903794765,0.4571382403373718
7559,3,2,2,0.040922556072473526,0.03088410757482052,0.9281933903694153
7561,3,1,0,0.8972423076629639,0.026631809771060944,0.07612595707178116
7562,3,2,0,0.7273456454277039,0.02945079654455185,0.24320358037948608
7563,0,1,2,1.4329023301229427e-08,1.2310589227126911e-05,0.9999877214431763
7564,3,0,0,0.8158870339393616,0.015735672786831856,0.16837726533412933
7565,3,2,0,0.5078917145729065,0.03465013578534126,0.45745816826820374
7566,4,1,0,0.5952033400535583,0.20454546809196472,0.20025120675563812
7568,0,1,0,0.6381229758262634,0.16000422835350037,0.201872780919075
7569,0,1,0,0.8031992316246033,0.06785250455141068,0.12894827127456665
7570,4,1,0,0.8124767541885376,0.10360033810138702,0.08392289280891418
7572,2,2,0,0.9015650153160095,0.015035993419587612,0.08339902013540268
7573,0,0,0,0.9020004868507385,0.02909933589398861,0.06890017539262772
7574,3,0,0,0.8328453302383423,0.02975713647902012,0.13739752769470215
7575,3,0,0,0.9053469300270081,0.0068287053145468235,0.08782435208559036
7577,1,1,0,0.6148245930671692,0.051675211638212204,0.3335001766681671
7578,4,1,1,0.00028781421133317053,0.9996625185012817,4.967080531059764e-05
7579,4,0,2,0.47213998436927795,0.0037665138952434063,0.5240934491157532
7580,3,1,1,5.1345621614018455e-05,0.9999468326568604,1.8591974821902113e-06
7581,2,2,0,0.5034919381141663,0.16026024520397186,0.3362478017807007
7582,2,0,0,0.8634151816368103,0.06094612926244736,0.07563868165016174
7583,4,0,0,0.7136026620864868,0.0021167125087231398,0.28428056836128235
7584,0,2,1,7.991740176294115e-07,0.9999990463256836,1.083800853507455e-07
7586,1,1,1,0.013071663677692413,0.9847235679626465,0.0022047790698707104
7587,3,1,1,0.0010610752506181598,0.9988787770271301,6.0194695834070444e-05
7588,3,0,0,0.9004862308502197,0.01697198674082756,0.082541823387146
7590,0,1,1,0.00013743994350079447,0.9998558759689331,6.637890692218207e-06
7591,2,2,2,0.00010104529792442918,0.0005682898918166757,0.9993307590484619
7592,3,2,2,1.3615703210234642e-05,0.0001220967824338004,0.9998643398284912
7593,1,1,0,0.9253301024436951,0.015796629711985588,0.058873213827610016
7594,1,2,0,0.6917332410812378,0.19605602324008942,0.11221075057983398
7595,3,0,0,0.880364179611206,0.06797420978546143,0.05166161432862282
7597,0,2,1,0.08785223215818405,0.7683265805244446,0.14382116496562958
7598,4,1,1,0.008791876956820488,0.9898595213890076,0.001348585239611566
7599,1,2,0,0.8100225925445557,0.0032225174363702536,0.18675494194030762
7600,0,2,2,1.6371528488434706e-07,3.9626607758691534e-05,0.9999603033065796
7601,4,2,2,0.0029503279365599155,0.00045691977720707655,0.9965927004814148
7602,2,2,2,4.870681732427329e-05,0.0001078331915778108,0.9998433589935303
7603,2,1,0,0.8192073702812195,0.07728313654661179,0.10350954532623291
7605,1,0,0,0.8923500180244446,0.09324835240840912,0.01440158486366272
7606,3,2,2,0.2799568474292755,0.014255456626415253,0.705787718296051
7607,1,0,0,0.9535483717918396,0.005775793455541134,0.04067584127187729
7608,4,2,0,0.5045676827430725,0.06788727641105652,0.4275449812412262
7609,2,1,1,0.0004753729735966772,0.9993166923522949,0.00020788611436728388
7610,3,1,0,0.7430040836334229,0.11336146295070648,0.14363448321819305
7611,2,1,2,0.3238258957862854,0.019142352044582367,0.6570317149162292
7612,1,1,1,0.038628142327070236,0.9591516256332397,0.002220144961029291
7613,0,2,0,0.543000340461731,0.0006755923968739808,0.4563240706920624
7614,4,1,0,0.7531566619873047,0.11498948186635971,0.13185380399227142
7615,0,2,2,0.004412477370351553,0.0021624048240482807,0.9934250116348267
7617,2,0,0,0.8864911794662476,0.04699139669537544,0.0665174052119255
7618,3,0,1,0.08880181610584259,0.9046863913536072,0.0065118190832436085
7619,0,0,2,0.0002960104320663959,2.1032654331065714e-05,0.9996830224990845
7620,2,1,1,0.054310545325279236,0.9393285512924194,0.0063608563505113125
7621,1,0,0,0.922671377658844,0.022269388660788536,0.05505921691656113
7622,3,2,0,0.4894105792045593,0.09379936754703522,0.41679006814956665
7623,4,1,1,0.02848982810974121,0.9683964252471924,0.0031138090416789055
7624,0,0,0,0.8500412106513977,0.061771929264068604,0.08818677067756653
7625,3,0,0,0.8482624292373657,0.03640831261873245,0.11532919853925705
7626,2,1,2,0.3135388493537903,0.025249307975172997,0.6612118482589722
7628,4,2,0,0.6546636819839478,0.030369147658348083,0.31496721506118774
7630,1,0,0,0.6711068153381348,0.10512816905975342,0.223765030503273
7632,1,0,0,0.8611543774604797,0.1122552752494812,0.026590360328555107
7634,3,2,1,0.17792312800884247,0.8125380873680115,0.009538840502500534
7635,1,0,0,0.6671921610832214,0.017193447798490524,0.3156144320964813
7636,1,0,0,0.7721359729766846,0.09996504336595535,0.12789902091026306
7638,2,0,0,0.5500733852386475,0.27412521839141846,0.17580142617225647
7639,0,1,1,9.90140251815319e-05,0.9998875856399536,1.3411443433142267e-05
7640,2,1,0,0.7526527643203735,0.06348959356546402,0.18385763466358185
7641,3,0,0,0.5319941639900208,0.06292176246643066,0.40508410334587097
7642,2,2,0,0.7437597513198853,0.01814134605228901,0.2380988895893097
7643,3,1,1,8.295207953779027e-05,0.9998834133148193,3.3652817364782095e-05
7644,0,0,0,0.966092050075531,0.012574771419167519,0.021333232522010803
7645,3,0,0,0.8972058296203613,0.0209259744733572,0.08186820894479752
7646,4,1,1,0.0271332748234272,0.968068540096283,0.004798185545951128
7648,2,0,1,0.18989251554012299,0.8022350668907166,0.007872362621128559
7649,4,0,0,0.9130194187164307,0.006037262734025717,0.080943264067173
7650,2,0,0,0.923115074634552,0.023044679313898087,0.053840190172195435
7651,1,0,0,0.8625341653823853,0.020473789423704147,0.1169920265674591
7654,0,0,0,0.873110830783844,0.06324873864650726,0.06364041566848755
7655,3,1,1,0.1949542760848999,0.7946586012840271,0.010387109592556953
7656,2,0,0,0.915304958820343,0.020586064085364342,0.0641089677810669
7657,1,2,0,0.8397452235221863,0.029868001118302345,0.1303868293762207
7658,3,0,0,0.914289116859436,0.04201722890138626,0.043693657964468
7659,1,0,0,0.8517306447029114,0.01628810353577137,0.1319812536239624
7660,1,0,0,0.8923871517181396,0.003456585109233856,0.10415615141391754
7661,2,1,0,0.6532661318778992,0.13430216908454895,0.21243168413639069
7663,1,0,0,0.8736969232559204,0.006971401162445545,0.1193317174911499
7664,4,0,0,0.8558251261711121,0.007083455100655556,0.13709141314029694
7667,1,0,0,0.9207647442817688,0.06719950586557388,0.012035726569592953
7668,0,0,0,0.8543391227722168,0.08749444782733917,0.058166373521089554
7669,4,0,0,0.7469967007637024,0.04956118389964104,0.20344209671020508
7670,0,0,0,0.8411353826522827,0.02236892469227314,0.13649576902389526
7671,1,1,0,0.7234271764755249,0.1995183378458023,0.0770544782280922
7673,3,1,1,0.0008742305217310786,0.9990670084953308,5.872645851923153e-05
7674,4,2,0,0.7436600923538208,0.13243798911571503,0.12390189617872238
7675,0,1,0,0.5747658014297485,0.19157811999320984,0.23365609347820282
7676,2,2,0,0.783785879611969,0.1152430847287178,0.10097099095582962
7677,1,2,0,0.719371497631073,0.10331204533576965,0.1773165464401245
7678,0,2,0,0.934813916683197,0.0011404709657654166,0.06404563784599304
7679,1,2,0,0.8062747716903687,0.09308692067861557,0.10063821077346802
7680,2,0,0,0.8592263460159302,0.016358809545636177,0.12441477924585342
7681,2,1,1,2.858839616237674e-05,0.9999632835388184,8.170334695023485e-06
7682,0,1,1,0.00449726078659296,0.9950830936431885,0.00041966376011259854
7683,1,0,1,0.3111100196838379,0.6669347286224365,0.02195516787469387
7684,3,0,0,0.8209244012832642,0.10702597349882126,0.07204961031675339
7685,3,1,1,0.07197923958301544,0.924345850944519,0.0036749180871993303
7686,0,0,0,0.9374420046806335,0.010432211682200432,0.052125684916973114
7687,3,0,0,0.7210071086883545,0.01880640536546707,0.26018646359443665
7688,2,0,0,0.8477224707603455,0.06122694909572601,0.0910506322979927
7690,3,2,2,0.17999503016471863,0.18143872916698456,0.638566255569458
7691,2,2,0,0.5890752673149109,0.26655369997024536,0.14437107741832733
7693,3,0,0,0.8784463405609131,0.01675272174179554,0.10480094701051712
7694,0,2,1,0.39475953578948975,0.46807190775871277,0.13716858625411987
7695,2,1,0,0.8412320017814636,0.059648893773555756,0.09911909699440002
7697,4,0,0,0.8843889832496643,0.03121490590274334,0.08439614623785019
7698,2,0,0,0.9075103998184204,0.02322418987751007,0.06926535815000534
7699,1,2,0,0.7680663466453552,0.068277508020401,0.16365617513656616
7700,0,0,0,0.5317720770835876,0.3980060815811157,0.07022183388471603
7701,0,0,0,0.9421499371528625,0.009374444372951984,0.04847560450434685
7702,2,0,0,0.7855289578437805,0.03293680027127266,0.18153424561023712
7703,1,0,0,0.9187225103378296,0.004174889996647835,0.07710261642932892
7704,3,1,1,0.06529327481985092,0.9295459985733032,0.005160660948604345
7706,0,1,1,0.00020430953009054065,0.9995518326759338,0.0002438546362100169
7707,2,1,1,0.004552074242383242,0.9929170608520508,0.002530934987589717
7709,3,1,0,0.9199509620666504,0.013159680180251598,0.06688933819532394
7710,2,1,1,0.180074542760849,0.7919585704803467,0.02796686813235283
7711,1,1,0,0.6675786972045898,0.19845415651798248,0.13396717607975006
7712,2,1,1,7.547996210632846e-05,0.9996973276138306,0.00022718950640410185
7713,4,2,0,0.5600252747535706,0.049504656344652176,0.39047005772590637
7714,4,2,0,0.6017177700996399,0.20101243257522583,0.1972697526216507
7715,3,2,2,0.027405403554439545,0.008826223202049732,0.9637683629989624
7716,2,0,0,0.9052057862281799,0.022616377100348473,0.07217776030302048
7717,2,2,2,9.847765613812953e-05,3.174161247443408e-05,0.9998698234558105
7719,4,0,0,0.9263501167297363,0.04560648649930954,0.028043411672115326
7720,4,1,1,0.0013996006455272436,0.9984134435653687,0.00018697734049055725
7721,2,2,0,0.8653078079223633,0.04901242256164551,0.08567982912063599
7722,0,1,1,0.025937186554074287,0.9713922142982483,0.0026705998461693525
7723,0,0,0,0.5958011150360107,0.08513308316469193,0.31906580924987793
7724,3,0,0,0.9018241763114929,0.03843170031905174,0.059744108468294144
7726,1,2,2,0.22120514512062073,0.005120438989251852,0.7736744284629822
7727,4,1,0,0.8570541739463806,0.03851823881268501,0.10442753881216049
7728,4,2,1,0.15178611874580383,0.8388316035270691,0.009382250718772411
7730,2,0,0,0.9093999266624451,0.005514116957783699,0.08508589118719101
7731,0,0,1,0.03722381591796875,0.9457032084465027,0.017072977498173714
7733,1,2,0,0.8454368710517883,0.086673304438591,0.06788983196020126
7734,3,0,0,0.9579527974128723,0.011092588305473328,0.030954577028751373
7735,3,0,0,0.8379675149917603,0.12976862490177155,0.03226378932595253
7736,2,1,0,0.9026548266410828,0.08227215707302094,0.015072975307703018
7737,2,1,0,0.7918840050697327,0.09546252340078354,0.11265349388122559
7738,2,0,0,0.6619083881378174,0.019851788878440857,0.31823986768722534
7740,0,0,0,0.9202990531921387,0.019310200586915016,0.060390714555978775
7741,4,1,0,0.48678192496299744,0.2981739938259125,0.21504411101341248
7743,2,0,0,0.825246274471283,0.035271208733320236,0.13948246836662292
7744,3,2,2,0.012325621210038662,0.007930297404527664,0.9797440767288208
7746,0,0,2,0.44990086555480957,0.026019705459475517,0.5240793824195862
7747,0,0,0,0.9140121340751648,0.052270784974098206,0.03371710330247879
7748,1,1,0,0.8702649474143982,0.11701764166355133,0.012717464938759804
7749,1,1,1,0.3878982663154602,0.5754863023757935,0.03661542758345604
7750,1,0,1,0.4041094183921814,0.5867236852645874,0.009166911244392395
7751,0,0,0,0.7215507626533508,0.07584518939256668,0.2026040256023407
7752,0,1,0,0.8473625779151917,0.06430182605981827,0.08833560347557068
7753,2,0,0,0.726553738117218,0.03393920883536339,0.23950700461864471
7754,2,1,1,2.7743755708797835e-05,0.9999632835388184,9.00986105989432e-06
7755,4,1,1,0.335424542427063,0.6005621552467346,0.06401327252388
7757,4,0,0,0.8683794736862183,0.01771409437060356,0.11390646547079086
7758,4,0,0,0.9126457571983337,0.04759357497096062,0.039760611951351166
7759,4,2,0,0.6145574450492859,0.02494386024773121,0.36049872636795044
7760,4,0,2,0.07899351418018341,0.00619085505604744,0.9148156642913818
7761,0,2,0,0.869501531124115,0.10342364013195038,0.02707488462328911
7762,2,1,1,0.442899614572525,0.5407370328903198,0.016363341361284256
7764,1,2,2,0.1973516345024109,0.004672837909311056,0.797975480556488
7765,1,1,1,0.2959611415863037,0.6885428428649902,0.015496088191866875
7766,2,0,0,0.8412076830863953,0.03394410014152527,0.12484825402498245
7767,1,1,1,0.0013604125706478953,0.9985993504524231,4.025024827569723e-05
7769,2,1,1,0.2121521532535553,0.6061635613441467,0.18168427050113678
7770,0,1,0,0.8986877202987671,0.05091848969459534,0.05039379373192787
7771,1,1,1,0.031003370881080627,0.9663106799125671,0.0026859669014811516
7773,4,1,0,0.7657169699668884,0.18683366477489471,0.04744941368699074
7774,3,1,1,0.44318944215774536,0.5457165241241455,0.01109407376497984
7775,0,1,1,0.0029154412914067507,0.9968327879905701,0.0002517386164981872
7776,1,0,0,0.9042661786079407,0.012883898802101612,0.08284997195005417
7778,3,2,2,0.0013431953266263008,0.05361340567469597,0.9450434446334839
7779,2,2,2,0.062465205788612366,0.09319069981575012,0.8443441390991211
7781,4,0,0,0.9196504354476929,0.028288263827562332,0.05206131562590599
7782,2,0,0,0.9145816564559937,0.02154575102031231,0.0638725534081459
7783,0,0,0,0.9096412658691406,0.019578902050852776,0.07077991217374802
7784,0,0,0,0.8938086628913879,0.02909725159406662,0.07709402590990067
7785,0,2,1,0.39845597743988037,0.5007001161575317,0.10084390640258789
7787,1,0,0,0.7824913859367371,0.16685141623020172,0.0506572350859642
7788,4,2,0,0.8571064472198486,0.004151714034378529,0.13874183595180511
7789,1,0,0,0.7032997012138367,0.17973680794239044,0.11696352064609528
7790,4,2,0,0.5426317453384399,0.25973594188690186,0.19763238728046417
7791,3,1,0,0.915921688079834,0.03160282224416733,0.052475545555353165
7792,0,0,0,0.9386019110679626,0.014734804630279541,0.04666329175233841
7793,4,0,0,0.7691421508789062,0.11834356933832169,0.11251430958509445
7794,2,1,1,0.0013419941533356905,0.998408854007721,0.00024919986026361585
7795,4,1,1,0.06945827603340149,0.9250891804695129,0.005452547688037157
7796,3,2,0,0.80716872215271,0.10144443064928055,0.0913868099451065
7797,1,1,0,0.6534935832023621,0.3075428307056427,0.03896354138851166
7800,2,1,0,0.8023348450660706,0.03868638724088669,0.15897870063781738
7801,3,1,2,0.10506485402584076,0.047640763223171234,0.8472943305969238
7802,1,2,0,0.6288124322891235,0.07896988838911057,0.2922176420688629
7804,1,1,0,0.8356679677963257,0.1333945095539093,0.03093745931982994
7806,3,1,1,0.012011668644845486,0.9832599759101868,0.00472833588719368
7807,3,0,0,0.9426610469818115,0.014964894391596317,0.04237412288784981
7808,1,0,0,0.7726926803588867,0.02753649279475212,0.19977085292339325
7809,4,2,0,0.795967161655426,0.06022476404905319,0.14380808174610138
7810,3,0,0,0.7432669401168823,0.1459357589483261,0.11079731583595276
7812,0,2,2,0.002451119711622596,0.013482805341482162,0.9840661287307739
7813,1,2,0,0.6749647259712219,0.03585505485534668,0.2891802489757538
7815,0,2,0,0.6629551649093628,0.10188964754343033,0.2351551651954651
7816,4,0,0,0.8478538990020752,0.0356258749961853,0.1165202185511589
7817,3,1,1,0.05970481038093567,0.9292329549789429,0.011062166653573513
7818,4,0,0,0.8371366262435913,0.021504240110516548,0.1413591504096985
7819,4,2,0,0.6421430110931396,0.043829336762428284,0.31402766704559326
7820,1,0,0,0.9728943109512329,0.014968316070735455,0.012137380428612232
7821,2,0,0,0.6110904812812805,0.09194532036781311,0.29696425795555115
7822,3,1,1,0.06768207252025604,0.9308396577835083,0.0014782098587602377
7823,0,1,1,0.0010943143861368299,0.9982197880744934,0.0006858684937469661
7824,0,1,0,0.6025177836418152,0.24178247153759003,0.1556997299194336
7825,2,0,0,0.6503108143806458,0.06850911676883698,0.28118008375167847
7826,4,0,2,0.27366670966148376,0.00622431980445981,0.7201089262962341
7827,1,0,0,0.9178373217582703,0.016780328005552292,0.06538238376379013
7828,0,1,1,0.0007427366217598319,0.9724526405334473,0.02680465765297413
7829,2,1,1,0.0022386463824659586,0.9975329637527466,0.00022831445676274598
7831,3,2,0,0.7691267132759094,0.04660075902938843,0.18427254259586334
7832,3,0,0,0.8583807349205017,0.039173673838377,0.10244568437337875
7833,2,0,0,0.6696042418479919,0.17047588527202606,0.15991979837417603
7835,2,1,1,0.03204591944813728,0.9651785492897034,0.002775589469820261
7836,2,0,0,0.8085345029830933,0.13258953392505646,0.05887594074010849
7838,1,1,1,0.1417514681816101,0.8503244519233704,0.007924039848148823
7839,2,0,1,0.250899076461792,0.7174331545829773,0.03166777640581131
7840,2,2,2,0.0038003490772098303,0.0054746586829423904,0.9907249808311462
7842,1,1,1,5.03105070492893e-07,0.9999994039535522,1.2854094677550165e-07
7843,1,1,0,0.6746664047241211,0.2749479115009308,0.050385698676109314
7844,0,1,1,0.2269236445426941,0.6990532279014587,0.07402312010526657
7845,2,2,0,0.7575085759162903,0.1651395857334137,0.07735183089971542
7846,1,1,1,3.325816123833647e-06,0.9999959468841553,6.687881182187994e-07
7847,2,2,0,0.7768555879592896,0.0968136191368103,0.12633070349693298
7848,4,0,0,0.8246400356292725,0.029357632622122765,0.14600229263305664
7849,2,1,1,0.16309905052185059,0.7748784422874451,0.06202253699302673
7850,2,0,0,0.6982719898223877,0.017236383631825447,0.284491628408432
7851,1,2,0,0.6277828216552734,0.10103673487901688,0.2711804211139679
7852,0,2,2,0.06657995283603668,0.014128830283880234,0.9192911386489868
7853,4,2,2,0.00023430201690644026,0.0002961829595733434,0.9994694590568542
7856,4,0,0,0.7924734354019165,0.11869893223047256,0.08882762491703033
7857,0,0,0,0.8481618165969849,0.028180066496133804,0.12365815788507462
7858,4,1,1,0.29439079761505127,0.6757504343986511,0.029858741909265518
7859,2,1,1,0.07285265624523163,0.9129900336265564,0.014157330617308617
7860,3,1,1,0.08071786910295486,0.916740894317627,0.0025412668474018574
7862,1,1,1,0.0032190477941185236,0.9966502785682678,0.0001306807535002008
7863,1,1,1,0.057543881237506866,0.9290444254875183,0.013411630876362324
7864,1,1,0,0.8560380339622498,0.09956154227256775,0.04440043121576309
7865,4,2,0,0.761686384677887,0.05226680263876915,0.18604685366153717
7866,0,1,1,0.05231887102127075,0.9462078809738159,0.001473208423703909
7867,2,0,2,0.2708105444908142,0.0008974163793027401,0.7282919883728027
7868,2,2,1,0.27341094613075256,0.5922423005104065,0.13434675335884094
7869,3,1,1,9.287703142035753e-05,0.9998921155929565,1.4945628208806738e-05
7870,3,1,0,0.5144050717353821,0.40374958515167236,0.08184532076120377
7871,0,1,1,0.05131085216999054,0.9221286773681641,0.02656044438481331
7872,2,1,1,0.002296366263180971,0.997477114200592,0.00022645741410087794
7873,1,0,0,0.8960760831832886,0.024507848545908928,0.07941606640815735
7874,3,1,0,0.593386173248291,0.183741495013237,0.2228722870349884
7876,2,0,0,0.8159360885620117,0.0974363312125206,0.08662756532430649
7877,1,1,0,0.5103962421417236,0.38359978795051575,0.10600396990776062
7878,0,1,1,0.004077558871358633,0.9775727987289429,0.018349621444940567
7879,1,0,0,0.7614393830299377,0.09304287284612656,0.14551769196987152
7880,1,1,0,0.8799611330032349,0.008560064248740673,0.11147884279489517
7881,3,2,2,0.2923952639102936,0.05420491844415665,0.6533998250961304
7882,2,0,0,0.8806453347206116,0.06785709410905838,0.0514976903796196
7883,3,1,1,2.0133271391387098e-05,0.9999773502349854,2.5002398160722805e-06
7884,3,1,1,0.003083864226937294,0.9967551827430725,0.00016089090786408633
7885,1,1,1,6.371362542267889e-05,0.9996670484542847,0.0002692568232305348
7886,3,2,0,0.7877494096755981,0.05497137829661369,0.15727920830249786
7887,4,1,0,0.8075178265571594,0.0395420603454113,0.15294013917446136
7888,2,1,1,0.0028247060254216194,0.969347357749939,0.027827968820929527
7889,1,2,0,0.9202498197555542,0.028655540198087692,0.0510946586728096
7890,1,0,0,0.567054808139801,0.4235406517982483,0.009404560551047325
7893,0,0,0,0.9035394191741943,0.003493468277156353,0.09296712279319763
7895,3,0,0,0.8585003614425659,0.04404251277446747,0.09745712578296661
7896,1,0,0,0.8583822846412659,0.06481067091226578,0.07680708169937134
7897,2,0,0,0.9257708787918091,0.0018681982764974236,0.07236089557409286
7899,4,1,1,0.0007377653382718563,0.9989903569221497,0.0002719102776609361
7900,1,1,1,0.061344046145677567,0.9360859394073486,0.0025700221303850412
7901,3,0,0,0.8661690950393677,0.008111082017421722,0.12571974098682404
7902,0,0,0,0.7691823244094849,0.10830739140510559,0.12251031398773193
7903,4,0,0,0.900811493396759,0.02069481834769249,0.0784936472773552
7904,2,1,2,0.1979817897081375,0.04271966964006424,0.75929856300354
7906,2,1,0,0.8712323307991028,0.06014344096183777,0.06862425059080124
7907,4,0,0,0.7631210088729858,0.041818853467702866,0.1950601041316986
7908,0,2,0,0.9122833013534546,0.0031793368980288506,0.0845373123884201
7909,4,0,0,0.930242121219635,0.0021504228934645653,0.06760739535093307
7911,1,1,0,0.7843512296676636,0.13614241778850555,0.07950640469789505
7912,0,2,0,0.5454369187355042,0.14992889761924744,0.3046342134475708
7913,4,1,0,0.8619484305381775,0.057798292487859726,0.08025333285331726
7914,4,1,1,3.058518632315099e-05,0.9999656677246094,3.7903680549788987e-06
7915,1,0,0,0.9197794198989868,0.04905206710100174,0.031168533489108086
7916,0,1,1,1.5899448044365272e-05,0.9999279975891113,5.612361564999446e-05
7917,4,1,0,0.6740469932556152,0.008564569987356663,0.31738847494125366
7919,2,1,1,0.10192026197910309,0.8913255333900452,0.006754223722964525
7920,4,0,0,0.8816046714782715,0.01840943656861782,0.09998580068349838
7921,0,2,0,0.6012746691703796,0.2058844119310379,0.19284091889858246
7922,4,2,1,0.4740796685218811,0.4930850863456726,0.032835230231285095
7923,4,0,0,0.7585925459861755,0.1021752804517746,0.13923215866088867
7924,0,2,0,0.7928495407104492,0.12059599906206131,0.08655446767807007
7925,3,1,2,0.011860041879117489,0.017526259645819664,0.9706137776374817
7927,2,0,0,0.5240294933319092,0.4559899866580963,0.01998053304851055
7928,0,1,1,4.586403065331979e-06,0.999990701675415,4.738010829896666e-06
7929,0,0,0,0.8519904017448425,0.049656715244054794,0.0983528271317482
7933,3,0,0,0.6915937662124634,0.05552826076745987,0.2528778910636902
7934,4,0,0,0.7513291239738464,0.04590858146548271,0.20276226103305817
7935,1,1,1,0.009378712624311447,0.9903458952903748,0.000275433121714741
7936,4,1,1,0.2180679738521576,0.7380844950675964,0.043847549706697464
7937,4,1,0,0.6950770020484924,0.03271021693944931,0.2722127139568329
7938,3,1,1,3.6666874621005263e-06,0.9999963045120239,8.690888364526472e-08
7939,4,2,0,0.7292412519454956,0.0313744880259037,0.2393842339515686
7940,2,0,1,0.4205420911312103,0.4954436421394348,0.08401424437761307
7941,1,1,1,0.09421342611312866,0.9000446796417236,0.005741947330534458
7942,1,0,0,0.9210010170936584,0.03155728057026863,0.04744167625904083
7943,3,0,0,0.5264966487884521,0.30844753980636597,0.16505582630634308
7945,4,0,0,0.7992534041404724,0.08778426051139832,0.11296234279870987
7946,1,2,0,0.8077505826950073,0.013671397231519222,0.17857801914215088
7947,2,0,0,0.708243727684021,0.19025014340877533,0.10150612890720367
7948,1,0,0,0.7708776593208313,0.1970795840024948,0.03204279765486717
7949,0,1,1,0.0521991141140461,0.9439128041267395,0.0038881038781255484
7951,3,2,0,0.5567614436149597,0.11902541667222977,0.3242131173610687
7952,2,0,0,0.800447940826416,0.04528334364295006,0.15426866710186005
7953,2,2,0,0.4797046184539795,0.29590684175491333,0.2243884801864624
7954,3,0,0,0.9802313446998596,0.009112934581935406,0.01065562292933464
7955,3,2,0,0.8419455289840698,0.05172625184059143,0.10632830113172531
7957,2,0,1,0.010128207504749298,0.9863234758377075,0.003548347158357501
7958,2,0,0,0.9083966612815857,0.004609236493706703,0.08699406683444977
7960,4,1,0,0.5658657550811768,0.31356334686279297,0.12057095021009445
7961,3,2,0,0.685352623462677,0.06419572234153748,0.25045156478881836
7963,3,1,1,6.160370685392991e-05,0.9999068975448608,3.14736389555037e-05
7964,1,0,0,0.9691981673240662,0.002287230920046568,0.028514640405774117
7965,4,1,0,0.7757030725479126,0.05324183776974678,0.1710551381111145
7966,2,1,1,6.7607229539135005e-06,0.9999924898147583,6.965044576645596e-07
7967,3,2,0,0.7203561067581177,0.019359176978468895,0.26028478145599365
7968,3,2,1,0.1762814074754715,0.7815483212471008,0.042170293629169464
7969,1,1,0,0.5371738076210022,0.24285010993480682,0.21997608244419098
7970,1,2,0,0.7019641995429993,0.002682104241102934,0.29535365104675293
7971,1,1,1,3.596146416384727e-05,0.9998952150344849,6.88487125444226e-05
7972,4,2,0,0.9224269390106201,0.014383488334715366,0.06318958848714828
7973,0,0,0,0.8589988946914673,0.10178336501121521,0.039217740297317505
7974,2,0,0,0.4754127264022827,0.3904120624065399,0.13417524099349976
7977,1,2,2,0.0033297876361757517,0.006474635098129511,0.9901955723762512
7979,3,1,1,2.3700065867160447e-05,0.9999754428863525,9.12954590148729e-07
7982,3,0,0,0.947826087474823,0.0078049288131296635,0.04436899721622467
7983,0,0,0,0.8446281552314758,0.046873223036527634,0.10849857330322266
7984,1,2,2,0.11398680508136749,0.016269251704216003,0.8697439432144165
7986,1,0,0,0.8736096620559692,0.04307471960783005,0.08331557363271713
7988,0,2,2,0.32747170329093933,0.15017452836036682,0.5223537683486938
7989,4,0,0,0.9178451299667358,0.010518405586481094,0.07163640856742859
7990,4,0,0,0.8570584654808044,0.00844164565205574,0.1344999372959137
7991,2,2,0,0.5719271898269653,0.040927402675151825,0.38714542984962463
7992,0,0,1,0.35416021943092346,0.4402773678302765,0.20556244254112244
7994,4,0,0,0.9548088908195496,0.014376816339790821,0.03081422857940197
7995,2,0,0,0.7375514507293701,0.19634413719177246,0.06610438972711563
7997,4,1,1,0.0020488454028964043,0.9978360533714294,0.0001151574106188491
7998,1,0,0,0.8587536811828613,0.00806962139904499,0.13317666947841644
7999,2,0,0,0.9069868326187134,0.021706566214561462,0.07130659371614456
8001,0,2,2,0.0036544082686305046,5.7957407989306375e-05,0.9962875843048096
8002,3,0,0,0.8828836679458618,0.08114918321371078,0.03596716374158859
8003,4,0,0,0.6390596628189087,0.20129702985286713,0.15964333713054657
8004,4,2,0,0.8892747759819031,0.020213719457387924,0.09051148593425751
8005,3,1,2,0.0010260060662403703,0.004020672757178545,0.9949533343315125
8006,3,0,2,0.4642518162727356,0.02140398882329464,0.5143441557884216
8009,2,0,0,0.8662156462669373,0.05188732221722603,0.0818970575928688
8010,2,0,1,0.4250950217247009,0.5602894425392151,0.014615525491535664
8011,4,0,0,0.6004819273948669,0.26739948987960815,0.1321185827255249
8012,1,1,1,0.057543881237506866,0.9290444254875183,0.013411630876362324
8013,1,0,0,0.829277515411377,0.0303861852735281,0.14033637940883636
8014,2,0,0,0.8422801494598389,0.008460119366645813,0.14925970137119293
8015,2,0,0,0.8268013000488281,0.06017458811402321,0.11302405595779419
8016,2,0,0,0.9141428470611572,0.029000261798501015,0.0568569079041481
8017,3,1,1,0.0015819973777979612,0.9982544779777527,0.00016348957433365285
8018,1,2,2,1.7657503121881746e-05,0.0007883590296842158,0.9991939663887024
8019,2,2,0,0.9029213786125183,0.026205938309431076,0.07087269425392151
8020,1,0,0,0.8566226959228516,0.04108423739671707,0.10229304432868958
8021,4,0,0,0.7066757082939148,0.08946970105171204,0.20385457575321198
8022,1,0,2,0.27993956208229065,0.02927185222506523,0.6907886266708374
8023,1,2,2,0.0002682011399883777,0.0009444129536859691,0.9987873435020447
8024,2,2,0,0.8779311180114746,0.0184073057025671,0.10366158932447433
8025,4,0,2,0.3462071418762207,0.23453857004642487,0.4192543029785156
8026,0,1,0,0.9002300500869751,0.009483320638537407,0.0902867391705513
8027,0,0,1,0.11980894953012466,0.6734175086021423,0.20677360892295837
8028,2,0,0,0.5746856331825256,0.2919169068336487,0.1333974450826645
8029,4,0,0,0.8390086889266968,0.03873032331466675,0.12226090580224991
8030,0,0,0,0.9397580027580261,0.003900676965713501,0.056341253221035004
8031,4,0,0,0.8906229138374329,0.0457531213760376,0.06362398713827133
8032,4,0,0,0.7985265851020813,0.04956125095486641,0.15191219747066498
8033,2,1,0,0.7731926441192627,0.048831697553396225,0.17797575891017914
8034,2,0,1,0.09139583259820938,0.8863198757171631,0.02228432521224022
8035,0,2,0,0.7773729562759399,0.0976225957274437,0.12500450015068054
8037,2,0,2,0.44279375672340393,0.1003933772444725,0.4568127989768982
8038,2,1,1,0.013964804820716381,0.9854492545127869,0.0005859591765329242
8039,4,1,1,0.009570019319653511,0.9898850917816162,0.0005448759184218943
8040,2,1,1,0.0006964335916563869,0.9991475343704224,0.0001560739183332771
8041,2,2,2,0.4692065417766571,0.041311025619506836,0.48948249220848083
8042,0,0,0,0.8605676889419556,0.0020365731325000525,0.13739578425884247
8043,3,2,1,0.12275175005197525,0.5231357216835022,0.35411250591278076
8044,3,0,0,0.8024522662162781,0.0856248214840889,0.11192288994789124
8045,2,0,0,0.9074017405509949,0.06011724844574928,0.03248092904686928
8046,3,1,1,0.0029031820595264435,0.9970623850822449,3.441722219577059e-05
8047,3,1,1,0.0011192852398380637,0.9987657070159912,0.0001150238822447136
8048,3,0,0,0.8236880302429199,0.0319242998957634,0.14438757300376892
8049,0,0,2,0.3483640253543854,0.0006801177514716983,0.650955855846405
8050,1,1,0,0.7034822702407837,0.22709070146083832,0.06942705065011978
8051,1,1,1,0.011714947409927845,0.9865793585777283,0.001705717178992927
8052,3,1,1,2.3547398086520843e-05,0.9999722242355347,4.1680245885800105e-06
8053,4,2,2,0.0007590746390633285,0.0011929699685424566,0.998047947883606
8054,0,0,1,0.3599773347377777,0.4263487160205841,0.213673934340477
8055,0,1,1,0.04497693479061127,0.9539491534233093,0.0010738755809143186
8057,4,1,0,0.6514561772346497,0.05809885263442993,0.2904449999332428
8058,3,0,0,0.6962065696716309,0.04702639952301979,0.2567670941352844
8059,1,0,1,0.22210480272769928,0.7700520157814026,0.007843178696930408
8063,1,2,2,0.2787792980670929,0.021300433203577995,0.6999202370643616
8066,0,0,0,0.8238801956176758,0.10427050292491913,0.07184941321611404
8067,2,1,1,0.0004579115193337202,0.9995194673538208,2.265682996949181e-05
8069,2,2,0,0.8856254816055298,0.005848302971571684,0.10852625221014023
8070,1,1,1,0.0016606138087809086,0.9982967972755432,4.262556103640236e-05
8071,3,2,0,0.6806949377059937,0.016644610092043877,0.3026605248451233
8072,2,0,0,0.9140000939369202,0.0015573210548609495,0.0844426155090332
8073,0,0,0,0.7621582746505737,0.01570073515176773,0.22214104235172272
8074,2,2,1,0.0021478505805134773,0.9976571798324585,0.00019499080372042954
8075,1,1,1,0.39832115173339844,0.5457280278205872,0.05595079064369202
8076,4,2,0,0.6507555842399597,0.13166093826293945,0.21758341789245605
8078,2,2,2,0.3655240833759308,0.013432172127068043,0.6210437417030334
8079,1,0,0,0.8742963671684265,0.0304748322814703,0.09522872418165207
8080,3,1,1,0.018367605283856392,0.980810821056366,0.000821555673610419
8081,4,1,1,0.33894938230514526,0.5723483562469482,0.0887022316455841
8083,4,2,0,0.7547599673271179,0.009395279921591282,0.23584477603435516
8085,4,0,0,0.7415794730186462,0.16811762750148773,0.09030291438102722
8088,0,1,1,0.0013865893706679344,0.9976001381874084,0.0010133248288184404
8090,1,2,0,0.766014814376831,0.15032486617565155,0.08366034179925919
8091,3,1,1,0.024546587839722633,0.9736634492874146,0.001789931789971888
8092,0,0,0,0.841231644153595,0.1366073042154312,0.022161101922392845
8093,0,0,0,0.8174609541893005,0.11912471801042557,0.0634143054485321
8094,2,2,0,0.8114235401153564,0.06782110780477524,0.12075527757406235
8096,1,2,0,0.8308159112930298,0.02950589545071125,0.13967815041542053
8097,0,1,0,0.7970730662345886,0.10027860850095749,0.10264834761619568
8099,3,1,0,0.7381247878074646,0.11701400578022003,0.14486117660999298
8100,1,1,2,0.45700976252555847,0.02071860432624817,0.5222716331481934
8101,0,0,0,0.8099513649940491,0.017732912674546242,0.17231574654579163
8102,3,1,1,0.004137958399951458,0.9951417446136475,0.0007203558925539255
8103,3,1,1,0.002374693751335144,0.9971867203712463,0.00043854877003468573
8104,1,1,1,0.2978195548057556,0.6244354844093323,0.07774495333433151
8106,1,0,0,0.9798218011856079,0.00102830003015697,0.019149858504533768
8107,2,1,1,0.00016955855244304985,0.9997175335884094,0.00011288649693597108
8108,3,1,0,0.8258979916572571,0.11555110663175583,0.058550912886857986
8109,3,1,1,0.00011357506446074694,0.9998849630355835,1.4936138086341089e-06
8110,1,2,0,0.6497001051902771,0.30286893248558044,0.04743097350001335
8111,0,0,0,0.7984957695007324,0.10716799646615982,0.09433620423078537
8112,3,1,1,7.701922004343942e-05,0.9999198913574219,3.024516445293557e-06
8113,2,1,0,0.832028329372406,0.09647977352142334,0.07149190455675125
8115,2,1,0,0.8353413939476013,0.10652235150337219,0.05813630297780037
8117,4,0,0,0.8410372138023376,0.07611870765686035,0.08284413069486618
8119,3,0,0,0.8267546892166138,0.021015293896198273,0.15222999453544617
8120,3,1,0,0.5782561898231506,0.3439270555973053,0.0778166651725769
8121,0,0,0,0.7140682339668274,0.24701014161109924,0.038921624422073364
8122,0,0,0,0.9233545660972595,0.011575177311897278,0.0650702491402626
8123,4,2,0,0.6397936344146729,0.1946811079978943,0.16552531719207764
8124,3,1,1,0.009925941936671734,0.988322913646698,0.0017511309124529362
8125,3,0,0,0.7251065373420715,0.035034600645303726,0.23985888063907623
8126,1,2,2,0.010245634242892265,0.002750336891040206,0.9870041012763977
8128,3,0,0,0.8394958972930908,0.02808442711830139,0.1324196308851242
8130,1,0,0,0.9169660210609436,0.04471515491604805,0.03831883519887924
8131,1,1,0,0.6148669123649597,0.35436487197875977,0.030768202617764473
8132,4,0,0,0.6995521783828735,0.014856453984975815,0.28559133410453796
8133,1,0,0,0.889875590801239,0.029167108237743378,0.0809573382139206
8134,3,1,1,0.3933744728565216,0.5904847979545593,0.016140718013048172
8136,4,0,0,0.6274201273918152,0.005979021545499563,0.3666008710861206
8137,2,1,0,0.7283899188041687,0.03795676305890083,0.2336532473564148
8139,4,0,0,0.5403423309326172,0.04247589036822319,0.41718176007270813
8141,0,0,0,0.7994576692581177,0.017239350825548172,0.18330301344394684
8142,3,1,1,4.22657194576459e-06,0.9999747276306152,2.1067722627776675e-05
8145,0,0,2,0.2544592320919037,0.010524292476475239,0.7350164651870728
8146,2,0,0,0.9348599910736084,0.02525201067328453,0.03988800197839737
8147,0,0,0,0.9721092581748962,0.0028277353849262,0.02506306581199169
8148,1,0,0,0.5444886088371277,0.4113461375236511,0.044165197759866714
8149,3,1,0,0.78519207239151,0.07031700015068054,0.14449094235897064
8151,2,0,0,0.9250085353851318,0.018540048971772194,0.056451473385095596
8153,1,0,1,0.009524822235107422,0.9895663261413574,0.0009088892256841063
8154,4,1,0,0.5042238235473633,0.4061172604560852,0.08965897560119629
8155,3,0,0,0.8141306638717651,0.018170544877648354,0.1676987260580063
8156,2,0,0,0.8072884678840637,0.064494289457798,0.12821722030639648
8157,2,1,0,0.7085216045379639,0.25102698802948,0.04045147821307182
8158,1,0,2,0.09277752786874771,0.008858980610966682,0.898363471031189
8159,0,1,0,0.7932608127593994,0.13331812620162964,0.07342104613780975
8160,4,1,0,0.8367205262184143,0.052663397043943405,0.11061609536409378
8161,0,0,0,0.9608680009841919,0.0028718337416648865,0.03626018390059471
8162,2,0,2,0.10355431586503983,0.0012231788132339716,0.8952224850654602
8163,1,2,2,0.0010045540984719992,0.0011131362989544868,0.9978823065757751
8164,2,0,0,0.7912668585777283,0.03131172060966492,0.17742136120796204
8166,0,0,0,0.6796079874038696,0.20224730670452118,0.11814466118812561
8167,1,1,1,0.0004538706853054464,0.9990052580833435,0.0005409485893324018
8168,2,0,0,0.8688216805458069,0.02293197065591812,0.1082463413476944
8170,1,0,0,0.7140026092529297,0.18644000589847565,0.09955742210149765
8171,3,0,1,0.0579042062163353,0.8730562925338745,0.0690394788980484
8172,0,0,0,0.9720169305801392,0.003917435184121132,0.024065634235739708
8173,1,0,0,0.7348116040229797,0.1587657779455185,0.10642260313034058
8174,3,0,0,0.5115249156951904,0.14506708085536957,0.3434080183506012
8175,0,0,0,0.6292518973350525,0.11575093120336533,0.2549971640110016
8176,0,0,0,0.9762860536575317,0.009065714664757252,0.014648214913904667
8177,1,0,0,0.7874472141265869,0.15691150724887848,0.055641308426856995
8178,0,1,1,0.00012725441774819046,0.9998607635498047,1.194078959088074e-05
8179,3,0,0,0.7999163866043091,0.1567942351102829,0.0432894192636013
8180,0,1,1,1.9493130821501836e-05,0.9999608993530273,1.961883026524447e-05
8181,0,1,1,0.0024321293458342552,0.9968516230583191,0.0007162862457334995
8183,3,2,2,0.0010394541313871741,0.005917544476687908,0.9930429458618164
8184,1,0,0,0.7343682646751404,0.03331848233938217,0.23231326043605804
8185,1,1,1,1.270351822313387e-05,0.9999833106994629,4.007465577160474e-06
8186,2,0,0,0.7939502000808716,0.09096568077802658,0.11508418619632721
8187,0,1,1,0.0023798493202775717,0.9975715279579163,4.865712980972603e-05
8188,4,0,2,0.14718103408813477,0.031420279294252396,0.8213986754417419
8189,3,0,0,0.6051985621452332,0.3403089642524719,0.05449243634939194
8190,0,1,1,6.7916844272986054e-06,0.9999915361404419,1.6847976667122566e-06
8192,4,1,1,7.644886864e-06,0.9999920129776001,3.7220891613287677e-07
8194,3,1,0,0.8165558576583862,0.04720236733555794,0.1362418234348297
8195,1,1,0,0.9717937111854553,0.009667636826634407,0.018538594245910645
8196,0,0,0,0.9017463326454163,0.006804690696299076,0.09144903719425201
8197,1,0,0,0.809540331363678,0.06468760222196579,0.12577207386493683
8199,0,0,0,0.7952905893325806,0.057230278849601746,0.1474791169166565
8200,4,0,0,0.7057523727416992,0.2170742005109787,0.0771733745932579
8201,4,0,0,0.6614964008331299,0.017040902748703957,0.3214627206325531
8203,2,1,0,0.8470250964164734,0.06563352793455124,0.08734141290187836
8204,2,0,0,0.8681416511535645,0.015194249339401722,0.11666406691074371
8205,0,1,0,0.9058527946472168,0.024406833574175835,0.06974043697118759
8206,4,2,2,0.04668785631656647,0.013173448853194714,0.9401387572288513
8207,3,0,1,0.04041476920247078,0.9541366100311279,0.00544864684343338
8208,3,0,0,0.7578641176223755,0.1182468980550766,0.12388899177312851
8209,1,0,0,0.7905422449111938,0.042300332337617874,0.1671573668718338
8210,1,0,0,0.6977851390838623,0.18414239585399628,0.11807256191968918
8211,3,0,0,0.8373702764511108,0.005042175762355328,0.1575874388217926
8212,0,0,0,0.9298523664474487,0.018671751022338867,0.0514758862555027
8214,3,2,0,0.706985354423523,0.1036965399980545,0.18931809067726135
8215,1,1,1,0.2744486927986145,0.7066806554794312,0.018870659172534943
8216,1,0,1,0.049081575125455856,0.8588405847549438,0.09207777678966522
8218,4,1,1,0.005440786946564913,0.9940746426582336,0.0004845698131248355
8219,1,0,0,0.914036750793457,0.03926652669906616,0.04669669643044472
8220,2,0,0,0.72187340259552,0.19967123866081238,0.0784553736448288
8221,0,1,1,0.009059736505150795,0.9892175197601318,0.0017228113720193505
8222,3,1,2,0.1737298220396042,0.07873447239398956,0.7475357055664062
8223,4,1,1,0.00019460658950265497,0.9997591376304626,4.620500476448797e-05
8224,0,0,0,0.6518424153327942,0.036401718854904175,0.311755895614624
8226,4,2,2,0.276833713054657,0.0053515080362558365,0.7178148031234741
8228,4,0,0,0.6592944860458374,0.19996437430381775,0.14074116945266724
8231,3,1,1,0.03012745827436447,0.9686014652252197,0.0012710975715890527
8232,2,0,0,0.841690719127655,0.042831629514694214,0.11547762155532837
8233,4,0,0,0.7422613501548767,0.036596424877643585,0.2211422175168991
8234,3,0,0,0.9331704378128052,0.04639267548918724,0.02043687365949154
8235,1,0,0,0.8182651400566101,0.033862266689538956,0.14787253737449646
8237,3,0,0,0.8499153256416321,0.034707773476839066,0.11537697166204453
8238,1,1,1,0.00041832178249023855,0.9989449381828308,0.0006367074092850089
8239,1,1,1,0.011869332753121853,0.9876580238342285,0.0004727033374365419
8240,2,0,0,0.8185818195343018,0.01976127177476883,0.1616569608449936
8242,0,0,0,0.8404644131660461,0.11803261935710907,0.0415029376745224
8243,2,0,0,0.8959564566612244,0.02834898605942726,0.07569465041160583
8244,2,0,2,0.005969420075416565,0.0011967327445745468,0.9928338527679443
8245,4,0,1,0.4741242229938507,0.4929071366786957,0.03296865522861481
8246,0,1,2,0.175794318318367,0.394037127494812,0.4301685690879822
8250,4,0,0,0.9703980684280396,0.01316212397068739,0.016439810395240784
8254,1,0,1,0.02679630182683468,0.9705821871757507,0.0026214891113340855
8255,0,0,0,0.6863351464271545,0.1777147650718689,0.13595004379749298
8256,1,0,2,0.14989744126796722,0.021273309364914894,0.8288292288780212
8257,2,0,2,0.3714315593242645,0.01451160479336977,0.6140567660331726
8258,2,1,2,0.0027505620382726192,0.00038517205393873155,0.9968642592430115
8259,2,1,1,0.026336265727877617,0.9686882495880127,0.004975426010787487
8260,1,0,2,0.46810245513916016,0.060370441526174545,0.47152718901634216
8261,1,1,1,0.0020181951113045216,0.9979283809661865,5.3408781241159886e-05
8262,1,0,0,0.9227668046951294,0.030032053589820862,0.047201160341501236
8263,2,0,2,0.22792886197566986,0.02627105638384819,0.7458000183105469
8264,1,0,2,0.17762720584869385,0.020479723811149597,0.8018931150436401
8265,2,1,1,0.020479192957282066,0.97765052318573,0.0018702620873227715
8267,4,1,1,0.007867210544645786,0.991756796836853,0.00037608048296533525
8268,4,0,0,0.7452678680419922,0.13750030100345612,0.11723177134990692
8269,3,0,0,0.7829442024230957,0.0680985227227211,0.1489572823047638
8270,0,0,0,0.7264879941940308,0.059334300458431244,0.21417774260044098
8272,2,0,0,0.7517946362495422,0.006116653326898813,0.24208872020244598
8273,3,0,0,0.4815000891685486,0.3747307360172272,0.14376913011074066
8274,1,0,0,0.6748476028442383,0.09581150859594345,0.22934086620807648
8275,2,0,2,0.04628138616681099,0.007997864857316017,0.9457207322120667
8276,3,0,0,0.8954227566719055,0.02000894583761692,0.08456829935312271
8278,4,1,1,0.0006135871517471969,0.9990938901901245,0.00029248729697428644
8279,2,1,1,8.166267070919275e-05,0.9999101161956787,8.184569196600933e-06
8280,0,0,0,0.7635074853897095,0.013803240843117237,0.22268927097320557
8281,1,0,0,0.5392782092094421,0.37667813897132874,0.08404366672039032
8282,3,0,0,0.5683966279029846,0.051887396723032,0.37971606850624084
8283,4,0,0,0.6841498613357544,0.2337576299905777,0.08209245651960373
8285,3,1,1,0.005412806756794453,0.9939656853675842,0.0006215269095264375
8286,3,0,0,0.767350971698761,0.06606153398752213,0.16658750176429749
8287,3,0,1,0.3318902850151062,0.5052311420440674,0.1628785878419876
8288,3,1,1,0.01411938015371561,0.9852757453918457,0.0006049031508155167
8290,0,0,0,0.980049729347229,0.0008266973309218884,0.019123591482639313
8292,0,0,0,0.523377001285553,0.41329923272132874,0.06332380324602127
8293,4,0,0,0.6881990432739258,0.07493183761835098,0.23686911165714264
8294,4,0,0,0.8257477879524231,0.11090836673974991,0.06334389001131058
8295,0,0,0,0.9131675958633423,0.054705604910850525,0.0321267805993557
8296,2,0,0,0.836704432964325,0.0030353940092027187,0.1602601408958435
8297,1,1,1,0.01723678968846798,0.9806331992149353,0.0021299852523952723
8299,4,1,0,0.5413633584976196,0.37118902802467346,0.0874476507306099
8301,2,0,0,0.9488421082496643,0.0039625209756195545,0.04719534143805504
8303,1,2,2,9.240496723350589e-08,4.365976110420888e-06,0.9999954700469971
8304,3,2,2,2.185071707572206e-06,4.440331395016983e-05,0.9999535083770752
8305,2,2,2,9.169164627564896e-08,1.9575141777750105e-05,0.9999803304672241
8306,3,2,2,4.896062364423415e-07,1.2158926438132767e-05,0.9999873638153076
8307,4,2,2,7.566757744825736e-07,0.00011677285510813817,0.9998824596405029
8309,3,2,2,4.0108598113874905e-06,2.824807415890973e-05,0.9999676942825317
8311,3,2,2,0.010957419872283936,0.019220110028982162,0.9698224067687988
8312,0,0,0,0.9021453261375427,0.015556173399090767,0.08229859173297882
8313,1,2,2,3.023829151516111e-07,1.4478530374617549e-06,0.9999982118606567
8314,4,2,2,4.502833689912222e-06,2.3352766220341437e-05,0.9999721050262451
8315,1,2,2,0.0003835039387922734,0.0003394770319573581,0.9992770552635193
8316,1,2,2,1.4707670743518975e-06,6.048289651516825e-05,0.9999381303787231
8317,2,2,2,0.005056680645793676,0.0009766039438545704,0.9939666986465454
8318,0,2,2,0.019996585324406624,0.015534739941358566,0.9644686579704285
8319,0,0,0,0.7000148296356201,0.2441169023513794,0.055868279188871384
8320,1,0,0,0.9113786816596985,0.020722249522805214,0.06789904832839966
8321,2,0,0,0.7991219162940979,0.010782653465867043,0.19009539484977722
8322,1,1,1,1.3713701036977e-06,0.9999983310699463,3.557984200597275e-07
8323,0,1,0,0.9363961815834045,0.03714736923575401,0.026456397026777267
8324,0,1,1,0.025650780647993088,0.9739170074462891,0.0004322606255300343
8325,1,0,0,0.9533892869949341,0.018310200423002243,0.02830054797232151
8326,1,2,2,0.0003422476875130087,0.007049219217151403,0.9926086068153381
8327,3,0,2,0.36587783694267273,0.030778395012021065,0.6033437848091125
8328,4,0,0,0.779142439365387,0.12784817814826965,0.09300937503576279
8330,2,0,0,0.6545886993408203,0.07000189274549484,0.27540943026542664
8331,1,0,2,0.12492101639509201,0.025629261508584023,0.8494496941566467
8332,2,0,0,0.8117204308509827,0.02873012237250805,0.15954944491386414
8333,1,1,1,5.2540795877575874e-05,0.9999353885650635,1.2075568520231172e-05
8334,1,0,1,0.09983642399311066,0.8953787088394165,0.004784916993230581
8335,3,1,1,0.021226916462183,0.9779152870178223,0.0008577757980674505
8336,3,1,0,0.6458175182342529,0.2741529941558838,0.0800294578075409
8337,1,1,1,0.09048044681549072,0.9050113558769226,0.004508218728005886
8338,1,0,0,0.935424268245697,0.03777123615145683,0.026804475113749504
8339,4,0,0,0.4811791479587555,0.4627654552459717,0.05605543404817581
8340,4,0,1,0.002885695779696107,0.9967341423034668,0.00038017131737433374
8341,3,1,1,0.0026509338058531284,0.9971572160720825,0.00019187007274013013
8342,1,0,0,0.9246148467063904,0.032530855387449265,0.042854245752096176
8344,3,1,1,0.047728631645441055,0.951611340045929,0.0006599981570616364
8345,0,0,0,0.9620566964149475,0.013443201780319214,0.0245001669973135
8346,3,0,1,0.006770301144570112,0.9926590323448181,0.0005706297815777361
8347,0,0,0,0.7683663368225098,0.19232769310474396,0.039305947721004486
8348,1,0,2,0.00961610209196806,0.0003286458377260715,0.9900552034378052
8349,3,0,0,0.9185581207275391,0.010760540142655373,0.07068141549825668
8350,0,0,0,0.7905181050300598,0.12760251760482788,0.08187941461801529
8352,3,1,0,0.7594236731529236,0.2030474692583084,0.03752892091870308
8353,0,0,0,0.9112797379493713,0.04798254743218422,0.04073767736554146
8354,2,1,1,0.017175091430544853,0.9818782210350037,0.0009467093041166663
8355,3,0,0,0.7836846113204956,0.07965080440044403,0.13666462898254395
8356,3,0,0,0.7956529259681702,0.03229786083102226,0.17204919457435608
8357,3,1,1,0.07990498095750809,0.9082641005516052,0.011830952018499374
8358,3,0,0,0.8100682497024536,0.08777246624231339,0.102159284055233
8359,2,0,1,0.18771956861019135,0.7136589288711548,0.09862153232097626
8360,2,1,1,0.0005460798274725676,0.9993798732757568,7.397029548883438e-05
8362,1,0,2,0.13875526189804077,0.01559856254607439,0.8456462025642395
8363,2,0,0,0.6289302706718445,0.08666549623012543,0.2844042479991913
8365,2,0,2,0.17279645800590515,0.3168551027774811,0.5103484392166138
8367,2,0,0,0.8899758458137512,0.04273972287774086,0.0672844648361206
8368,4,0,0,0.5938080549240112,0.21279381215572357,0.193398118019104
8369,0,1,1,0.07852108776569366,0.9162198901176453,0.005258980207145214
8370,3,0,0,0.5915794372558594,0.2661231756210327,0.1422974169254303
8372,2,0,0,0.8002591729164124,0.10602179169654846,0.0937189906835556
8373,1,1,1,0.057543881237506866,0.9290444254875183,0.013411630876362324
8374,3,0,1,0.2526469826698303,0.738835334777832,0.008517610840499401
8375,0,0,0,0.8907004594802856,0.029070893302559853,0.08022866398096085
8376,2,0,1,0.2026321440935135,0.7497161626815796,0.04765167459845543
8377,4,1,1,0.0017068682936951518,0.998145341873169,0.0001477948244428262
8378,0,0,0,0.5062218904495239,0.4490673840045929,0.044710706919431686
8379,2,1,1,0.003947379533201456,0.9952372312545776,0.0008153094677254558
8381,4,1,1,0.05640774965286255,0.9426782131195068,0.0009140327456407249
8382,2,1,1,3.402002403163351e-05,0.9999634027481079,2.582705747045111e-06
8383,4,0,0,0.8118063807487488,0.08675164729356766,0.10144203156232834
8384,3,0,0,0.545738697052002,0.0466313399374485,0.40762993693351746
8385,1,0,0,0.779823899269104,0.18980823457241058,0.030367761850357056
8386,4,0,0,0.8155071139335632,0.047483645379543304,0.13700926303863525
8387,4,2,2,0.00023781601339578629,0.010865772143006325,0.9888964891433716
8388,2,2,0,0.9695744514465332,0.01828583888709545,0.012139751575887203
8389,3,2,2,4.451417407835834e-05,0.00016155063349287957,0.999794065952301
8390,3,2,2,0.0010199974058195949,5.180552034289576e-05,0.9989281296730042
8391,2,2,2,2.0086326912860386e-05,0.0004351117240730673,0.9995446801185608
8392,1,2,2,7.3334296757821e-05,8.230042294599116e-05,0.9998444318771362
8393,0,2,2,2.013307721426827e-06,1.055334632837912e-05,0.9999873638153076
8396,1,2,2,3.6606209619094443e-07,4.1507374248794804e-07,0.9999992847442627
8398,0,1,1,0.04731030389666557,0.9493740200996399,0.0033156750723719597
8399,2,1,1,2.1935358745395206e-05,0.9999699592590332,8.147902008204255e-06
8401,1,2,0,0.8449708819389343,0.049916841089725494,0.10511229932308197
8402,3,0,0,0.9675289988517761,0.005327706225216389,0.02714325115084648
8403,2,1,1,0.0707043707370758,0.7457036972045898,0.18359196186065674
8404,3,1,1,0.009605777449905872,0.9787624478340149,0.011631801724433899
8405,2,1,1,0.15217281877994537,0.6977904438972473,0.1500367522239685
8406,0,1,1,0.051445722579956055,0.9359920620918274,0.012562244199216366
8407,3,1,1,0.0032365266233682632,0.996729850769043,3.3580025046831e-05
8408,4,1,0,0.8979150652885437,0.04613947123289108,0.055945418775081635
8409,3,1,1,9.913711437548045e-06,0.9999842643737793,5.8097525652556214e-06
8410,4,0,0,0.9417046308517456,0.012660834938287735,0.045634619891643524
8411,2,1,1,0.004728030413389206,0.9947106838226318,0.0005612442619167268
8412,4,0,0,0.7656620740890503,0.06467364728450775,0.16966429352760315
8413,1,0,0,0.8992756009101868,0.007870400324463844,0.09285401552915573
8414,0,0,0,0.8069161176681519,0.06335112452507019,0.12973272800445557
8415,0,0,0,0.547321081161499,0.19389988481998444,0.25877901911735535
8417,2,1,1,0.0008638876024633646,0.9990660548210144,7.010421541053802e-05
8418,1,2,0,0.7824840545654297,0.058349862694740295,0.15916603803634644
8419,4,2,0,0.59285968542099,0.14386491477489471,0.2632753551006317
8420,0,2,0,0.9621711373329163,0.002106172265484929,0.0357227586209774
8421,2,0,0,0.9738749265670776,0.00730800861492753,0.018817003816366196
8423,1,2,0,0.8071839809417725,0.002136677736416459,0.19067934155464172
8424,1,2,2,0.005813036113977432,0.18703366816043854,0.8071533441543579
8425,0,1,0,0.9437899589538574,0.011521638371050358,0.04468841850757599
8426,3,0,0,0.7610514163970947,0.08100643008947372,0.15794211626052856
8427,4,0,2,0.4686473309993744,0.014471313916146755,0.5168812870979309
8429,3,2,0,0.5552054643630981,0.07994190603494644,0.36485257744789124
8431,4,1,0,0.619327962398529,0.2663341760635376,0.11433783918619156
8432,2,2,0,0.7465201616287231,0.012619821354746819,0.2408600151538849
8433,1,0,0,0.9225085973739624,0.01096186414361,0.06652956455945969
8434,4,0,0,0.45127788186073303,0.3471808135509491,0.2015412300825119
8435,4,0,0,0.9543851017951965,0.002692284993827343,0.04292263835668564
8437,1,1,1,4.5656823203898966e-05,0.9999395608901978,1.4818388990534004e-05
8438,0,1,1,0.18062515556812286,0.8151918053627014,0.004183066077530384
8439,3,1,0,0.6593893766403198,0.1424577534198761,0.19815285503864288
8441,2,0,0,0.8285253643989563,0.07110833376646042,0.10036631673574448
8442,3,2,0,0.7659823894500732,0.03070317953824997,0.203314408659935
8443,1,2,1,0.12778569757938385,0.7054294943809509,0.16678474843502045
8444,0,2,2,0.0017762426286935806,0.0013596225762739778,0.9968641400337219
8446,3,1,1,0.0020513690542429686,0.9337245225906372,0.06422414630651474
8447,4,2,2,0.0006456727860495448,0.008068001829087734,0.9912863373756409
8450,1,1,0,0.5158992409706116,0.4802570044994354,0.0038438152987509966
8452,0,2,2,0.027785765007138252,0.00018130510579794645,0.972032904624939
8453,3,0,0,0.9642050266265869,0.011587095446884632,0.02420787885785103
8454,1,2,2,0.0028865733183920383,0.004961146507412195,0.9921522736549377
8455,2,1,1,0.00424701813608408,0.9943286776542664,0.0014242766192182899
8457,2,1,0,0.8588380813598633,0.10712602734565735,0.03403586521744728
8458,2,0,0,0.5782979726791382,0.39858001470565796,0.023122068494558334
8459,2,1,1,0.008102014660835266,0.991228461265564,0.0006695282063446939
8460,2,0,0,0.8530709147453308,0.04635364189743996,0.10057547688484192
8461,3,0,0,0.5473393201828003,0.32238486409187317,0.13027580082416534
8462,4,0,0,0.9408447742462158,0.007032074499875307,0.052123140543699265
8463,1,0,0,0.6928905844688416,0.12281157076358795,0.1842978447675705
8464,2,0,2,0.15285460650920868,0.07179334759712219,0.7753521203994751
8465,4,0,0,0.9379068613052368,0.021570416167378426,0.04052268713712692
8466,2,0,0,0.9399878978729248,0.023550311103463173,0.036461733281612396
8467,0,1,1,6.65016850689426e-05,0.9999151229858398,1.8341812392463908e-05
8468,2,1,1,0.04109129309654236,0.9551405906677246,0.003768117167055607
8469,3,0,0,0.5953037142753601,0.2085403949022293,0.19615589082241058
8470,1,0,0,0.7437799572944641,0.027510322630405426,0.22870971262454987
8471,4,0,0,0.6620672345161438,0.18156494200229645,0.15636782348155975
8473,1,2,0,0.9017791748046875,0.005066401790827513,0.09315444529056549
8474,1,2,2,0.2754653990268707,0.005988888442516327,0.7185457348823547
8475,4,0,0,0.5655932426452637,0.20484237372875214,0.229564368724823
8476,3,0,0,0.5476453304290771,0.3227866590023041,0.12956802546977997
8477,4,2,2,6.672256063211535e-07,0.0007447690586559474,0.9992545247077942
8478,1,0,0,0.7759824991226196,0.1640247255563736,0.05999276414513588
8479,0,1,1,0.0016369776567444205,0.9979454874992371,0.0004175908979959786
8480,0,0,0,0.9383872747421265,0.014867406338453293,0.04674529284238815
8481,3,1,1,9.007154403661843e-06,0.9999908208847046,1.8993786454757355e-07
8482,0,2,2,0.31254085898399353,0.006152510177344084,0.6813066601753235
8483,2,0,0,0.947507381439209,0.012863035313785076,0.0396295040845871
8484,4,2,0,0.8822112679481506,0.013232462108135223,0.10455634444952011
8485,1,1,0,0.8169879913330078,0.1470850706100464,0.03592696040868759
8486,2,1,0,0.7817753553390503,0.10360772162675858,0.11461694538593292
8487,4,1,1,0.035383518785238266,0.9562520384788513,0.008364450186491013
8491,0,1,1,0.1561519056558609,0.8360505104064941,0.007797582074999809
8494,0,1,1,0.08035542070865631,0.9131154417991638,0.00652912724763155
8495,3,0,0,0.6373961567878723,0.04538426175713539,0.3172195553779602
8496,3,1,1,0.09437786042690277,0.8888298273086548,0.01679234579205513
8498,3,0,0,0.6778109073638916,0.051400624215602875,0.2707884907722473
8499,0,0,0,0.89276522397995,0.09645897895097733,0.010775717906653881
8500,0,0,0,0.9190700650215149,0.01067962497472763,0.07025028020143509
8502,4,0,0,0.9510034322738647,0.003967628348618746,0.0450289361178875
8503,2,0,1,0.3411175608634949,0.608262836933136,0.05061958730220795
8504,1,0,0,0.9396772980690002,0.05255896970629692,0.0077637494541704655
8505,0,0,0,0.520865797996521,0.4434434771537781,0.03569077327847481
8506,4,2,0,0.8460049033164978,0.08516215533018112,0.06883295625448227
8508,3,0,0,0.9519703984260559,0.018673181533813477,0.029356466606259346
8510,1,0,2,0.010596250183880329,0.0018879304407164454,0.9875158071517944
8512,4,1,0,0.8568690419197083,0.03299248591065407,0.11013847589492798
8513,3,0,1,0.40118131041526794,0.531010091304779,0.067808598279953
8514,1,2,0,0.9050477743148804,0.01313833612948656,0.08181397616863251
8515,3,2,0,0.6688482165336609,0.1305256336927414,0.20062614977359772
8516,1,0,0,0.5109895467758179,0.26374194025993347,0.22526851296424866
8517,0,2,0,0.6608063578605652,0.12349066883325577,0.21570295095443726
8518,1,2,2,7.170980325099663e-07,2.3284030248760246e-05,0.9999760389328003
8521,4,1,0,0.8332105278968811,0.11194897443056107,0.05484052374958992
8522,3,0,0,0.951641321182251,0.010757245123386383,0.03760138899087906
8523,2,2,0,0.8731885552406311,0.03028147481381893,0.09653003513813019
8524,4,0,0,0.8882580995559692,0.06536836922168732,0.046373650431632996
8525,4,1,1,0.2365933507680893,0.7337711453437805,0.02963547594845295
8526,0,0,0,0.8772062659263611,0.0872812494635582,0.03551243990659714
8527,4,1,0,0.5986699461936951,0.27450031042099,0.12682975828647614
8528,2,0,1,0.4632824957370758,0.5090003609657288,0.0277171079069376
8529,1,0,0,0.6212899088859558,0.352237731218338,0.026472391560673714
8530,4,2,2,2.059483449556865e-06,3.955275678890757e-05,0.9999583959579468
8531,0,2,2,8.158942819136428e-07,6.791081119672526e-08,0.9999990463256836
8532,4,2,2,0.07463996112346649,0.01396622322499752,0.9113938212394714
8533,4,2,2,8.705287086741009e-07,5.0337144784862176e-05,0.9999488592147827
8534,1,2,2,0.32774946093559265,0.07097318023443222,0.6012774109840393
8535,1,2,0,0.7845849394798279,0.022393127903342247,0.1930219829082489
8536,1,2,1,0.03426441177725792,0.8733471632003784,0.09238839894533157
8537,2,2,1,0.03159697353839874,0.9418006539344788,0.026602398604154587
8539,0,2,2,6.823657940913108e-07,2.175154077121988e-05,0.9999775886535645
8540,0,0,0,0.6155681014060974,0.03517334535717964,0.34925857186317444
8541,2,0,2,0.009918932802975178,0.006654092110693455,0.9834270477294922
8542,4,1,1,0.08040368556976318,0.873506486415863,0.04608982428908348
8543,3,1,1,0.004217756446450949,0.9956606030464172,0.00012165825319243595
8544,2,0,0,0.9025275111198425,0.0022491903509944677,0.0952233150601387
8545,0,0,0,0.9335296750068665,0.052392229437828064,0.014078083448112011
8547,2,0,0,0.8511016964912415,0.06435545533895493,0.08454287052154541
8548,4,0,0,0.9710010290145874,0.003309056628495455,0.025689909234642982
8549,0,0,0,0.8516342639923096,0.05083312466740608,0.09753258526325226
8550,1,0,0,0.6382296085357666,0.25227928161621094,0.10949110984802246
8551,3,0,1,0.0009043167228810489,0.9990767240524292,1.8991217075381428e-05
8552,3,0,1,0.023977117612957954,0.9744447469711304,0.0015781607944518328
8555,3,2,1,0.04587289318442345,0.9506494998931885,0.003477598074823618
8556,2,1,1,6.976547410886269e-06,0.9999922513961792,7.360839617831516e-07
8557,2,0,0,0.9329937100410461,0.010137174278497696,0.05686916783452034
8558,4,0,0,0.902397632598877,0.037228766828775406,0.060373660176992416
8559,1,0,0,0.8971600532531738,0.03278827294707298,0.07005173712968826
8560,4,0,0,0.709165096282959,0.17124366760253906,0.11959124356508255
8561,0,2,0,0.9198514223098755,0.006588253658264875,0.07356034219264984
8562,4,2,2,0.06342963874340057,0.007405573967844248,0.9291648268699646
8563,4,1,0,0.7205332517623901,0.14649169147014618,0.1329750418663025
8564,1,2,2,0.18835005164146423,0.02524077706038952,0.7864091396331787
8565,1,0,0,0.6978038549423218,0.018786868080496788,0.2834092378616333
8566,0,0,0,0.9742487668991089,0.001606646692380309,0.024144550785422325
8568,0,1,1,2.0555973605951294e-05,0.999966025352478,1.3371753993851598e-05
8569,3,0,0,0.8183448910713196,0.017801152542233467,0.1638539880514145
8572,1,1,0,0.9232541918754578,0.002703908598050475,0.07404199987649918
8573,4,1,1,0.0006588451797142625,0.9991589784622192,0.00018223970255348831
8575,2,0,0,0.6868346929550171,0.02973027154803276,0.28343498706817627
8579,4,0,0,0.6726792454719543,0.058291058987379074,0.26902973651885986
8581,3,0,0,0.7430137991905212,0.049688469618558884,0.20729774236679077
8582,3,0,0,0.7266485691070557,0.25129619240760803,0.02205527573823929
8583,4,1,1,0.0008395799086429179,0.9002178311347961,0.09894254803657532
8584,0,2,0,0.5163246393203735,0.015481343492865562,0.46819400787353516
8585,3,0,0,0.7877344489097595,0.07125457376241684,0.14101094007492065
8587,0,1,1,1.0821314390341286e-05,0.9999405145645142,4.865369919571094e-05
8589,1,1,1,0.0599571131169796,0.9350616335868835,0.004981285892426968
8591,2,0,0,0.8979486227035522,0.011566021479666233,0.09048547595739365
8592,1,1,1,0.0017420095391571522,0.9979550838470459,0.00030291310395114124
8593,0,2,0,0.7289863228797913,0.1004548966884613,0.17055879533290863
8594,1,1,1,1.7596743418835104e-05,0.9999743700027466,7.991958227648865e-06
8595,4,0,0,0.8146563768386841,0.05767548456788063,0.12766814231872559
8596,4,0,0,0.655089795589447,0.2064570039510727,0.13845321536064148
8597,3,0,0,0.6228234767913818,0.192560613155365,0.18461589515209198
8598,3,0,0,0.6142072081565857,0.01960727758705616,0.3661854863166809
8599,1,0,0,0.8376079797744751,0.08120612055063248,0.08118591457605362
8600,0,1,1,3.371913408045657e-05,0.9998743534088135,9.192370634991676e-05
8601,1,2,2,0.3899415135383606,0.014392931945621967,0.5956655740737915
8602,1,1,2,0.0004057408368680626,0.48282548785209656,0.5167688131332397
8603,1,1,0,0.9017847180366516,0.04191255196928978,0.05630272254347801
8604,0,2,1,0.34627142548561096,0.548855185508728,0.10487337410449982
8605,0,2,0,0.8864205479621887,0.02805536799132824,0.08552412688732147
8606,0,2,0,0.8379794359207153,0.11871825903654099,0.04330230876803398
8607,3,2,2,0.10209929943084717,0.051416028290987015,0.8464846014976501
8608,3,1,0,0.7844270467758179,0.17786134779453278,0.03771156072616577
8609,3,2,0,0.588047981262207,0.0901632085442543,0.32178881764411926
8610,2,2,0,0.8549972772598267,0.026114316657185555,0.11888834089040756
8611,2,0,0,0.8474127054214478,0.07275304943323135,0.07983430474996567
8612,4,0,0,0.9557938575744629,0.007429672405123711,0.03677647188305855
8613,3,0,1,0.016259673982858658,0.9820067286491394,0.0017335828160867095
8614,2,0,0,0.810480535030365,0.11299030482769012,0.07652924954891205
8615,4,0,0,0.9317765235900879,0.01444464921951294,0.053778890520334244
8616,0,1,1,0.008948304690420628,0.9903066158294678,0.000745088851545006
8617,4,2,1,0.30300647020339966,0.6150554418563843,0.08193807303905487
8618,0,1,0,0.9394325017929077,0.02694161795079708,0.033625852316617966
8619,4,2,0,0.7523376941680908,0.016243072226643562,0.23141926527023315
8621,4,2,1,0.0711241289973259,0.8222784996032715,0.10659734904766083
8625,1,2,2,0.0008991881040856242,0.0045592631213366985,0.994541585445404
8627,3,0,0,0.7517173886299133,0.03365177661180496,0.2146308422088623
8629,1,1,1,1.1006980003003264e-06,0.9999984502792358,4.969976430402312e-07
8630,3,1,0,0.5761814713478088,0.3329567611217499,0.0908617228269577
8631,4,1,1,0.16364243626594543,0.8294575810432434,0.006899994798004627
8632,2,0,0,0.593376636505127,0.35618194937705994,0.05044140666723251
8634,3,0,1,0.411319375038147,0.5525267720222473,0.03615391626954079
8635,2,2,0,0.8806931972503662,0.009774338454008102,0.10953240841627121
8637,0,1,1,0.0022718715481460094,0.9974285960197449,0.00029954989440739155
8638,2,1,1,0.007974527776241302,0.9916759729385376,0.00034951427369378507
8640,0,1,1,0.06281778216362,0.935222864151001,0.0019593401812016964
8641,0,2,0,0.9558581113815308,0.0015751944156363606,0.04256661981344223
8642,4,0,0,0.4377513825893402,0.20517894625663757,0.35706964135169983
8643,3,0,1,0.012971319258213043,0.9867396354675293,0.0002890849718824029
8645,2,0,0,0.8370664715766907,0.033028993755578995,0.12990456819534302
8646,0,1,1,0.39894795417785645,0.5312157273292542,0.0698363184928894
8647,0,0,0,0.5904278755187988,0.18466398119926453,0.22490814328193665
8648,1,0,1,0.15310756862163544,0.7715433239936829,0.0753491222858429
8650,2,1,0,0.6143198609352112,0.35990434885025024,0.02577577717602253
8651,1,2,0,0.6144897937774658,0.2173701971769333,0.1681399792432785
8652,1,2,0,0.7697746157646179,0.006374283228069544,0.2238510400056839
8653,4,2,0,0.7902076244354248,0.03421851992607117,0.17557382583618164
8654,4,1,1,0.06292029470205307,0.9078783392906189,0.0292013231664896
8655,0,2,2,2.678702230696217e-06,7.771340278850403e-06,0.9999896287918091
8656,3,2,0,0.4082637429237366,0.25313568115234375,0.3386005461215973
8657,0,0,2,0.0025760966818779707,0.006371812429279089,0.9910520911216736
8659,3,0,0,0.9123602509498596,0.023948287591338158,0.06369145959615707
8660,0,1,1,0.0022718715481460094,0.9974285960197449,0.00029954989440739155
8661,0,0,1,0.18019893765449524,0.7850000858306885,0.03480096161365509
8663,2,2,0,0.9130308628082275,0.015250936150550842,0.07171826809644699
8665,2,2,0,0.504713773727417,0.005221846979111433,0.4900643527507782
8666,3,1,1,0.00022930208069738,0.9997559189796448,1.4833564819127787e-05
8667,2,2,0,0.8692386150360107,0.027960341423749924,0.10280099511146545
8668,1,2,0,0.8655688166618347,0.044452402740716934,0.08997883647680283
8669,2,0,0,0.8812201619148254,0.07489645481109619,0.04388332739472389
8671,0,1,0,0.4859354794025421,0.45564764738082886,0.058416858315467834
8674,4,0,0,0.6813049912452698,0.1503542959690094,0.16834071278572083
8675,4,1,1,0.0005553410155698657,0.9993632435798645,8.145782339852303e-05
8677,1,2,2,0.18785440921783447,0.0029425646644085646,0.809203028678894
8678,3,1,0,0.8157477378845215,0.10896032303571701,0.0752919539809227
8679,0,0,0,0.8849291205406189,0.0707930475473404,0.04427790641784668
8680,4,1,1,0.35918575525283813,0.5804351568222046,0.0603790320456028
8681,1,0,0,0.8566434383392334,0.04238978400826454,0.10096681863069534
8682,4,0,0,0.9102790951728821,0.0022967716213315725,0.08742404729127884
8683,4,0,1,0.10557129234075546,0.8688772320747375,0.02555144764482975
8685,1,0,0,0.6075441241264343,0.004427917301654816,0.38802799582481384
8686,4,2,0,0.8731361031532288,0.0096313850954175,0.11723248660564423
8688,0,2,1,0.4243641793727875,0.4319096505641937,0.14372622966766357
8689,2,0,0,0.7999741435050964,0.12853513658046722,0.07149074971675873
8692,3,2,0,0.6712990999221802,0.04180111363530159,0.28689977526664734
8693,4,2,2,0.0004355234559625387,0.06243868172168732,0.9371257424354553
8694,1,2,0,0.882597029209137,0.00506878225132823,0.11233416944742203
8696,3,1,1,9.33597402763553e-05,0.9998431205749512,6.355170626193285e-05
8697,1,1,1,0.0008449584129266441,0.9990035891532898,0.0001515124022262171
8698,4,2,2,0.28549790382385254,0.09584692120552063,0.6186552047729492
8699,2,0,0,0.9051952362060547,0.018220584839582443,0.07658424973487854
8703,0,0,0,0.9196357131004333,0.025087133049964905,0.05527723953127861
8704,3,0,1,0.1688653975725174,0.8292052149772644,0.0019293860532343388
8705,2,0,0,0.8109943270683289,0.08152344077825546,0.1074821799993515
8706,3,0,0,0.8013337254524231,0.08733680099248886,0.11132942885160446
8707,1,1,1,0.0008936423109844327,0.9966216087341309,0.002484748372808099
8708,3,2,2,0.40275177359580994,0.05127532407641411,0.5459729433059692
8709,1,0,0,0.7199528217315674,0.09721101075410843,0.18283611536026
8710,0,0,0,0.7357180118560791,0.032010577619075775,0.2322714775800705
8711,2,0,0,0.8250153064727783,0.04536638408899307,0.12961836159229279
8712,0,0,0,0.8213562965393066,0.08232980221509933,0.09631384164094925
8713,3,2,2,9.348874300485477e-05,0.0036850685719400644,0.9962214231491089
8714,2,1,1,0.44954875111579895,0.48191535472869873,0.06853596121072769
8715,0,0,0,0.934654176235199,0.03533553704619408,0.030010245740413666
8716,2,0,1,0.36488470435142517,0.5861639976501465,0.04895128309726715
8717,3,1,1,0.00016214599600061774,0.999795138835907,4.2682982893893495e-05
8719,2,0,2,0.28920695185661316,0.012257092632353306,0.6985359787940979
8721,3,1,1,0.0038828784599900246,0.9960163235664368,0.00010074111196445301
8722,2,1,0,0.8351302146911621,0.08141724765300751,0.08345262706279755
8723,1,0,0,0.7294299006462097,0.11825050413608551,0.15231965482234955
8724,1,1,1,0.01244624238461256,0.9857419729232788,0.0018117284635081887
8725,2,1,1,0.006295786704868078,0.9932615160942078,0.0004427012463565916
8726,0,0,0,0.9563593864440918,0.0071653383783996105,0.03647523745894432
8728,1,1,1,0.001964382128790021,0.9979143738746643,0.0001212386050610803
8729,3,0,2,0.1399790644645691,0.03393738344311714,0.8260835409164429
8730,0,2,2,0.04402043670415878,0.12004509568214417,0.8359345197677612
8731,3,0,0,0.8592662215232849,0.026764627546072006,0.11396922171115875
8732,1,2,0,0.9058258533477783,0.0041684340685606,0.09000564366579056
8733,0,1,0,0.50638347864151,0.4012223184108734,0.09239412844181061
8734,2,1,0,0.43309807777404785,0.40206649899482727,0.16483546793460846
8735,4,1,1,0.04969217628240585,0.9450816512107849,0.00522616459056735
8736,3,0,0,0.6071847677230835,0.13771048188209534,0.2551047205924988
8737,4,0,1,0.3532434105873108,0.5336596369743347,0.1130969300866127
8738,2,1,0,0.9240923523902893,0.04454457759857178,0.031363118439912796
8739,4,1,0,0.8134596347808838,0.09365429729223251,0.0928860753774643
8740,0,1,1,0.4692939519882202,0.4879368245601654,0.04276922345161438
8741,1,2,0,0.8960168957710266,0.017397146672010422,0.08658597618341446
8742,2,2,0,0.8252118229866028,0.00798530038446188,0.16680292785167694
8743,2,0,0,0.9564751982688904,0.005342001095414162,0.03818275406956673
8744,3,1,1,7.339919648075011e-06,0.9999876022338867,5.007552772440249e-06
8746,3,1,0,0.770754873752594,0.11645122617483139,0.11279388517141342
8747,3,1,1,0.00024270964786410332,0.9997472167015076,1.0125369044544641e-05
8748,2,0,0,0.8097060918807983,0.01282451394945383,0.1774693876504898
8749,2,2,1,0.13208560645580292,0.839462161064148,0.028452176600694656
8750,4,2,0,0.7288481593132019,0.15747888386249542,0.11367293447256088
8752,1,1,0,0.7423906326293945,0.176147922873497,0.08146147429943085
8753,2,1,0,0.7823008298873901,0.14679478108882904,0.07090432196855545
8754,2,2,2,0.11424366384744644,0.0034134467132389545,0.8823429346084595
8755,4,0,0,0.9178584814071655,0.007109977304935455,0.0750315934419632
8756,0,0,1,0.0005019748350605369,0.9990672469139099,0.0004308244679123163
8757,3,1,1,5.5924570915522054e-05,0.9996596574783325,0.00028440929600037634
8758,1,0,0,0.6437343955039978,0.05259595438838005,0.30366966128349304
8759,3,2,0,0.7270833849906921,0.2284182757139206,0.044498421251773834
8761,3,1,0,0.7964416146278381,0.058308351784944534,0.14525003731250763
8762,2,0,0,0.6870811581611633,0.07240010797977448,0.24051883816719055
8763,2,0,0,0.7263850569725037,0.02248815819621086,0.251126766204834
8764,3,0,0,0.6751546859741211,0.21345126628875732,0.11139409989118576
8765,1,0,0,0.8048673272132874,0.08362773805856705,0.11150504648685455
8766,3,0,0,0.9579277634620667,0.025420699268579483,0.016651470214128494
8767,0,1,1,0.09541435539722443,0.9009038209915161,0.003681889967992902
8768,3,0,0,0.8234913349151611,0.05718168988823891,0.11932703107595444
8769,3,0,1,0.3960016667842865,0.544654130935669,0.059344250708818436
8770,2,1,0,0.8201552629470825,0.03919422999024391,0.14065057039260864
8772,2,0,0,0.7906978130340576,0.030970172956585884,0.17833203077316284
8773,1,0,1,0.05009789392352104,0.9419370889663696,0.007965038530528545
8774,0,2,0,0.8170117735862732,0.02291107550263405,0.1600770801305771
8778,1,1,1,0.14943939447402954,0.8412039875984192,0.009356632828712463
8779,1,1,0,0.7078633308410645,0.16225247085094452,0.12988418340682983
8780,2,1,0,0.8946790099143982,0.020753486081957817,0.08456744998693466
8781,2,0,0,0.9775522947311401,0.0033882646821439266,0.019059376791119576
8782,3,1,1,5.489041996042943e-06,0.999994158744812,3.3186574910359923e-07
8783,0,0,0,0.9842586517333984,0.0007192461634986103,0.01502209808677435
8784,0,0,0,0.937966525554657,0.02012730948626995,0.04190609231591225
8786,0,0,0,0.967527449131012,0.0034507496748119593,0.02902175858616829
8787,0,1,1,3.660536094685085e-05,0.9995508790016174,0.00041250980575568974
8788,2,2,0,0.9107746481895447,0.044799625873565674,0.04442575201392174
8789,1,0,0,0.7984219193458557,0.05601736158132553,0.14556069672107697
8790,4,1,0,0.9085339903831482,0.024084581062197685,0.0673813670873642
8791,4,1,1,0.0005569408531300724,0.9994180202484131,2.5111121431109495e-05
8792,1,0,0,0.8829637169837952,0.041689351201057434,0.0753469467163086
8794,4,0,1,0.08201200515031815,0.8688768744468689,0.049111153930425644
8796,0,1,1,7.570550951641053e-05,0.9998934268951416,3.088893572567031e-05
8797,0,1,0,0.8621425032615662,0.039272453635931015,0.09858503192663193
8798,4,1,1,0.03146478161215782,0.96645587682724,0.0020793278235942125
8799,3,2,0,0.8762754201889038,0.04874144867062569,0.074983149766922
8800,1,2,0,0.6325474977493286,0.27036213874816895,0.09709035605192184
8801,0,2,0,0.7486734986305237,0.012507050298154354,0.23881946504116058
8803,4,1,1,0.37283647060394287,0.600853681564331,0.026309877634048462
8804,2,0,1,0.12852346897125244,0.8590169548988342,0.012459533289074898
8805,2,1,1,0.3047253489494324,0.6339187622070312,0.06135590746998787
8806,3,1,1,0.0016511626308783889,0.9980831146240234,0.0002657653531059623
8807,2,1,0,0.9189727902412415,0.04204634577035904,0.03898089379072189
8808,3,0,0,0.7005842328071594,0.1701505482196808,0.1292652189731598
8809,1,0,0,0.8935295343399048,0.014692651107907295,0.09177781641483307
8811,3,0,0,0.8443182110786438,0.015052144415676594,0.14062955975532532
8812,0,1,1,0.06794522702693939,0.9283545613288879,0.0037002405151724815
8813,3,1,1,0.4775243401527405,0.49238988757133484,0.030085772275924683
8815,2,0,0,0.830995500087738,0.07909773290157318,0.08990677446126938
8817,3,0,0,0.7743998169898987,0.07786373794078827,0.14773640036582947
8818,2,1,1,0.004980887286365032,0.9945927262306213,0.00042633843258954585
8819,3,1,1,0.012922229245305061,0.9866804480552673,0.0003973410348407924
8820,4,0,0,0.9641517400741577,0.0020121042616665363,0.03383621945977211
8821,4,1,0,0.7016370296478271,0.1563906967639923,0.14197224378585815
8822,0,2,0,0.677911639213562,0.13488228619098663,0.18720605969429016
8823,4,0,0,0.8711193799972534,0.008517534472048283,0.12036307901144028
8825,2,0,0,0.7392399907112122,0.09915493428707123,0.16160504519939423
8827,3,0,0,0.8099866509437561,0.03294313699007034,0.15707015991210938
8828,0,0,0,0.8394457101821899,0.04816292226314545,0.11239127814769745
8829,3,0,0,0.6398192048072815,0.24095973372459412,0.11922105401754379
8831,3,0,0,0.7809706330299377,0.048780933022499084,0.1702483892440796
8832,4,1,2,0.17042125761508942,0.036291807889938354,0.7932870388031006
8835,0,2,0,0.6562524437904358,0.018408706411719322,0.32533881068229675
8836,2,0,0,0.7896922826766968,0.10741734504699707,0.10289031267166138
8837,0,0,0,0.9304124712944031,0.037887781858444214,0.0316997729241848
8838,4,1,1,0.15543992817401886,0.8232287764549255,0.021331341937184334
8839,3,1,0,0.6258732676506042,0.28449931740760803,0.08962748944759369
8840,1,1,0,0.8431442975997925,0.025086838752031326,0.13176879286766052
8841,1,0,0,0.8897649645805359,0.01203193049877882,0.09820310771465302
8842,4,0,0,0.7396910786628723,0.010950915515422821,0.24935804307460785
8844,1,0,0,0.9674161672592163,0.01376061700284481,0.01882323995232582
8845,4,0,0,0.8720769882202148,0.029893556609749794,0.09802935272455215
8846,2,2,0,0.9056808352470398,0.0023729833774268627,0.09194621443748474
8847,0,1,1,4.335256016929634e-05,0.9999510049819946,5.6966218835441396e-06
8848,2,2,2,0.0254567489027977,0.009244455955922604,0.9652988314628601
8849,4,0,1,0.3545641005039215,0.5896056294441223,0.05583029240369797
8850,3,2,0,0.830018937587738,0.027818650007247925,0.14216239750385284
8851,1,0,0,0.8996245265007019,0.05153147503733635,0.04884398356080055
8852,0,0,0,0.8332123160362244,0.058146096765995026,0.10864163190126419
8854,3,0,1,0.381955087184906,0.47838494181632996,0.13966004550457
8855,3,1,1,5.0202037527924404e-05,0.9999305009841919,1.9239039829699323e-05
8856,1,1,1,0.2012687623500824,0.789365828037262,0.009365390054881573
8857,3,1,1,0.012822621501982212,0.9856563806533813,0.0015209534903988242
8860,2,0,0,0.8352788686752319,0.08973972499370575,0.07498135417699814
8861,1,0,1,0.4274121820926666,0.49917909502983093,0.07340873032808304
8862,0,2,1,0.015803467482328415,0.9724240303039551,0.011772560887038708
8863,4,0,0,0.8146690130233765,0.004961841274052858,0.18036910891532898
8865,1,0,0,0.9416993856430054,0.006948895286768675,0.05135180056095123
8866,4,2,0,0.8340228199958801,0.03854241222143173,0.12743476033210754
8867,2,2,2,0.3602362275123596,0.004808885511010885,0.6349548697471619
8868,2,0,0,0.830223560333252,0.0628189891576767,0.10695751756429672
8869,2,0,0,0.783530592918396,0.08594121038913727,0.13052812218666077
8870,3,0,0,0.9213477969169617,0.027630086988210678,0.05102211982011795
8871,1,1,1,0.02568885125219822,0.9735932350158691,0.000717878807336092
8872,0,0,1,0.1201847642660141,0.8741393089294434,0.005675934720784426
8873,2,0,0,0.7719283103942871,0.06665819138288498,0.16141347587108612
8874,0,0,0,0.5218378901481628,0.003316921181976795,0.47484517097473145
8875,3,2,2,0.19208037853240967,0.0035293602850288153,0.8043902516365051
8876,2,1,2,0.21762782335281372,0.005913098342716694,0.7764590978622437
8877,2,1,1,0.02310188300907612,0.9713107943534851,0.0055873459205031395
8878,0,0,0,0.6518450975418091,0.31567099690437317,0.032483894377946854
8879,0,1,1,1.0330543773307e-05,0.999944806098938,4.4917553168488666e-05
8880,1,1,0,0.7475523352622986,0.11325537413358688,0.13919225335121155
8881,0,0,0,0.9306947588920593,0.04327530786395073,0.026029938831925392
8883,1,1,1,0.39832115173339844,0.5457280278205872,0.05595079064369202
8884,4,1,1,0.18145953118801117,0.7842569947242737,0.034283481538295746
8885,2,1,1,0.40275391936302185,0.477237731218338,0.12000834196805954
8886,2,0,0,0.5251996517181396,0.4375397264957428,0.03726056590676308
8887,2,1,2,0.2488231062889099,0.01611226238310337,0.735064685344696
8888,0,1,2,0.1867281198501587,0.4019584655761719,0.41131338477134705
8889,4,1,0,0.8164483308792114,0.04519728198647499,0.13835440576076508
8890,0,0,0,0.9528918266296387,0.009580912999808788,0.0375271774828434
8891,4,0,0,0.5914051532745361,0.21561530232429504,0.1929796189069748
8894,1,0,1,0.3621242344379425,0.5756822228431702,0.06219354644417763
8895,2,0,0,0.8004394173622131,0.08727740496397018,0.11228318512439728
8897,1,0,1,0.17972150444984436,0.8052242994308472,0.015054204501211643
8901,3,1,0,0.8633608222007751,0.07920170575380325,0.057437438517808914
8902,1,1,1,0.011924135498702526,0.9875076413154602,0.0005681713810190558
8903,0,0,0,0.6084040403366089,0.3499504029750824,0.041645556688308716
8904,1,0,0,0.7062291502952576,0.27475759387016296,0.019013283774256706
8906,1,0,0,0.5356070399284363,0.165510356426239,0.2988826036453247
8907,0,0,0,0.9849921464920044,0.0005450578755699098,0.01446271501481533
8908,4,0,0,0.6598607301712036,0.15303204953670502,0.18710720539093018
8909,2,0,0,0.8466660380363464,0.007258207071572542,0.1460757702589035
8910,1,0,0,0.8408860564231873,0.1205291599035263,0.03858470544219017
8911,1,0,0,0.8772400617599487,0.01713891513645649,0.10562103986740112
8912,3,0,0,0.9063724875450134,0.036800481379032135,0.05682700499892235
8913,2,0,0,0.707014262676239,0.24189434945583344,0.05109141767024994
8914,3,1,0,0.688758373260498,0.19237251579761505,0.11886914819478989
8915,0,1,0,0.5394932627677917,0.42236989736557007,0.03813688084483147
8916,0,1,0,0.9222022294998169,0.054226942360401154,0.023570815101265907
8917,0,0,1,0.00010583251423668116,0.9998906850814819,3.4725408113445155e-06
8918,0,0,0,0.9443155527114868,0.006327005568891764,0.049357544630765915
8919,0,1,0,0.6351742744445801,0.05829278752207756,0.30653294920921326
8920,3,0,0,0.9778931736946106,0.010203410871326923,0.011903473176062107
8921,2,1,1,0.0013408928643912077,0.9983128309249878,0.0003462834865786135
8922,1,2,0,0.7632083892822266,0.1433192640542984,0.09347233176231384
8923,2,2,0,0.5667123794555664,0.012530765496194363,0.42075687646865845
8924,2,0,0,0.9389731884002686,0.004960173740983009,0.056066639721393585
8925,2,1,1,0.007612492889165878,0.9912852644920349,0.001102232956327498
8926,1,0,0,0.8497171998023987,0.13269832730293274,0.01758444868028164
8927,0,0,0,0.9371709823608398,0.01266893558204174,0.050160083919763565
8928,0,0,2,0.1791732907295227,0.008973909541964531,0.8118528723716736
8929,3,2,0,0.6230987906455994,0.30342987179756165,0.073471300303936
8930,4,1,1,0.0007401263574138284,0.998902440071106,0.0003574202419258654
8931,4,2,0,0.8807790875434875,0.0145138930529356,0.10470705479383469
8932,3,2,0,0.9717532992362976,0.005017235409468412,0.023229509592056274
8934,0,1,1,0.0029930626042187214,0.9969423413276672,6.45878681098111e-05
8935,4,1,1,0.0035065780393779278,0.9949835538864136,0.0015098651638254523
8936,3,2,0,0.8071576356887817,0.017744513228535652,0.1750977635383606
8937,0,0,0,0.7357314229011536,0.021867884323000908,0.2424006462097168
8938,4,2,1,0.007590865716338158,0.6062710881233215,0.38613802194595337
8939,4,1,1,0.16364243626594543,0.8294575810432434,0.006899994798004627
8940,1,1,1,6.693202522001229e-06,0.9999915361404419,1.727378617033537e-06
8942,1,0,2,0.04867582395672798,0.07416738569736481,0.8771567344665527
8945,1,2,2,3.476778874755837e-05,2.4541757738916203e-05,0.9999406337738037
8947,1,1,0,0.4548778831958771,0.1017531231045723,0.44336891174316406
8948,3,1,0,0.5602652430534363,0.30997127294540405,0.12976351380348206
8949,1,2,2,0.19405165314674377,0.004977726377546787,0.8009706139564514
8950,3,0,0,0.8297529220581055,0.03202563151717186,0.1382213979959488
8955,3,0,1,0.35052987933158875,0.6199194192886353,0.029550721868872643
8956,1,0,0,0.9446048736572266,0.017992595210671425,0.037402503192424774
8958,3,0,0,0.944283664226532,0.020927507430315018,0.034788887947797775
8959,2,1,0,0.5179830193519592,0.3831515610218048,0.09886540472507477
8960,4,0,0,0.7020972967147827,0.22731363773345947,0.07058905065059662
8961,4,2,2,5.326551399775781e-05,0.0006704256520606577,0.999276340007782
8962,2,1,1,0.04343470185995102,0.9524843692779541,0.004080974962562323
8963,3,0,0,0.7692761421203613,0.10492119938135147,0.12580269575119019
8964,2,1,1,0.0019460278563201427,0.9979729056358337,8.109609188977629e-05
8965,4,0,0,0.8321293592453003,0.07984931766986847,0.08802129328250885
8967,0,0,0,0.890724778175354,0.02825351431965828,0.08102171123027802
8968,3,0,0,0.8548498153686523,0.08079996705055237,0.06435015797615051
8971,2,0,0,0.9070216417312622,0.024002540856599808,0.0689757689833641
8973,3,0,1,0.28218862414360046,0.6764947772026062,0.04131661355495453
8974,0,0,0,0.5424205660820007,0.4372205138206482,0.020358961075544357
8975,2,1,1,0.05368367210030556,0.9422435760498047,0.004072786774486303
8976,0,0,0,0.906731367111206,0.03878406062722206,0.054484590888023376
8977,1,1,0,0.6771120429039001,0.25448286533355713,0.06840505450963974
8978,2,1,1,0.0034295835066586733,0.9959160685539246,0.0006543499766848981
8980,1,2,2,0.0005774569581262767,0.0025323403533548117,0.9968902468681335
8981,2,1,1,0.3441256880760193,0.4605894088745117,0.19528484344482422
8982,2,1,0,0.659263014793396,0.32203468680381775,0.018702266737818718
8984,0,1,0,0.8139481544494629,0.05178298056125641,0.1342688798904419
8985,1,2,0,0.7944493889808655,0.017608661204576492,0.18794196844100952
8986,0,2,0,0.5836904048919678,0.1455046534538269,0.2708050012588501
8987,2,2,0,0.8042566776275635,0.0342475101351738,0.1614958941936493
8988,0,0,0,0.7100428342819214,0.04745348170399666,0.24250367283821106
8989,0,2,0,0.4315200746059418,0.16445161402225494,0.4040282964706421
8991,3,1,0,0.7685306668281555,0.17071042954921722,0.060758911073207855
8993,2,0,1,0.018352869898080826,0.9758731126785278,0.005774092394858599
8994,0,0,1,0.10209379345178604,0.8873284459114075,0.010577711276710033
8995,3,0,0,0.5743009448051453,0.39571520686149597,0.029983827844262123
8996,4,1,1,5.464831701829098e-05,0.9999363422393799,8.956580131780356e-06
8998,4,1,0,0.5614669322967529,0.15604239702224731,0.28249073028564453
8999,3,1,1,0.008051620796322823,0.9771853089332581,0.014763121493160725
9000,4,2,2,0.3309122622013092,0.038122210651636124,0.630965530872345
9001,1,2,0,0.835923969745636,0.11302419006824493,0.05105180665850639
9002,4,2,0,0.786221444606781,0.14021936058998108,0.07355914264917374
9003,3,2,0,0.7823395133018494,0.11636734008789062,0.10129307955503464
9004,1,0,2,0.33978912234306335,0.015513797290623188,0.6446970701217651
9006,4,0,0,0.6471952199935913,0.05947001278400421,0.29333481192588806
9008,2,0,0,0.8283534646034241,0.08890698850154877,0.08273953944444656
9009,4,0,2,0.222334086894989,0.25672122836112976,0.5209446549415588
9011,2,0,0,0.6150658130645752,0.06263236701488495,0.3223017752170563
9013,3,2,0,0.8921104073524475,0.008244914934039116,0.09964466840028763
9015,2,0,0,0.8449236154556274,0.08023951947689056,0.07483679056167603
9016,2,0,0,0.705610454082489,0.032371874898672104,0.26201769709587097
9017,2,0,0,0.7251458168029785,0.23170766234397888,0.043146535754203796
9018,2,0,0,0.8377217650413513,0.08887612074613571,0.07340209931135178
9020,3,0,0,0.7249391078948975,0.12454061210155487,0.1505202353000641
9021,4,0,0,0.8265353441238403,0.029382286593317986,0.1440824419260025
9022,0,1,0,0.8731012344360352,0.06990193575620651,0.056996870785951614
9023,2,0,0,0.7401455044746399,0.020053107291460037,0.23980143666267395
9024,3,0,0,0.6045124530792236,0.28963059186935425,0.10585689544677734
9025,4,1,0,0.587785542011261,0.3131529986858368,0.09906154125928879
9027,4,0,0,0.7102816104888916,0.21400494873523712,0.07571340352296829
9029,1,0,0,0.8390181064605713,0.10820411145687103,0.052777837961912155
9030,1,1,0,0.6971935033798218,0.06425129622220993,0.2385551929473877
9031,0,2,0,0.8823894262313843,0.0029981157276779413,0.11461251974105835
9032,0,2,1,0.1844116896390915,0.7839248180389404,0.03166349232196808
9033,2,1,1,0.00020652118837460876,0.9997518658638,4.160247044637799e-05
9034,3,1,1,0.14865562319755554,0.8429082632064819,0.008436058647930622
9035,4,1,0,0.6719050407409668,0.24370796978473663,0.08438699692487717
9037,3,1,1,0.012573241256177425,0.9872658252716064,0.00016090231656562537
9038,0,0,0,0.9120997786521912,0.029417693614959717,0.05848254635930061
9039,3,1,1,0.00013170506281312555,0.9997755885124207,9.266281995223835e-05
9040,3,0,0,0.6628503203392029,0.2490287721157074,0.08812092989683151
9041,2,0,0,0.6299093961715698,0.09045089036226273,0.27963966131210327
9044,2,0,1,0.41018742322921753,0.5014339685440063,0.08837863057851791
9046,3,1,0,0.7579450607299805,0.12343267351388931,0.1186223030090332
9047,4,1,1,0.16436104476451874,0.7728243470191956,0.06281457841396332
9050,0,0,0,0.9266734719276428,0.007276748772710562,0.06604974716901779
9051,3,2,0,0.839309811592102,0.02781583182513714,0.1328742951154709
9052,1,2,0,0.8541582822799683,0.013355670496821404,0.132486030459404
9053,2,2,0,0.7722092270851135,0.01795801892876625,0.20983269810676575
9054,1,1,1,0.025577157735824585,0.972378134727478,0.0020446886774152517
9055,4,1,1,0.004741910379379988,0.9944553971290588,0.000802674563601613
9056,2,0,0,0.5866971015930176,0.0643749088048935,0.34892794489860535
9057,4,1,0,0.741918683052063,0.17331072688102722,0.08477062731981277
9059,4,2,0,0.8433847427368164,0.07231809198856354,0.08429717272520065
9060,3,0,1,0.4748064875602722,0.49851396679878235,0.02667957730591297
9061,0,1,1,0.005300384014844894,0.9809827208518982,0.013716836459934711
9062,1,1,0,0.866169810295105,0.044081442058086395,0.08974874764680862
9063,4,2,2,0.48009729385375977,0.011607635766267776,0.5082950592041016
9064,4,1,0,0.919869065284729,0.023796487599611282,0.05633449926972389
9066,2,0,0,0.8962351679801941,0.013760939240455627,0.0900038629770279
9067,1,1,0,0.8810765147209167,0.04504365101456642,0.07387986779212952
9070,3,1,1,4.817204626306193e-06,0.9999951124191284,9.278446810867536e-08
9071,0,0,0,0.7448804378509521,0.11254385858774185,0.14257578551769257
9072,4,1,1,0.03809838742017746,0.9572947025299072,0.004606946837157011
9073,1,0,0,0.7742629051208496,0.10407810658216476,0.12165903300046921
9074,2,0,0,0.6370481252670288,0.07901556044816971,0.2839362919330597
9075,0,2,2,0.013001151382923126,0.0006973374984227121,0.9863015413284302
9077,1,0,0,0.6322335600852966,0.3205678462982178,0.04719851166009903
9078,1,1,1,0.09735976904630661,0.8975613117218018,0.005078875459730625
9081,1,1,0,0.5674988627433777,0.2747475206851959,0.15775367617607117
9082,3,2,0,0.7756535410881042,0.09266597777605057,0.13168051838874817
9083,1,0,0,0.6986072659492493,0.12359002977609634,0.1778026521205902
9084,4,0,1,0.12488456815481186,0.8486270308494568,0.026488402858376503
9085,3,2,0,0.7776276469230652,0.010164069011807442,0.21220827102661133
9086,2,1,0,0.7338216304779053,0.2004392296075821,0.06573914736509323
9087,2,0,1,0.22253859043121338,0.7479026913642883,0.029558690264821053
9089,2,0,0,0.8969771862030029,0.02793256938457489,0.07509016990661621
9091,4,1,1,0.008015111088752747,0.9908046722412109,0.0011802591616287827
9092,4,1,1,0.20279724895954132,0.6795904040336609,0.11761234700679779
9093,2,0,2,0.04843534529209137,0.0012180395424365997,0.9503465294837952
9094,3,1,0,0.69792640209198,0.07274533808231354,0.22932825982570648
9096,3,1,1,0.000777051318436861,0.9987061023712158,0.0005168293719179928
9097,3,2,0,0.6170244216918945,0.09415668249130249,0.2888188362121582
9098,4,0,0,0.6732463240623474,0.06363219767808914,0.26312151551246643
9099,0,2,0,0.6899510622024536,0.02961905114352703,0.2804298996925354
9100,2,1,0,0.838849663734436,0.03960411250591278,0.12154626846313477
9101,0,2,0,0.951887309551239,0.01044562179595232,0.03766702860593796
9102,1,1,0,0.6151286959648132,0.3565625250339508,0.028308728709816933
9103,2,2,0,0.9017302393913269,0.032995447516441345,0.06527423113584518
9104,0,1,1,0.033820051699876785,0.9632536172866821,0.002926307264715433
9105,2,2,2,0.010031596757471561,0.004198082257062197,0.9857703447341919
9106,0,2,0,0.8746647834777832,0.014034884050488472,0.11130029708147049
9107,2,0,0,0.8787825703620911,0.03191088140010834,0.0893065333366394
9108,4,2,2,0.3941068649291992,0.01313094049692154,0.5927622318267822
9109,4,1,1,0.00021644278604071587,0.9997335076332092,4.9985741497948766e-05
9110,4,1,1,0.009447341784834862,0.9892923831939697,0.0012602054048329592
9111,1,1,1,0.0007848555687814951,0.9990817308425903,0.00013339362340047956
9112,1,1,1,5.143325688550249e-05,0.9999423027038574,6.240032234927639e-06
9113,4,0,0,0.9114457964897156,0.03270767629146576,0.05584653466939926
9115,2,1,1,0.08463239669799805,0.90778648853302,0.007581144105643034
9116,4,1,1,0.00070664455415681,0.9991542100906372,0.0001391313853673637
9117,0,1,1,0.00363531825132668,0.9962549209594727,0.00010978950740536675
9118,4,2,0,0.9050176739692688,0.0034588344860821962,0.09152345359325409
9119,1,1,1,0.0002775618340820074,0.9967443943023682,0.002978061093017459
9120,0,1,1,0.0059186117723584175,0.9936431646347046,0.0004381488251965493
9121,1,1,1,2.510179729142692e-05,0.9999734163284302,1.51338883824792e-06
9122,3,0,0,0.49216291308403015,0.08343733102083206,0.42439982295036316
9123,3,2,1,0.36613309383392334,0.5250936150550842,0.10877332091331482
9125,2,2,0,0.6151334643363953,0.018435098230838776,0.36643144488334656
9126,3,0,0,0.8791748285293579,0.04609260335564613,0.07473248988389969
9127,0,0,0,0.9770565629005432,0.010113750584423542,0.012829583138227463
9129,2,0,0,0.7722956538200378,0.1859612613916397,0.04174307733774185
9130,3,0,0,0.508792519569397,0.1693143993616104,0.3218930661678314
9134,0,0,0,0.711434543132782,0.026417426764965057,0.26214799284935
9135,2,0,0,0.7695429921150208,0.009635464288294315,0.2208215445280075
9137,3,0,0,0.5206432342529297,0.44268351793289185,0.03667324781417847
9138,2,0,0,0.8803956508636475,0.031904980540275574,0.087699294090271
9139,3,0,0,0.7006219625473022,0.23846842348575592,0.060909561812877655
9140,1,1,1,0.05043110251426697,0.9478160738945007,0.001752820098772645
9143,0,0,0,0.9695423245429993,0.001724894274957478,0.028732765465974808
9144,1,0,2,0.37265992164611816,0.0024984851479530334,0.6248415112495422
9145,1,0,0,0.8218438625335693,0.10971971601247787,0.06843643635511398
9146,2,1,0,0.6848915815353394,0.04496210068464279,0.2701463997364044
9148,0,1,1,0.056604739278554916,0.9223878383636475,0.021007463335990906
9149,0,2,0,0.7252646088600159,0.04776472598314285,0.2269706279039383
9150,2,0,1,0.370082825422287,0.5857213735580444,0.04419583082199097
9152,4,1,1,0.002812486607581377,0.9963536262512207,0.0008339311461895704
9153,2,1,0,0.8905688524246216,0.06227877363562584,0.0471523255109787
9155,4,0,0,0.891420304775238,0.0420350506901741,0.06654471158981323
9156,0,1,0,0.8976157903671265,0.056060418486595154,0.04632378742098808
9157,3,1,1,0.012211933732032776,0.9875134825706482,0.0002745974634308368
9158,3,2,0,0.5801438689231873,0.12039193511009216,0.2994641661643982
9159,0,1,0,0.667094349861145,0.2959873378276825,0.036918289959430695
9160,3,1,0,0.6471621990203857,0.22040359675884247,0.1324342042207718
9161,1,0,0,0.8860212564468384,0.018302906304597855,0.09567587077617645
9162,3,1,1,1.0449302862980403e-05,0.9994658827781677,0.0005236575962044299
9164,0,0,0,0.8829898238182068,0.018258357420563698,0.09875177592039108
9165,4,1,1,0.0002375602925894782,0.9997405409812927,2.1861478671780787e-05
9166,2,2,0,0.9262573719024658,0.010296514257788658,0.06344617903232574
9167,1,2,0,0.8037229180335999,0.02878481335937977,0.16749219596385956
9168,1,0,0,0.7136178016662598,0.21809493005275726,0.06828732043504715
9169,1,0,0,0.8363927602767944,0.11857065558433533,0.04503660649061203
9170,4,0,0,0.8667477965354919,0.037622373551130295,0.09562985599040985
9171,0,0,0,0.8671668767929077,0.012547462247312069,0.12028566747903824
9172,4,0,0,0.459326833486557,0.4526197016239166,0.08805342763662338
9173,0,2,2,4.832456284020736e-07,2.3081111066858284e-06,0.9999972581863403
9176,3,2,2,1.1022949365724344e-05,9.393502841703594e-05,0.9998950958251953
9177,3,2,2,0.002465292811393738,9.318089723819867e-05,0.9974415302276611
9178,3,2,2,0.00015742502000648528,0.00018210090638604015,0.9996604919433594
9180,0,2,2,2.2885782158255097e-08,1.2855832665081834e-06,0.9999986886978149
9182,3,2,2,1.9478018657537177e-05,0.0007089623250067234,0.9992714524269104
9183,2,2,2,1.2900606634502765e-05,0.00024484519963152707,0.999742329120636
9184,4,0,0,0.730438768863678,0.18545940518379211,0.08410181105136871
9185,1,1,0,0.8192480206489563,0.13755857944488525,0.043193425983190536
9186,2,0,0,0.808131217956543,0.008937203325331211,0.18293160200119019
9187,0,0,0,0.8433381915092468,0.0972980484366417,0.05936375632882118
9189,1,0,0,0.9392216205596924,0.009841225109994411,0.050937220454216
9190,0,0,0,0.8206425905227661,0.034442633390426636,0.14491476118564606
9191,4,1,1,0.0016562812961637974,0.99763023853302,0.0007134478655643761
9192,3,0,0,0.9681845903396606,0.006981596350669861,0.02483382448554039
9194,1,1,1,0.11690003424882889,0.8633208274841309,0.019779104739427567
9195,0,0,0,0.7438626289367676,0.11721399426460266,0.13892343640327454
9196,3,0,0,0.8970780372619629,0.005679594352841377,0.09724240750074387
9197,2,1,1,0.0007900957716628909,0.9991076588630676,0.00010218793613603339
9198,3,0,0,0.7910007238388062,0.13858261704444885,0.07041662931442261
9199,0,0,0,0.7727683186531067,0.07820983976125717,0.14902183413505554
9200,0,1,1,2.0414769096532837e-05,0.9920623302459717,0.007917292416095734
9201,3,1,0,0.7681769132614136,0.17618760466575623,0.055635470896959305
9202,0,0,0,0.664974570274353,0.0030001848936080933,0.33202531933784485
9203,3,0,0,0.6513956189155579,0.13649125397205353,0.21211309731006622
9204,3,0,0,0.801367998123169,0.05315038561820984,0.1454816311597824
9205,0,0,0,0.8698217868804932,0.07237120717763901,0.057806964963674545
9206,0,1,0,0.9318521022796631,0.02948782779276371,0.03866001218557358
9207,0,0,0,0.8954447507858276,0.037955962121486664,0.06659930944442749
9208,2,1,1,0.03431546688079834,0.9628746509552002,0.0028099173214286566
9209,3,1,0,0.6984696984291077,0.261997252702713,0.03953306004405022
9210,1,0,0,0.7327192425727844,0.11876528710126877,0.1485155075788498
9211,4,0,0,0.7775927186012268,0.01841367594897747,0.20399366319179535
9212,4,2,2,0.2672138810157776,0.004442601464688778,0.7283434867858887
9213,0,0,0,0.9432640075683594,0.035516902804374695,0.02121908962726593
9214,1,1,1,5.929362669121474e-05,0.9998804330825806,6.022518573445268e-05
9215,3,1,1,0.03260508179664612,0.9606491327285767,0.006745840888470411
9217,3,1,1,0.10141316056251526,0.8941074013710022,0.004479441326111555
9218,3,1,1,0.0004365467466413975,0.999550998210907,1.2400234481901862e-05
9219,1,2,2,0.0014534613583236933,0.0002784546813927591,0.9982680082321167
9220,2,0,0,0.8334235548973083,0.02862328290939331,0.13795314729213715
9221,4,0,0,0.8599761128425598,0.10957683622837067,0.03044702485203743
9225,4,0,1,0.057237379252910614,0.9265934228897095,0.016169117763638496
9226,3,0,0,0.8966740369796753,0.027380533516407013,0.07594534009695053
9227,4,0,0,0.8466699123382568,0.07953835278749466,0.07379183918237686
9230,2,0,0,0.6913636922836304,0.21220959722995758,0.09642671793699265
9231,0,0,0,0.8204545378684998,0.09435202181339264,0.0851934403181076
9233,0,0,0,0.9017246961593628,0.049230340868234634,0.049044929444789886
9234,2,1,1,0.2350376695394516,0.6133840084075928,0.15157832205295563
9235,1,1,1,0.20415444672107697,0.7341119647026062,0.06173351779580116
9236,1,0,0,0.9511956572532654,0.025637950748205185,0.023166434839367867
9237,3,1,1,0.001414675498381257,0.9983160495758057,0.0002692770503927022
9238,1,0,0,0.9047409892082214,0.029286108911037445,0.06597287207841873
9239,0,2,2,0.003810320980846882,0.005672885570675135,0.9905168414115906
9240,4,1,1,0.2039722502231598,0.7792711853981018,0.016756607219576836
9241,4,0,0,0.8326064944267273,0.06628245860338211,0.1011110246181488
9242,4,0,0,0.491613507270813,0.42290911078453064,0.08547743409872055
9243,0,0,0,0.861556351184845,0.007731013465672731,0.130712628364563
9244,1,0,0,0.800777792930603,0.024504253640770912,0.1747179925441742
9246,3,1,0,0.8489234447479248,0.024386724457144737,0.12668980658054352
9247,2,1,1,0.03934066742658615,0.9597298502922058,0.0009295284398831427
9248,3,0,0,0.8771778345108032,0.014101807028055191,0.10872035473585129
9249,2,0,0,0.9467895030975342,0.041197825223207474,0.012012702412903309
9251,2,2,0,0.7488777041435242,0.0520307682454586,0.1990916132926941
9253,3,0,0,0.6593169569969177,0.036364369094371796,0.30431872606277466
9255,1,1,1,0.07990919798612595,0.8926735520362854,0.027417201548814774
9256,3,0,0,0.7527151703834534,0.14856727421283722,0.09871748834848404
9257,0,0,0,0.7077447175979614,0.17143793404102325,0.12081728875637054
9258,3,1,2,1.7473381376476027e-05,0.0009612107533030212,0.9990212917327881
9259,4,1,1,0.002385603031143546,0.9974246025085449,0.00018976247520186007
9260,0,1,1,0.01195189356803894,0.9878709316253662,0.00017714682326186448
9261,2,2,2,0.015883754938840866,0.000504208030179143,0.9836120009422302
9262,0,0,0,0.9218953847885132,0.0506058931350708,0.027498815208673477
9263,3,0,0,0.8144736886024475,0.05260911583900452,0.13291724026203156
9266,1,0,0,0.9770358204841614,0.0037908705417066813,0.01917322911322117
9269,4,0,0,0.8561699986457825,0.0519513264298439,0.09187866747379303
9271,4,2,0,0.8726621270179749,0.0027701316867023706,0.12456774711608887
9273,1,0,0,0.9515613317489624,0.010397376492619514,0.038041334599256516
9274,4,0,0,0.759890079498291,0.009729969315230846,0.23037998378276825
9275,0,2,1,0.14886106550693512,0.6879037618637085,0.16323523223400116
9276,3,0,0,0.4924691319465637,0.4714113473892212,0.036119550466537476
9277,0,1,1,4.800929673365317e-06,0.9999946355819702,5.743870588048594e-07
9278,1,0,0,0.9683865904808044,0.0015338072553277016,0.03007952868938446
9281,3,0,0,0.9179782271385193,0.026344452053308487,0.055677369236946106
9282,0,0,0,0.5719889402389526,0.05116206407546997,0.376848965883255
9283,3,0,1,0.047648992389440536,0.950667142868042,0.0016838421579450369
9284,3,1,1,0.02496536821126938,0.9655295014381409,0.009505203925073147
9285,0,1,1,0.42251160740852356,0.5394266843795776,0.038061682134866714
9287,3,0,0,0.7684389352798462,0.15718884766101837,0.07437222450971603
9288,0,0,0,0.9276527762413025,0.041747935116291046,0.030599217861890793
9289,0,1,1,0.00040618053753860295,0.9993314743041992,0.00026238083955831826
9290,4,2,2,0.20123405754566193,0.003050033235922456,0.7957159876823425
9291,0,1,1,7.859001198085025e-05,0.9999058246612549,1.5558927771053277e-05
9293,4,1,0,0.48523011803627014,0.35221949219703674,0.1625504493713379
9294,1,0,1,0.12807483971118927,0.8206004500389099,0.051324665546417236
9295,1,0,0,0.8767709732055664,0.0793561339378357,0.04387286677956581
9296,2,0,1,0.35578453540802,0.5149344205856323,0.12928108870983124
9297,4,1,1,0.001475184690207243,0.9981508851051331,0.0003738469094969332
9298,0,0,0,0.8714352250099182,0.0035927374847233295,0.1249721348285675
9299,0,0,0,0.8447390198707581,0.03489024192094803,0.12037072330713272
9300,3,1,0,0.8677808046340942,0.013363571837544441,0.11885568499565125
9301,2,0,0,0.8996225595474243,0.06433095037937164,0.03604651987552643
9302,0,1,0,0.7825060486793518,0.03615779057145119,0.1813361495733261
9304,1,1,1,0.004313463810831308,0.9952946305274963,0.00039186744834296405
9305,2,0,0,0.9018818736076355,0.013781582936644554,0.08433651924133301
9306,4,1,0,0.7152754664421082,0.17671355605125427,0.10801100730895996
9307,4,1,1,0.0016299282433465123,0.9967273473739624,0.0016426602378487587
9308,0,2,0,0.7829506397247314,0.04370628669857979,0.17334310710430145
9310,0,0,1,0.4915972650051117,0.49723923206329346,0.01116348709911108
9311,2,2,2,0.26546192169189453,0.0677047148346901,0.6668334603309631
9314,0,0,0,0.7155435085296631,0.1767863780260086,0.10767002403736115
9315,4,0,0,0.7764744758605957,0.1132730096578598,0.11025252938270569
9316,1,0,0,0.8917948007583618,0.018315209075808525,0.08988992869853973
9317,0,0,0,0.867849588394165,0.016519108787178993,0.11563137173652649
9318,0,1,0,0.6952196359634399,0.15740209817886353,0.14737816154956818
9319,2,1,1,0.006423194892704487,0.9931419491767883,0.000434887915616855
9320,1,2,0,0.7980412244796753,0.052392661571502686,0.1495661437511444
9322,1,2,0,0.876554012298584,0.07555261254310608,0.04789339378476143
9323,0,0,0,0.8307538032531738,0.0971112921833992,0.07213488966226578
9324,1,1,1,0.07888670265674591,0.9189895987510681,0.0021236715838313103
9325,4,2,0,0.7896345257759094,0.08764864504337311,0.12271683663129807
9326,3,0,0,0.9001387357711792,0.013096353970468044,0.08676495403051376
9327,4,0,0,0.7355502247810364,0.09002026170492172,0.17442955076694489
9328,1,0,0,0.939559280872345,0.01679321564733982,0.043647509068250656
9330,3,0,0,0.7391826510429382,0.2001992166042328,0.06061811372637749
9333,2,1,1,0.05299022048711777,0.9439355731010437,0.003074207343161106
9336,4,0,0,0.7549434900283813,0.09411421418190002,0.15094229578971863
9337,1,0,0,0.9630217552185059,0.0233346838504076,0.013643508777022362
9338,2,0,1,0.1288304626941681,0.8413467407226562,0.029822824522852898
9340,0,0,1,0.010394328273832798,0.9327667355537415,0.05683893337845802
9341,0,1,0,0.7229146361351013,0.15085287392139435,0.12623253464698792
9342,3,1,1,0.00030549641815014184,0.9996339082717896,6.059201041352935e-05
9343,1,0,0,0.8942779302597046,0.047839000821113586,0.05788305029273033
9344,1,1,1,0.006110343150794506,0.9935637712478638,0.00032594447839073837
9345,4,2,0,0.8612851500511169,0.030455026775598526,0.10825981944799423
9346,3,1,1,0.003904879093170166,0.9959900975227356,0.0001049958445946686
9348,0,1,2,0.06964766979217529,0.014450985938310623,0.9159013628959656
9349,2,0,0,0.9343072772026062,0.005445708055049181,0.0602470226585865
9350,1,2,0,0.9238201975822449,0.009497875347733498,0.06668195128440857
9353,3,1,1,3.2474617910338566e-05,0.9999644756317139,2.997672254423378e-06
9354,1,0,0,0.6627188920974731,0.057336702942848206,0.279944509267807
9355,1,2,0,0.939089834690094,0.026678593829274178,0.034231532365083694
9356,2,2,2,0.33528652787208557,0.015378531068563461,0.6493349075317383
9358,1,1,0,0.8261758089065552,0.018291380256414413,0.1555328369140625
9359,0,1,0,0.8803091645240784,0.013719662092626095,0.10597110539674759
9360,4,2,0,0.8240507245063782,0.019188599660992622,0.15676061809062958
9361,1,1,0,0.7264216542243958,0.16283947229385376,0.11073890328407288
9362,1,0,0,0.9367768168449402,0.040720608085393906,0.02250254899263382
9363,2,0,0,0.9549419283866882,0.028965000063180923,0.01609308272600174
9364,2,0,0,0.7563031911849976,0.050379954278469086,0.19331687688827515
9365,2,0,0,0.8770307302474976,0.01829475909471512,0.1046745628118515
9367,1,1,1,0.0002927827008534223,0.999638557434082,6.869045319035649e-05
9368,2,0,0,0.8905319571495056,0.022640664130449295,0.08682738989591599
9369,1,1,2,0.3295954167842865,0.20841316878795624,0.46199139952659607
9370,2,0,0,0.7350882291793823,0.023984380066394806,0.2409273236989975
9371,4,1,1,1.8425863572701928e-06,0.9999977350234985,4.0255440580949653e-07
9372,2,2,0,0.7648869752883911,0.04973238334059715,0.18538063764572144
9373,0,1,1,0.0004920907667838037,0.9978204965591431,0.0016874357825145125
9375,4,0,0,0.9055193662643433,0.035095565021038055,0.05938509479165077
9376,1,2,0,0.7995561957359314,0.11359556764364243,0.0868481770157814
9377,3,0,0,0.8373949527740479,0.040975261479616165,0.1216297596693039
9380,4,2,2,0.10066191852092743,0.024410024285316467,0.8749280571937561
9382,3,2,0,0.841549813747406,0.05736993998289108,0.10108025372028351
9387,0,2,0,0.7803380489349365,0.003152399556711316,0.2165095955133438
9389,0,0,0,0.9197388887405396,0.03523945063352585,0.04502174258232117
9390,2,1,1,0.0011087532620877028,0.9985295534133911,0.00036167705547995865
9392,1,1,2,0.43173691630363464,0.015071472153067589,0.553191602230072
9393,0,0,0,0.974437952041626,0.0006670956499874592,0.02489490434527397
9394,3,0,0,0.9572457671165466,0.012022689916193485,0.030731555074453354
9395,1,1,1,0.18341678380966187,0.7886210680007935,0.027962202206254005
9398,0,1,1,0.04604711756110191,0.9451443552970886,0.008808567188680172
9399,3,2,0,0.8178636431694031,0.08165134489536285,0.10048501193523407
9400,3,1,2,0.004042855929583311,0.005032035056501627,0.9909250736236572
9401,1,1,0,0.6808886528015137,0.22783926129341125,0.09127207845449448
9402,2,1,1,0.10975982248783112,0.8817484378814697,0.008491757325828075
9403,0,1,0,0.7534177899360657,0.19822779297828674,0.04835439473390579
9404,4,0,0,0.9031742215156555,0.014451798982918262,0.08237402886152267
9405,2,0,0,0.9230926632881165,0.00524163618683815,0.07166579365730286
9406,4,0,0,0.8440835475921631,0.04050217941403389,0.11541418731212616
9408,3,0,0,0.8854638338088989,0.02804652787744999,0.08648967742919922
9409,1,2,0,0.8985192179679871,0.005567843560129404,0.09591283649206161
9410,3,0,0,0.7845520377159119,0.050201743841171265,0.1652461737394333
9411,0,2,0,0.840252161026001,0.052162230014801025,0.10758556425571442
9413,0,0,0,0.7316868305206299,0.08756622672080994,0.18074694275856018
9414,1,0,0,0.7342365384101868,0.010065287351608276,0.2556981146335602
9415,3,1,2,0.00200688187032938,0.00026449543656781316,0.9977286458015442
9416,3,0,0,0.7250978946685791,0.19637954235076904,0.07852256298065186
9417,3,2,2,2.4399423637078144e-05,0.0006109054666012526,0.9993646740913391
9419,4,2,2,0.004278475418686867,0.007456006947904825,0.9882655143737793
9420,0,2,2,0.001996180508285761,0.003427312010899186,0.9945765733718872
9421,4,1,1,0.004632269032299519,0.9950182437896729,0.0003495069977361709
9423,4,0,0,0.6727712154388428,0.2973700165748596,0.02985873818397522
9425,1,1,1,0.057543881237506866,0.9290444254875183,0.013411630876362324
9427,4,0,0,0.7349022030830383,0.14502640068531036,0.1200714036822319
9428,4,0,0,0.7815054655075073,0.08069943636655807,0.1377951055765152
9429,4,1,0,0.49039486050605774,0.19404953718185425,0.3155556321144104
9430,1,0,0,0.9328959584236145,0.03894216567277908,0.02816186472773552
9431,3,0,0,0.7683985233306885,0.08486233651638031,0.14673921465873718
9432,4,1,1,5.694038190995343e-05,0.9961464405059814,0.0037965578958392143
9433,1,0,0,0.8714196681976318,0.06547892838716507,0.06310147047042847
9434,1,1,1,3.1394772577186814e-06,0.9999840259552002,1.2845845958509017e-05
9435,3,1,0,0.8476945161819458,0.02103022113442421,0.13127519190311432
9436,1,0,0,0.9015516638755798,0.01108807884156704,0.0873601958155632
9437,0,1,1,0.00022351981897372752,0.9997636675834656,1.2843248441640753e-05
9438,4,1,1,0.0019039625767618418,0.9976150989532471,0.00048099306877702475
9441,0,0,0,0.8641343712806702,0.11396589130163193,0.02189970202744007
9442,3,0,0,0.796057403087616,0.023155104368925095,0.18078747391700745
9443,3,0,0,0.7722464799880981,0.024488264694809914,0.20326527953147888
9445,2,2,2,0.02427951991558075,0.10410920530557632,0.8716113567352295
9446,2,2,1,0.03130855783820152,0.6800621151924133,0.2886293828487396
9447,0,1,1,5.379477897804463e-06,0.9999352693557739,5.938136382610537e-05
9448,2,0,0,0.7577768564224243,0.15277640521526337,0.08944670855998993
9449,3,0,2,0.13599945604801178,0.004808966536074877,0.8591914772987366
9450,3,0,0,0.7316407561302185,0.20488862693309784,0.06347060203552246
9451,3,2,2,0.43986815214157104,0.04586341977119446,0.5142683982849121
9452,4,1,1,0.022578712552785873,0.976414680480957,0.001006549340672791
9453,0,0,0,0.9306529760360718,0.02369863912463188,0.045648399740457535
9454,2,0,0,0.9091910123825073,0.06859909743070602,0.02220996841788292
9455,0,1,1,0.00026576968957670033,0.9996922016143799,4.1999890527222306e-05
9456,4,0,0,0.5240657329559326,0.32542020082473755,0.15051405131816864
9457,0,0,0,0.9152029156684875,0.003956516273319721,0.080840565264225
9458,4,0,0,0.7600765228271484,0.05905759707093239,0.18086585402488708
9460,2,1,2,0.009918932802975178,0.006654092110693455,0.9834270477294922
9462,1,0,0,0.8837909698486328,0.035575021058321,0.08063393831253052
9463,3,0,0,0.7664417028427124,0.028938325121998787,0.20462003350257874
9464,3,0,0,0.9176400303840637,0.05502745136618614,0.02733253687620163
9465,3,0,1,0.36623504757881165,0.6240648627281189,0.009700085036456585
9466,2,1,1,0.00030082673765718937,0.9995903372764587,0.00010885273513849825
9468,2,0,0,0.949415385723114,0.019360734149813652,0.031223908066749573
9469,0,0,0,0.960884153842926,0.003548456123098731,0.03556741774082184
9470,4,2,2,3.560261393431574e-05,0.0002714149886742234,0.9996930360794067
9472,2,2,0,0.8530473113059998,0.05769270285964012,0.0892600268125534
9473,4,1,1,0.3603120446205139,0.4956735670566559,0.1440144032239914
9474,0,2,0,0.9124312996864319,0.02075066603720188,0.0668179839849472
9475,0,0,0,0.9819135069847107,0.0021704821847379208,0.015915928408503532
9476,3,0,0,0.5979458689689636,0.2389402687549591,0.16311393678188324
9477,2,0,0,0.8229672312736511,0.03058023564517498,0.14645253121852875
9478,4,1,1,0.004984710831195116,0.9947498440742493,0.0002655014395713806
9479,1,0,1,0.00525643490254879,0.9943769574165344,0.00036662438651546836
9480,4,0,0,0.9087222814559937,0.0052741230465471745,0.08600358664989471
9481,3,0,0,0.9064842462539673,0.021015223115682602,0.07250050455331802
9482,3,0,0,0.842415988445282,0.023744085803627968,0.1338399052619934
9484,3,1,1,0.0006738414522260427,0.9992585778236389,6.758059316780418e-05
9485,3,2,0,0.8706090450286865,0.032427724450826645,0.09696321189403534
9487,0,0,0,0.9473081827163696,0.008074423298239708,0.044617366045713425
9489,2,2,0,0.7060020565986633,0.18177977204322815,0.11221818625926971
9490,2,2,0,0.8480889201164246,0.0137794753536582,0.13813158869743347
9491,1,2,2,1.0038074833573774e-05,1.623814932827372e-05,0.9999737739562988
9492,2,2,2,8.114328375086188e-05,9.206566755892709e-05,0.9998268485069275
9493,4,2,2,7.55707333155442e-06,3.0236338716349564e-05,0.9999622106552124
9494,4,2,2,5.920532930758782e-05,0.0018205386586487293,0.998120129108429
9495,0,2,2,2.70515351985523e-06,4.6153834887263656e-07,0.9999967813491821
9496,1,0,0,0.5758999586105347,0.041098639369010925,0.3830014765262604
9497,0,2,2,0.00011290141264908016,5.905920716031687e-06,0.9998811483383179
9498,0,0,0,0.9291057586669922,0.013896889053285122,0.05699732154607773
9499,1,2,2,1.5164699789238512e-06,1.495663309469819e-05,0.999983549118042
9500,0,0,1,0.0006627414259128273,0.9985986351966858,0.0007385888020507991
9501,0,2,2,1.2723691042992868e-06,2.7420957849244587e-05,0.9999712705612183
9502,3,2,2,0.001553324400447309,8.258041634690017e-05,0.9983640313148499
9503,3,2,2,4.496130713960156e-05,0.0002220266906078905,0.999733030796051
9504,0,2,2,2.9581289595626004e-07,1.3034368748776615e-05,0.9999867677688599
9505,2,2,2,0.00010004034993471578,0.0012922099558636546,0.9986078143119812
9506,3,0,0,0.8967350721359253,0.09576968848705292,0.0074952030554413795
9507,3,0,0,0.8341765403747559,0.03631850704550743,0.1295049488544464
9508,4,0,0,0.7142098546028137,0.013094534166157246,0.2726956903934479
9509,3,1,0,0.6209948062896729,0.2826383709907532,0.0963667556643486
9510,3,2,0,0.8680985569953918,0.06409084051847458,0.06781065464019775
9511,1,1,1,0.08526719361543655,0.9091589450836182,0.00557386688888073
9512,1,1,0,0.9474639296531677,0.00860658660531044,0.04392943158745766
9513,1,0,0,0.8316399455070496,0.12394411861896515,0.04441596940159798
9514,2,0,0,0.7230671048164368,0.03447538986802101,0.2424575239419937
9515,3,0,0,0.8225749731063843,0.08251722902059555,0.0949077308177948
9516,3,0,0,0.7233587503433228,0.16649578511714935,0.1101454421877861
9517,4,1,1,0.3564223349094391,0.5863343477249146,0.057243309915065765
9518,1,1,1,2.1499030481209047e-05,0.9999632835388184,1.5181271919573192e-05
9519,4,0,0,0.7920666337013245,0.11500713974237442,0.09292623400688171
9520,3,0,0,0.8683497905731201,0.0500434972345829,0.08160670846700668
9521,2,1,1,3.8264213799266145e-05,0.9999582767486572,3.435781763982959e-06
9522,4,1,0,0.8475021719932556,0.025510411709547043,0.12698744237422943
9523,1,2,2,0.08590032905340195,0.25949791073799133,0.6546018123626709
9524,1,1,1,0.013072582893073559,0.9864546060562134,0.00047281949082389474
9525,4,0,0,0.8733699321746826,0.06068253889679909,0.06594757735729218
9526,0,2,0,0.8022782802581787,0.08745872229337692,0.11026301980018616
9529,3,2,0,0.6918494701385498,0.016207238659262657,0.2919433116912842
9530,0,0,0,0.9503362774848938,0.004598763305693865,0.04506496340036392
9531,2,0,0,0.8130345344543457,0.060643747448921204,0.1263217329978943
9532,1,0,0,0.8769748210906982,0.05064195394515991,0.07238326221704483
9533,1,0,2,0.23161517083644867,0.05009886994957924,0.7182859182357788
9536,0,0,0,0.8957019448280334,0.052131034433841705,0.052167002111673355
9537,0,0,0,0.9827296733856201,0.0019193966872990131,0.015350986272096634
9539,0,1,1,0.26667511463165283,0.5771015286445618,0.156223326921463
9540,1,0,1,0.3029263913631439,0.6720282435417175,0.02504533715546131
9541,3,0,0,0.840387761592865,0.09760525077581406,0.062007009983062744
9543,2,1,1,0.04116861894726753,0.9557697176933289,0.0030617178417742252
9544,1,0,0,0.8090425133705139,0.1233636811375618,0.06759382039308548
9546,0,2,0,0.9216158986091614,0.012132164090871811,0.06625191867351532
9547,2,2,0,0.7828369140625,0.054336242377758026,0.16282682120800018
9548,1,0,0,0.9042541980743408,0.014953470788896084,0.08079228550195694
9550,4,0,0,0.7450536489486694,0.012264175340533257,0.24268220365047455
9551,1,1,1,0.0404578372836113,0.9576675891876221,0.0018745437264442444
9552,2,1,1,0.05155448615550995,0.9356173872947693,0.01282810140401125
9553,4,1,1,0.00016448624955955893,0.9998064637184143,2.908090391429141e-05
9554,1,1,0,0.8355039954185486,0.009949789382517338,0.15454617142677307
9557,2,2,2,0.2877545952796936,0.03728572279214859,0.6749595999717712
9559,4,0,0,0.8850345611572266,0.008295596577227116,0.10666988044977188
9560,4,0,0,0.7196508646011353,0.13504105806350708,0.14530809223651886
9561,0,0,1,0.17018182575702667,0.8216344118118286,0.008183756843209267
9563,4,1,0,0.8129391670227051,0.07871455699205399,0.10834629088640213
9564,1,0,0,0.6642707586288452,0.24227064847946167,0.09345848858356476
9565,3,0,0,0.7651912569999695,0.022598009556531906,0.2122107297182083
9566,4,1,1,0.0007931197760626674,0.9988644123077393,0.00034253706689924
9567,1,1,0,0.8381061553955078,0.08542010188102722,0.07647373527288437
9568,3,2,0,0.8299943208694458,0.03219413757324219,0.137811541557312
9569,1,1,1,3.075855056522414e-05,0.9999682903289795,9.213886755787826e-07
9570,2,1,2,3.565247652659309e-06,8.120473648887128e-05,0.9999152421951294
9571,0,0,0,0.902938723564148,0.01885935664176941,0.07820183783769608
9573,0,0,0,0.908440113067627,0.012841455638408661,0.07871842384338379
9574,2,0,0,0.7311835289001465,0.12244576215744019,0.14637072384357452
9576,4,0,0,0.9687827825546265,0.0032837428152561188,0.027933411300182343
9578,3,0,0,0.706040620803833,0.13746529817581177,0.15649409592151642
9579,4,2,2,0.19828283786773682,0.009552608244121075,0.7921645045280457
9580,2,0,0,0.862307608127594,0.038849443197250366,0.09884287416934967
9581,2,1,1,6.616573955398053e-05,0.9999222755432129,1.1530527444847394e-05
9582,3,0,0,0.8947906494140625,0.006434200331568718,0.09877512603998184
9583,1,2,0,0.7242906093597412,0.06407298147678375,0.21163640916347504
9584,2,1,1,0.0007088110432960093,0.9992235898971558,6.756687798770145e-05
9585,4,0,2,0.38536280393600464,0.011751094833016396,0.6028860807418823
9586,2,2,0,0.8472208976745605,0.03938542678952217,0.11339359730482101
9587,4,2,0,0.4999256134033203,0.025574326515197754,0.47450006008148193
9588,1,0,0,0.6149598956108093,0.004419747740030289,0.38062039017677307
9589,0,0,0,0.9217920303344727,0.02526199072599411,0.05294599011540413
9590,1,1,0,0.959984302520752,0.022802012041211128,0.017213720828294754
9591,0,1,1,4.8423455154988915e-05,0.9994533658027649,0.0004982466343790293
9592,3,0,0,0.6063286066055298,0.07119719684123993,0.3224741518497467
9593,1,2,0,0.917792022228241,0.02663542702794075,0.05557265505194664
9594,2,0,1,0.011800515465438366,0.9878085851669312,0.00039091132930479944
9596,4,0,0,0.7255641222000122,0.18686386942863464,0.08757203817367554
9597,1,0,0,0.9017539024353027,0.017682597041130066,0.0805634930729866
9598,4,0,0,0.6159659624099731,0.11600770056247711,0.26802632212638855
9599,0,0,0,0.48404252529144287,0.37860190868377686,0.13735564053058624
9600,0,1,0,0.679570198059082,0.2331521213054657,0.08727768808603287
9601,1,0,1,0.12645432353019714,0.8652920126914978,0.008253686130046844
9602,1,1,1,0.013113481923937798,0.9844261407852173,0.0024603798519819975
9604,2,2,2,0.2019149363040924,0.0019866900984197855,0.7960983514785767
9605,1,0,0,0.9474836587905884,0.007740790490061045,0.044775575399398804
9606,4,2,2,0.27263227105140686,0.05127311125397682,0.676094651222229
9607,1,0,0,0.914828896522522,0.014968255534768105,0.07020276039838791
9608,3,0,0,0.7582481503486633,0.11471692472696304,0.12703487277030945
9609,3,1,1,0.019560307264328003,0.9795830845832825,0.0008565838215872645
9612,2,0,0,0.8736963868141174,0.009784366935491562,0.1165192574262619
9613,2,0,0,0.843741774559021,0.061027564108371735,0.09523072838783264
9614,3,1,1,0.0018814875511452556,0.9980939030647278,2.465056604705751e-05
9616,2,0,0,0.7073507905006409,0.13880743086338043,0.1538417488336563
9618,3,1,0,0.768535315990448,0.04991091787815094,0.18155379593372345
9619,4,1,1,0.10258019715547562,0.8633344173431396,0.03408535569906235
9620,3,1,0,0.7946318984031677,0.19199301302433014,0.013375082984566689
9623,0,2,1,0.37354710698127747,0.4056752026081085,0.220777690410614
9624,0,0,2,0.0019219694659113884,0.00015378605166915804,0.9979242086410522
9625,1,0,0,0.8004187941551208,0.023792969062924385,0.17578822374343872
9627,0,0,0,0.7977228760719299,0.13600414991378784,0.06627295166254044
9628,1,2,0,0.9006914496421814,0.05123860016465187,0.04806986823678017
9629,0,2,0,0.8132208585739136,0.02072024717926979,0.16605891287326813
9630,0,0,0,0.9327520728111267,0.015684060752391815,0.05156388133764267
9631,1,1,1,1.9874978534062393e-06,0.9999974966049194,5.139044674251636e-07
9632,0,0,0,0.8778859972953796,0.04548610374331474,0.07662784308195114
9633,0,1,1,0.29801255464553833,0.6969436407089233,0.005043839570134878
9634,3,0,0,0.8025059103965759,0.11182631552219391,0.08566778898239136
9635,4,2,2,0.00015204747614916414,0.005045207217335701,0.9948028326034546
9636,3,0,0,0.6152003407478333,0.361354798078537,0.023444851860404015
9637,2,2,2,0.38435453176498413,0.028379317373037338,0.5872661471366882
9638,3,2,2,3.46559977515426e-06,5.726833478547633e-05,0.9999393224716187
9639,4,2,2,1.711021104711108e-05,0.0035331789404153824,0.9964497089385986
9640,3,2,2,9.54407369135879e-07,4.980963421985507e-05,0.9999492168426514
9641,2,2,2,2.607068745419383e-05,0.00011500415712362155,0.9998588562011719
9642,1,2,2,0.0011725154472514987,5.321727439877577e-05,0.9987742304801941
9643,0,2,2,7.0711156929803565e-09,1.2742098078888375e-06,0.9999986886978149
9644,3,2,2,1.5389516192954034e-05,4.833218190469779e-05,0.9999363422393799
9645,3,0,0,0.8929688334465027,0.05309051275253296,0.053940609097480774
9646,2,0,0,0.6315787434577942,0.07649583369493484,0.29192546010017395
9647,3,0,0,0.9032647609710693,0.006014871411025524,0.09072037786245346
9648,1,2,2,0.44845661520957947,0.00358674768358469,0.5479565858840942
9649,0,2,0,0.8694438338279724,0.045495692640542984,0.08506044745445251
9650,1,2,2,2.1295474539329007e-07,0.00011011808965122327,0.999889612197876
9651,3,2,0,0.8739613890647888,0.0866570696234703,0.039381518959999084
9652,2,0,0,0.7498214244842529,0.060167357325553894,0.1900111883878708
9653,4,2,0,0.7898630499839783,0.10367529094219208,0.10646159946918488
9654,4,0,0,0.8611583709716797,0.010224947705864906,0.12861670553684235
9655,0,0,1,0.3674970269203186,0.6046687960624695,0.02783418819308281
9656,3,0,0,0.9289640188217163,0.034375667572021484,0.036660291254520416
9657,2,2,2,7.175976497819647e-05,0.0003018394054379314,0.9996263980865479
9658,0,1,1,0.2254679650068283,0.7601385712623596,0.014393521472811699
9659,2,1,1,0.00010895796731347218,0.9998736381530762,1.7395093891536817e-05
9661,2,2,0,0.7467237710952759,0.033961229026317596,0.21931497752666473
9662,1,1,0,0.9257228374481201,0.03394510596990585,0.04033202305436134
9663,0,0,0,0.7781281471252441,0.018029702827334404,0.2038421332836151
9665,4,0,0,0.8579525351524353,0.018344935029745102,0.1237025186419487
9666,0,1,1,0.06700537353754044,0.8706709146499634,0.06232373043894768
9667,0,0,0,0.9296171069145203,0.023379025980830193,0.04700392484664917
9668,3,2,0,0.8909112215042114,0.030507059767842293,0.07858176529407501
9669,2,2,0,0.8934904336929321,0.00931825302541256,0.09719135612249374
9670,0,2,2,5.847194552188739e-05,0.00025423511397093534,0.9996873140335083
9671,0,0,0,0.6942718625068665,0.05771945044398308,0.2480086386203766
9675,2,0,0,0.7398224472999573,0.1825975924730301,0.07757991552352905
9676,4,1,0,0.824809730052948,0.0670032724738121,0.10818695276975632
9679,3,1,0,0.7107978463172913,0.2198949158191681,0.06930726021528244
9681,3,1,1,1.3580665836343542e-05,0.9999856948852539,7.355135380748834e-07
9682,4,0,1,0.35293033719062805,0.6130359768867493,0.03403371945023537
9684,4,0,0,0.8807984590530396,0.02334839664399624,0.09585320204496384
9685,3,2,2,0.00017131949425674975,0.0024692192673683167,0.9973594546318054
9686,1,0,0,0.8752859830856323,0.052834026515483856,0.07187997549772263
9687,0,1,1,0.0042789652943611145,0.995371401309967,0.00034957536263391376
9688,4,2,2,0.011089874431490898,0.03607165813446045,0.9528384804725647
9690,4,1,1,1.614796019566711e-05,0.9999765157699585,7.392320185317658e-06
9692,3,0,0,0.846037745475769,0.13575227558612823,0.01821001060307026
9693,3,0,0,0.8978129029273987,0.08339142799377441,0.018795665353536606
9694,0,0,0,0.8400604128837585,0.08638764917850494,0.0735519677400589
9695,1,0,0,0.9098973870277405,0.07410252094268799,0.01600000262260437
9696,0,0,2,0.41527146100997925,0.010110774077475071,0.5746177434921265
9698,1,0,0,0.9469409584999084,0.007953649386763573,0.04510534927248955
9701,4,1,0,0.8699553608894348,0.023966703563928604,0.10607790946960449
9702,1,1,0,0.8384407162666321,0.005707350559532642,0.15585196018218994
9703,1,1,0,0.8504242897033691,0.11379153281450272,0.03578416258096695
9704,3,0,0,0.8322035670280457,0.04689162224531174,0.12090481072664261
9705,0,0,0,0.8411070704460144,0.024050263687968254,0.1348426789045334
9706,1,0,0,0.7988600134849548,0.06265877187252045,0.1384812444448471
9707,0,1,0,0.7319033741950989,0.2299315631389618,0.03816503658890724
9708,1,2,0,0.8554176688194275,0.04447302594780922,0.10010933876037598
9710,3,1,1,0.314515620470047,0.6521009206771851,0.03338342532515526
9711,1,0,0,0.786907970905304,0.13757486641407013,0.07551711797714233
9712,3,0,0,0.7686252593994141,0.04250696673989296,0.1888677328824997
9713,0,0,0,0.9582054018974304,0.005912055727094412,0.03588253632187843
9715,0,1,1,4.137754876865074e-05,0.9999526739120483,5.994687398924725e-06
9716,0,1,1,0.000496337772347033,0.999351441860199,0.0001522428501630202
9717,3,2,0,0.691233217716217,0.12569676339626312,0.18307001888751984
9718,2,2,2,0.00012897513806819916,8.881643589120358e-05,0.9997822642326355
9720,1,1,1,0.009223968721926212,0.9896638989448547,0.001112086814828217
9721,0,1,1,0.0030519545543938875,0.9963422417640686,0.0006057880818843842
9722,4,1,1,0.014584080316126347,0.9848602414131165,0.0005556963733397424
9723,2,0,0,0.6719067096710205,0.23212966322898865,0.09596364945173264
9724,2,0,0,0.7656852602958679,0.04206375777721405,0.19225096702575684
9725,3,0,2,0.31416165828704834,0.00489680003374815,0.6809415817260742
9726,1,0,0,0.865553081035614,0.021516745910048485,0.11293013393878937
9727,3,0,0,0.8363315463066101,0.0995953306555748,0.0640731155872345
9729,0,0,0,0.9765886068344116,0.010087368078529835,0.01332395151257515
9730,3,0,0,0.8003792762756348,0.18087300658226013,0.018747765570878983
9731,4,0,0,0.7048682570457458,0.13142956793308258,0.16370217502117157
9732,4,1,1,0.00017195296823047101,0.9998164772987366,1.1544567314558662e-05
9735,3,2,0,0.7271584868431091,0.025049306452274323,0.2477922886610031
9736,0,1,1,0.015270267613232136,0.9845188856124878,0.00021081026352476329
9738,1,2,0,0.8730937838554382,0.019564270973205566,0.1073419377207756
9739,4,2,1,0.14993895590305328,0.8335967063903809,0.01646435633301735
9742,0,1,0,0.859973132610321,0.10782741010189056,0.03219940885901451
9743,2,0,1,0.0885661318898201,0.566352128982544,0.34508174657821655
9745,2,0,0,0.8368455767631531,0.054829277098178864,0.10832513868808746
9746,0,1,0,0.723325788974762,0.08065354079008102,0.1960206776857376
9747,4,0,0,0.8372952342033386,0.050111815333366394,0.11259297281503677
9748,3,0,0,0.8277996778488159,0.08359695225954056,0.08860334753990173
9749,3,0,0,0.718010663986206,0.025618577376008034,0.2563708424568176
9750,2,0,0,0.8753624558448792,0.02500799112021923,0.09962950646877289
9751,0,0,0,0.6974645256996155,0.1606888473033905,0.1418466717004776
9752,1,1,1,0.001261865603737533,0.9969640374183655,0.001774052856490016
9753,1,1,1,0.010054195299744606,0.9888150095939636,0.0011307778768241405
9754,4,0,0,0.8799676895141602,0.0017784829251468182,0.11825383454561234
9755,3,1,0,0.7179553508758545,0.12747962772846222,0.15456505119800568
9756,0,0,1,0.010536948218941689,0.9580158591270447,0.031447213143110275
9758,4,0,0,0.6640561819076538,0.04845854267477989,0.2874852418899536
9759,1,2,2,0.0006074181292206049,0.011804995127022266,0.9875876307487488
9761,3,0,2,0.46649810671806335,0.024358605965971947,0.5091432332992554
9762,1,2,2,0.0543011911213398,0.26771700382232666,0.6779817342758179
9765,3,2,2,0.3988227844238281,0.05584825575351715,0.5453289747238159
9766,3,2,0,0.6953410506248474,0.023319866508245468,0.281339168548584
9767,4,0,0,0.9090895056724548,0.018541647121310234,0.07236885279417038
9768,2,1,1,0.0020595602691173553,0.9972698092460632,0.0006706014391966164
9770,1,0,0,0.9346470832824707,0.00807026494294405,0.05728266388177872
9772,1,1,1,0.31650587916374207,0.6618436574935913,0.021650468930602074
9773,1,1,1,0.0014253415865823627,0.9984791874885559,9.548583329888061e-05
9774,2,0,0,0.7751816511154175,0.03815428540110588,0.18666400015354156
9775,4,0,0,0.847404956817627,0.007012468762695789,0.14558257162570953
9776,3,1,1,0.00028016537544317544,0.9997066855430603,1.312070253334241e-05
9777,0,0,0,0.8498255610466003,0.05933699011802673,0.09083741903305054
9779,2,1,1,0.047083381563425064,0.9491575360298157,0.003759007668122649
9780,0,1,0,0.8378161191940308,0.05981497839093208,0.10236884653568268
9781,0,1,0,0.8807464838027954,0.045469339936971664,0.07378416508436203
9782,1,1,0,0.6286292672157288,0.3225644528865814,0.04880630597472191
9785,1,1,0,0.8159917593002319,0.09936557710170746,0.08464271575212479
9786,2,2,2,1.9664270439534448e-05,0.0001492545270593837,0.9998310804367065
9787,4,2,0,0.7881325483322144,0.0136090237647295,0.19825835525989532
9788,4,0,2,0.05633363500237465,0.042635850608348846,0.9010305404663086
9789,4,2,2,0.25644606351852417,0.015884391963481903,0.7276695370674133
9791,3,1,1,0.0007476145983673632,0.9990793466567993,0.00017298533930443227
9792,1,1,1,5.535790114663541e-05,0.9999264478683472,1.81496943696402e-05
9793,1,1,1,0.010498562827706337,0.9894263744354248,7.511467993026599e-05
9794,3,1,1,0.13612957298755646,0.8589187264442444,0.004951716400682926
9795,4,0,0,0.669300377368927,0.1567828208208084,0.1739167422056198
9796,1,0,0,0.6249743700027466,0.012478351593017578,0.3625473082065582
9797,1,1,1,0.012775511480867863,0.9860417246818542,0.0011827709386125207
9798,4,1,1,0.18089759349822998,0.7899704575538635,0.02913191169500351
9799,4,0,0,0.837561309337616,0.030173981562256813,0.13226470351219177
9802,0,1,1,2.2526014618051704e-06,0.9999960660934448,1.6370311186619801e-06
9803,1,1,0,0.9058344960212708,0.01915692165493965,0.07500865310430527
9804,4,1,1,2.8324466256890446e-05,0.9999704360961914,1.1876763892360032e-06
9805,4,1,1,3.2460459351568716e-06,0.9999961853027344,6.124237188487314e-07
9808,3,1,1,5.489041996042943e-06,0.999994158744812,3.3186574910359923e-07
9809,2,0,0,0.8657143712043762,0.0515780970454216,0.08270752429962158
9810,2,0,0,0.8789452910423279,0.03676324337720871,0.08429157733917236
9811,0,1,1,6.180523996590637e-06,0.9999911785125732,2.585079300843063e-06
9812,0,1,1,9.984330972656608e-06,0.9999889135360718,1.0806095360749168e-06
9813,4,0,0,0.8665939569473267,0.008791819214820862,0.1246141791343689
9814,4,1,1,0.1998598426580429,0.7743790149688721,0.025761162862181664
9816,2,1,1,1.9495388187351637e-05,0.9999737739562988,6.686722826998448e-06
9817,3,1,1,0.15215925872325897,0.8233535885810852,0.024487130343914032
9818,2,0,0,0.9269024729728699,0.006529523059725761,0.06656808406114578
9819,3,0,0,0.6086826920509338,0.09975580126047134,0.2915615439414978
9820,4,0,1,0.0005421418463811278,0.9993811845779419,7.667513273190707e-05
9821,0,1,1,0.0008591420482844114,0.9989827275276184,0.00015805455041117966
9823,4,0,0,0.6901615858078003,0.23453432321548462,0.07530399411916733
9824,4,1,1,9.286027488997206e-05,0.9998756647109985,3.150826887576841e-05
9826,3,0,2,0.2178766131401062,0.03330719843506813,0.748816192150116
9827,4,1,1,0.006623962894082069,0.9925811290740967,0.0007948516868054867
9828,3,2,0,0.7402029037475586,0.04648509621620178,0.21331194043159485
9829,0,0,0,0.8753034472465515,0.061817802488803864,0.06287875771522522
9830,2,1,1,0.24645490944385529,0.7076970934867859,0.04584803059697151
9831,0,1,1,0.0002125950704794377,0.9996426105499268,0.00014479513629339635
9833,2,2,2,0.0018453734228387475,0.001551695168018341,0.9966028928756714
9835,4,0,0,0.8314821720123291,0.040167614817619324,0.12835024297237396
9836,2,2,0,0.9182369709014893,0.020342621952295303,0.06142042204737663
9837,2,0,1,0.21217189729213715,0.7655788064002991,0.022249290719628334
9838,3,0,0,0.8468672633171082,0.032702941447496414,0.12042977660894394
9839,0,2,2,0.03845805674791336,0.06496023386716843,0.8965816497802734
9840,1,2,0,0.8790370225906372,0.0034647081047296524,0.1174982339143753
9841,1,2,2,0.0569554939866066,0.08695554733276367,0.8560889959335327
9843,2,0,0,0.9004305005073547,0.003277901094406843,0.09629154950380325
9844,3,0,0,0.5081202983856201,0.46591755747795105,0.025962159037590027
9845,2,0,0,0.6653269529342651,0.1716451644897461,0.16302785277366638
9846,2,0,0,0.7597428560256958,0.10259433835744858,0.1376628279685974
9847,1,1,1,0.00026993322535417974,0.9997279047966003,2.1658383957401384e-06
9848,1,1,1,0.11841840296983719,0.8725402355194092,0.009041334502398968
9850,3,1,1,1.333726140728686e-05,0.9999523162841797,3.43033425451722e-05
9851,0,0,0,0.9637742042541504,0.009292325004935265,0.026933396235108376
9852,1,1,1,0.059323303401470184,0.9182597994804382,0.02241690829396248
9853,4,0,0,0.8324107527732849,0.07014257460832596,0.09744659811258316
9854,3,0,0,0.8395110964775085,0.05592256039381027,0.10456641018390656
9855,4,0,0,0.8528842926025391,0.003227870212867856,0.14388789236545563
9856,4,2,0,0.816057562828064,0.03577743470668793,0.1481650471687317
9857,3,0,0,0.907363772392273,0.0385284386575222,0.05410781130194664
9859,0,1,1,0.00020970232435502112,0.9895299077033997,0.010260457172989845
9860,4,1,0,0.7340344190597534,0.09525120258331299,0.1707143634557724
9861,1,1,0,0.8272225856781006,0.04287855699658394,0.1298988163471222
9862,0,0,0,0.8923483490943909,0.050540149211883545,0.057111434638500214
9863,0,1,1,0.027233054861426353,0.971430242061615,0.001336670364253223
9864,4,1,1,0.05984794348478317,0.8953704833984375,0.04478156194090843
9865,1,0,0,0.5718779563903809,0.39622876048088074,0.03189326450228691
9866,4,0,0,0.804654598236084,0.07279612123966217,0.12254931777715683
9867,2,1,0,0.5241398811340332,0.4366171360015869,0.039242975413799286
9869,2,0,2,0.16792671382427216,0.04737306013703346,0.7847002148628235
9870,0,0,0,0.8063825964927673,0.020517319440841675,0.1731000691652298
9871,0,2,0,0.7054857611656189,0.20192231237888336,0.09259191900491714
9872,2,0,0,0.6590097546577454,0.13139842450618744,0.20959189534187317
9873,4,1,0,0.9627891778945923,0.003422362031415105,0.0337885282933712
9874,0,0,0,0.9235676527023315,0.0026363693177700043,0.07379589974880219
9875,3,0,0,0.8397857546806335,0.04460521414875984,0.1156090572476387
9876,0,1,1,0.06521978974342346,0.9286134243011475,0.006166826002299786
9879,2,0,0,0.7638458013534546,0.20210810005664825,0.03404616191983223
9880,0,1,1,0.0870327576994896,0.9015004634857178,0.011466753669083118
9881,1,1,0,0.8756884932518005,0.06290851533412933,0.06140290945768356
9882,1,1,1,0.0007098596543073654,0.9991698265075684,0.00012029435310978442
9884,4,2,0,0.4392104744911194,0.4009566605091095,0.15983282029628754
9885,4,1,1,0.03532971069216728,0.9036498069763184,0.061020493507385254
9886,0,0,0,0.8332779407501221,0.09106938540935516,0.07565270364284515
9887,1,0,0,0.7260510921478271,0.0160929374396801,0.25785595178604126
9888,3,1,1,0.1441860944032669,0.838878333568573,0.01693558134138584
9889,0,2,2,0.0012219356140121818,0.0036014216020703316,0.9951766729354858
9890,4,0,0,0.7133387327194214,0.04229549318552017,0.24436581134796143
9893,4,0,0,0.6498908996582031,0.06658119708299637,0.2835279107093811
9894,0,0,0,0.5332943797111511,0.365968257188797,0.10073735564947128
9897,1,1,0,0.8700720071792603,0.1011902391910553,0.028737768530845642
9898,1,1,0,0.857976496219635,0.05602136254310608,0.08600214123725891
9900,1,0,0,0.937538206577301,0.003960151690989733,0.0585017055273056
9902,2,0,0,0.7782790064811707,0.04336431249976158,0.17835666239261627
9903,4,0,1,0.35458749532699585,0.5389907360076904,0.10642177611589432
9904,0,0,0,0.8131014108657837,0.03527548164129257,0.15162311494350433
9905,1,1,1,0.039855074137449265,0.9589609503746033,0.0011839503422379494
9906,3,0,0,0.8488805890083313,0.04838845133781433,0.10273101180791855
9907,1,1,1,3.041902164113708e-05,0.9999605417251587,9.09186292119557e-06
9908,1,1,0,0.8252410888671875,0.1176195815205574,0.057139236479997635
9909,1,1,1,0.00014498678501695395,0.999832272529602,2.26717020268552e-05
9910,1,0,2,0.4432793855667114,0.019691769033670425,0.5370288491249084
9911,4,1,1,0.14299091696739197,0.775968074798584,0.08104105293750763
9912,1,0,0,0.8525546789169312,0.02166622132062912,0.12577910721302032
9913,4,0,0,0.8494238257408142,0.05453764647245407,0.09603859484195709
9914,3,1,0,0.7884847521781921,0.13956566154956818,0.0719495490193367
9915,3,0,0,0.966120183467865,0.0095686549320817,0.024311117827892303
9916,4,0,0,0.9509681463241577,0.015746844932436943,0.03328494727611542
9919,0,0,0,0.976887047290802,0.0003968989767599851,0.022716140374541283
9920,2,1,1,2.8963293516426347e-05,0.9999644756317139,6.589595159312012e-06
9921,1,2,0,0.6789597272872925,0.021521082147955894,0.2995191812515259
9922,4,2,0,0.9076794385910034,0.012129347771406174,0.08019125461578369
9924,3,0,0,0.9631296396255493,0.02657654695212841,0.010293751955032349
9925,2,0,1,0.09929247945547104,0.8889696002006531,0.011737929657101631
9926,3,0,0,0.9409053921699524,0.03581276908516884,0.023281913250684738
9928,1,0,0,0.7476660013198853,0.051415376365184784,0.20091862976551056
9929,2,0,0,0.9203755855560303,0.030167248100042343,0.0494571328163147
9930,4,0,0,0.7077199220657349,0.0996159166097641,0.19266416132450104
9932,0,1,1,3.783031570492312e-05,0.9999542236328125,7.933273991511669e-06
9933,3,0,0,0.8333631157875061,0.04441821947693825,0.12221872061491013
9935,4,1,1,0.00013385589409153908,0.9998047947883606,6.136053707450628e-05
9936,4,0,0,0.8482551574707031,0.023756427690386772,0.12798845767974854
9937,0,0,0,0.8323214054107666,0.11771229654550552,0.049966294318437576
9938,1,0,1,0.19064383208751678,0.7760685682296753,0.03328758105635643
9940,4,0,0,0.7784490585327148,0.14511185884475708,0.07643911987543106
9941,4,1,1,0.4462193548679352,0.5165330767631531,0.037247512489557266
9942,3,1,0,0.837655246257782,0.019140703603625298,0.14320406317710876
9943,4,1,1,0.0006731378380209208,0.9992257356643677,0.00010107920388691127
9944,4,2,0,0.6020662188529968,0.022559305652976036,0.3753744661808014
9946,0,0,0,0.9042540192604065,0.034090179949998856,0.06165572628378868
9947,2,1,0,0.8554321527481079,0.04703798145055771,0.09752988070249557
9948,3,0,0,0.8226715922355652,0.043835267424583435,0.13349314033985138
9949,2,1,0,0.7471207976341248,0.15567779541015625,0.09720136970281601
9950,3,1,1,1.4491638467006851e-05,0.9999852180480957,3.403939388135768e-07
9951,2,2,2,0.20275980234146118,0.030412154272198677,0.7668281197547913
9952,4,2,0,0.644946277141571,0.19651712477207184,0.15853659808635712
9953,2,2,0,0.7373722195625305,0.03250349685549736,0.23012427985668182
9956,2,0,0,0.9510601162910461,0.0022257938981056213,0.046714141964912415
9957,0,0,0,0.6617369651794434,0.28530147671699524,0.052961576730012894
9958,4,0,0,0.9677285552024841,0.009090356528759003,0.02318110689520836
9960,0,0,1,0.4415012300014496,0.5199178457260132,0.03858090937137604
9961,1,1,1,0.030325444415211678,0.9678759574890137,0.0017986014718189836
9962,1,1,0,0.7072192430496216,0.25995633006095886,0.032824497669935226
9963,1,2,0,0.8385219573974609,0.15059563517570496,0.010882390663027763
9964,3,0,0,0.828328013420105,0.04652943089604378,0.12514254450798035
9965,1,2,1,0.15947873890399933,0.8228417038917542,0.017679521813988686
9966,0,0,0,0.8817633390426636,0.08291902393102646,0.03531754016876221
9967,0,1,0,0.8875360488891602,0.009314079768955708,0.10314987599849701
9968,3,0,0,0.708859920501709,0.07622728496789932,0.21491283178329468
9969,0,0,0,0.9447603821754456,0.01764497719705105,0.03759464994072914
9970,3,1,1,0.0038828784599900246,0.9960163235664368,0.00010074111196445301
9972,3,0,0,0.7713541984558105,0.06816935539245605,0.1604764610528946
9973,3,1,1,4.005518349003978e-05,0.9999574422836304,2.4695189040357945e-06
9974,0,2,2,0.018162133172154427,0.2014371156692505,0.7804007530212402
9975,4,0,0,0.8835945129394531,0.00559101952239871,0.11081434786319733
9976,4,0,0,0.8639794588088989,0.033605583012104034,0.10241496562957764
9977,0,1,1,0.00915844738483429,0.9904838800430298,0.00035771087277680635
9979,2,0,0,0.8650814890861511,0.02201789990067482,0.11290065199136734
9981,1,1,1,0.01826181448996067,0.9778712391853333,0.0038669153582304716
9982,3,2,0,0.823809802532196,0.026176001876592636,0.15001428127288818
9983,1,0,2,0.41773292422294617,0.006165006663650274,0.5761020183563232
9984,3,1,1,6.805950397392735e-05,0.9998606443405151,7.132982864277437e-05
9985,0,0,0,0.8860394954681396,0.00893363542854786,0.10502692312002182
9987,1,0,0,0.8876978754997253,0.07198311388492584,0.040319085121154785
9989,4,0,0,0.7801312208175659,0.12603552639484406,0.09383324533700943
9990,2,0,0,0.8905450105667114,0.04047562927007675,0.06897933036088943
9991,0,1,1,6.351702177198604e-05,0.9999055862426758,3.084380296058953e-05
9992,2,2,2,0.26476922631263733,0.005346267018467188,0.7298844456672668
9994,1,1,1,0.0013536897022277117,0.9985315799713135,0.00011475689098006114
9995,3,1,0,0.6043906211853027,0.3657379150390625,0.029871420934796333
9996,0,0,0,0.8832342028617859,0.057340025901794434,0.059425704181194305
9998,4,0,0,0.8450810313224792,0.030322274193167686,0.12459667026996613
9999,2,1,1,0.00011794133024523035,0.9998723268508911,9.774552381713875e-06
10000,3,1,1,5.489041996042943e-06,0.999994158744812,3.3186574910359923e-07
10001,3,0,0,0.9864959120750427,0.002352828858420253,0.011151295155286789
10003,1,0,0,0.9027450084686279,0.08436592668294907,0.012889154255390167
10004,4,1,0,0.6042414903640747,0.351757675409317,0.044000837951898575
10005,3,1,1,0.0018363818526268005,0.9972278475761414,0.000935728894546628
10006,3,1,1,0.0038828784599900246,0.9960163235664368,0.00010074111196445301
10008,2,0,0,0.9458820819854736,0.004401938524097204,0.04971594363451004
10009,4,1,1,0.07074403017759323,0.9189080595970154,0.010347866453230381
10010,4,0,0,0.759625256061554,0.12198324501514435,0.11839140951633453
10011,2,0,0,0.8477360010147095,0.05250348895788193,0.0997604951262474
10012,4,1,1,0.022419078275561333,0.9755914211273193,0.001989472657442093
10013,0,0,0,0.5273813605308533,0.34214895963668823,0.1304696500301361
10014,0,1,1,6.663097155978903e-05,0.9997544884681702,0.0001789174129953608
10016,0,2,0,0.6372439861297607,0.02168172597885132,0.34107425808906555
10017,1,1,2,4.740970780403586e-06,0.04842117056250572,0.9515740871429443
10018,3,0,1,0.00889316014945507,0.9893080592155457,0.001798813696950674
10019,0,1,1,0.00040594354504719377,0.9967867136001587,0.0028073324356228113
10020,0,0,0,0.92830491065979,0.012476801872253418,0.05921832099556923
10022,3,0,0,0.8553420305252075,0.10120104998350143,0.04345697537064552
10023,2,0,0,0.8065921664237976,0.02739417552947998,0.16601359844207764
10025,3,0,0,0.7829442024230957,0.0680985227227211,0.1489572823047638
10027,3,0,0,0.8833853602409363,0.008800567127764225,0.10781408101320267
10028,3,0,2,0.06321699172258377,0.001200305880047381,0.9355827569961548
10029,2,0,0,0.7421560287475586,0.11535926163196564,0.1424846649169922
10030,2,0,1,0.32003477215766907,0.5617183446884155,0.11824686080217361
10031,3,1,1,0.009917016141116619,0.9898406863212585,0.00024227736867032945
10032,1,0,0,0.8116407990455627,0.07561960816383362,0.11273957788944244
10034,4,0,0,0.8454287052154541,0.071581169962883,0.08299016207456589
10035,0,2,2,0.3469904661178589,0.00278064445592463,0.6502289175987244
10037,4,0,1,0.24829846620559692,0.7162689566612244,0.03543254733085632
10039,3,1,1,9.507939466857351e-06,0.9999881982803345,2.3335119294642936e-06
10040,4,1,1,0.0027020289562642574,0.9959828853607178,0.0013151280581951141
10041,0,0,0,0.8853185176849365,0.06336551159620285,0.051315922290086746
10042,0,0,0,0.7220155000686646,0.07193703949451447,0.2060474157333374
10043,0,2,0,0.7360263466835022,0.005430229473859072,0.2585434317588806
10044,4,1,0,0.5480296015739441,0.2712366580963135,0.180733785033226
10045,0,1,1,0.023081274703145027,0.9451841115951538,0.0317346528172493
10047,1,0,0,0.9026437997817993,0.05037463828921318,0.04698159173130989
10048,0,0,0,0.8573621511459351,0.05084098502993584,0.09179677814245224
10049,3,2,0,0.7306659817695618,0.08910907804965973,0.18022491037845612
10052,1,0,0,0.8145660161972046,0.05956517532467842,0.12586884200572968
10053,0,2,0,0.5931876301765442,0.04778492823243141,0.3590274751186371
10054,4,0,0,0.7770682573318481,0.145702064037323,0.07722968608140945
10055,0,0,0,0.6788053512573242,0.16536371409893036,0.15583090484142303
10056,1,0,0,0.9323129653930664,0.04236076772212982,0.025326192378997803
10057,2,0,1,0.25147056579589844,0.6790188550949097,0.0695105791091919
10058,4,0,0,0.7932485938072205,0.04764537140727043,0.15910601615905762
10059,1,0,0,0.8869231939315796,0.06270445138216019,0.050372399389743805
10060,1,0,0,0.6437323689460754,0.3074333667755127,0.04883426055312157
10063,3,0,0,0.8766950368881226,0.02808873914182186,0.09521615505218506
10065,3,1,1,0.001109028817154467,0.9988117218017578,7.925157842691988e-05
10066,0,1,1,0.012319104745984077,0.9846109747886658,0.003069956786930561
10067,2,1,1,0.008158865384757519,0.9886738657951355,0.0031673226039856672
10068,2,0,0,0.8183690309524536,0.09022568166255951,0.09140533953905106
10069,3,2,2,0.0017959345132112503,0.008574341423809528,0.9896296858787537
10070,1,2,0,0.6620489954948425,0.010003803297877312,0.327947199344635
10071,1,0,0,0.9670656323432922,0.006808222737163305,0.02612609788775444
10072,0,0,0,0.8640164732933044,0.008349083364009857,0.12763448059558868
10073,1,1,0,0.7598572969436646,0.1740274727344513,0.06611520051956177
10074,4,1,1,0.0011640528682619333,0.998765230178833,7.072086009429768e-05
10075,2,0,1,0.38991037011146545,0.452646404504776,0.15744327008724213
10076,2,0,0,0.7219810485839844,0.20087604224681854,0.0771428793668747
10077,2,1,1,2.917199526564218e-05,0.9999679327011108,2.8754050163115608e-06
10078,3,1,1,0.012667913921177387,0.9868199229240417,0.0005121749127283692
10079,4,0,0,0.735827624797821,0.1077788844704628,0.15639343857765198
10080,4,1,1,0.28443628549575806,0.6233396530151367,0.09222409874200821
10082,0,0,0,0.8741498589515686,0.017924979329109192,0.10792513191699982
10084,1,1,1,0.016700319945812225,0.9828937649726868,0.00040586938848719
10085,3,1,0,0.5439431667327881,0.42427492141723633,0.03178191930055618
10088,0,0,0,0.8740794658660889,0.05025913566350937,0.07566134631633759
10089,3,0,0,0.686897873878479,0.06324484199285507,0.24985729157924652
10090,0,0,2,0.083880215883255,0.0021757192444056273,0.9139440655708313
10091,2,0,0,0.6145326495170593,0.03229256719350815,0.3531748056411743
10092,0,0,2,0.05282318964600563,0.08034884929656982,0.8668279647827148
10094,4,1,1,0.08328001201152802,0.9091029167175293,0.007617078721523285
10095,4,0,0,0.7640196084976196,0.07938089966773987,0.1565995067358017
10096,4,0,0,0.8030728101730347,0.14373524487018585,0.053192004561424255
10098,2,0,0,0.6251172423362732,0.06464338302612305,0.31023943424224854
10100,4,0,0,0.9127669930458069,0.028628617525100708,0.058604318648576736
10101,0,0,0,0.8911686539649963,0.04527430981397629,0.06355703622102737
10102,1,0,0,0.5515444874763489,0.42776069045066833,0.020694833248853683
10103,1,0,0,0.9195939898490906,0.022920463234186172,0.057485587894916534
10104,4,1,1,0.1546075940132141,0.8295195698738098,0.01587281934916973
10105,3,2,0,0.8780763149261475,0.0549272857606411,0.06699638813734055
10106,1,1,1,0.013117513619363308,0.9835067987442017,0.0033756501507014036
10107,0,1,1,3.9848768210504204e-05,0.9999558925628662,4.200302100798581e-06
10108,0,0,0,0.6669148206710815,0.04059220105409622,0.29249298572540283
10109,1,2,0,0.8110525012016296,0.007433439139276743,0.18151405453681946
10110,0,1,1,0.004066327586770058,0.9829965829849243,0.012937010265886784
10111,4,0,0,0.9011000394821167,0.021625787019729614,0.07727415859699249
10113,0,0,0,0.8650347590446472,0.008594509214162827,0.12637071311473846
10114,4,1,1,6.199227937031537e-05,0.9999244213104248,1.3603905244963244e-05
10115,2,1,1,7.066944817779586e-05,0.9999216794967651,7.62338231652393e-06
10116,1,1,1,0.0028279763646423817,0.9965105652809143,0.0006614906596951187
10117,2,0,2,0.2897551953792572,0.28106778860092163,0.42917701601982117
10118,3,0,0,0.8758624196052551,0.03897329419851303,0.08516430854797363
10119,1,1,1,0.002322060288861394,0.9971530437469482,0.0005248436937108636
10120,1,1,1,0.07361482083797455,0.9208687543869019,0.00551645876839757
10121,2,0,0,0.7959355115890503,0.07847442477941513,0.1255900114774704
10122,4,0,0,0.9266417622566223,0.0008638345752842724,0.07249438017606735
10124,2,1,1,0.00033052448998205364,0.9994334578514099,0.00023594907543156296
10125,0,1,1,0.1251494288444519,0.8671334981918335,0.007717083673924208
10126,4,0,0,0.9327758550643921,0.02953554503619671,0.037688612937927246
10127,3,0,0,0.8046593070030212,0.09619030356407166,0.0991504117846489
10128,2,0,0,0.5011463165283203,0.024852823466062546,0.4740009009838104
10129,0,0,0,0.8408353924751282,0.007146538235247135,0.1520179808139801
10130,0,0,0,0.9413859248161316,0.0005719676846638322,0.058042097836732864
10131,0,1,1,0.0005571734509430826,0.999430239200592,1.2515480193542317e-05
10132,2,2,1,0.04522747918963432,0.9455795884132385,0.009192912839353085
10133,1,0,0,0.6797253489494324,0.007518314756453037,0.31275632977485657
10134,0,0,0,0.8798032402992249,0.012255311943590641,0.10794147849082947
10135,1,0,0,0.8506003022193909,0.035768136382102966,0.11363159120082855
10139,4,0,0,0.953401505947113,0.003222027560696006,0.043376464396715164
10140,3,0,0,0.5965884923934937,0.007457103580236435,0.395954430103302
10141,4,0,0,0.8738116025924683,0.036634914577007294,0.08955346047878265
10143,2,1,1,6.844374001957476e-05,0.9999237060546875,7.808424925315194e-06
10145,1,1,1,0.0002232839906355366,0.9997656941413879,1.097539279726334e-05
10146,4,0,0,0.8879857063293457,0.022159980610013008,0.08985424786806107
10148,1,0,0,0.7227156162261963,0.014055908657610416,0.2632284462451935
10149,0,0,0,0.7905706167221069,0.01199942547827959,0.19742998480796814
10150,2,0,0,0.7145605683326721,0.08395767211914062,0.20148171484470367
10152,4,2,2,0.10462848842144012,0.0232956875115633,0.8720757961273193
10154,0,1,1,0.018008124083280563,0.981123149394989,0.0008687499212101102
10155,0,1,1,0.02079685404896736,0.8587359189987183,0.12046726793050766
10156,0,0,0,0.622802197933197,0.0028366371989250183,0.37436121702194214
10157,2,0,0,0.6749510765075684,0.20731574296951294,0.11773314327001572
10159,4,0,0,0.939461350440979,0.02641899324953556,0.03411966189742088
10160,4,0,0,0.7293422222137451,0.02167903073132038,0.24897879362106323
10161,2,0,0,0.8348525762557983,0.043621085584163666,0.12152637541294098
10162,4,1,1,2.487163874320686e-05,0.9999679327011108,7.2108728090825025e-06
10163,3,0,0,0.8882765173912048,0.03855961561203003,0.07316385209560394
10165,1,1,0,0.6998206973075867,0.0962340459227562,0.20394523441791534
10166,3,0,0,0.5019399523735046,0.012005843222141266,0.4860542118549347
10167,4,0,0,0.8342821598052979,0.00648973835632205,0.15922799706459045
10168,2,1,1,0.16860541701316833,0.8038177490234375,0.02757684700191021
10170,1,0,0,0.8221704363822937,0.021479548886418343,0.1563500016927719
10171,0,1,1,0.08243629336357117,0.905796229839325,0.011767510324716568
10172,4,0,0,0.7950577139854431,0.04929063096642494,0.15565159916877747
10173,3,0,0,0.7795573472976685,0.13628682494163513,0.08415579050779343
10174,3,2,0,0.8480521440505981,0.029553623870015144,0.12239425629377365
10176,0,0,1,0.09875752031803131,0.8900722861289978,0.011170247569680214
10178,4,0,2,0.3836826682090759,0.013042479753494263,0.6032748818397522
10179,2,2,0,0.7019065618515015,0.20200881361961365,0.09608462452888489
10180,3,0,0,0.8910909295082092,0.0223569143563509,0.08655215054750443
10181,1,1,1,2.7557121029531118e-06,0.999992847442627,4.350814378994983e-06
10183,4,1,1,0.0026642654556781054,0.9971126317977905,0.00022311853535939008
10185,3,0,0,0.6746162176132202,0.018530666828155518,0.3068530857563019
10186,0,0,0,0.6154574751853943,0.03526398167014122,0.3492784798145294
10187,2,0,1,0.1096506267786026,0.8584778904914856,0.03187150880694389
10188,4,0,0,0.8086676001548767,0.10265728831291199,0.0886751115322113
10189,2,1,1,0.11811403185129166,0.8636912107467651,0.018194787204265594
10190,0,0,0,0.8661184906959534,0.007635705638676882,0.12624582648277283
10191,2,2,2,9.146908269030973e-06,5.75728336116299e-05,0.9999332427978516
10192,4,0,1,0.2785354554653168,0.6654198169708252,0.05604478716850281
10193,3,0,0,0.9559718370437622,0.016040204092860222,0.027987951412796974
10194,2,0,0,0.92808598279953,0.004303709138184786,0.06761031597852707
10196,0,1,1,0.00018586560327094048,0.9997919201850891,2.221220165665727e-05
10197,0,0,0,0.9020870923995972,0.005998396314680576,0.09191453456878662
10198,4,0,0,0.899198055267334,0.008257700130343437,0.09254427254199982
10199,3,0,0,0.7578830718994141,0.10402185469865799,0.13809506595134735
10201,4,1,1,0.001779566635377705,0.9981118440628052,0.00010853574349312112
10202,1,0,0,0.9123414158821106,0.029507318511605263,0.05815126746892929
10204,4,0,0,0.7763468623161316,0.037022337317466736,0.18663078546524048
10205,0,0,1,0.1768345981836319,0.8114495277404785,0.011715898290276527
10206,4,0,0,0.8014517426490784,0.051319822669029236,0.1472284197807312
10207,2,0,0,0.8381375670433044,0.04954828321933746,0.11231422424316406
10208,3,0,0,0.5445061326026917,0.14134865999221802,0.31414517760276794
10212,2,1,1,0.09075086563825607,0.9040248990058899,0.005224221386015415
10213,4,0,0,0.7971919775009155,0.09946279227733612,0.10334523022174835
10214,1,1,1,0.0018975295824930072,0.9980087876319885,9.372884960612282e-05
10215,2,0,0,0.8038296699523926,0.019764436408877373,0.1764059066772461
10218,4,0,0,0.7320016622543335,0.006202782038599253,0.2617955505847931
10220,3,2,0,0.7556481957435608,0.031649909913539886,0.2127019464969635
10221,2,1,1,7.163427653722465e-06,0.999991774559021,1.0873319524762337e-06
10222,3,0,0,0.7160205841064453,0.1852463334798813,0.0987330824136734
10223,1,0,0,0.7788264155387878,0.15850968658924103,0.06266389042139053
10225,2,0,0,0.6422216296195984,0.04185515269637108,0.3159232437610626
10226,1,0,0,0.6141974329948425,0.046397339552640915,0.33940523862838745
10227,3,0,0,0.7591314911842346,0.10711946338415146,0.1337490677833557
10228,2,1,1,0.03963463008403778,0.9577194452285767,0.002645994070917368
10229,0,0,0,0.9441424012184143,0.006829577032476664,0.049028053879737854
10230,0,0,0,0.8351098895072937,0.013426244258880615,0.15146392583847046
10231,2,0,0,0.8705773949623108,0.005332406144589186,0.12409024685621262
10232,1,1,1,0.12603133916854858,0.8703258037567139,0.003642879193648696
10233,4,0,0,0.6425262689590454,0.06433659791946411,0.29313719272613525
10234,2,2,0,0.7328296303749084,0.00473170867189765,0.26243868470191956
10236,1,0,0,0.8353679776191711,0.10649070143699646,0.0581413134932518
10237,1,1,1,0.008827943354845047,0.9905340671539307,0.000638031167909503
10238,3,0,0,0.8603474497795105,0.11341548711061478,0.02623704820871353
10239,3,0,0,0.7406233549118042,0.09991004317998886,0.15946656465530396
10243,2,0,0,0.8596449494361877,0.008298348635435104,0.13205668330192566
10244,2,0,0,0.7861776351928711,0.14954696595668793,0.06427537649869919
10245,2,2,2,0.011970735155045986,0.2551121413707733,0.7329171895980835
10246,1,1,0,0.46829262375831604,0.46224209666252136,0.06946533173322678
10247,3,0,0,0.8526743650436401,0.04318850859999657,0.10413718968629837
10248,4,0,0,0.750039279460907,0.031503573060035706,0.21845711767673492
10250,3,1,1,0.06235920265316963,0.8989394307136536,0.03870132938027382
10251,0,0,0,0.7688235640525818,0.03927992284297943,0.1918964833021164
10253,0,1,1,0.0007186264265328646,0.9989370703697205,0.0003442848683334887
10254,2,0,0,0.8977497816085815,0.05083971098065376,0.05141053348779678
10255,1,1,1,0.10066062957048416,0.889845073223114,0.009494246914982796
10256,3,0,0,0.773712158203125,0.08656775206327438,0.1397200971841812
10257,4,0,0,0.7227041125297546,0.0785260945558548,0.19876980781555176
10260,0,1,1,0.05159785598516464,0.943086564540863,0.0053155627101659775
10261,2,0,0,0.8963661789894104,0.024657458066940308,0.07897632569074631
10262,3,0,0,0.9347929954528809,0.02271181531250477,0.04249526932835579
10263,0,1,1,0.004680013284087181,0.9747118353843689,0.02060815878212452
10264,0,2,0,0.8112002611160278,0.019101371988654137,0.16969841718673706
10265,1,0,0,0.5870429873466492,0.15186598896980286,0.2610909938812256
10267,3,2,2,0.13870000839233398,0.03369101136922836,0.8276089429855347
10268,4,2,2,0.0701591968536377,0.003674885258078575,0.9261659383773804
10269,1,0,0,0.8110523223876953,0.1081213429570198,0.08082634955644608
10270,0,0,0,0.8559778928756714,0.0829741507768631,0.0610479936003685
10271,2,0,0,0.9201467633247375,0.013266582041978836,0.06658672541379929
10272,3,1,1,0.060437411069869995,0.8852518796920776,0.05431065335869789
10273,3,0,0,0.8956929445266724,0.031249042600393295,0.07305791229009628
10274,3,2,2,0.0005452993791550398,0.002922652056440711,0.9965320825576782
10275,2,0,0,0.8706328272819519,0.09717803448438644,0.03218914195895195
10276,3,0,1,0.03267480432987213,0.962176501750946,0.005148641765117645
10277,3,0,0,0.7904689908027649,0.03333265334367752,0.17619836330413818
10279,0,0,0,0.802953839302063,0.03204001858830452,0.16500616073608398
10280,3,0,0,0.9342973232269287,0.03655358403921127,0.029149092733860016
10281,1,1,1,0.0017176513792946935,0.9961308240890503,0.002151496708393097
10282,4,0,0,0.7754963636398315,0.06712914258241653,0.15737448632717133
10283,4,0,1,0.12443053722381592,0.8634013533592224,0.0121681559830904
10284,1,1,1,0.014657222665846348,0.98514324426651,0.0001995855855057016
10285,3,0,0,0.9018750786781311,0.021724024787545204,0.07640088349580765
10286,4,0,0,0.7433773279190063,0.14895743131637573,0.10766523331403732
10287,4,0,0,0.9166617393493652,0.02549615129828453,0.057842135429382324
10288,0,1,1,0.032877083867788315,0.9648765921592712,0.002246302552521229
10289,4,0,0,0.8383727073669434,0.0708257406949997,0.09080150723457336
10290,2,1,2,0.0045883613638579845,0.0017636311240494251,0.9936479926109314
10292,3,0,0,0.8872292637825012,0.04514405503869057,0.06762662529945374
10295,1,0,0,0.6957466006278992,0.18619467318058014,0.11805868148803711
10296,4,1,0,0.47790586948394775,0.4498676359653473,0.07222644984722137
10297,0,2,0,0.6703839898109436,0.004469549749046564,0.32514646649360657
10298,0,0,0,0.6302925944328308,0.014153928495943546,0.3555535078048706
10299,1,0,0,0.7969655990600586,0.16914434731006622,0.03389005735516548
10300,4,1,1,0.4409306049346924,0.5121608972549438,0.046908456832170486
10301,2,0,0,0.7125090956687927,0.06406988948583603,0.22342103719711304
10302,3,0,0,0.43333950638771057,0.1629856377840042,0.4036748707294464
10303,1,0,0,0.7557251453399658,0.1744834929704666,0.06979135423898697
10305,1,0,0,0.8227704763412476,0.009989266283810139,0.16724032163619995
10307,4,0,0,0.8220644593238831,0.11499590426683426,0.0629396066069603
10308,3,0,0,0.5500710606575012,0.09817684441804886,0.3517521619796753
10309,4,0,2,0.44638296961784363,0.05535106360912323,0.49826598167419434
10310,3,0,0,0.5637550950050354,0.07113122195005417,0.36511364579200745
10311,3,0,0,0.5501506328582764,0.25340619683265686,0.19644317030906677
10312,1,1,0,0.933660089969635,0.02315826527774334,0.04318166896700859
10313,2,1,0,0.8946450352668762,0.040407001972198486,0.0649479478597641
10314,4,2,2,0.03505370765924454,0.11548887938261032,0.8494574427604675
10315,3,2,0,0.8815098404884338,0.01946936920285225,0.09902084618806839
10316,4,2,0,0.6767511963844299,0.23019014298915863,0.09305861592292786
10317,2,2,1,0.3452795445919037,0.6127886176109314,0.04193180799484253
10318,1,2,0,0.7461795806884766,0.12977665662765503,0.12404385209083557
10320,4,1,0,0.7074311971664429,0.2437639981508255,0.04880479350686073
10321,4,0,0,0.47747328877449036,0.27881622314453125,0.2437104731798172
10323,0,1,1,5.653165317198727e-06,0.9999914169311523,2.8826498237322085e-06
10324,3,1,1,0.041345760226249695,0.9557602405548096,0.002893993863835931
10325,0,1,0,0.7793813943862915,0.1482088267803192,0.07240980863571167
10327,0,0,0,0.932730495929718,0.012958353385329247,0.05431120842695236
10328,2,1,0,0.4428638219833374,0.40257930755615234,0.15455690026283264
10329,2,0,0,0.7191352844238281,0.022247377783060074,0.2586173713207245
10330,3,0,0,0.8683551549911499,0.03598295897245407,0.09566182643175125
10331,2,2,0,0.8911618590354919,0.029057655483484268,0.07978048920631409
10333,2,1,2,0.4109114408493042,0.0330861397087574,0.5560023784637451
10334,1,1,1,1.1016560392818064e-06,0.9999986886978149,2.460336361309601e-07
10337,2,0,1,0.05243486166000366,0.9365772604942322,0.010987816378474236
10339,2,0,0,0.775603711605072,0.1325741410255432,0.09182211011648178
10340,2,0,0,0.8558756709098816,0.016034932807087898,0.1280893087387085
10341,0,2,0,0.6093137264251709,0.04394907131791115,0.34673720598220825
10342,3,2,0,0.6576697826385498,0.030438115820288658,0.3118920922279358
10343,3,1,1,0.288319855928421,0.6205275654792786,0.0911526009440422
10344,2,0,0,0.85947585105896,0.07964042574167252,0.06088372692465782
10345,0,2,0,0.7427539229393005,0.02920023910701275,0.22804585099220276
10347,4,2,2,0.0066537875682115555,0.003020011819899082,0.9903262257575989
10348,3,2,0,0.5179107189178467,0.22945505380630493,0.2526341676712036
10350,4,1,1,0.0015810220502316952,0.9981719255447388,0.0002470298495609313
10352,0,2,0,0.7116556763648987,0.02159683220088482,0.2667474150657654
10353,4,0,0,0.7201438546180725,0.21097947657108307,0.06887662410736084
10354,4,2,0,0.6976818442344666,0.03879810869693756,0.26352009177207947
10355,4,1,0,0.643994927406311,0.2878415882587433,0.06816357374191284
10356,3,1,1,0.2722511291503906,0.6392894387245178,0.08845946192741394
10358,3,0,0,0.8328368067741394,0.04121929034590721,0.12594392895698547
10359,4,0,0,0.6388604044914246,0.20110556483268738,0.1600339561700821
10360,0,1,0,0.8709208965301514,0.01534432452172041,0.11373474448919296
10361,2,2,1,0.251459002494812,0.6842557191848755,0.0642852783203125
10362,3,2,0,0.7777812480926514,0.05273570865392685,0.1694830060005188
10363,0,0,0,0.7626278400421143,0.14418427646160126,0.09318782389163971
10364,0,0,0,0.790871798992157,0.14723743498325348,0.061890773475170135
10365,2,0,0,0.7998487949371338,0.006589951459318399,0.19356124103069305
10366,1,1,0,0.8108051419258118,0.1581096053123474,0.031085241585969925
10367,4,0,0,0.8880588412284851,0.03387095779180527,0.0780702531337738
10368,3,0,0,0.8908352255821228,0.014484456740319729,0.0946803018450737
10370,3,1,1,0.004269564989954233,0.9950913190841675,0.0006391152855940163
10371,3,0,0,0.8924096822738647,0.05857539176940918,0.04901488125324249
10372,1,2,2,0.3941138684749603,0.00888694729655981,0.5969991683959961
10373,2,0,2,0.3616664707660675,0.004792654421180487,0.6335409283638
10374,4,0,0,0.8047657608985901,0.09162919968366623,0.10360497981309891
10375,2,0,0,0.6665413975715637,0.035413794219493866,0.2980448603630066
10376,4,0,0,0.7914747595787048,0.06998524814844131,0.13854004442691803
10377,2,0,0,0.8595409989356995,0.035634152591228485,0.10482488572597504
10378,4,1,1,0.03706549480557442,0.9572985172271729,0.005635922774672508
10379,2,1,1,0.0074576037004590034,0.9919226169586182,0.0006197538459673524
10380,0,1,1,3.161238055326976e-05,0.9998689889907837,9.942757606040686e-05
10382,2,2,0,0.9068630337715149,0.03210188075900078,0.06103511154651642
10384,3,0,0,0.5865172743797302,0.23375993967056274,0.17972277104854584
10385,1,0,0,0.5338859558105469,0.04140421003103256,0.42470988631248474
10386,3,1,1,0.11561568826436996,0.8795422911643982,0.00484198983758688
10387,2,2,0,0.8911483883857727,0.00376093084923923,0.1050906777381897
10388,3,0,0,0.6565360426902771,0.2705467641353607,0.0729171484708786
10389,1,2,0,0.6437878608703613,0.04097575694322586,0.3152364194393158
10391,4,0,0,0.9494847059249878,0.002725529484450817,0.047789767384529114
10392,3,0,0,0.836498498916626,0.02714998833835125,0.13635142147541046
10395,3,1,1,0.019509680569171906,0.9792106747627258,0.0012796318624168634
10396,0,1,1,0.0010565766133368015,0.9975824356079102,0.001360980561003089
10397,0,1,0,0.6732157468795776,0.23663590848445892,0.09014832973480225
10398,2,1,0,0.8984934687614441,0.06498546153306961,0.036521121859550476
10399,0,0,0,0.9679555892944336,0.0014904337003827095,0.030553914606571198
10400,0,1,0,0.48359182476997375,0.467313289642334,0.04909496009349823
10401,2,2,0,0.8185892701148987,0.06330586969852448,0.11810480058193207
10403,4,1,1,0.0024306585546582937,0.9973611235618591,0.00020818886696361005
10405,3,1,1,0.4280319809913635,0.5485254526138306,0.02344256266951561
10406,1,1,1,0.057543881237506866,0.9290444254875183,0.013411630876362324
10408,0,1,1,0.00047125262790359557,0.99922776222229,0.00030094373505562544
10409,4,2,0,0.8146677613258362,0.09232477843761444,0.09300743788480759
10410,1,0,0,0.46785852313041687,0.31752851605415344,0.21461297571659088
10411,0,2,0,0.8763718605041504,0.04406183212995529,0.07956621795892715
10412,3,0,0,0.6759900450706482,0.12396705895662308,0.20004287362098694
10413,2,1,1,0.02330424077808857,0.9734093546867371,0.0032864378299564123
10414,1,1,0,0.7461689710617065,0.1305796355009079,0.12325135618448257
10415,0,1,1,0.06426312774419785,0.9346862435340881,0.0010506088146939874
10416,4,2,1,0.3403646647930145,0.47412198781967163,0.18551330268383026
10418,3,0,0,0.7131143808364868,0.054918959736824036,0.2319667786359787
10419,3,0,0,0.8444629907608032,0.06897493451833725,0.08656200021505356
10420,4,1,1,5.4824017752252985e-06,0.9999929666519165,1.5235874570862507e-06
10421,4,0,0,0.6745007634162903,0.07489874958992004,0.25060054659843445
10422,4,1,0,0.7867078185081482,0.11619605123996735,0.09709612280130386
10424,4,0,0,0.8288081884384155,0.05666426941752434,0.11452748626470566
10425,1,0,0,0.8920643329620361,0.028732530772686005,0.07920319586992264
10426,1,1,0,0.8293595910072327,0.11132492870092392,0.0593155175447464
10427,0,0,0,0.910938560962677,0.033132314682006836,0.05592921003699303
10428,0,1,1,0.040713515132665634,0.9586489796638489,0.0006375283701345325
10429,2,0,0,0.8874124884605408,0.007399844005703926,0.10518766939640045
10430,0,1,1,0.25121429562568665,0.7369356751441956,0.011850062757730484
10432,4,2,2,0.0002584199537523091,3.949004894820973e-05,0.9997021555900574
10433,4,0,0,0.9004030823707581,0.04606933146715164,0.05352754518389702
10434,1,0,0,0.9607419967651367,0.02875455468893051,0.01050354354083538
10435,3,0,0,0.8369548320770264,0.0810932070016861,0.08195192366838455
10436,1,2,2,0.011563478037714958,0.00038837085594423115,0.9880481958389282
10439,2,0,0,0.4811052680015564,0.3662315309047699,0.1526632308959961
10441,2,1,1,0.026586690917611122,0.9715088605880737,0.0019044026266783476
10442,1,2,2,0.2923377752304077,0.15277881920337677,0.5548834204673767
10443,2,2,0,0.7226201891899109,0.04395424202084541,0.2334255874156952
10444,0,0,0,0.8798252940177917,0.017802247777581215,0.10237240791320801
10445,0,0,0,0.967902421951294,0.002196076326072216,0.029901497066020966
10447,2,1,0,0.8188625574111938,0.07081857323646545,0.11031890660524368
10448,4,0,0,0.9295483827590942,0.0017556451493874192,0.06869591772556305
10449,0,0,0,0.622458815574646,0.2524060904979706,0.12513506412506104
10450,2,1,0,0.5192345380783081,0.4143331050872803,0.06643232703208923
10451,2,0,0,0.965035080909729,0.005721821449697018,0.02924310229718685
10453,1,2,2,0.00714303832501173,0.002115469891577959,0.990741491317749
10454,1,0,0,0.6808566451072693,0.24529440701007843,0.07384888082742691
10455,4,1,1,0.37903735041618347,0.5996474027633667,0.021315256133675575
10456,3,1,1,0.27083635330200195,0.723961353302002,0.005202322732657194
10457,1,2,0,0.8583740592002869,0.04704536497592926,0.09458054602146149
10458,2,1,1,0.00840481836348772,0.991093099117279,0.0005020828102715313
10459,1,2,0,0.7527848482131958,0.08064959198236465,0.1665656417608261
10460,4,0,0,0.8440403342247009,0.005906855221837759,0.15005284547805786
10461,1,1,1,0.02888282760977745,0.9661697149276733,0.004947448614984751
10462,1,0,1,0.38516899943351746,0.5786166191101074,0.03621438890695572
10463,3,2,0,0.6996150612831116,0.12728257477283478,0.17310228943824768
10464,1,1,1,0.09198258817195892,0.9062748551368713,0.0017425284022465348
10465,3,0,0,0.9642783999443054,0.008052337914705276,0.027669232338666916
10466,2,0,0,0.889786958694458,0.011227913200855255,0.09898506850004196
10467,2,0,0,0.9239485859870911,0.04512915760278702,0.030922261998057365
10468,0,2,0,0.8725712895393372,0.05712233483791351,0.07030637562274933
10469,1,1,0,0.9041564464569092,0.011514506302773952,0.0843290463089943
10470,4,2,0,0.685741126537323,0.11949633806943893,0.19476252794265747
10471,4,1,1,0.10156401246786118,0.8915404081344604,0.0068955933675169945
10472,2,0,0,0.7509503364562988,0.02162916213274002,0.22742043435573578
10473,1,0,1,0.03318687528371811,0.9623854756355286,0.004427663050591946
10474,3,1,1,0.0025950041599571705,0.9959885478019714,0.0014163958840072155
10475,2,1,0,0.48859429359436035,0.4223930537700653,0.08901266008615494
10476,0,0,0,0.8569999933242798,0.0036914616357535124,0.13930855691432953
10477,4,0,0,0.8967098593711853,0.0288860984146595,0.07440397143363953
10478,1,0,2,0.47843268513679504,0.018578628078103065,0.5029886960983276
10480,0,1,1,0.06352701038122177,0.9351961016654968,0.001276881550438702
10481,0,2,2,0.3303374648094177,0.004816375207155943,0.6648461818695068
10483,2,2,2,6.245861072784464e-07,0.009347159415483475,0.9906522035598755
10486,2,0,0,0.8310650587081909,0.04517009109258652,0.12376478314399719
10487,2,1,0,0.7698551416397095,0.17708097398281097,0.05306389927864075
10488,2,1,1,0.003774303710088134,0.9924687743186951,0.0037569445557892323
10489,1,2,2,0.29077064990997314,0.009739099070429802,0.6994902491569519
10490,1,1,1,0.015699060633778572,0.9834209084510803,0.0008800279465503991
10491,4,1,1,0.008684764616191387,0.9897922277450562,0.00152295152656734
10492,0,0,0,0.8640087246894836,0.0013583310646936297,0.1346329003572464
10493,4,2,2,0.001861603814177215,0.0002218235022155568,0.9979165196418762
10494,1,0,0,0.7930167317390442,0.06327514350414276,0.14370806515216827
10495,1,0,0,0.945787787437439,0.036230918020009995,0.017981309443712234
10496,2,2,0,0.8796699047088623,0.024396806955337524,0.09593325853347778
10498,1,0,0,0.6246748566627502,0.08694298565387726,0.2883822023868561
10499,3,0,0,0.8094508647918701,0.040485680103302,0.1500634104013443
10500,4,2,0,0.8224968910217285,0.02676416002213955,0.15073902904987335
10501,0,1,1,0.47405120730400085,0.47855818271636963,0.04739069566130638
10502,3,0,0,0.7896231412887573,0.07012040913105011,0.14025646448135376
10503,0,0,0,0.8751404285430908,0.08085823804140091,0.044001318514347076
10504,4,0,1,0.31206050515174866,0.5346717834472656,0.15326768159866333
10505,3,1,1,2.6742336558527313e-05,0.9999712705612183,1.967392108781496e-06
10507,2,1,1,0.0021868327166885138,0.9971970319747925,0.0006161521305330098
10509,1,0,0,0.7801967859268188,0.006281169131398201,0.21352195739746094
10511,2,0,1,0.4167720377445221,0.5184204578399658,0.06480753421783447
10512,1,0,0,0.9365100264549255,0.048485901206731796,0.015004085376858711
10514,1,0,0,0.8014788031578064,0.1581619828939438,0.040359240025281906
10515,3,0,1,0.002238694578409195,0.9977238774299622,3.7431702367030084e-05
10517,4,1,1,8.06048046797514e-06,0.9999915361404419,3.9572438481627614e-07
10518,3,0,0,0.7492923140525818,0.06360389292240143,0.18710379302501678
10519,1,0,0,0.8356661200523376,0.0400821715593338,0.12425166368484497
10520,1,0,0,0.911095380783081,0.021674439311027527,0.06723025441169739
10521,4,0,0,0.7570538520812988,0.09056325256824493,0.15238288044929504
10522,2,0,0,0.7122357487678528,0.01447876077145338,0.27328550815582275
10523,0,0,1,0.11106787621974945,0.8572183847427368,0.03171369433403015
10525,1,0,2,0.36360791325569153,0.024358918890357018,0.6120331883430481
10526,2,0,0,0.8110110759735107,0.09065602719783783,0.09833291918039322
10527,0,0,0,0.8589840531349182,0.0880645215511322,0.05295150354504585
10528,0,2,0,0.8829250335693359,0.05052774026989937,0.06654727458953857
10529,2,0,0,0.8478875160217285,0.011097733862698078,0.14101479947566986
10530,3,1,0,0.8091549277305603,0.1770511120557785,0.01379400584846735
10531,4,1,0,0.8174063563346863,0.10227223485708237,0.08032139390707016
10532,1,0,0,0.9251313209533691,0.037846677005290985,0.037021975964307785
10533,3,1,1,9.652558219386265e-05,0.9999020099639893,1.499635345680872e-06
10534,0,0,0,0.6700158715248108,0.26135462522506714,0.06862956285476685
10535,0,2,0,0.7356227040290833,0.14576999843120575,0.118607297539711
10536,2,0,0,0.9446983933448792,0.02645096741616726,0.028850626200437546
10537,0,0,1,0.469082772731781,0.518570601940155,0.012346616946160793
10538,1,0,0,0.9566426277160645,0.012721358798444271,0.030636001378297806
10539,0,1,1,5.765254172729328e-05,0.9999396800994873,2.655425760167418e-06
10540,4,0,0,0.5067591071128845,0.43964749574661255,0.053593408316373825
10543,4,2,0,0.7566550970077515,0.09365987032651901,0.1496850699186325
10545,2,0,0,0.5291759371757507,0.40847423672676086,0.06234981119632721
10546,2,1,2,0.37392401695251465,0.029599832370877266,0.5964761972427368
10547,3,1,1,0.0021008222829550505,0.9978210926055908,7.80879199737683e-05
10548,4,1,0,0.6760954856872559,0.05780750885605812,0.26609697937965393
10549,0,0,1,0.00015291654563043267,0.99979168176651,5.542449434869923e-05
10550,2,0,0,0.6033403277397156,0.27224254608154297,0.12441714853048325
10551,0,0,0,0.7374131679534912,0.10367580503225327,0.15891100466251373
10552,4,2,2,0.2611922323703766,0.00651851249858737,0.7322892546653748
10553,4,2,2,0.0009654124733060598,0.011685448698699474,0.9873491525650024
10555,4,0,0,0.6056419610977173,0.18537172675132751,0.2089863419532776
10556,4,0,0,0.8825124502182007,0.024587951600551605,0.09289954602718353
10557,0,1,1,0.003670367179438472,0.9962241649627686,0.00010543106327531859
10558,2,1,1,0.21785736083984375,0.7462555766105652,0.03588712960481644
10560,2,0,0,0.6948750615119934,0.1568826287984848,0.14824236929416656
10561,4,1,0,0.8931980729103088,0.013366729021072388,0.0934351459145546
10562,3,0,0,0.8691782355308533,0.06457008421421051,0.06625170260667801
10563,0,2,1,0.0001736503472784534,0.9997954964637756,3.083469709963538e-05
10564,3,0,0,0.6465555429458618,0.04657549038529396,0.3068689703941345
10566,3,0,1,0.03497200459241867,0.949817955493927,0.015210055746138096
10567,4,1,0,0.46755844354629517,0.44624707102775574,0.08619444072246552
10568,3,2,0,0.7429952025413513,0.048765793442726135,0.20823906362056732
10570,1,1,1,0.03313665837049484,0.9644797444343567,0.0023836169857531786
10571,2,0,0,0.6243553757667542,0.31502196192741394,0.06062263995409012
10572,0,0,0,0.77265864610672,0.18883083760738373,0.038510557264089584
10573,2,2,2,0.0006233244785107672,0.00021631315757986158,0.9991604089736938
10574,4,0,0,0.6926333904266357,0.06450386345386505,0.2428627908229828
10575,4,0,0,0.8600428104400635,0.007716397754848003,0.13224078714847565
10576,0,0,0,0.7586753368377686,0.17237192392349243,0.0689527615904808
10580,3,0,0,0.6173784732818604,0.27220019698143005,0.1104213148355484
10582,2,0,1,0.2605530321598053,0.7158386707305908,0.023608263581991196
10583,1,1,1,0.0172553900629282,0.9819114804267883,0.0008331891731359065
10584,3,1,1,7.528272544732317e-05,0.9998912811279297,3.3461892599007115e-05
10585,4,0,0,0.4982205331325531,0.3909206986427307,0.1108587384223938
10587,4,0,0,0.833177924156189,0.03842083737254143,0.12840117514133453
10588,2,0,0,0.8103436827659607,0.053334712982177734,0.13632160425186157
10589,1,1,1,0.23351672291755676,0.7424502372741699,0.024033045396208763
10591,1,0,0,0.6801585555076599,0.3001522123813629,0.01968928426504135
10592,2,0,0,0.7544345855712891,0.04047605022788048,0.20508939027786255
10593,0,2,2,0.00045383957331068814,0.0003236551128793508,0.9992225170135498
10594,2,0,0,0.9467967748641968,0.023207375779747963,0.029995907098054886
10595,0,1,0,0.7282704710960388,0.17833974957466125,0.09338974952697754
10596,1,0,0,0.9729540944099426,0.005173473618924618,0.021872369572520256
10597,0,1,1,0.2730317711830139,0.7024991512298584,0.024469079449772835
10598,0,1,0,0.8880999684333801,0.0579497292637825,0.05395029857754707
10599,1,1,1,0.0008242115727625787,0.9989662170410156,0.00020960875554010272
10600,1,1,1,0.008138112723827362,0.9914530515670776,0.00040885835187509656
10601,3,1,1,5.1027172958129086e-06,0.9999935626983643,1.3163469247956527e-06
10602,1,0,0,0.9360745549201965,0.005332411732524633,0.058593038469552994
10603,4,2,0,0.5692036747932434,0.003909695893526077,0.426886647939682
10604,3,0,0,0.7171534299850464,0.16040048003196716,0.12244609743356705
10606,2,0,0,0.5137011408805847,0.09107258170843124,0.39522629976272583
10607,4,1,1,0.05574547499418259,0.9423821568489075,0.001872420310974121
10610,1,1,1,0.0037349131889641285,0.9956753849983215,0.0005897147348150611
10611,0,1,1,0.4645140469074249,0.5209078192710876,0.014578155241906643
10612,1,0,0,0.9610083103179932,0.01164961326867342,0.0273420587182045
10613,4,1,1,0.0098286597058177,0.9890115261077881,0.0011597597040235996
10614,2,1,0,0.7718663215637207,0.08519364148378372,0.1429399698972702
10615,0,0,2,0.11637119948863983,0.10535383224487305,0.7782748937606812
10617,0,1,2,0.001931454404257238,0.00013663191930390894,0.9979318380355835
10618,0,2,2,0.00012842081196140498,8.556355169275776e-06,0.9998630285263062
10619,3,0,0,0.5885196924209595,0.127761572599411,0.2837187647819519
10620,3,1,1,0.278985857963562,0.6762922406196594,0.04472189024090767
10621,4,0,0,0.9699464440345764,0.010880785062909126,0.019172709435224533
10622,2,0,0,0.8726416230201721,0.08250313997268677,0.04485517740249634
10623,2,2,0,0.8122321963310242,0.04476507753133774,0.1430027186870575
10624,3,1,0,0.5488662123680115,0.3731372654438019,0.07799650728702545
10625,4,1,0,0.7340344190597534,0.09525120258331299,0.1707143634557724
10626,0,1,1,0.15814222395420074,0.8299292922019958,0.011928536929190159
10628,4,2,2,0.00032702204771339893,0.00010481399658601731,0.9995681643486023
10629,0,0,0,0.939654529094696,0.009107682853937149,0.0512377992272377
10630,0,0,0,0.8831878304481506,0.019264928996562958,0.09754730761051178
10633,4,0,0,0.7401787638664246,0.19051627814769745,0.069304920732975
10635,1,1,0,0.8818968534469604,0.04926692321896553,0.06883630901575089
10638,2,1,1,0.0003527774824760854,0.9995738863945007,7.3286697443109e-05
10639,0,1,1,0.03917165845632553,0.9572296142578125,0.003598783165216446
10640,3,1,0,0.8324445486068726,0.0990280956029892,0.06852734833955765
10641,4,1,1,0.012014499865472317,0.9871870279312134,0.0007984163239598274
10642,2,0,0,0.774118185043335,0.026167990639805794,0.1997138112783432
10643,2,2,0,0.5235809087753296,0.04004034027457237,0.43637871742248535
10645,1,0,0,0.893804669380188,0.008184032514691353,0.09801135212182999
10646,2,1,1,4.742838427773677e-06,0.9999943971633911,8.171036824933253e-07
10649,3,2,2,0.17441460490226746,0.004358283244073391,0.8212270736694336
10651,4,0,0,0.8863083124160767,0.034656379371881485,0.07903524488210678
10652,2,0,0,0.7049388289451599,0.0736088901758194,0.2214522361755371
10654,4,0,0,0.8533018827438354,0.01892106980085373,0.12777695059776306
10655,4,1,0,0.8561193943023682,0.0400988832116127,0.10378173738718033
10656,0,1,0,0.7127816677093506,0.2339118868112564,0.05330641195178032
10657,1,1,1,0.13758045434951782,0.8515480756759644,0.010871421545743942
10658,2,0,0,0.9692373871803284,0.004352075979113579,0.02641044557094574
10660,0,2,0,0.8681504726409912,0.008939581923186779,0.12290993332862854
10661,0,0,0,0.9460610747337341,0.012617412954568863,0.04132155328989029
10662,1,1,1,0.11535630375146866,0.8656525015830994,0.018991222605109215
10663,3,1,1,5.054273424320854e-05,0.9999334812164307,1.6014426364563406e-05
10664,3,0,0,0.8074542284011841,0.17182989418506622,0.02071591652929783
10665,4,1,1,0.006623962894082069,0.9925811290740967,0.0007948516868054867
10666,3,1,1,0.0038828784599900246,0.9960163235664368,0.00010074111196445301
10667,4,2,0,0.7164605855941772,0.03900031000375748,0.24453909695148468
10669,3,1,0,0.7951027154922485,0.03423837572336197,0.1706589162349701
10670,4,0,0,0.8096323609352112,0.14165155589580536,0.048716142773628235
10671,1,1,1,3.049401129828766e-05,0.9999574422836304,1.2054582839482464e-05
10672,0,1,0,0.9190954566001892,0.024381909519433975,0.05652271583676338
10675,3,1,1,0.00015800874098204076,0.999737560749054,0.0001044283271767199
10676,2,1,2,0.44525712728500366,0.02325064316391945,0.5314921736717224
10677,0,1,1,6.511643005069345e-05,0.9998236298561096,0.00011131585051771253
10678,3,1,1,5.883484482183121e-05,0.9999101161956787,3.0998991860542446e-05
10679,1,1,0,0.8246238231658936,0.01225659903138876,0.16311955451965332
10680,2,1,1,0.45186084508895874,0.533357560634613,0.01478161197155714
10681,3,1,0,0.6329412460327148,0.2787880301475525,0.08827070146799088
10682,0,2,2,0.10150517523288727,0.018445439636707306,0.8800494074821472
10683,2,0,0,0.7232828140258789,0.012071981094777584,0.2646452784538269
10684,2,1,0,0.6220591068267822,0.15002129971981049,0.2279195785522461
10685,3,2,0,0.9045165777206421,0.01911330781877041,0.07637015730142593
10686,3,0,2,0.1832731068134308,0.0392630398273468,0.7774638533592224
10687,4,1,1,1.914706444949843e-06,0.9999978542327881,2.2901254226326273e-07
10688,4,0,0,0.956697940826416,0.002435138449072838,0.04086686298251152
10689,3,0,0,0.7008002400398254,0.019974905997514725,0.2792249619960785
10690,0,1,0,0.8379898071289062,0.07554447650909424,0.0864657610654831
10691,3,1,0,0.7839382886886597,0.1063869297504425,0.10967474430799484
10692,1,0,0,0.8953088521957397,0.04445159062743187,0.060239505022764206
10693,1,1,1,0.00010585745621938258,0.999055802822113,0.0008383439271710813
10694,3,0,0,0.6759663224220276,0.1312945932149887,0.19273905456066132
10695,2,1,1,0.00899538118392229,0.9897152781486511,0.0012892915401607752
10696,1,0,0,0.8335990309715271,0.0924280509352684,0.0739729255437851
10697,3,0,0,0.6620860695838928,0.07453788816928864,0.2633760869503021
10699,0,1,1,0.25012335181236267,0.737835168838501,0.012041491456329823
10700,0,0,0,0.5998912453651428,0.3251509964466095,0.07495773583650589
10701,0,0,0,0.9064339995384216,0.007836751639842987,0.08572932332754135
10702,3,2,0,0.685352623462677,0.06419572234153748,0.25045156478881836
10703,1,0,0,0.6792351007461548,0.19123193621635437,0.12953293323516846
10704,1,0,0,0.9066323041915894,0.013938712887465954,0.079429030418396
10705,4,0,0,0.793474018573761,0.03827176243066788,0.16825421154499054
10706,0,2,2,0.03485465794801712,0.24679157137870789,0.718353807926178
10707,1,1,1,0.005270614288747311,0.9946223497390747,0.00010704169108066708
10709,2,0,0,0.7853074669837952,0.05453445762395859,0.16015803813934326
10710,3,1,1,1.5614190488122404e-05,0.9999809265136719,3.435924782024813e-06
10711,2,0,2,0.4816838502883911,0.015027904883027077,0.5032882690429688
10712,0,0,0,0.9561084508895874,0.0013379051815718412,0.042553700506687164
10713,0,0,0,0.9554738998413086,0.018402457237243652,0.026123594492673874
10714,0,1,1,0.011966253630816936,0.9872207045555115,0.0008130159694701433
10715,4,1,2,0.4298950731754303,0.0779154971241951,0.4921894967556
10716,4,1,1,0.01861296035349369,0.9776435494422913,0.0037434701807796955
10717,0,0,0,0.5633722543716431,0.40951016545295715,0.027117636054754257
10718,0,0,0,0.8938109278678894,0.0595366433262825,0.046652454882860184
10719,1,1,1,6.46646658424288e-05,0.9997128844261169,0.00022242804698180407
10720,3,0,0,0.7259213924407959,0.02543884515762329,0.24863983690738678
10721,1,1,0,0.7724024653434753,0.003047043224796653,0.2245505452156067
10722,1,2,2,0.0010442634811624885,4.727418490801938e-05,0.998908519744873
10723,4,2,2,0.33185747265815735,0.1214207112789154,0.5467218160629272
10725,2,1,1,0.3686996400356293,0.41183242201805115,0.2194679230451584
10726,3,0,1,0.4322761595249176,0.4421919584274292,0.1255318522453308
10727,3,0,0,0.936629593372345,0.042013250291347504,0.021357115358114243
10729,0,2,2,0.23177528381347656,0.007006512954831123,0.7612181305885315
10730,1,0,0,0.7073028683662415,0.15847983956336975,0.13421730697155
10731,2,1,1,3.2759948226157576e-05,0.9999594688415527,7.734344762866385e-06
10733,1,1,2,1.3976913351143594e-06,0.017620567232370377,0.9823779463768005
10734,3,1,1,0.0015451345825567842,0.9984024167060852,5.245388820185326e-05
10736,3,1,0,0.816308856010437,0.10404638200998306,0.07964479178190231
10737,1,0,0,0.9099432826042175,0.04975040256977081,0.04030631110072136
10738,1,1,1,0.00013675165246240795,0.9997565150260925,0.00010669952462194487
10739,4,0,0,0.8134613037109375,0.05590358376502991,0.13063514232635498
10741,3,1,0,0.9118400812149048,0.052071452140808105,0.036088451743125916
10744,4,2,1,0.0082060182467103,0.672150731086731,0.3196432590484619
10746,3,2,0,0.8935744762420654,0.04229585826396942,0.06412970274686813
10747,2,0,0,0.9388159513473511,0.019413501024246216,0.041770461946725845
10748,1,1,1,0.0012214656453579664,0.9986440539360046,0.00013449223479256034
10749,2,0,0,0.8129156231880188,0.096818707883358,0.090265654027462
10750,0,0,0,0.9241926074028015,0.024819733574986458,0.0509876050055027
10751,3,2,0,0.7656610012054443,0.09722748398780823,0.13711147010326385
10752,3,1,1,0.014688454568386078,0.9848853349685669,0.00042618653969839215
10753,4,2,0,0.6711782813072205,0.1581830531358719,0.17063862085342407
10754,0,0,0,0.9690472483634949,0.0016090191202238202,0.02934371493756771
10755,3,0,0,0.9387032389640808,0.021303776651620865,0.03999293968081474
10757,2,0,0,0.8697900772094727,0.0908518061041832,0.03935801610350609
10759,0,0,0,0.8992215991020203,0.05707702413201332,0.04370136559009552
10761,2,0,0,0.6695730090141296,0.2777687907218933,0.05265825614333153
10762,0,1,1,2.1570017452177126e-06,0.9999806880950928,1.7178703274112195e-05
10764,4,2,2,0.02301747165620327,0.001001638942398131,0.9759809374809265
10765,1,0,0,0.5041109919548035,0.008240305818617344,0.4876486361026764
10767,3,0,1,0.33769768476486206,0.6360851526260376,0.02621711790561676
10768,0,0,0,0.9350840449333191,0.022182874381542206,0.042733076959848404
10769,0,0,0,0.8661242127418518,0.03322823718190193,0.10064756125211716
10770,2,1,1,0.008617352694272995,0.9911354780197144,0.00024711163132451475
10771,1,0,0,0.958747386932373,0.012009913101792336,0.02924279123544693
10772,3,2,2,0.04426540061831474,0.015276722609996796,0.9404578804969788
10774,3,1,1,0.04046225920319557,0.9544506072998047,0.005087117198854685
10775,4,0,0,0.5638449788093567,0.31382831931114197,0.12232669442892075
10776,2,1,0,0.5888351798057556,0.12862694263458252,0.28253790736198425
10777,1,1,1,0.00010643699351930991,0.9985432624816895,0.0013502688379958272
10778,0,1,1,7.962800737004727e-06,0.9999909400939941,1.1488941709103528e-06
10779,1,1,0,0.6348979473114014,0.22587950527668,0.13922251760959625
10781,1,1,1,3.8154110370669514e-05,0.9999587535858154,3.0699513899890007e-06
10782,4,2,2,0.0038125086575746536,0.019014930352568626,0.9771725535392761
10783,2,1,1,0.01787414588034153,0.9808647036552429,0.0012611673446372151
10785,0,1,1,0.01904480531811714,0.9790727496147156,0.0018824314465746284
10786,3,0,0,0.8551681637763977,0.10314125567674637,0.04169061779975891
10787,2,0,0,0.8297670483589172,0.013241801410913467,0.1569911688566208
10788,2,0,0,0.7260634303092957,0.03626026585698128,0.23767632246017456
10789,0,0,0,0.934893012046814,0.0013105204561725259,0.06379646807909012
10790,0,0,1,0.2974241077899933,0.6389907598495483,0.06358515471220016
10792,3,2,0,0.5487141013145447,0.15377238392829895,0.29751351475715637
10793,1,0,0,0.8087638020515442,0.06850264221429825,0.12273351848125458
10795,1,0,0,0.92448890209198,0.012845414690673351,0.06266569346189499
10796,1,0,0,0.9202139973640442,0.015321336686611176,0.06446477770805359
10798,3,1,1,9.071111708180979e-05,0.9998761415481567,3.3076663385145366e-05
10799,3,1,1,0.0786387249827385,0.9189328551292419,0.0024284443352371454
10800,3,1,0,0.649823009967804,0.3206915557384491,0.02948550321161747
10801,2,0,0,0.8501386642456055,0.04327178746461868,0.10658964514732361
10802,0,1,0,0.9603366851806641,0.0015602086205035448,0.03810306265950203
10803,0,0,0,0.8425310254096985,0.1017044335603714,0.05576449632644653
10805,4,0,0,0.9064462184906006,0.03673553466796875,0.056818217039108276
10806,0,0,0,0.6980703473091125,0.05444316938519478,0.2474864274263382
10807,2,1,1,0.0040636612102389336,0.9955449104309082,0.00039142006426118314
10808,2,0,0,0.9220355153083801,0.023964373394846916,0.05400017276406288
10809,0,2,2,7.0929363573668525e-06,0.00047453053412027657,0.9995182752609253
10810,4,0,0,0.8047497272491455,0.0063493927009403706,0.1889009028673172
10811,2,2,0,0.6809873580932617,0.01993115432560444,0.2990815341472626
10813,3,1,1,0.00013326032785698771,0.9998534917831421,1.3168424629839137e-05
10814,4,0,1,0.07731277495622635,0.9171554446220398,0.005531747825443745
10815,4,2,2,0.009551999159157276,0.003337189322337508,0.9871108531951904
10816,0,1,1,0.006687573157250881,0.9921954870223999,0.0011169695062562823
10817,4,0,2,0.4733229875564575,0.01053112093359232,0.5161458849906921
10818,1,0,0,0.935161292552948,0.03132596239447594,0.033512767404317856
10819,0,0,0,0.8813827633857727,0.025477904826402664,0.09313932806253433
10820,4,1,1,0.001268700696527958,0.9986573457717896,7.391272811219096e-05
10821,1,1,1,0.05348215624690056,0.9430055022239685,0.0035123967099934816
10822,1,1,1,0.0008090678020380437,0.9990369081497192,0.00015407957835122943
10824,0,2,2,0.3217177391052246,0.03353642672300339,0.6447458267211914
10825,4,0,0,0.9597380757331848,0.005609043873846531,0.03465288504958153
10826,3,1,1,7.436344458255917e-05,0.9999065399169922,1.9064465959672816e-05
10828,2,0,0,0.9129730463027954,0.011191271245479584,0.07583574950695038
10829,3,1,1,0.008252425119280815,0.9911361932754517,0.0006113300332799554
10830,4,0,0,0.6434587836265564,0.1782669723033905,0.1782742738723755
10831,2,0,0,0.8522315621376038,0.020428994670510292,0.1273394376039505
10833,4,0,0,0.7961053848266602,0.014536242932081223,0.1893584132194519
10834,3,1,1,0.0007950959843583405,0.9989896416664124,0.00021523113537114114
10835,4,0,0,0.6660780310630798,0.13015036284923553,0.20377163589000702
10838,0,1,1,6.358296377584338e-05,0.9998942613601685,4.2167084757238626e-05
10839,2,2,0,0.5972840785980225,0.05764474719762802,0.34507110714912415
10840,1,0,1,0.06269162148237228,0.9240718483924866,0.013236516155302525
10841,3,2,0,0.5173026323318481,0.1846715658903122,0.29802581667900085
10842,3,2,0,0.9112079739570618,0.023271076381206512,0.06552093476057053
10845,1,0,0,0.8650798797607422,0.001201141276396811,0.13371898233890533
10846,2,1,1,0.014025543816387653,0.9845778346061707,0.00139657745603472
10847,3,2,2,0.011253362521529198,0.00043852702947333455,0.9883081316947937
10848,2,2,0,0.6224228143692017,0.010877203196287155,0.3666999936103821
10849,0,0,1,0.2652033865451813,0.7289688587188721,0.005827738903462887
10850,4,0,0,0.676026463508606,0.16804949939250946,0.15592412650585175
10851,3,1,1,0.00044622505083680153,0.9994995594024658,5.420086017693393e-05
10852,1,2,2,0.4717387557029724,0.016394278034567833,0.5118669271469116
10854,3,2,2,0.007856565527617931,0.0012637377949431539,0.9908796548843384
10855,0,1,0,0.8910219073295593,0.05636441707611084,0.05261364206671715
10856,1,0,0,0.9090046882629395,0.04414866119623184,0.04684668034315109
10858,1,0,0,0.9120585322380066,0.02493450604379177,0.06300690770149231
10859,2,0,0,0.8545984625816345,0.06842102110385895,0.07698053121566772
10860,1,0,0,0.8648805618286133,0.11519765108823776,0.019921695813536644
10862,1,1,0,0.6874209642410278,0.24119386076927185,0.07138526439666748
10863,4,0,0,0.692219614982605,0.07515663653612137,0.23262368142604828
10864,1,2,0,0.6555351614952087,0.05860114470124245,0.2858636975288391
10865,4,1,1,0.18651793897151947,0.7890498042106628,0.024432271718978882
10866,1,2,2,0.00016358488937839866,0.0007770333322696388,0.9990593791007996
10868,4,0,1,0.3282677233219147,0.3735086917877197,0.2982235550880432
10869,4,0,0,0.9244816899299622,0.01853114366531372,0.05698712170124054
10870,4,0,0,0.7216689586639404,0.12581005692481995,0.152521014213562
10871,1,0,0,0.8415088653564453,0.040070366114377975,0.11842077225446701
10872,2,1,1,0.0005835873889736831,0.9993324875831604,8.392686140723526e-05
10873,0,2,2,0.2712401747703552,0.36192089319229126,0.3668389320373535
10874,3,2,2,0.06859830021858215,0.42303720116615295,0.5083644986152649
10875,4,1,1,0.024475572630763054,0.9739320278167725,0.0015924146864563227
10876,4,1,1,4.1806626541074365e-05,0.9999418258666992,1.6347403288818896e-05
10877,0,1,1,0.007338216528296471,0.9896088242530823,0.0030530039221048355
10878,1,0,0,0.9798272848129272,0.008931460790336132,0.011241271160542965
10881,4,0,0,0.43120524287223816,0.248973548412323,0.31982117891311646
10882,2,2,0,0.8088892102241516,0.02424253150820732,0.16686828434467316
10883,0,0,0,0.9139977097511292,0.004999460652470589,0.08100282400846481
10884,1,1,1,0.04259972646832466,0.9560848474502563,0.0013154363259673119
10885,3,0,0,0.777336835861206,0.013003857806324959,0.20965929329395294
10886,4,0,1,0.43171554803848267,0.4756834805011749,0.0926009938120842
10887,4,0,0,0.8723383545875549,0.041896406561136246,0.08576519787311554
10888,0,0,2,0.10257585346698761,0.1589028239250183,0.7385212779045105
10889,4,0,0,0.8739560842514038,0.028812414035201073,0.09723148494958878
10891,1,0,0,0.6696452498435974,0.09223868697881699,0.2381160706281662
10892,2,1,0,0.66779625415802,0.07311102002859116,0.2590927481651306
10893,3,0,0,0.4888262152671814,0.42802008986473083,0.08315376192331314
10894,4,0,0,0.9300748109817505,0.036416906863451004,0.033508334308862686
10895,1,1,1,6.151293928269297e-05,0.9999325275421143,5.917714588576928e-06
10896,3,1,1,0.11594746261835098,0.8488425016403198,0.03520999476313591
10897,0,1,1,0.14489522576332092,0.8381469249725342,0.016957849264144897
10898,3,2,2,0.002676640637218952,0.0007857782184146345,0.9965376853942871
10899,1,2,0,0.6628211140632629,0.14972834289073944,0.1874506026506424
10900,0,0,0,0.929854691028595,0.006452667526900768,0.06369264423847198
10901,0,2,0,0.6160029172897339,0.10732343047857285,0.27667364478111267
10902,2,0,0,0.9650424122810364,0.003424138529226184,0.03153347969055176
10903,1,2,2,0.1464628428220749,0.0416734553873539,0.8118637204170227
10904,1,0,0,0.8919625282287598,0.03572713956236839,0.07231023907661438
10905,3,0,0,0.6016567945480347,0.3633555471897125,0.03498765826225281
10906,4,0,0,0.9349405169487,0.011072604916989803,0.053986866027116776
10907,1,0,1,0.32169443368911743,0.6495074033737183,0.028798196464776993
10908,3,1,1,0.00047430171980522573,0.9993951320648193,0.00013057136675342917
10910,4,1,1,0.0016299282433465123,0.9967273473739624,0.0016426602378487587
10911,1,1,1,0.11907093971967697,0.8540036678314209,0.026925409212708473
10913,1,0,0,0.8092315196990967,0.07940270006656647,0.11136575788259506
10914,2,0,0,0.7227586507797241,0.16271033883094788,0.11453098058700562
10917,4,1,0,0.46567294001579285,0.38524913787841797,0.14907795190811157
10918,2,0,0,0.6329934597015381,0.01838776282966137,0.3486187756061554
10919,0,1,0,0.6306045055389404,0.1210997998714447,0.2482956498861313
10920,3,0,0,0.895611584186554,0.061213310807943344,0.04317515343427658
10922,4,2,0,0.9503486752510071,0.014780716970562935,0.034870583564043045
10925,1,2,2,0.0020234270486980677,0.05249472334980965,0.9454819560050964
10926,2,0,0,0.7706971168518066,0.1300584375858307,0.0992443859577179
10927,2,0,0,0.7030714750289917,0.02451012097299099,0.27241840958595276
10929,4,1,0,0.9265652894973755,0.06251665204763412,0.010918065905570984
10930,4,2,0,0.6559453010559082,0.01782747358083725,0.3262271583080292
10931,4,0,0,0.8539642095565796,0.03627235069870949,0.10976354032754898
10934,0,1,1,3.3047433589672437e-06,0.9997881054878235,0.00020857689378317446
10935,0,2,0,0.6734822392463684,0.005722781177610159,0.320794939994812
10936,3,1,0,0.948036253452301,0.016520962119102478,0.035442791879177094
10938,1,1,2,0.17321988940238953,0.010229557752609253,0.8165504932403564
10939,1,2,0,0.8523325324058533,0.06598213315010071,0.08168541640043259
10940,3,0,0,0.5530141592025757,0.31881946325302124,0.12816637754440308
10942,4,0,0,0.8387554287910461,0.045619331300258636,0.11562518030405045
10943,0,1,1,0.4786489009857178,0.49204468727111816,0.029306448996067047
10946,2,2,0,0.5234938263893127,0.02623400092124939,0.4502721130847931
10947,0,0,0,0.7782701849937439,0.021706081926822662,0.20002369582653046
10948,0,0,0,0.949906051158905,0.005631066393107176,0.04446285590529442
10949,1,0,1,0.020470760762691498,0.9121106863021851,0.06741853058338165
10950,4,1,0,0.5365288853645325,0.019410934299230576,0.44406020641326904
10951,0,2,0,0.969626784324646,0.0035641056019812822,0.02680910937488079
10952,0,0,2,0.005650247912853956,0.0022330526262521744,0.9921167492866516
10953,3,2,0,0.9586082100868225,0.009496264159679413,0.03189552575349808
10954,2,0,1,0.04125973954796791,0.9561364650726318,0.0026037541683763266
10955,4,1,0,0.847048819065094,0.04349951446056366,0.10945167392492294
10956,1,0,0,0.9383272528648376,0.0358828529715538,0.025789964944124222
10957,0,1,1,0.4473867416381836,0.4842444956302643,0.06836877763271332
10959,0,0,1,0.0015931932721287012,0.998219907283783,0.00018682684458326548
10960,3,1,0,0.5605175495147705,0.020455004647374153,0.4190274775028229
10962,0,1,1,2.5704071958898567e-05,0.9999655485153198,8.701460501470137e-06
10963,4,1,1,0.03841007873415947,0.9542674422264099,0.007322526536881924
10964,4,1,0,0.807998538017273,0.08406031131744385,0.10794112831354141
10965,2,1,0,0.8229100704193115,0.06553982198238373,0.11155005544424057
10966,0,1,0,0.6229864954948425,0.06635414063930511,0.31065934896469116
10967,1,0,0,0.8151134252548218,0.05180482938885689,0.13308173418045044
10968,3,0,0,0.9493116140365601,0.01589749939739704,0.03479088842868805
10969,3,1,0,0.9324460029602051,0.019121257588267326,0.04843277856707573
10971,2,0,0,0.9045937657356262,0.032847996801137924,0.06255828589200974
10972,3,0,2,0.42048966884613037,0.033691518008708954,0.5458188056945801
10973,3,1,0,0.8209636807441711,0.06071199104189873,0.11832427233457565
10974,4,0,0,0.8438981771469116,0.12931998074054718,0.0267818383872509
10975,1,0,0,0.74252849817276,0.15701958537101746,0.10045188665390015
10976,3,1,1,0.10488433390855789,0.8854554891586304,0.00966012105345726
10977,3,1,1,0.03698583319783211,0.9623139500617981,0.0007002574857324362
10978,2,0,2,0.26619774103164673,0.029736772179603577,0.7040654420852661
10979,2,2,1,0.15646681189537048,0.6482136249542236,0.19531957805156708
10980,2,0,0,0.9313321113586426,0.034302886575460434,0.034365009516477585
10981,0,1,0,0.8097785711288452,0.09264872223138809,0.09757273644208908
10982,1,2,2,0.04323575273156166,0.01590816117823124,0.9408560991287231
10983,4,1,0,0.6363572478294373,0.1657581478357315,0.19788464903831482
10984,2,2,0,0.9375747442245483,0.009618199430406094,0.052807074040174484
10985,2,0,1,0.009643913246691227,0.9894263744354248,0.0009297215729020536
10987,4,0,0,0.9081088304519653,0.01761912927031517,0.07427206635475159
10988,3,0,0,0.8182448148727417,0.05122639238834381,0.1305287927389145
10989,0,0,0,0.8044863343238831,0.027332276105880737,0.16818146407604218
10990,2,0,0,0.966547429561615,0.011105366982519627,0.022347163408994675
10992,0,0,0,0.8589125275611877,0.012297717854380608,0.1287897527217865
10993,2,0,0,0.7880597710609436,0.01877175271511078,0.1931685507297516
10995,2,1,0,0.8832201957702637,0.06543594598770142,0.05134379863739014
10997,0,0,0,0.9328850507736206,0.02971011959016323,0.037404756993055344
10998,1,1,0,0.7566481828689575,0.08218570053577423,0.16116610169410706
10999,2,1,1,2.115491770382505e-05,0.9999774694442749,1.3346901823751978e-06
11000,3,1,1,0.45629188418388367,0.47411608695983887,0.06959211826324463
11001,3,1,1,0.00018227295367978513,0.9998161196708679,1.6365179362765048e-06
11002,0,1,1,0.2421463429927826,0.7382360100746155,0.01961764134466648
11005,2,1,1,0.14021490514278412,0.8364710211753845,0.02331412397325039
11006,4,0,0,0.5617315769195557,0.4049301743507385,0.03333822637796402
11007,4,0,0,0.874821126461029,0.034049130976200104,0.09112972021102905
11010,0,0,0,0.9082198143005371,0.06192870810627937,0.02985146827995777
11011,4,0,0,0.922157347202301,0.006052605342119932,0.07179006934165955
11012,0,0,0,0.9384509921073914,0.0035970297176390886,0.05795196071267128
11014,1,0,0,0.8022853136062622,0.061465002596378326,0.13624964654445648
11015,4,0,0,0.8257045149803162,0.04886498674750328,0.12543046474456787
11016,0,2,2,4.065591383550782e-06,8.25192819320364e-06,0.9999877214431763
11017,2,2,2,0.40937864780426025,0.020817814394831657,0.5698035359382629
11018,0,0,0,0.9524791836738586,0.0007381053874269128,0.046782683581113815
11019,3,2,2,9.696610732135014e-07,9.054032125277445e-05,0.999908447265625
11020,3,1,0,0.5243272185325623,0.02902865596115589,0.446644127368927
11021,2,2,2,0.00812758319079876,0.004829580429941416,0.9870429039001465
11022,4,0,0,0.9474133253097534,0.006803460884839296,0.04578319564461708
11023,0,0,0,0.9676197171211243,0.022960614413022995,0.00941966101527214
11024,1,1,1,7.702564471401274e-05,0.9999146461486816,8.364208042621613e-06
11025,0,1,1,0.00017702064360491931,0.999574601650238,0.00024836271768435836
11026,4,1,1,0.375052809715271,0.5015766024589539,0.12337061017751694
11027,0,1,1,1.3954563655715901e-05,0.9999845027923584,1.5802891084604198e-06
11028,3,2,0,0.7829470038414001,0.09516438096761703,0.12188855558633804
11029,3,0,0,0.7205262184143066,0.08861947059631348,0.19085432589054108
11030,0,1,0,0.5392081141471863,0.18148869276046753,0.2793031930923462
11031,1,0,0,0.7800080180168152,0.05820905789732933,0.16178292036056519
11032,2,1,1,3.2396164897363633e-06,0.9999963045120239,4.058256024563889e-07
11033,0,0,1,0.3654024302959442,0.6104883551597595,0.024109214544296265
11034,2,0,0,0.8227205276489258,0.04137559235095978,0.13590390980243683
11035,4,2,2,0.0005837022908963263,0.0005524812149815261,0.9988638162612915
11036,4,0,0,0.9399995803833008,0.0005817060591652989,0.0594186931848526
11037,2,0,0,0.8619269728660583,0.023925434798002243,0.11414747685194016
11039,0,0,1,0.00028524192748591304,0.9994723200798035,0.00024246408429462463
11040,3,0,1,0.0007320472504943609,0.9991468191146851,0.00012115552090108395
11042,4,1,1,8.505769073963165e-05,0.9996005892753601,0.0003143710782751441
11044,3,1,0,0.6495588421821594,0.3053072690963745,0.04513394460082054
11045,4,0,0,0.6845012903213501,0.23578335344791412,0.07971537858247757
11046,3,0,0,0.6425373554229736,0.258109450340271,0.09935324639081955
11047,4,1,1,0.14007282257080078,0.840035617351532,0.019891636446118355
11049,3,0,0,0.8429415822029114,0.03133982792496681,0.1257185935974121
11050,4,1,1,0.37127885222435,0.5399911999702454,0.08872996270656586
11051,2,0,0,0.920759379863739,0.0028766978066414595,0.07636392116546631
11052,3,0,0,0.6371068358421326,0.30369579792022705,0.05919738486409187
11053,1,1,1,1.9624912965809926e-06,0.9999977350234985,3.6192133734402887e-07
11054,4,0,0,0.7148532867431641,0.046090371906757355,0.23905633389949799
11055,0,1,2,0.007936161011457443,0.11170882731676102,0.8803550004959106
11056,3,0,0,0.9214973449707031,0.01872638426721096,0.0597761869430542
11057,1,1,1,0.0009258303907699883,0.9981591105461121,0.0009150607511401176
11058,4,0,0,0.9534919857978821,0.0025515612214803696,0.0439564473927021
11059,3,0,1,0.23516827821731567,0.7549260854721069,0.009905662387609482
11060,0,0,0,0.572744607925415,0.0038415673188865185,0.42341378331184387
11062,2,0,0,0.819465696811676,0.10650891065597534,0.07402531802654266
11063,2,0,0,0.5882537364959717,0.030093392357230186,0.38165295124053955
11064,2,1,0,0.6647313833236694,0.10502751171588898,0.2302411049604416
11065,3,1,1,1.08489202830242e-05,0.9999886751174927,4.597159772856685e-07
11066,2,0,0,0.6581146717071533,0.02315409667789936,0.31873124837875366
11068,3,0,0,0.9595188498497009,0.011408007703721523,0.029073132202029228
11069,4,0,0,0.7813820838928223,0.00848018005490303,0.21013768017292023
11070,2,0,0,0.793958306312561,0.04347413778305054,0.16256758570671082
11071,4,0,0,0.8801477551460266,0.0444130003452301,0.07543926686048508
11072,3,0,0,0.8059382438659668,0.027113279327750206,0.16694849729537964
11073,4,1,0,0.8140897750854492,0.12116608023643494,0.06474413722753525
11074,3,2,2,0.11245200037956238,0.15633782744407654,0.7312102913856506
11075,4,1,1,0.005948187317699194,0.9901358485221863,0.00391593761742115
11077,3,0,1,0.4331405460834503,0.4524294137954712,0.1144300177693367
11078,4,0,0,0.8552771806716919,0.032187461853027344,0.11253535002470016
11079,4,1,0,0.7870689630508423,0.13422571122646332,0.0787053182721138
11080,0,1,1,7.919205131656781e-07,0.9999985694885254,6.514695769510581e-07
11081,2,0,0,0.898402988910675,0.05065111443400383,0.05094582960009575
11082,0,0,0,0.927048921585083,0.012882926501333714,0.06006818637251854
11083,0,0,0,0.9602913856506348,0.00907852128148079,0.03063015080988407
11084,3,1,1,0.009879828430712223,0.9852664470672607,0.00485366303473711
11085,4,1,1,0.07387855648994446,0.9181093573570251,0.00801212340593338
11086,0,1,0,0.8554188013076782,0.11732960492372513,0.02725156396627426
11087,0,1,0,0.8624758124351501,0.0488622784614563,0.08866193145513535
11088,2,0,0,0.8909769058227539,0.023401355370879173,0.08562179654836655
11089,2,1,1,2.709085038077319e-06,0.9999966621398926,5.801931592941401e-07
11090,0,1,1,0.002696836832910776,0.9971799850463867,0.00012317838263697922
11091,4,0,0,0.5555194616317749,0.12612341344356537,0.31835711002349854
11092,4,0,0,0.730779230594635,0.025136124342679977,0.24408471584320068
11093,3,2,0,0.513264000415802,0.04138265177607536,0.44535329937934875
11094,1,0,2,0.12316960096359253,0.005862649995833635,0.8709678053855896
11095,2,0,0,0.9634919762611389,0.012409086339175701,0.024098942056298256
11096,2,1,1,0.10157117247581482,0.8855438232421875,0.012884960509836674
11097,0,0,0,0.7990798950195312,0.16068711876869202,0.040232934057712555
11098,4,1,0,0.872277557849884,0.012637720443308353,0.1150846853852272
11099,4,2,0,0.6730148792266846,0.19112764298915863,0.1358575075864792
11100,3,1,1,3.426932607908384e-06,0.9999963045120239,2.2773919283736177e-07
11101,3,0,0,0.816802978515625,0.05915524438023567,0.1240418404340744
11103,0,1,1,0.000302841275697574,0.9995421171188354,0.00015505618648603559
11104,2,0,0,0.9157263040542603,0.00909893773496151,0.07517470419406891
11106,0,0,0,0.903602659702301,0.05050613358616829,0.04589122161269188
11107,4,1,1,0.005271522793918848,0.993256688117981,0.0014718308812007308
11110,4,2,0,0.7540858387947083,0.12497578561306,0.12093831598758698
11111,3,0,0,0.7429753541946411,0.182088702917099,0.07493594288825989
11112,0,1,1,0.07220052182674408,0.923318088054657,0.004481355659663677
11113,3,2,0,0.8955827951431274,0.07666977494955063,0.02774735912680626
11114,0,1,1,0.05987576022744179,0.9343680739402771,0.005756183061748743
11115,2,1,1,0.13236865401268005,0.8252272009849548,0.04240415617823601
11116,3,1,1,0.02239912934601307,0.9766989946365356,0.0009018256678245962
11117,0,0,0,0.8307449221611023,0.01523982547223568,0.15401525795459747
11118,1,2,0,0.7629983425140381,0.014069559052586555,0.22293207049369812
11121,2,0,0,0.8838785886764526,0.020740406587719917,0.09538090229034424
11123,1,1,1,0.0011146957986056805,0.998855471611023,2.9801134587614797e-05
11124,1,1,1,2.9093780540279113e-06,0.9999959468841553,1.1341827530486626e-06
11125,0,0,0,0.9318668842315674,0.035792287439107895,0.03234081715345383
11128,2,1,1,0.0007398550515063107,0.9991683959960938,9.181360655929893e-05
11129,4,1,1,0.0010888352990150452,0.9986775517463684,0.00023362948559224606
11130,1,0,0,0.6979904770851135,0.013489133678376675,0.2885203957557678
11131,1,0,0,0.9544700384140015,0.007932860404253006,0.037597108632326126
11132,2,1,1,0.033810149878263474,0.9640863537788391,0.0021035049576312304
11133,0,1,1,0.0001222571881953627,0.999870777130127,6.970500180614181e-06
11134,1,2,0,0.9358949661254883,0.022128501906991005,0.04197656363248825
11135,3,1,0,0.642636239528656,0.10822946578264236,0.24913428723812103
11136,1,1,0,0.7822611331939697,0.07434877753257751,0.14339007437229156
11137,4,0,0,0.34230461716651917,0.3176104426383972,0.340084969997406
11139,2,2,2,0.012034168466925621,0.1411173939704895,0.8468484282493591
11140,1,1,1,0.005770013201981783,0.9937386512756348,0.0004913440207019448
11141,2,0,0,0.6092568039894104,0.32676586508750916,0.06397734582424164
11142,1,1,1,4.5619421143783256e-05,0.9998619556427002,9.23991174204275e-05
11143,4,0,0,0.8466485142707825,0.07813706248998642,0.07521439343690872
11144,3,1,0,0.9063096046447754,0.06604158878326416,0.02764873020350933
11145,0,1,0,0.8887317180633545,0.04202353209257126,0.06924476474523544
11146,3,0,0,0.8725323677062988,0.09292199462652206,0.03454567492008209
11147,4,0,0,0.8871777653694153,0.04079079627990723,0.07203147560358047
11148,3,0,0,0.6956003904342651,0.03758442774415016,0.2668152153491974
11150,4,0,0,0.7378507256507874,0.0752510279417038,0.18689823150634766
11151,0,0,1,0.2771977186203003,0.6952318549156189,0.027570391073822975
11152,0,0,0,0.7858898043632507,0.07446365803480148,0.13964657485485077
11154,4,1,1,8.85738518263679e-06,0.9999897480010986,1.4277355830927263e-06
11155,4,1,1,0.09020527452230453,0.8969409465789795,0.01285377237945795
11157,1,0,0,0.7992092967033386,0.011483008973300457,0.18930773437023163
11158,0,1,1,0.004077558871358633,0.9775727987289429,0.018349621444940567
11159,1,1,1,3.918297863947373e-07,0.9999992847442627,2.641853598106536e-07
11160,4,0,0,0.531779944896698,0.09139922261238098,0.37682080268859863
11161,4,2,0,0.7464244961738586,0.09708365052938461,0.15649181604385376
11162,4,1,1,0.0018160833278670907,0.9980023503303528,0.00018151024414692074
11164,3,1,1,0.2969610095024109,0.674655556678772,0.028383418917655945
11166,0,0,1,0.3439076542854309,0.6286965608596802,0.027395714074373245
11167,0,1,0,0.8104907274246216,0.09585179388523102,0.09365741908550262
11169,1,2,0,0.723861575126648,0.025036390870809555,0.251102089881897
11170,3,2,0,0.80892014503479,0.03535885736346245,0.15572099387645721
11171,1,1,0,0.7711523771286011,0.11885196715593338,0.10999559611082077
11172,4,1,1,0.0058653699234128,0.9933813810348511,0.00075327925151214
11173,0,1,1,8.006354619283229e-05,0.9998891353607178,3.0772604077355936e-05
11174,0,1,0,0.7510976791381836,0.22437353432178497,0.024528823792934418
11175,1,0,0,0.871902346611023,0.03891941159963608,0.08917833119630814
11176,0,1,1,0.0005443930276669562,0.9993327260017395,0.00012289317965041846
11178,0,0,0,0.7999610900878906,0.01161954551935196,0.18841932713985443
11180,0,0,0,0.5526366233825684,0.26095718145370483,0.1864062249660492
11181,1,0,0,0.9620674848556519,0.001744057983160019,0.03618849068880081
11182,3,1,1,0.00012175855226814747,0.9998685121536255,9.72657016973244e-06
11184,1,0,0,0.6617810130119324,0.03163548931479454,0.3065834939479828
11185,3,0,0,0.9096721410751343,0.034651800990104675,0.055676043033599854
11186,3,0,0,0.5700854659080505,0.35737431049346924,0.07254026085138321
11188,0,2,1,0.11072049289941788,0.8847459554672241,0.004533546045422554
11190,0,0,1,0.07030685991048813,0.926276683807373,0.003416407620534301
11191,3,1,1,2.2542035367223434e-05,0.9999730587005615,4.41409019913408e-06
11192,1,1,1,0.06450658291578293,0.9302311539649963,0.005262225866317749
11193,2,1,1,0.0615081861615181,0.9352578520774841,0.003234020434319973
11194,2,0,0,0.8455925583839417,0.03282048553228378,0.12158692628145218
11195,1,1,1,6.718831286889326e-07,0.9999990463256836,2.446000451072905e-07
11196,1,2,0,0.8919572234153748,0.0936676561832428,0.014375175349414349
11197,4,1,1,0.3870680034160614,0.5762341618537903,0.036697808653116226
11198,2,0,0,0.8808948993682861,0.06532274931669235,0.05378236994147301
11199,4,0,0,0.8654479384422302,0.061313990503549576,0.07323804497718811
11200,4,0,0,0.9010900855064392,0.020536305382847786,0.07837360352277756
11204,2,1,1,0.0010692530777305365,0.9983659386634827,0.0005648499936796725
11205,4,0,0,0.4313400387763977,0.40898653864860535,0.15967340767383575
11206,1,0,0,0.9831408262252808,0.0012926291674375534,0.015566550195217133
11208,2,2,0,0.7920379638671875,0.07768983393907547,0.13027223944664001
11209,2,0,2,0.004908012691885233,0.0010747923515737057,0.9940172433853149
11210,4,1,1,0.04502704367041588,0.9488705992698669,0.006102428771555424
11211,2,0,0,0.8895880579948425,0.008416596800088882,0.10199529677629471
11212,0,0,0,0.735079288482666,0.027322206646203995,0.23759852349758148
11214,1,0,0,0.9409002065658569,0.005919294897466898,0.05318043753504753
11215,4,2,2,0.0032286825589835644,0.001304907607845962,0.9954664707183838
11216,0,1,1,0.00590205704793334,0.9940085411071777,8.939342660596594e-05
11217,2,1,1,0.0057575940154492855,0.9934872388839722,0.0007551174494437873
11218,4,0,0,0.9066107273101807,0.028740141540765762,0.06464914977550507
11219,0,0,0,0.948777973651886,0.0015663265949115157,0.04965569078922272
11220,2,0,0,0.7331915497779846,0.06472891569137573,0.20207954943180084
11221,2,1,1,0.02054836042225361,0.9729903340339661,0.006461257580667734
11222,3,1,1,0.005870233755558729,0.9937624335289001,0.0003673881874419749
11224,4,0,0,0.7317442297935486,0.20563627779483795,0.06261952966451645
11225,3,1,1,0.00015551770047750324,0.9981574416160583,0.001687019132077694
11226,0,1,1,0.0036863917484879494,0.9961044788360596,0.00020915204368066043
11227,4,0,0,0.6879193782806396,0.058767929673194885,0.2533126771450043
11228,0,0,0,0.8414857387542725,0.045237913727760315,0.11327636986970901
11229,0,2,2,0.0009256382472813129,0.0041812146082520485,0.9948930740356445
11231,1,0,0,0.952507734298706,0.002758732298389077,0.044733453541994095
11232,1,0,0,0.636279284954071,0.054768674075603485,0.3089520037174225
11234,4,0,0,0.9585787653923035,0.0027662753127515316,0.03865494579076767
11235,0,1,0,0.7914625406265259,0.07707319408655167,0.1314641684293747
11237,3,0,0,0.839346170425415,0.05792175978422165,0.10273203998804092
11238,1,0,0,0.9259702563285828,0.0432538166642189,0.030775923281908035
11239,4,0,1,0.2929266095161438,0.6679324507713318,0.0391409732401371
11242,1,0,0,0.8499955534934998,0.0733402743935585,0.07666419446468353
11243,3,0,1,0.0012392352800816298,0.9987217783927917,3.8932921597734094e-05
11244,3,0,0,0.767939031124115,0.12689638137817383,0.10516459494829178
11245,2,0,0,0.8006507158279419,0.04066527262330055,0.15868403017520905
11246,1,0,0,0.9330921173095703,0.010753736831247807,0.056154217571020126
11247,4,0,0,0.6640746593475342,0.2167452573776245,0.11918008327484131
11248,1,1,1,5.768457640442648e-07,0.9999992847442627,1.2296146678636433e-07
11249,3,0,0,0.8366295695304871,0.03865058347582817,0.12471983581781387
11250,2,0,0,0.888429582118988,0.022021979093551636,0.08954848349094391
11251,4,1,1,0.006361331325024366,0.9925651550292969,0.0010734496172517538
11256,3,2,0,0.6701819896697998,0.04546597972512245,0.28435203433036804
11257,2,0,0,0.7620453834533691,0.11414722353219986,0.12380735576152802
11259,0,0,0,0.7855396270751953,0.02362494170665741,0.1908353567123413
11260,1,0,0,0.773409903049469,0.09421007335186005,0.13238005340099335
11262,4,1,1,0.010194860398769379,0.9880991578102112,0.0017059629317373037
11263,3,0,0,0.8760672807693481,0.00995888002216816,0.11397388577461243
11264,2,1,0,0.6315571665763855,0.2810679078102112,0.08737494051456451
11265,3,0,0,0.796119213104248,0.13413454592227936,0.069746233522892
11266,4,1,1,0.002337791956961155,0.9975801706314087,8.20000350358896e-05
11267,0,0,0,0.7761630415916443,0.05409035086631775,0.16974660754203796
11268,1,0,0,0.5548410415649414,0.14309918880462646,0.3020598292350769
11269,4,0,0,0.6482320427894592,0.15904712677001953,0.19272081553936005
11271,4,1,1,0.21795980632305145,0.7544591426849365,0.027581021189689636
11272,4,0,0,0.7391483783721924,0.049646757543087006,0.2112049013376236
11273,3,2,0,0.6790975332260132,0.0293063223361969,0.29159611463546753
11274,4,0,0,0.7066460251808167,0.19260315597057343,0.10075081884860992
11275,1,1,1,0.005223423708230257,0.9937853813171387,0.000991157372482121
11276,3,0,2,0.34108349680900574,0.03333489969372749,0.6255816221237183
11277,4,0,2,0.2749612331390381,0.0262433048337698,0.6987954378128052
11278,0,0,0,0.7750781178474426,0.17731700837612152,0.04760478809475899
11280,2,0,0,0.8548886775970459,0.019257940351963043,0.12585332989692688
11281,1,1,1,0.00010621525871101767,0.999891996383667,1.7824556834966643e-06
11282,3,1,1,0.0006011323421262205,0.9993662238121033,3.266758722020313e-05
11284,3,0,0,0.7139859199523926,0.038868147879838943,0.24714592099189758
11285,0,0,1,0.06658490747213364,0.9297029376029968,0.0037121374625712633
11286,0,0,0,0.9707851409912109,0.010212775319814682,0.019002065062522888
11287,2,0,0,0.5102538466453552,0.0084354467689991,0.48131078481674194
11289,4,0,0,0.8766168355941772,0.011478600092232227,0.11190450191497803
11290,0,0,0,0.9187447428703308,0.019915839657187462,0.06133943423628807
11291,0,0,0,0.8430840373039246,0.07128340005874634,0.0856325775384903
11292,0,1,1,0.013661862351000309,0.9814698696136475,0.0048683444038033485
11293,3,0,0,0.7100163698196411,0.07624077051877975,0.21374285221099854
11294,2,1,1,0.00911568570882082,0.9897215962409973,0.0011627065250650048
11295,0,0,0,0.9264442324638367,0.014227108098566532,0.05932862311601639
11297,0,0,0,0.6260362863540649,0.3401394784450531,0.03382428362965584
11298,3,0,0,0.7466728091239929,0.027263054624199867,0.226064071059227
11299,3,2,2,0.02183343656361103,0.008656488731503487,0.969510018825531
11300,3,0,0,0.685352623462677,0.06419572234153748,0.25045156478881836
11301,0,1,0,0.7866609692573547,0.12395574152469635,0.08938329666852951
11302,3,1,1,0.006322324275970459,0.9932100176811218,0.0004676261160057038
11303,1,0,0,0.7484946250915527,0.08296502381563187,0.1685403734445572
11304,0,0,2,0.06997182965278625,0.06636101752519608,0.8636671304702759
11305,2,0,0,0.8519331216812134,0.04739312082529068,0.10067374259233475
11306,2,0,0,0.8335702419281006,0.046489108353853226,0.11994068324565887
11307,2,0,0,0.8579974174499512,0.02333095110952854,0.11867165565490723
11308,1,0,2,0.10526503622531891,0.0031955628655850887,0.891539454460144
11309,2,0,1,0.3436747193336487,0.5791777968406677,0.077147476375103
11310,1,0,0,0.7076596617698669,0.067369744181633,0.22497063875198364
11311,4,1,1,0.0037530423142015934,0.995675265789032,0.00057162472512573
11314,3,1,1,0.07133892923593521,0.924652636051178,0.004008451011031866
11315,4,1,1,8.087762580544222e-06,0.9999908208847046,1.1346008932378027e-06
11316,3,1,1,0.0059424471110105515,0.9931702613830566,0.0008873218321241438
11317,0,0,0,0.9468309879302979,0.044181473553180695,0.008987591601908207
11321,2,0,0,0.8929250240325928,0.027580510824918747,0.07949443906545639
11323,4,0,1,0.46205347776412964,0.4794365465641022,0.05851001292467117
11324,2,0,0,0.620751142501831,0.004955165553838015,0.374293714761734
11327,2,2,0,0.7439184188842773,0.012786566279828548,0.24329505860805511
11329,0,1,1,0.00098327430896461,0.9902205467224121,0.008796182461082935
11331,2,1,1,0.07033596932888031,0.9253013134002686,0.004362637177109718
11332,2,1,1,0.010976102203130722,0.9881644248962402,0.0008594102109782398
11334,3,1,1,0.0060874707996845245,0.9933010339736938,0.0006115555879659951
11335,4,0,0,0.6790021061897278,0.03442184999585152,0.2865760624408722
11337,3,0,0,0.923521101474762,0.004404101520776749,0.07207481563091278
11338,1,0,0,0.9284933805465698,0.008871958591043949,0.06263467669487
11340,1,0,0,0.8643611073493958,0.045033205300569534,0.090605728328228
11341,3,0,0,0.7651240229606628,0.15041598677635193,0.08445999771356583
11342,2,1,2,0.2521515488624573,0.15071479976177216,0.5971336960792542
11344,3,1,1,0.0006317466613836586,0.9992148876190186,0.00015333740157075226
11345,3,0,0,0.8164126873016357,0.013887587934732437,0.1696997433900833
11346,4,0,0,0.4567577838897705,0.3978511095046997,0.14539110660552979
11347,4,1,1,0.011604530736804008,0.9879478812217712,0.0004475688037928194
11349,2,0,0,0.8095130324363708,0.0565505288541317,0.13393639028072357
11350,1,0,2,0.22409380972385406,0.008063575252890587,0.7678425908088684
11351,4,1,1,1.2326069054324762e-07,0.9999998807907104,5.4291863449407174e-08
11352,4,0,0,0.807799220085144,0.05325624346733093,0.13894452154636383
11354,1,0,0,0.6014078855514526,0.3705868422985077,0.028005322441458702
11357,3,1,1,0.007458081468939781,0.9924530386924744,8.888878073776141e-05
11358,2,1,0,0.520257830619812,0.42419344186782837,0.055548664182424545
11360,4,0,0,0.7534897923469543,0.0892668142914772,0.15724338591098785
11361,4,1,1,0.0002643344923853874,0.9995902180671692,0.00014550304331351072
11363,1,2,2,0.007204484194517136,0.00036374348565004766,0.9924317598342896
11364,1,1,1,0.011929088272154331,0.9873315691947937,0.0007392977131530643
11365,1,0,0,0.8266516327857971,0.01206378173083067,0.16128453612327576
11366,4,0,0,0.7132198214530945,0.11546779423952103,0.1713123917579651
11367,4,0,1,0.35873737931251526,0.5360015034675598,0.10526114702224731
11368,1,0,0,0.48008111119270325,0.04098985716700554,0.4789290726184845
11370,1,0,0,0.9267305135726929,0.04440726712346077,0.02886222116649151
11371,1,1,0,0.4993138313293457,0.4904831647872925,0.010203019715845585
11372,1,0,0,0.8612972497940063,0.04010212421417236,0.09860064089298248
11373,0,0,0,0.9796966910362244,0.0013999294023960829,0.018903331831097603
11374,3,1,1,0.1642170250415802,0.8186880946159363,0.017094919458031654
11375,1,0,0,0.6360058784484863,0.0036269035190343857,0.36036717891693115
11376,4,0,0,0.8505164384841919,0.015938546508550644,0.13354507088661194
11377,4,1,0,0.6597625613212585,0.16038711369037628,0.17985031008720398
11380,3,0,0,0.9379558563232422,0.020789217203855515,0.04125501960515976
11381,2,1,1,0.019470535218715668,0.9765973687171936,0.003932113293558359
11382,1,1,0,0.8418461680412292,0.06726805865764618,0.09088578820228577
11384,3,1,0,0.7700428366661072,0.14544908702373505,0.08450807631015778
11385,1,0,0,0.7439830899238586,0.020573001354932785,0.23544391989707947
11386,3,0,0,0.5803810954093933,0.07405862212181091,0.34556031227111816
11387,4,1,1,0.0573374480009079,0.9320549964904785,0.010607550852000713
11388,4,0,0,0.8735994696617126,0.060841258615255356,0.06555930525064468
11389,2,0,0,0.7925262451171875,0.016689414158463478,0.19078433513641357
11390,0,0,0,0.8369178771972656,0.11730729788541794,0.045774850994348526
11391,2,1,1,0.02100675366818905,0.9719424843788147,0.007050816435366869
11392,3,0,0,0.6869006156921387,0.014762611128389835,0.29833680391311646
11393,2,0,0,0.8193104267120361,0.018583303317427635,0.16210635006427765
11395,1,1,1,0.0015358856180682778,0.9983752965927124,8.874366176314652e-05
11396,0,0,1,0.31962740421295166,0.40767860412597656,0.2726939618587494
11397,3,0,0,0.7186678647994995,0.06047602742910385,0.22085607051849365
11398,0,0,0,0.8798905611038208,0.031432367861270905,0.08867710083723068
11399,4,0,0,0.9362598061561584,0.0012131489347666502,0.062527135014534
11401,1,0,0,0.4791852831840515,0.10726247727870941,0.41355225443840027
11402,0,0,0,0.8901280760765076,0.029201645404100418,0.08067019283771515
11403,3,0,0,0.8294554948806763,0.08297581225633621,0.08756870031356812
11404,1,0,0,0.6752396821975708,0.25840142369270325,0.06635886430740356
11405,0,0,0,0.76705002784729,0.034537650644779205,0.19841237366199493
11406,0,0,0,0.80320805311203,0.10006491094827652,0.09672701358795166
11407,1,0,0,0.5557026863098145,0.438489705324173,0.005807654466480017
11409,1,0,0,0.9387195110321045,0.007533778436481953,0.05374658480286598
11410,0,1,1,0.07130500674247742,0.8383714556694031,0.09032351523637772
11411,2,1,1,0.22262361645698547,0.759423553943634,0.017952777445316315
11412,4,0,0,0.8183894157409668,0.1489897519350052,0.03262082114815712
11413,3,1,1,0.0012279126094654202,0.9986497759819031,0.0001222925930051133
11414,3,1,1,0.010018051601946354,0.9888495802879333,0.001132345525547862
11415,1,0,2,0.312001496553421,0.009956744499504566,0.6780417561531067
11416,3,2,2,0.003075736341997981,0.004956841468811035,0.9919673800468445
11417,0,0,0,0.6668208241462708,0.06951891630887985,0.2636602520942688
11418,0,1,1,0.20378176867961884,0.7675458192825317,0.028672421351075172
11419,2,1,1,0.020281782373785973,0.9786850214004517,0.0010331744560971856
11421,3,0,0,0.956523060798645,0.017218349501490593,0.026258613914251328
11423,3,2,2,0.0006852943333797157,0.006059472449123859,0.9932551383972168
11425,3,1,1,9.147047967417166e-05,0.9998869895935059,2.15617965295678e-05
11427,0,1,1,0.03267427906394005,0.9603738188743591,0.006951893679797649
11428,2,0,0,0.8976596593856812,0.02632703073322773,0.07601340115070343
11429,2,1,1,0.00024233252042904496,0.9996542930603027,0.00010334857506677508
11430,2,0,0,0.5315095782279968,0.42814573645591736,0.0403447300195694
11431,4,2,0,0.6699544787406921,0.08240734040737152,0.24763815104961395
11432,0,1,1,0.00013163620315026492,0.9998466968536377,2.1643129002768546e-05
11433,4,2,0,0.847930371761322,0.054509975016117096,0.09755972772836685
11435,1,1,1,0.021823804825544357,0.9756626486778259,0.0025135385803878307
11437,4,2,1,4.3098864921375935e-07,0.9998564720153809,0.00014312600251287222
11438,2,0,0,0.9405054450035095,0.006720546633005142,0.05277400463819504
11439,3,0,0,0.8120198249816895,0.13036321103572845,0.05761696770787239
11440,1,1,0,0.7218446731567383,0.2522333860397339,0.025921965017914772
11442,1,1,1,0.26034194231033325,0.7070028781890869,0.03265521675348282
11443,2,0,0,0.8889278769493103,0.03471768647432327,0.07635438442230225
11444,1,1,1,0.05178453028202057,0.944341242313385,0.0038742416072636843
11445,2,0,0,0.49711307883262634,0.4574277102947235,0.04545927420258522
11446,4,0,0,0.7185684442520142,0.019202925264835358,0.26222866773605347
11448,4,0,0,0.8711649775505066,0.04936959967017174,0.07946544140577316
11449,2,0,1,0.03243498504161835,0.9589414596557617,0.008623570203781128
11451,1,1,1,6.17915065959096e-05,0.9999306201934814,7.582223133795196e-06
11452,4,0,0,0.860255241394043,0.0024127087090164423,0.1373320370912552
11453,2,1,1,0.02142188884317875,0.9744284749031067,0.0041496106423437595
11454,4,0,0,0.7062466144561768,0.014952007681131363,0.2788013219833374
11455,2,0,0,0.872490406036377,0.0539032407104969,0.07360634207725525
11456,3,0,0,0.6458528637886047,0.2389129251241684,0.11523426324129105
11458,2,1,1,0.4008232355117798,0.5158059000968933,0.0833708643913269
11459,0,0,0,0.9207053184509277,0.0116050336509943,0.06768965721130371
11460,3,1,1,0.0004440591437742114,0.9994462132453918,0.00010972183372359723
11461,0,0,0,0.9273614883422852,0.045870084315538406,0.026768341660499573
11463,0,0,0,0.8739623427391052,0.08325552195310593,0.04278203845024109
11464,4,0,0,0.9728584289550781,0.003100085537880659,0.024041442200541496
11465,4,0,0,0.7870432138442993,0.05528952553868294,0.15766723453998566
11467,1,0,0,0.7829568386077881,0.01118270494043827,0.205860435962677
11468,2,0,0,0.9197207093238831,0.030790017917752266,0.0494893379509449
11469,0,0,0,0.8982812762260437,0.006241129245609045,0.09547749906778336
11470,4,1,0,0.8041856288909912,0.06201457604765892,0.13379989564418793
11471,1,0,0,0.8743886351585388,0.051881998777389526,0.07372938096523285
11472,0,1,1,0.017647242173552513,0.9810777306556702,0.001274989452213049
11473,1,1,1,0.02542012557387352,0.9729721546173096,0.0016076462343335152
11474,0,0,0,0.4723789691925049,0.4680013656616211,0.05961967259645462
11475,0,0,2,0.354328989982605,0.0035943256225436926,0.6420766711235046
11476,0,0,0,0.9024484753608704,0.04744190350174904,0.05010963976383209
11477,2,1,0,0.684459924697876,0.2799384593963623,0.035601627081632614
11478,0,0,0,0.7735692858695984,0.02932397834956646,0.1971067488193512
11479,1,0,0,0.9868906736373901,0.0007782374741509557,0.012331098318099976
11480,3,0,0,0.9229697585105896,0.026838045567274094,0.05019222944974899
11481,1,0,0,0.7789612412452698,0.03417283669114113,0.1868659108877182
11482,2,0,0,0.5369753241539001,0.3582004904747009,0.10482417047023773
11483,4,0,0,0.8329748511314392,0.006703866645693779,0.16032128036022186
11484,0,0,0,0.8649729490280151,0.027958091348409653,0.10706894844770432
11485,0,1,1,0.1441023349761963,0.8409770131111145,0.014920582063496113
11486,3,0,0,0.8811194896697998,0.07372166216373444,0.04515885189175606
11487,4,0,0,0.853123664855957,0.01677354983985424,0.13010282814502716
11488,3,0,2,0.0006026402115821838,0.0008667056099511683,0.9985306262969971
11489,1,0,0,0.8050015568733215,0.12144755572080612,0.07355085760354996
11490,3,0,0,0.7197940349578857,0.06518590450286865,0.2150200754404068
11492,3,0,0,0.9606205224990845,0.008389226160943508,0.03099025785923004
11493,0,1,1,0.0001968234428204596,0.9995133876800537,0.00028984883101657033
11494,1,0,0,0.8243740797042847,0.05743837356567383,0.11818761378526688
11498,4,0,2,0.4487517774105072,0.02054486609995365,0.5307033658027649
11499,1,0,0,0.8631542921066284,0.11731046438217163,0.019535209983587265
11501,4,0,0,0.7063245177268982,0.1873437911272049,0.10633166879415512
11502,2,1,1,0.00760253518819809,0.9918678402900696,0.0005296308663673699
11503,4,0,0,0.582474946975708,0.3233262002468109,0.0941988080739975
11504,4,0,2,0.00839014258235693,0.0004450150590855628,0.9911648631095886
11505,3,0,0,0.8765884637832642,0.008102032355964184,0.11530950665473938
11506,0,0,1,0.2350844144821167,0.7088659405708313,0.05604969710111618
11507,2,0,0,0.7634979486465454,0.005275490693747997,0.2312265783548355
11508,2,0,0,0.6766473054885864,0.00634897593408823,0.3170037269592285
11509,2,2,2,0.008048737421631813,0.00324873230420053,0.9887025356292725
11510,4,0,0,0.7481285333633423,0.10045066475868225,0.15142086148262024
11511,1,0,0,0.9124680757522583,0.003670205594971776,0.08386176079511642
11512,2,1,1,0.12030154466629028,0.8404174447059631,0.03928104415535927
11513,2,0,0,0.8912773728370667,0.049962498247623444,0.05876016244292259
11514,4,1,1,0.0007598754018545151,0.9990527033805847,0.00018741349049378186
11517,4,0,0,0.6201270818710327,0.024395085871219635,0.35547780990600586
11519,1,0,0,0.864330530166626,0.013650806620717049,0.1220187395811081
11520,1,0,0,0.8497660160064697,0.013034746050834656,0.13719923794269562
11521,2,1,2,0.1072288528084755,0.23991180956363678,0.6528592705726624
11522,1,1,1,0.025355389341711998,0.9696455001831055,0.004999067634344101
11523,3,0,0,0.6730741262435913,0.0251180287450552,0.3018079102039337
11524,3,1,1,0.0009245972032658756,0.9990485310554504,2.6916990464087576e-05
11525,2,1,0,0.7358850240707397,0.19067159295082092,0.07344333827495575
11526,3,0,0,0.8959111571311951,0.01483201514929533,0.08925685286521912
11527,4,0,0,0.7547269463539124,0.1225796490907669,0.12269341945648193
11528,2,0,0,0.6951271295547485,0.2533227503299713,0.05155012756586075
11529,4,0,2,0.23355267941951752,0.046623095870018005,0.7198242545127869
11530,0,0,1,0.13084401190280914,0.8392584323883057,0.02989758737385273
11531,0,1,1,1.7232927348231897e-05,0.9999793767929077,3.4300132938369643e-06
11532,0,0,0,0.7420311570167542,0.1555391401052475,0.10242968797683716
11533,4,0,0,0.7589389681816101,0.025936780497431755,0.215124249458313
11534,2,0,0,0.7702028155326843,0.02298179641366005,0.20681527256965637
11535,3,0,1,0.004310366697609425,0.9951340556144714,0.0005555524840019643
11536,1,1,1,0.021775629371404648,0.9776023030281067,0.0006220649811439216
11537,3,0,0,0.9566591382026672,0.034787070006132126,0.008553787134587765
11539,3,0,1,0.21276646852493286,0.7820026874542236,0.005230833776295185
11540,0,0,0,0.8943659663200378,0.06138047203421593,0.04425366222858429
11543,2,0,0,0.8125532269477844,0.03188903257250786,0.15555770695209503
11544,0,0,0,0.8678181767463684,0.02120784856379032,0.11097395420074463
11546,2,0,0,0.8448060154914856,0.02225562557578087,0.13293832540512085
11547,0,0,0,0.9389356374740601,0.02313423901796341,0.037930168211460114
11548,1,0,2,0.3985932469367981,0.005712431855499744,0.5956943035125732
11549,0,0,0,0.6954424977302551,0.16976864635944366,0.13478891551494598
11550,0,1,1,0.0002828636206686497,0.9997033476829529,1.3729838428844232e-05
11551,4,0,0,0.8056233525276184,0.031096305698156357,0.16328033804893494
11552,2,1,1,0.00018357396766077727,0.9998026490211487,1.3815449165122118e-05
11553,4,0,0,0.6109704375267029,0.09509488195180893,0.29393470287323
11554,3,0,1,0.19914337992668152,0.6989598870277405,0.10189677029848099
11555,1,0,0,0.7696570754051208,0.15822657942771912,0.07211638242006302
11556,1,0,0,0.8371648788452148,0.11904817074537277,0.04378703981637955
11557,0,1,1,3.774181823246181e-05,0.9999486207962036,1.3604700143332593e-05
11559,3,0,0,0.7036682367324829,0.24645589292049408,0.04987591505050659
11560,3,1,0,0.6672978401184082,0.18206067383289337,0.150641530752182
11561,0,0,0,0.6694234609603882,0.09637070447206497,0.23420581221580505
11563,1,1,1,5.5934462579898536e-05,0.9999384880065918,5.540248366742162e-06
11564,1,0,0,0.7338923215866089,0.22734957933425903,0.038758061826229095
11565,1,1,0,0.9306298494338989,0.05360846593976021,0.01576170139014721
11566,2,0,0,0.9351372122764587,0.02091582678258419,0.04394696652889252
11568,3,1,1,0.006965079344809055,0.9925366640090942,0.0004982769023627043
11569,3,1,1,0.00010992064198944718,0.9998668432235718,2.3227863493957557e-05
11570,2,0,0,0.5870853662490845,0.10698651522397995,0.3059280812740326
11572,2,0,0,0.44719618558883667,0.20730705559253693,0.3454967737197876
11573,1,0,0,0.8111175894737244,0.009756319224834442,0.1791260987520218
11574,0,1,0,0.813895583152771,0.163187175989151,0.022917194291949272
11575,3,1,0,0.6043471097946167,0.27961665391921997,0.11603625863790512
11577,1,0,0,0.8688116669654846,0.04067615419626236,0.09051217883825302
11578,2,0,0,0.8718647956848145,0.023892199620604515,0.10424292087554932
11579,3,1,1,0.017665846273303032,0.9806957840919495,0.0016383577603846788
11581,1,1,1,0.04865492135286331,0.9496055245399475,0.001739540952257812
11583,4,0,0,0.8474138379096985,0.04354049637913704,0.10904570668935776
11584,2,0,0,0.8983627557754517,0.043958812952041626,0.057678308337926865
11585,0,0,0,0.8811209201812744,0.06322304904460907,0.05565592646598816
11586,1,0,0,0.9349452257156372,0.019410554319620132,0.04564427584409714
11590,3,0,1,0.4770633578300476,0.4983617961406708,0.024574877694249153
11591,1,0,0,0.8979990482330322,0.007379763759672642,0.09462107717990875
11593,1,0,0,0.7987561821937561,0.03666602820158005,0.16457778215408325
11594,1,0,0,0.8579190373420715,0.029870230704545975,0.1122107058763504
11595,1,0,0,0.9131730198860168,0.008079600520431995,0.07874740660190582
11596,2,0,0,0.7602232098579407,0.15347355604171753,0.08630315214395523
11597,3,2,0,0.6147918701171875,0.007574306335300207,0.37763381004333496
11598,3,1,1,0.0001187198722618632,0.9998799562454224,1.3075472224954865e-06
11599,4,0,0,0.7265424132347107,0.14547571539878845,0.12798193097114563
11600,2,0,0,0.850334107875824,0.0795380249619484,0.07012788206338882
11601,1,0,0,0.5341081023216248,0.4291267395019531,0.03676517307758331
11602,1,0,0,0.8547889590263367,0.016196729615330696,0.12901431322097778
11604,3,0,1,0.31062471866607666,0.6326295137405396,0.0567457489669323
11605,4,1,2,0.03438544273376465,0.033807117491960526,0.9318074584007263
11607,4,0,0,0.836142897605896,0.06172855943441391,0.10212849825620651
11608,1,0,0,0.866308331489563,0.05518252030014992,0.07850908488035202
11609,2,1,1,2.896754267567303e-05,0.9999585151672363,1.2488022548495792e-05
11610,4,0,0,0.6498986482620239,0.10955981910228729,0.2405415177345276
11611,4,1,1,0.03319018706679344,0.9595367312431335,0.0072730970568954945
11612,2,1,0,0.7266629338264465,0.02963741309940815,0.2436995655298233
11615,2,1,1,3.903448487108108e-06,0.9999955892562866,5.271304530651832e-07
11616,2,0,0,0.6036418676376343,0.2885511517524719,0.10780701786279678
11617,2,1,1,0.022992679849267006,0.9739910364151001,0.0030162690673023462
11619,2,1,1,0.15725326538085938,0.8081589937210083,0.03458771854639053
11620,0,0,1,0.1577693223953247,0.46510249376296997,0.3771281838417053
11621,1,0,0,0.5438745021820068,0.008080200292170048,0.4480453133583069
11622,3,0,1,0.4634997248649597,0.4983988106250763,0.03810151293873787
11624,4,0,0,0.7326509356498718,0.13311612606048584,0.13423289358615875
11625,3,1,0,0.7671767473220825,0.05508089065551758,0.17774231731891632
11626,3,0,0,0.7296308279037476,0.2238032966852188,0.04656591638922691
11627,3,1,1,0.002864416688680649,0.9970831274986267,5.2410865464480594e-05
11628,1,1,1,0.29574552178382874,0.6728415489196777,0.03141295909881592
11629,2,1,1,0.008375197649002075,0.9898598790168762,0.0017649921355769038
11630,2,0,0,0.5477463603019714,0.2949925363063812,0.15726107358932495
11631,1,0,0,0.5871915817260742,0.37140727043151855,0.041401129215955734
11633,4,0,1,0.04149484634399414,0.9546626210212708,0.0038424881640821695
11634,2,0,0,0.9530277252197266,0.0017054853960871696,0.04526681452989578
11637,1,0,0,0.6891251802444458,0.2785353660583496,0.032339394092559814
11638,2,0,0,0.8390551209449768,0.007489936426281929,0.15345492959022522
11639,2,0,0,0.8140488862991333,0.03857257217168808,0.1473785936832428
11641,1,1,1,0.15901923179626465,0.8270407319068909,0.013939984142780304
11643,2,0,0,0.5204222202301025,0.013183826580643654,0.46639391779899597
11644,2,0,0,0.6165050864219666,0.04089165851473808,0.34260326623916626
11646,3,1,1,0.0024425657466053963,0.9974606037139893,9.678549395175651e-05
11648,3,0,0,0.936797022819519,0.02314257249236107,0.04006035253405571
11649,2,0,0,0.8873291015625,0.006086704786866903,0.10658419132232666
11650,2,0,0,0.6210253834724426,0.015634896233677864,0.36333972215652466
11651,0,0,1,0.2876071333885193,0.5601449608802795,0.15224790573120117
11652,4,0,0,0.8126592040061951,0.0006519554881379008,0.1866888403892517
11653,1,1,1,0.010488799773156643,0.9857902526855469,0.003720899112522602
11654,2,0,1,0.16807487607002258,0.7929201722145081,0.03900495171546936
11655,4,0,1,0.4586789309978485,0.5271514654159546,0.014169600792229176
11656,3,1,1,0.0022056831512600183,0.9976385831832886,0.00015579898899886757
11657,1,1,1,6.709853551001288e-06,0.999992847442627,4.5690572392231843e-07
11658,3,1,1,0.002923140302300453,0.9964748024940491,0.0006019939901307225
11659,4,1,1,0.005921447183936834,0.9929590225219727,0.001119546708650887
11660,0,1,1,1.1486612493172288e-05,0.9999830722808838,5.484465873450972e-06
11662,2,1,0,0.816521406173706,0.13890677690505981,0.04457183927297592
11663,3,1,1,0.014117337763309479,0.9847485423088074,0.0011341538047417998
11664,4,0,0,0.837856650352478,0.01409549918025732,0.1480478197336197
11665,2,0,0,0.949205756187439,0.01879427395761013,0.03200002387166023
11666,2,0,2,0.2710209786891937,0.0038866160903126,0.7250924110412598
11667,3,0,0,0.7416093945503235,0.20249150693416595,0.05589915066957474
11668,3,0,0,0.8638198375701904,0.06574148684740067,0.0704386755824089
11669,4,0,0,0.6677997708320618,0.11984138935804367,0.21235887706279755
11671,1,0,0,0.8132820725440979,0.02293258346617222,0.16378538310527802
11673,3,0,0,0.8545352220535278,0.07150368392467499,0.07396113872528076
11674,3,0,0,0.7567951679229736,0.029290061444044113,0.21391484141349792
11675,3,0,0,0.8333569169044495,0.13994678854942322,0.026696259155869484
11679,2,0,0,0.6283560991287231,0.08312364667654037,0.2885202467441559
11680,0,0,0,0.9845646619796753,0.001045298995450139,0.014390000142157078
11681,0,0,0,0.9734141826629639,0.011279677040874958,0.015306172892451286
11683,4,1,1,0.0009144325158558786,0.9978339076042175,0.001251645851880312
11685,3,0,0,0.8451229333877563,0.018034236505627632,0.13684290647506714
11687,1,0,0,0.9327871203422546,0.027319621294736862,0.03989322483539581
11689,0,0,0,0.95692378282547,0.029017597436904907,0.014058565720915794
11690,3,0,0,0.45423153042793274,0.34795671701431274,0.19781169295310974
11691,0,1,0,0.9063584804534912,0.018708080053329468,0.07493334263563156
11692,1,0,0,0.7028096318244934,0.01491282507777214,0.28227749466896057
11693,1,1,1,6.695718752780522e-07,0.9999988079071045,5.159774900675984e-07
11694,2,1,1,0.02540985494852066,0.9674573540687561,0.007132725790143013
11695,0,0,1,0.05705810710787773,0.9304552674293518,0.012486658990383148
11696,4,0,0,0.8827916979789734,0.016490375623106956,0.10071783512830734
11699,2,1,1,3.147093593725003e-05,0.9999650716781616,3.4709187275439035e-06
11700,0,0,0,0.8570513129234314,0.046541646122932434,0.09640707075595856
11702,3,0,0,0.7392505407333374,0.14886805415153503,0.11188138276338577
11703,3,0,0,0.8787723779678345,0.04564729332923889,0.07558035105466843
11704,3,0,0,0.9495442509651184,0.03947500139474869,0.01098073460161686
11705,4,0,0,0.6914879679679871,0.1082930639386177,0.20021896064281464
11706,4,0,0,0.4151277244091034,0.2973422110080719,0.2875300645828247
11707,2,0,0,0.6033889651298523,0.24072250723838806,0.15588846802711487
11708,2,1,1,0.02510940656065941,0.9725517630577087,0.002338854596018791
11709,4,1,0,0.7837963700294495,0.11822464317083359,0.09797900915145874
11710,2,0,0,0.9259281158447266,0.030737154185771942,0.04333462566137314
11717,0,0,0,0.9871538281440735,0.008675842545926571,0.004170383792370558
11718,3,1,1,0.00019501947099342942,0.9997966885566711,8.350900316145271e-06
11719,2,0,0,0.6946424841880798,0.056909020990133286,0.24844849109649658
11720,3,0,0,0.9387915730476379,0.02813718467950821,0.03307124972343445
11721,0,1,1,0.0012954991543665528,0.9982218146324158,0.0004827289958484471
11722,0,1,1,0.1774888038635254,0.8157258629798889,0.006785341072827578
11723,1,0,0,0.7973004579544067,0.022881783545017242,0.179817795753479
11724,3,0,0,0.6669515371322632,0.044489551335573196,0.2885589301586151
11725,1,0,0,0.7824269533157349,0.010812612250447273,0.20676040649414062
11726,3,0,0,0.8353068828582764,0.08334190398454666,0.08135122805833817
11727,0,0,1,0.07351043820381165,0.9235714077949524,0.0029181884601712227
11730,3,0,1,0.29673558473587036,0.6294121742248535,0.07385227829217911
11731,2,0,0,0.802254319190979,0.00993795320391655,0.18780770897865295
11732,3,0,0,0.7475767731666565,0.10109111666679382,0.15133218467235565
11733,3,1,1,0.0004323556204326451,0.9995094537734985,5.815471013193019e-05
11734,2,1,1,1.2863913980254438e-05,0.9999761581420898,1.0991761882905848e-05
11735,3,0,0,0.8378061056137085,0.045878563076257706,0.11631540954113007
11736,0,0,0,0.7556180357933044,0.1563730686903,0.08800888061523438
11737,1,0,0,0.8829164505004883,0.008171843364834785,0.10891170799732208
11739,3,1,1,0.0003138165338896215,0.99968421459198,1.988790018003783e-06
11741,3,0,1,0.12599711120128632,0.5728018283843994,0.3012010455131531
11743,2,0,0,0.9116858839988708,0.016382785513997078,0.0719313845038414
11744,0,0,0,0.9133659601211548,0.014969909563660622,0.07166408002376556
11746,0,0,0,0.8766570091247559,0.03606483340263367,0.08727818727493286
11747,0,0,0,0.6993436813354492,0.2566588222980499,0.04399754852056503
11748,0,0,1,0.30563226342201233,0.6860103607177734,0.008357356302440166
11749,1,0,0,0.8239566087722778,0.07513970136642456,0.10090372711420059
11750,1,0,0,0.7795184254646301,0.05303887277841568,0.1674426943063736
11751,0,0,2,0.46987974643707275,0.007947582751512527,0.522172749042511
11752,0,0,0,0.9261718392372131,0.015313084237277508,0.0585150420665741
11753,0,0,0,0.834934413433075,0.025753118097782135,0.1393125206232071
11755,4,1,1,2.270107643198571e-06,0.9999974966049194,2.625170054670889e-07
11756,4,0,0,0.8355186581611633,0.09041959047317505,0.07406173646450043
11757,1,1,0,0.5432835817337036,0.4267622232437134,0.029954200610518456
11758,1,1,1,3.7114762108103605e-07,0.9999994039535522,2.5804638426052406e-07
11759,3,0,0,0.8505889773368835,0.06793882697820663,0.08147218823432922
11761,1,0,0,0.9812047481536865,0.008887643925845623,0.00990754459053278
11762,3,2,2,0.04204506427049637,0.0009202898945659399,0.9570345878601074
11763,2,0,1,0.395145446062088,0.4637598991394043,0.14109456539154053
11764,4,0,0,0.894343912601471,0.045634616166353226,0.0600215420126915
11765,1,0,1,0.08384846895933151,0.8904869556427002,0.02566455490887165
11768,2,0,0,0.7501620054244995,0.07396185398101807,0.17587608098983765
11769,1,0,0,0.9028395414352417,0.06708117574453354,0.03007938712835312
11772,1,1,0,0.8703621625900269,0.010728249326348305,0.11890953779220581
11773,2,1,1,0.004568852484226227,0.995109498500824,0.0003216826298739761
11774,3,0,0,0.8512340188026428,0.024942968040704727,0.12382300198078156
11775,1,0,2,0.26861631870269775,0.08852579444646835,0.6428578495979309
11777,1,0,0,0.5270736217498779,0.17697042226791382,0.29595592617988586
11778,1,0,0,0.656646728515625,0.006481430027633905,0.336871862411499
11780,3,1,1,0.012971319258213043,0.9867396354675293,0.0002890849718824029
11781,3,0,0,0.7904117107391357,0.1910826414823532,0.018505709245800972
11782,1,0,0,0.8278303742408752,0.014791982248425484,0.15737761557102203
11784,3,0,0,0.7199307084083557,0.031217971816658974,0.24885131418704987
11785,1,0,1,0.0001870242558652535,0.5000155568122864,0.49979743361473083
11789,1,1,0,0.5700958371162415,0.39370426535606384,0.03619986027479172
11790,1,1,1,0.1395043581724167,0.8330210447311401,0.02747453562915325
11791,4,1,1,0.0018909096252173185,0.9977506995201111,0.0003584221703931689
11792,1,1,1,0.0004071939329151064,0.9993661046028137,0.00022674283536616713
11793,3,0,0,0.759328305721283,0.06833355128765106,0.17233806848526
11794,3,0,0,0.5199663639068604,0.4461456835269928,0.03388793766498566
11796,0,1,1,0.002448983723297715,0.9975276589393616,2.3369577320409007e-05
11798,2,1,1,0.008188499137759209,0.9776695370674133,0.01414201594889164
11799,2,0,0,0.7518996000289917,0.1079835295677185,0.1401168256998062
11801,4,0,1,0.1418638974428177,0.48446139693260193,0.37367475032806396
11802,3,1,1,0.0002414474729448557,0.9997356534004211,2.2862830519443378e-05
11803,0,0,0,0.8374283909797668,0.032195620238780975,0.13037601113319397
11804,2,0,2,0.3077380061149597,0.019863037392497063,0.6723989844322205
11805,4,1,1,0.00013672857312485576,0.9997155070304871,0.00014778711192775518
11806,1,1,1,0.03854009136557579,0.9591578841209412,0.002301968866959214
11807,4,2,0,0.47395917773246765,0.14672522246837616,0.379315584897995
11808,3,0,0,0.8662886023521423,0.044855616986751556,0.0888558179140091
11809,0,0,0,0.7840534448623657,0.07271404564380646,0.14323244988918304
11810,0,2,0,0.6990182995796204,0.18966490030288696,0.11131685972213745
11812,0,0,0,0.8192228674888611,0.11844906955957413,0.06232796609401703
11813,1,1,1,0.05674314871430397,0.9410175681114197,0.002239303896203637
11814,0,1,0,0.551005482673645,0.3820419907569885,0.06695252656936646
11815,0,0,0,0.5835889577865601,0.19656161963939667,0.21984945237636566
11816,1,0,1,0.4538440704345703,0.5024520754814148,0.043703846633434296
11817,1,0,0,0.6413067579269409,0.019603829830884933,0.3390893340110779
11818,0,1,1,0.0058001382276415825,0.993645191192627,0.0005546977045014501
11819,0,0,0,0.7321184873580933,0.166123166680336,0.10175830870866776
11820,0,0,0,0.5782842040061951,0.32970041036605835,0.09201540052890778
11823,2,1,1,0.04820672422647476,0.8994035124778748,0.052389729768037796
11824,1,0,0,0.9498401284217834,0.007671486586332321,0.042488329112529755
11825,2,0,0,0.8540477156639099,0.04321490600705147,0.10273735970258713
11826,4,1,1,0.1610729694366455,0.8294614553451538,0.009465621784329414
11828,0,1,1,0.028359180316329002,0.970655620098114,0.0009851520881056786
11829,3,0,0,0.6836211681365967,0.11970791220664978,0.19667091965675354
11830,4,1,1,0.020092369988560677,0.9776085615158081,0.0022990687284618616
11831,4,0,0,0.6741668581962585,0.21209493279457092,0.11373821645975113
11832,2,0,0,0.6803017258644104,0.19578811526298523,0.12391014397144318
11833,0,0,0,0.8886839747428894,0.02803890034556389,0.08327711373567581
11834,3,0,0,0.8815219402313232,0.026072878390550613,0.09240513294935226
11837,2,1,2,0.31963086128234863,0.17003843188285828,0.5103307366371155
11840,0,0,0,0.87049400806427,0.04738457500934601,0.08212148398160934
11841,2,0,0,0.9119056463241577,0.027075661346316338,0.061018723994493484
11843,1,0,1,0.25072312355041504,0.6878814101219177,0.061395417898893356
11844,0,0,0,0.835484504699707,0.041869089007377625,0.12264633923768997
11845,3,0,0,0.6904382109642029,0.041166987270116806,0.2683948278427124
11846,4,0,0,0.6650723218917847,0.26222047209739685,0.07270718365907669
11848,4,0,0,0.8238933086395264,0.0425228476524353,0.1335838884115219
11849,0,0,0,0.9566821455955505,0.007536590099334717,0.03578132763504982
11850,1,1,1,0.0001367323420708999,0.9987566471099854,0.0011065875878557563
11852,1,0,1,0.4663998484611511,0.5084426999092102,0.025157451629638672
11853,3,1,1,5.39247012056876e-05,0.9999322891235352,1.3821077118336689e-05
11855,3,0,0,0.8526464104652405,0.013263676315546036,0.13408994674682617
11856,2,0,2,0.3501025140285492,0.016343535855412483,0.6335538625717163
11857,3,0,0,0.8241188526153564,0.03902585804462433,0.13685522973537445
11858,1,1,1,0.054071277379989624,0.9422546029090881,0.003674081526696682
11859,2,1,1,1.0802595170389395e-05,0.9999867677688599,2.412231424386846e-06
11861,0,0,0,0.7835721373558044,0.03522460162639618,0.18120336532592773
11862,1,0,1,0.4524382948875427,0.4881327450275421,0.059429045766592026
11863,0,0,0,0.9506758451461792,0.026929635554552078,0.02239450439810753
11864,3,0,0,0.8544594645500183,0.037827786058187485,0.10771270841360092
11865,1,0,1,0.3528597950935364,0.47315388917922974,0.17398633062839508
11866,0,0,0,0.6814641952514648,0.011239483952522278,0.30729636549949646
11867,3,1,1,0.31298479437828064,0.6655604243278503,0.0214547049254179
11868,1,0,0,0.8384943604469299,0.08202126622200012,0.07948434352874756
11869,3,0,1,0.16115160286426544,0.8194591999053955,0.01938917115330696
11871,3,1,1,2.908913666033186e-05,0.99992835521698,4.260419518686831e-05
11872,1,0,0,0.8960304856300354,0.03207997605204582,0.07188952714204788
11873,0,0,0,0.8291240930557251,0.0345274843275547,0.1363484263420105
11875,0,1,1,0.3102811276912689,0.6793133616447449,0.010405454784631729
11876,0,0,0,0.8083489537239075,0.01593579538166523,0.17571523785591125
11877,1,0,0,0.6501010656356812,0.3047724664211273,0.0451265312731266
11878,2,1,0,0.6622937917709351,0.04445796087384224,0.2932482957839966
11879,2,1,1,6.246502380236052e-06,0.9999934434890747,3.236440306864097e-07
11880,0,1,0,0.45700547099113464,0.4403473734855652,0.10264720022678375
11881,1,1,1,0.053611207753419876,0.9449931979179382,0.0013956272741779685
11882,4,1,1,0.09874436259269714,0.8818461894989014,0.01940944418311119
11883,0,0,2,0.1128244698047638,0.07843790203332901,0.808737576007843
11884,2,0,0,0.621923565864563,0.07942450046539307,0.29865187406539917
11885,1,0,0,0.7953106760978699,0.18260575830936432,0.022083505988121033
11886,3,0,0,0.7591373324394226,0.09393783658742905,0.14692488312721252
11887,4,0,0,0.8406198024749756,0.013431829400360584,0.1459483951330185
11888,3,0,0,0.6969051361083984,0.046855378895998,0.2562394142150879
11889,4,0,0,0.6718205809593201,0.15532223880290985,0.1728571653366089
11890,4,0,0,0.8079485893249512,0.11466619372367859,0.07738527655601501
11892,3,0,0,0.5058000087738037,0.16073334217071533,0.33346661925315857
11893,4,1,1,0.00016577899805270135,0.9998177886009216,1.645565680519212e-05
11894,2,1,1,0.0007540589431300759,0.9988887906074524,0.00035711468080990016
11895,3,0,0,0.6701732873916626,0.011801935732364655,0.31802475452423096
11896,1,0,0,0.812475323677063,0.02273445948958397,0.16479021310806274
11897,4,0,2,0.48167145252227783,0.009417307563126087,0.5089112520217896
11899,1,1,0,0.7952986359596252,0.1549791842699051,0.04972222447395325
11900,0,0,0,0.9630200862884521,0.003788821632042527,0.033191096037626266
11902,2,0,0,0.7652833461761475,0.11215955764055252,0.12255716323852539
11903,0,0,0,0.9315840601921082,0.02126442641019821,0.04715149849653244
11904,2,0,0,0.5824543833732605,0.0838860347867012,0.3336595296859741
11905,3,0,0,0.8729515671730042,0.03873310983181,0.08831527829170227
11906,3,0,0,0.8397867679595947,0.024136235937476158,0.13607698678970337
11907,2,1,1,7.996806743904017e-06,0.9999866485595703,5.40868086318369e-06
11908,1,0,0,0.8693788051605225,0.06957468390464783,0.06104648858308792
11909,3,0,0,0.8787897825241089,0.018750781193375587,0.10245949029922485
11910,2,0,1,0.14150923490524292,0.839751124382019,0.018739648163318634
11911,2,0,1,0.04908715561032295,0.9462518692016602,0.00466102734208107
11912,2,2,2,5.4905809520278126e-05,3.905424091499299e-05,0.9999059438705444
11913,1,1,1,0.12387628108263016,0.8740615248680115,0.002062128856778145
11914,0,0,0,0.9214040637016296,0.017304234206676483,0.061291761696338654
11915,4,0,0,0.6723455786705017,0.15354816615581512,0.1741061955690384
11917,2,0,0,0.8917412161827087,0.04440541937947273,0.06385327875614166
11919,0,1,1,0.0016817880095914006,0.9982031583786011,0.0001150763564510271
11920,1,1,1,0.0003395521780475974,0.9989978671073914,0.0006626021931879222
11921,1,0,2,0.15909019112586975,0.006366519257426262,0.8345432281494141
11922,0,0,0,0.5140310525894165,0.12164974957704544,0.36431920528411865
11923,1,0,0,0.645362377166748,0.0027791850734502077,0.3518584370613098
11924,2,0,0,0.6200705170631409,0.037786852568387985,0.3421427011489868
11925,2,0,1,0.3273118734359741,0.6365209817886353,0.0361671969294548
11926,4,0,0,0.7173911333084106,0.08769121021032333,0.19491766393184662
11927,2,0,0,0.8833075165748596,0.0229660514742136,0.09372648596763611
11928,2,0,0,0.7209066152572632,0.026031315326690674,0.25306206941604614
11929,0,1,1,0.20965716242790222,0.7815743088722229,0.00876852311193943
11930,4,0,0,0.9270942211151123,0.004269508179277182,0.06863629072904587
11931,3,0,2,0.4432690143585205,0.11285930126905441,0.44387170672416687
11932,3,0,0,0.7622215151786804,0.09563203155994415,0.14214642345905304
11933,0,0,0,0.9085985422134399,0.04799177870154381,0.04340964928269386
11934,1,1,1,0.1395043581724167,0.8330210447311401,0.02747453562915325
11935,4,0,0,0.82149738073349,0.018397992476820946,0.1601046323776245
11936,4,0,0,0.8830466270446777,0.026562657207250595,0.09039076417684555
11937,3,0,2,0.1267053782939911,0.14830510318279266,0.7249895334243774
11938,1,0,2,0.00873713567852974,0.00012958311708644032,0.9911332726478577
11939,1,0,0,0.7993309497833252,0.060408156365156174,0.14026086032390594
11940,1,0,2,0.3398870825767517,0.0005863802507519722,0.6595265865325928
11941,0,1,1,5.878846059204079e-05,0.9999120235443115,2.918967766163405e-05
11942,1,1,1,0.057543881237506866,0.9290444254875183,0.013411630876362324
11943,1,0,0,0.7894966006278992,0.11684048175811768,0.09366293996572495
11945,1,1,1,0.023856643587350845,0.9730356931686401,0.0031076930463314056
11946,2,0,0,0.763301432132721,0.10590101033449173,0.13079755008220673
11947,1,0,0,0.9224497079849243,0.03725859150290489,0.04029165208339691
11948,3,1,1,0.007918382063508034,0.9918340444564819,0.000247522460995242
11949,2,0,0,0.8630743622779846,0.03048587217926979,0.1064397320151329
11950,1,0,0,0.8994960188865662,0.024109909310936928,0.07639401406049728
11951,0,1,1,0.00010768831270979717,0.9998856782913208,6.626154117839178e-06
11952,2,0,2,0.4342441260814667,0.017942219972610474,0.5478136539459229
11953,4,1,1,0.12089439481496811,0.8740413784980774,0.005064225289970636
11954,3,1,1,6.083754124119878e-05,0.9999384880065918,6.879774332446686e-07
11955,0,0,0,0.894661009311676,0.04005390778183937,0.06528514623641968
11956,1,1,1,1.5769310266477987e-05,0.9999358654022217,4.84046722704079e-05
11957,1,0,2,0.002281143330037594,3.175104211550206e-05,0.9976871013641357
11960,0,0,1,0.0034439675509929657,0.9960980415344238,0.00045801850501447916
11961,1,0,2,0.08603447675704956,0.003596182446926832,0.910369336605072
11962,0,0,0,0.47603559494018555,0.45311203598976135,0.0708523690700531
11963,4,0,0,0.7142205238342285,0.03263770788908005,0.25314176082611084
11964,4,1,0,0.9107006788253784,0.023409178480505943,0.0658901110291481
11965,4,2,2,0.27509087324142456,0.02213585004210472,0.7027732729911804
11967,2,0,0,0.7200873494148254,0.06700661778450012,0.21290604770183563
11968,0,0,0,0.8916743993759155,0.004124029539525509,0.10420152544975281
11969,2,0,0,0.8930177688598633,0.013587907887995243,0.09339433163404465
11970,4,2,2,0.0015414770459756255,0.01525966264307499,0.9831988215446472
11971,2,0,0,0.8066597580909729,0.009984885342419147,0.18335537612438202
11973,4,0,0,0.7964996099472046,0.035071440041065216,0.1684289276599884
11974,0,0,0,0.9658822417259216,0.00872153788805008,0.02539622038602829
11976,1,1,1,0.3970120847225189,0.5838040709495544,0.01918383128941059
11978,1,2,2,5.5477848945884034e-05,7.164944690885022e-06,0.9999374151229858
11979,2,1,1,0.046026561409235,0.9452087879180908,0.008764599449932575
11980,2,1,1,0.0022873736452311277,0.9976175427436829,9.510402742307633e-05
11981,0,1,1,0.10754217952489853,0.8828334808349609,0.009624353609979153
11982,4,0,0,0.44117850065231323,0.36757057905197144,0.19125092029571533
11984,2,0,0,0.6059896349906921,0.36270764470100403,0.031302738934755325
11985,0,0,0,0.8707637786865234,0.07874590903520584,0.05049032345414162
11986,2,0,0,0.9748020172119141,0.0009478816646151245,0.024250078946352005
11987,2,0,0,0.5639177560806274,0.026360148563981056,0.40972208976745605
11988,2,0,0,0.9399734735488892,0.005427167750895023,0.05459935963153839
11989,3,1,1,0.0023958950769156218,0.9972449541091919,0.0003591278218664229
11990,1,0,2,0.21922867000102997,0.05632122978568077,0.7244501113891602
11991,4,0,0,0.5269352197647095,0.28926417231559753,0.1838005930185318
11992,3,0,0,0.7558817863464355,0.0787869542837143,0.16533130407333374
11993,3,1,1,0.061816319823265076,0.9339630603790283,0.0042205569334328175
11994,0,0,0,0.9115192890167236,0.03413283824920654,0.05434786528348923
11995,4,0,0,0.8054521083831787,0.12069983780384064,0.07384803891181946
11996,2,0,0,0.8320504426956177,0.010404757224023342,0.1575447916984558
11997,3,1,1,0.002128847409039736,0.9944823980331421,0.0033887806348502636
11998,0,2,0,0.7691977024078369,0.16526053845882416,0.06554177403450012
11999,1,1,1,0.0002937010140158236,0.9993208646774292,0.00038543640403077006
12000,0,1,1,0.11629383265972137,0.8749907612800598,0.008715445175766945
12001,3,0,0,0.9034793376922607,0.01506020687520504,0.08146045356988907
12002,4,1,1,0.01705178990960121,0.981468677520752,0.0014795642346143723
12004,3,1,1,0.0008167794439941645,0.999103307723999,7.994891348062083e-05
12006,4,0,0,0.7637068033218384,0.17197680473327637,0.06431645900011063
12007,3,1,1,0.31143760681152344,0.6708391904830933,0.01772318035364151
12009,4,0,0,0.8513268828392029,0.032052356749773026,0.11662081629037857
12010,4,0,0,0.6161737442016602,0.21273726224899292,0.17108891904354095
12011,4,0,0,0.778313398361206,0.010969741269946098,0.2107168585062027
12012,1,0,1,0.14512032270431519,0.8449969291687012,0.009882792830467224
12013,2,0,0,0.6263841390609741,0.018242372199892998,0.35537344217300415
12014,3,1,1,3.0235834856284782e-05,0.999963641166687,6.179906449688133e-06
12015,4,1,1,0.017451021820306778,0.980097234249115,0.0024517294950783253
12016,4,0,0,0.9227912425994873,0.028872758150100708,0.04833602532744408
12017,1,0,0,0.8755373954772949,0.0508529357612133,0.07360964268445969
12019,3,1,1,0.0038828784599900246,0.9960163235664368,0.00010074111196445301
12020,2,0,0,0.7085367441177368,0.019786005839705467,0.27167731523513794
12021,2,0,0,0.8649303317070007,0.026749419048428535,0.1083201989531517
12022,1,0,0,0.5323119759559631,0.383383572101593,0.08430444449186325
12023,3,1,1,0.002744750352576375,0.9971938133239746,6.13883530604653e-05
12024,2,1,1,0.00012153488205512986,0.9998637437820435,1.4668064068246167e-05
12025,4,0,0,0.7916988730430603,0.12226881086826324,0.08603232353925705
12027,0,1,1,0.09587017446756363,0.8871380686759949,0.016991807147860527
12028,0,1,1,0.00707780197262764,0.9918261766433716,0.0010959850624203682
12031,3,1,1,0.00018220336642116308,0.9998052716255188,1.2513874025898986e-05
12032,3,0,0,0.9113032817840576,0.0430060476064682,0.045690592378377914
12033,1,2,2,0.003434795653447509,6.450110231526196e-05,0.9965007305145264
12034,4,1,1,0.3109293282032013,0.6630675196647644,0.02600315771996975
12035,1,0,0,0.7655155062675476,0.04400811344385147,0.19047638773918152
12036,3,1,1,0.03381767123937607,0.9580143094062805,0.008168044500052929
12037,4,0,0,0.809346079826355,0.05151328071951866,0.13914066553115845
12039,3,0,0,0.9047483801841736,0.07381601631641388,0.021435637027025223
12040,3,1,1,4.6001700866327155e-06,0.999995231628418,1.1337573369019083e-07
12041,3,0,0,0.8385180234909058,0.04974915087223053,0.11173279583454132
12042,3,0,0,0.38401204347610474,0.32159486413002014,0.2943931221961975
12043,0,0,0,0.9084016680717468,0.0019065717933699489,0.08969176560640335
12044,1,1,1,0.0001012977518257685,0.9998917579650879,6.8944768827350345e-06
12045,4,0,0,0.508394181728363,0.41306838393211365,0.07853738963603973
12046,0,0,0,0.9593626856803894,0.0029969748575240374,0.03764035925269127
12047,2,1,1,4.32023880421184e-05,0.9999514818191528,5.282814981910633e-06
12049,1,0,1,5.1229490054538473e-05,0.9999418258666992,6.998499429755611e-06
12050,1,0,0,0.8855006694793701,0.011005429551005363,0.10349386930465698
12051,4,0,0,0.8341711759567261,0.049022238701581955,0.11680666357278824
12054,4,1,1,1.2730421076412313e-05,0.999983549118042,3.6672704482043628e-06
12055,4,0,0,0.9629273414611816,0.00387234752997756,0.03320037201046944
12056,0,1,1,0.04104677960276604,0.95432049036026,0.004632758907973766
12057,3,0,0,0.8549821972846985,0.045584022998809814,0.09943380206823349
12058,0,0,1,0.1696474552154541,0.8115534782409668,0.018799060955643654
12059,2,0,0,0.7886701226234436,0.1002141460776329,0.11111575365066528
12060,3,1,1,0.001805551117286086,0.736224889755249,0.2619696259498596
12061,0,0,0,0.7544217109680176,0.03320258855819702,0.21237576007843018
12062,1,0,0,0.5994902849197388,0.311977744102478,0.08853190392255783
12065,3,0,0,0.8778243660926819,0.02480158396065235,0.09737411141395569
12069,1,0,0,0.9103615283966064,0.044756367802619934,0.04488205164670944
12072,3,0,1,0.43008023500442505,0.5098119974136353,0.06010774150490761
12073,2,0,0,0.6938004493713379,0.12452733516693115,0.18167226016521454
12075,1,0,0,0.9036051034927368,0.033767830580472946,0.06262709200382233
12076,3,0,0,0.9286074638366699,0.009875400923192501,0.061517126858234406
12077,3,0,0,0.8178758025169373,0.10433163493871689,0.07779248803853989
12078,4,1,1,7.658926733711269e-06,0.9999871253967285,5.19750847161049e-06
12079,1,1,1,7.005708084761864e-07,0.9999991655349731,9.257995969846888e-08
12080,0,0,0,0.8208028078079224,0.09313295781612396,0.08606427907943726
12081,0,0,0,0.8977149128913879,0.038958657532930374,0.06332653015851974
12082,4,0,0,0.7982826828956604,0.05908449739217758,0.142632856965065
12083,2,0,0,0.8831428289413452,0.03546762466430664,0.08138963580131531
12084,0,0,0,0.8305975198745728,0.07994607090950012,0.08945641666650772
12085,1,0,0,0.8277639746665955,0.09596963226795197,0.07626637071371078
12086,3,0,0,0.9226663112640381,0.05516526475548744,0.02216847985982895
12087,0,1,1,0.15903620421886444,0.7067955136299133,0.1341683268547058
12088,4,1,1,0.0004457489412743598,0.9993233680725098,0.0002308465918758884
12089,1,0,0,0.8998304009437561,0.03179260715842247,0.06837702542543411
12090,0,1,1,0.1279934197664261,0.5662765502929688,0.30573001503944397
12092,1,0,0,0.5117520689964294,0.0008584209135733545,0.48738953471183777
12093,2,1,1,0.022353077307343483,0.9743382334709167,0.0033087304327636957
12094,0,0,1,0.06722854822874069,0.9297400116920471,0.003031477564945817
12095,3,0,0,0.655193030834198,0.02927171252667904,0.315535306930542
12096,2,1,0,0.6738608479499817,0.11552639305591583,0.21061274409294128
12097,1,1,1,1.4643959502791404e-06,0.9999980926513672,4.993930247110256e-07
12101,0,0,2,0.24154792726039886,0.11093398183584213,0.6475181579589844
12102,3,0,0,0.7795534729957581,0.09052086621522903,0.12992559373378754
12103,4,0,0,0.9605731964111328,0.0019751698710024357,0.03745163232088089
12104,1,0,0,0.6750275492668152,0.10690921545028687,0.21806323528289795
12105,1,0,0,0.8188769221305847,0.001341161085292697,0.17978191375732422
12106,3,0,0,0.6676217317581177,0.07277854532003403,0.2595997750759125
12108,1,0,0,0.7902748584747314,0.1131565198302269,0.09656856209039688
12110,0,0,0,0.8895456790924072,0.00738584715873003,0.1030685156583786
12111,0,0,0,0.933163583278656,0.022055529057979584,0.04478076845407486
12112,0,1,0,0.8373168706893921,0.11205096542835236,0.05063214525580406
12113,2,1,1,0.021341243758797646,0.9740158319473267,0.0046429261565208435
12114,4,1,1,6.854960520286113e-05,0.9999271631240845,4.256246029399335e-06
12115,1,0,0,0.8444850444793701,0.049112964421510696,0.1064019501209259
12116,3,2,2,0.11461672931909561,0.08073963224887848,0.8046436309814453
12117,4,0,0,0.8697062134742737,0.0607495941221714,0.06954417377710342
12118,3,0,0,0.9507717490196228,0.01264096237719059,0.03658725321292877
12119,1,2,1,0.24041648209095,0.6808022260665894,0.07878131419420242
12121,1,0,0,0.8104411363601685,0.08080675452947617,0.10875210165977478
12122,0,1,1,0.0008052270859479904,0.9991536140441895,4.114031617064029e-05
12123,3,0,0,0.8420222401618958,0.09476612508296967,0.063211590051651
12127,0,1,1,0.0003914001281373203,0.9994786381721497,0.0001299514260608703
12128,4,0,0,0.5325584411621094,0.3537397086620331,0.11370179802179337
12129,4,0,0,0.9402123093605042,0.0008528449106961489,0.05893486738204956
12132,0,0,0,0.9364692568778992,0.019075684249401093,0.044455017894506454
12133,1,1,1,0.23986317217350006,0.7346136569976807,0.02552316151559353
12134,3,0,0,0.9294773936271667,0.040256522595882416,0.030266141518950462
12135,1,0,0,0.8209391832351685,0.13085275888442993,0.04820811003446579
12136,4,0,0,0.6285350918769836,0.012117237783968449,0.35934770107269287
12137,3,0,0,0.7941907644271851,0.01214256789535284,0.19366668164730072
12139,1,0,0,0.6540656685829163,0.025119345635175705,0.32081496715545654
12140,0,0,0,0.9054849147796631,0.015503221191465855,0.07901185005903244
12142,2,0,2,0.1820039600133896,0.025925207883119583,0.7920708060264587
12143,4,0,0,0.7694146037101746,0.05102766305208206,0.17955781519412994
12144,0,1,1,0.07993727922439575,0.9168286323547363,0.003234053263440728
12145,1,0,0,0.7985852956771851,0.011755588464438915,0.18965910375118256
12146,2,0,0,0.6693068742752075,0.030424954369664192,0.30026817321777344
12148,1,0,0,0.8408253192901611,0.06900286674499512,0.09017177671194077
12149,0,0,0,0.7220373153686523,0.0150390500202775,0.2629236578941345
12150,1,0,0,0.8987314105033875,0.03336884453892708,0.06789977103471756
12151,2,0,0,0.8944064974784851,0.06719031184911728,0.03840320557355881
12152,2,0,0,0.8062542676925659,0.10562270879745483,0.08812300860881805
12154,1,1,1,6.389352347468957e-05,0.9998494386672974,8.670172974234447e-05
12155,1,1,1,0.0014341712230816483,0.9983925223350525,0.00017332599963992834
12157,1,0,0,0.8127610087394714,0.11801715195178986,0.06922183930873871
12158,2,0,0,0.8308945298194885,0.03034806251525879,0.1387573927640915
12159,3,1,1,7.840619946364313e-05,0.9999122619628906,9.36731248657452e-06
12160,1,0,0,0.8137232661247253,0.15118326246738434,0.03509347140789032
12161,2,1,0,0.6735715270042419,0.27896109223365784,0.047467347234487534
12162,1,0,0,0.7946003675460815,0.09598600119352341,0.10941360145807266
12163,2,1,1,0.2527713179588318,0.6890878677368164,0.058140795677900314
12164,3,1,0,0.8123624920845032,0.039709270000457764,0.14792826771736145
12165,1,1,1,0.005524117965251207,0.9941872358322144,0.0002886592410504818
12166,4,1,1,0.007428397424519062,0.9888301491737366,0.0037414769176393747
12167,0,0,0,0.7316769957542419,0.20363788306713104,0.0646851509809494
12168,2,0,0,0.5210334658622742,0.4364747107028961,0.042491842061281204
12169,1,1,0,0.8396946787834167,0.03636565059423447,0.12393970787525177
12171,1,1,1,0.00023529819736722857,0.9995778203010559,0.00018685900431592017
12172,2,0,0,0.5303916931152344,0.006493463646620512,0.4631148874759674
12173,0,0,0,0.6539137959480286,0.10398704558610916,0.24209916591644287
12174,3,0,0,0.9078315496444702,0.03893517330288887,0.053233351558446884
12175,3,0,0,0.874761700630188,0.011092297732830048,0.11414594203233719
12176,1,0,0,0.95414137840271,0.0263056717813015,0.019552897661924362
12177,2,0,1,0.3507751524448395,0.5564037561416626,0.09282107651233673
12179,0,1,1,0.011153069324791431,0.9882504940032959,0.0005963994772173464
12180,0,0,0,0.8960705995559692,0.09317481517791748,0.010754631832242012
12181,4,0,0,0.7424788475036621,0.07406026870012283,0.18346084654331207
12186,1,0,0,0.8182770609855652,0.0355621837079525,0.1461607813835144
12187,2,0,0,0.7835982441902161,0.014100275002419949,0.20230147242546082
12188,1,0,0,0.757032573223114,0.02377190999686718,0.21919552981853485
12189,0,0,0,0.6112009882926941,0.25589385628700256,0.13290520012378693
12190,3,0,0,0.8740830421447754,0.04418914020061493,0.0817277729511261
12191,3,0,0,0.6805633902549744,0.29718470573425293,0.022251982241868973
12193,4,1,1,0.036762021481990814,0.9594241380691528,0.0038138055242598057
12194,3,0,0,0.9664087891578674,0.0067321849055588245,0.02685900218784809
12195,2,1,1,0.25650885701179504,0.7275243401527405,0.01596677675843239
12196,0,0,0,0.7826894521713257,0.013031065464019775,0.20427940785884857
12198,1,0,0,0.5155937671661377,0.062059883028268814,0.4223463535308838
12199,3,0,2,0.2868797779083252,0.11815916001796722,0.5949610471725464
12200,3,0,0,0.7150300145149231,0.05813440680503845,0.22683554887771606
12201,3,0,0,0.948701798915863,0.03694475442171097,0.014353467151522636
12202,1,0,0,0.8166741132736206,0.034244950860738754,0.14908091723918915
12203,4,0,1,0.002301675733178854,0.9962494969367981,0.0014488743618130684
12204,1,0,0,0.9024074077606201,0.007824215106666088,0.08976845443248749
12205,1,0,0,0.8962195515632629,0.06745269149541855,0.03632771223783493
12206,4,1,1,4.549615186988376e-05,0.9996738433837891,0.00028072099667042494
12208,3,0,1,0.08339356631040573,0.9137818813323975,0.002824561670422554
12209,1,0,0,0.7144310474395752,0.1387888789176941,0.1467800736427307
12210,3,0,0,0.935810387134552,0.007642025593668222,0.05654764920473099
12212,2,1,1,0.03098779171705246,0.9656354188919067,0.0033768571447581053
12215,3,0,1,0.00032757146982476115,0.9996065497398376,6.595958984689787e-05
12216,2,0,0,0.7492515444755554,0.06855443865060806,0.1821940839290619
12217,3,0,0,0.8493248224258423,0.04441184923052788,0.10626326501369476
12218,3,1,1,0.0005730072734877467,0.9993515610694885,7.546414417447522e-05
12219,0,2,0,0.6583443880081177,0.17736491560935974,0.16429072618484497
12220,3,1,1,0.000876873207744211,0.9990793466567993,4.371719478513114e-05
12221,0,0,2,0.224054217338562,0.11679267138242722,0.6591530442237854
12223,4,1,1,0.12321650981903076,0.8685993552207947,0.008184046484529972
12224,3,1,1,0.022891661152243614,0.9729007482528687,0.0042076315730810165
12225,2,0,0,0.7964267134666443,0.006946715526282787,0.19662657380104065
12226,2,0,2,0.13963431119918823,0.003254807088524103,0.8571109175682068
12227,4,0,2,0.3419997990131378,0.14071744680404663,0.5172827839851379
12228,4,0,0,0.9283193349838257,0.009698429144918919,0.06198234111070633
12230,0,0,0,0.8987125158309937,0.02923004887998104,0.07205747067928314
12231,1,0,0,0.8003209233283997,0.14534974098205566,0.05432938411831856
12234,1,1,2,0.00022926126257516444,0.003792612813413143,0.9959781169891357
12235,3,0,0,0.9331777095794678,0.011092153377830982,0.05573008209466934
12236,1,2,2,0.0018359508831053972,0.0009285956621170044,0.9972354769706726
12238,4,0,0,0.7624561786651611,0.06360164284706116,0.17394214868545532
12239,3,2,2,0.0056595392525196075,0.0007396916043944657,0.9936007857322693
12240,0,0,0,0.8431492447853088,0.024511979892849922,0.13233879208564758
12241,0,0,2,0.26123395562171936,0.024482136592268944,0.7142838835716248
12242,4,1,1,0.08446630090475082,0.9124588370323181,0.0030748837161809206
12243,4,1,1,0.37874874472618103,0.5529623627662659,0.06828894466161728
12244,3,0,0,0.7829442024230957,0.0680985227227211,0.14895731210708618
12245,4,0,0,0.7494817972183228,0.11444387584924698,0.13607436418533325
12248,2,0,0,0.8627280592918396,0.006275315769016743,0.13099661469459534
12249,4,1,1,0.03920557722449303,0.9581447243690491,0.0026496618520468473
12250,4,0,1,0.08535555005073547,0.907520055770874,0.0071243541315197945
12251,2,0,0,0.8589022755622864,0.027760613709688187,0.11333706974983215
12253,4,1,1,0.05843639373779297,0.932470977306366,0.009092542342841625
12255,2,0,0,0.8612686991691589,0.049810029566287994,0.08892127126455307
12256,4,1,1,3.013762216141913e-05,0.9999603033065796,9.601360943634063e-06
12257,1,0,2,0.01953071914613247,0.0018906007753685117,0.9785786271095276
12258,2,0,0,0.5800498723983765,0.12711766362190247,0.29283246397972107
12260,1,1,1,1.051407616614597e-05,0.9999881982803345,1.3393434983299812e-06
12261,3,1,1,0.24416446685791016,0.7446308732032776,0.011204617097973824
12263,0,0,0,0.9116390347480774,0.04353512451052666,0.04482582211494446
12264,2,1,1,0.0009071805397979915,0.9981428384780884,0.0009500409360043705
12265,3,0,0,0.8286135196685791,0.05531137436628342,0.11607512086629868
12266,0,0,0,0.686417818069458,0.08952755481004715,0.22405456006526947
12267,4,0,0,0.5169782638549805,0.223209947347641,0.25981178879737854
12269,2,0,0,0.9624919295310974,0.0049504972994327545,0.03255756199359894
12270,0,1,2,2.8261752049729694e-06,0.0076692854054272175,0.992327868938446
12271,2,1,1,6.087742076488212e-05,0.999921441078186,1.7709413441480137e-05
12273,4,0,0,0.6301119327545166,0.33400315046310425,0.03588494658470154
12274,3,1,1,0.00012601354683283716,0.9998542070388794,1.9713019355549477e-05
12275,4,1,1,0.004414143040776253,0.9947145581245422,0.0008712843991816044
12276,1,1,1,0.00041043799137696624,0.9994420409202576,0.00014755122538190335
12277,1,1,1,0.057543881237506866,0.9290444254875183,0.013411630876362324
12279,4,1,1,0.061937976628541946,0.9335618019104004,0.00450030155479908
12280,2,1,0,0.6551997065544128,0.12585319578647614,0.2189471423625946
12281,0,1,1,0.00041746959323063493,0.9993796348571777,0.0002028151648119092
12282,0,0,0,0.8700464963912964,0.014907988719642162,0.11504554748535156
12283,1,0,0,0.9451515078544617,0.021492308005690575,0.03335621953010559
12284,4,1,0,0.7385637164115906,0.17941267788410187,0.08202362805604935
12285,1,1,1,0.13020549714565277,0.8638114929199219,0.005983033217489719
12286,1,0,0,0.8653567433357239,0.08020003885030746,0.05444323271512985
12287,4,0,0,0.8591869473457336,0.07391912490129471,0.06689395755529404
12288,0,0,0,0.9022182822227478,0.05019494146108627,0.04758688062429428
12289,0,0,0,0.8444044589996338,0.08614463359117508,0.06945083290338516
12290,3,0,0,0.9011496305465698,0.012994684278964996,0.08585571497678757
12291,0,0,0,0.7246114015579224,0.03871903568506241,0.23666955530643463
12292,2,0,0,0.4970974624156952,0.2919009029865265,0.21100164949893951
12295,2,1,1,0.0008820120128802955,0.9989737272262573,0.00014429460861720145
12296,0,0,2,0.1381332129240036,0.009988208301365376,0.8518785238265991
12298,1,0,0,0.6049026250839233,0.334587037563324,0.06051032245159149
12299,0,0,2,0.2610962390899658,0.024124931544065475,0.7147788405418396
12300,2,0,0,0.7379702925682068,0.04115009680390358,0.22087958455085754
12302,2,0,0,0.9061204791069031,0.030194690451025963,0.06368476897478104
12303,4,0,2,0.04055022448301315,0.002281661843881011,0.9571681022644043
12305,4,0,2,0.46579819917678833,0.06540849059820175,0.4687933623790741
