row_id,fold,label,pred,p0,p1,p2
0,2,1,1,6.953163392608985e-05,0.999627947807312,0.00030244237859733403
1,4,2,2,0.00013296058750711381,0.0006274756160564721,0.9992395639419556
2,1,2,2,0.0011643491452559829,0.0004161969118285924,0.9984194040298462
3,0,2,2,3.746910078916699e-05,2.956266689579934e-05,0.9999330043792725
4,3,1,1,5.541866994462907e-05,0.9999316930770874,1.2887211596535053e-05
5,3,2,2,1.0456053132656962e-05,0.0001849749532993883,0.9998045563697815
6,3,2,2,0.00011914240894839168,0.0003694936167448759,0.9995113611221313
8,3,1,1,0.00012555434659589082,0.9986867308616638,0.0011877473443746567
9,4,1,1,6.616643804591149e-05,0.9994045495986938,0.0005292621208354831
10,2,1,1,2.118899146807962e-06,0.9999955892562866,2.246651092718821e-06
11,3,2,2,0.000811747566331178,0.0018707613926380873,0.9973174929618835
12,3,1,1,3.568876854842529e-05,0.9999585151672363,5.747107479692204e-06
13,2,2,2,8.601036097388715e-05,0.0017460421659052372,0.998167872428894
15,3,1,1,0.00030515980324707925,0.999517560005188,0.00017731820116750896
17,4,1,1,2.2694475774187595e-05,0.9997090697288513,0.0002682464837562293
18,2,1,1,6.152556579763768e-06,0.9999837875366211,1.0011645827034954e-05
19,3,2,2,0.00017550314078107476,8.555713429814205e-05,0.999738872051239
20,2,1,0,0.6996573805809021,0.05859316885471344,0.24174945056438446
22,2,1,1,8.107780013233423e-05,0.8719325065612793,0.12798647582530975
23,4,1,1,1.4218842807167675e-05,0.9998517036437988,0.0001340442249784246
26,2,2,2,0.00048823838005773723,4.7610395995434374e-05,0.9994640946388245
27,1,1,1,0.0008205786580219865,0.9991762042045593,3.244015260861488e-06
28,2,2,2,4.697037729783915e-05,0.005700050387531519,0.9942529797554016
29,3,2,1,0.0028235414065420628,0.9966867566108704,0.0004896966274827719
30,2,1,0,0.6577020883560181,0.2659105062484741,0.076387420296669
31,2,1,1,1.7042013496393338e-05,0.9999150037765503,6.799806578783318e-05
32,4,1,1,1.0845777978829574e-05,0.9999841451644897,4.972942406311631e-06
33,0,2,2,0.0004687952168751508,0.0007495853351429105,0.9987816214561462
34,1,1,1,2.1675461994163925e-06,0.9999972581863403,5.704525847249897e-07
35,2,2,2,0.0004501467919908464,2.189398855989566e-06,0.9995476603507996
37,4,1,1,1.418437204847578e-05,0.9999374151229858,4.84364245494362e-05
38,4,1,1,9.416140528628603e-06,0.999915599822998,7.492943404940888e-05
39,0,1,1,3.270484376116656e-05,0.9999374151229858,2.9884617106290534e-05
40,2,2,1,0.042322054505348206,0.9406026601791382,0.01707521080970764
41,0,1,1,1.1503344467200805e-05,0.9999862909317017,2.251892283311463e-06
42,1,1,1,2.4955301341833547e-05,0.9999748468399048,2.432064434287895e-07
43,4,2,2,3.1303774449042976e-05,7.080039358697832e-05,0.999897837638855
44,3,2,2,3.737329052455607e-06,1.6652771591907367e-05,0.9999796152114868
45,1,2,2,9.86692884907825e-06,5.883384801563807e-06,0.9999842643737793
46,4,1,1,3.212372030247934e-05,0.9997624754905701,0.0002054249052889645
47,3,1,1,4.056087709614076e-05,0.9999386072158813,2.0837716874666512e-05
48,2,2,2,2.28212902584346e-05,0.00012032771337544546,0.9998568296432495
49,3,2,2,3.5604298318503425e-05,0.0009713129256851971,0.9989930987358093
50,1,2,2,0.0002968659973703325,4.084073952981271e-05,0.9996622800827026
52,4,1,1,4.8015212996688206e-06,0.9999918937683105,3.30896841660433e-06
53,1,2,2,0.4069705605506897,0.07076861709356308,0.5222607851028442
54,2,1,1,3.3818903375504306e-06,0.9999873638153076,9.278180186811369e-06
55,4,1,1,7.489248673664406e-05,0.9998859167098999,3.9166174246929586e-05
56,0,1,1,0.00021217319590505213,0.999775230884552,1.257715848623775e-05
57,0,1,1,2.519722875149455e-05,0.9999666213989258,8.184135367628187e-06
60,2,1,1,5.214494649408152e-06,0.9999874830245972,7.303637175937183e-06
61,2,1,2,0.002062226878479123,0.002288812305778265,0.9956489205360413
62,1,2,2,0.00046950153773650527,0.0049599246121943,0.9945705533027649
63,0,2,2,0.00010726330947363749,0.00019740467541851103,0.9996954202651978
64,0,2,2,0.00019370249356143177,0.00017288200615439564,0.9996334314346313
67,0,1,2,0.04940628632903099,0.15403595566749573,0.7965577840805054
68,1,1,1,0.0008137496770359576,0.9991511106491089,3.512732655508444e-05
69,0,1,1,1.8493872630642727e-05,0.9999362230300903,4.530171645455994e-05
70,1,1,1,3.4358035918558016e-06,0.999995231628418,1.377635499011376e-06
71,3,1,1,5.059107570559718e-05,0.9999376535415649,1.1715091204678174e-05
72,4,1,1,5.492202035384253e-05,0.999897837638855,4.72852771054022e-05
73,0,2,2,0.00010366455535404384,0.00011237645230721682,0.9997839331626892
74,2,1,1,4.327763235778548e-06,0.9999879598617554,7.653442480659578e-06
76,0,1,1,3.345475852256641e-05,0.9999116659164429,5.4856562201166525e-05
77,2,1,1,0.00023191323271021247,0.9997665286064148,1.5944393680911162e-06
78,1,2,2,2.407769534329418e-05,5.39199318154715e-05,0.9999220371246338
79,3,1,1,0.022569889202713966,0.9634701609611511,0.013960006646811962
80,3,2,2,0.0011432854225859046,1.0077365914185066e-05,0.9988465309143066
81,2,2,2,3.9647096855333075e-05,1.8588963257570867e-06,0.9999583959579468
82,2,1,1,0.000745058641768992,0.9983929991722107,0.0008619343279860914
83,0,2,2,0.00030470205820165575,0.2427109032869339,0.756984293460846
84,1,2,2,3.5956988995167194e-06,6.874314567539841e-05,0.9999276399612427
85,1,1,1,0.23559340834617615,0.758082389831543,0.006324125453829765
86,2,1,1,0.2232733964920044,0.5036579370498657,0.2730686664581299
87,4,2,2,0.00045630428940057755,0.0014361122157424688,0.9981075525283813
88,3,2,2,2.6183910449617542e-05,5.9637255617417395e-05,0.9999141693115234
89,3,1,0,0.582623302936554,0.02602430246770382,0.39135241508483887
90,4,1,1,6.228973688848782e-06,0.9999891519546509,4.6622080844827e-06
91,4,1,1,2.7848107492900454e-05,0.9998990297317505,7.310207729460672e-05
92,0,2,2,0.0006779518444091082,0.0005266075604595244,0.9987953901290894
95,4,2,2,1.587271071912255e-05,7.497434125980362e-05,0.9999091625213623
96,3,2,2,5.8759796957019717e-05,8.555677595722955e-06,0.9999326467514038
97,1,2,2,1.6166764908120967e-05,6.971458333282499e-06,0.9999768733978271
98,3,1,1,0.08799304813146591,0.6979798078536987,0.21402716636657715
99,4,1,1,3.250353620387614e-05,0.9996625185012817,0.00030496952240355313
100,4,2,2,2.3512951884185895e-05,0.00025993885356001556,0.999716579914093
101,1,1,1,5.728382802772103e-06,0.9999881982803345,6.024531558068702e-06
102,1,1,0,0.8498892784118652,0.054557181894779205,0.09555356949567795
104,2,1,1,2.063292959064711e-05,0.9999767541885376,2.5695571821415797e-06
105,3,2,2,1.6357120330212638e-05,1.2289789083297364e-05,0.9999713897705078
106,3,2,2,3.94664348277729e-05,1.0740019206423312e-05,0.9999498128890991
107,4,2,2,5.917804446653463e-05,0.001469787792302668,0.9984710812568665
108,0,2,2,0.00010630444739945233,0.0025282795540988445,0.997365415096283
109,3,1,1,1.4491693036688957e-05,0.9999822378158569,3.2494942843186436e-06
110,1,1,1,4.8428682930534706e-05,0.9999502897262573,1.2910768418805674e-06
111,0,1,1,0.0001298003044212237,0.9998626708984375,7.5514012678468134e-06
113,0,2,2,0.00011639596777968109,0.00013526824477594346,0.9997482895851135
114,0,1,2,0.04391074180603027,0.3294258415699005,0.6266634464263916
115,2,1,1,1.2969445606358931e-06,0.9999929666519165,5.693004823115189e-06
116,4,2,2,0.02526278980076313,0.003549488028511405,0.9711876511573792
117,0,1,1,1.1472726328065619e-05,0.9999769926071167,1.1580717000470031e-05
118,4,1,1,2.278044485137798e-05,0.9999480247497559,2.9160817575757392e-05
120,0,1,1,6.96165079716593e-05,0.999913215637207,1.719354077067692e-05
121,4,1,1,0.00017700795433484018,0.9993952512741089,0.0004277875123079866
122,4,1,1,3.463985876805964e-06,0.9999827146530151,1.3799238331557717e-05
123,3,1,1,6.795216904720291e-05,0.999690055847168,0.00024204415967687964
124,3,1,1,0.00011199348227819428,0.9998749494552612,1.3053610018687323e-05
125,1,1,1,0.0003203226369805634,0.9993582367897034,0.0003214773314539343
126,4,1,1,6.320543889160035e-06,0.9999572038650513,3.64927836926654e-05
127,3,1,1,1.9243492715759203e-05,0.9999587535858154,2.2020500182406977e-05
129,1,1,1,0.007270099129527807,0.9889833331108093,0.003746570320799947
130,0,1,1,5.2799579862039536e-05,0.9999210834503174,2.6056453862111084e-05
131,3,1,1,0.00010493164882063866,0.9998793601989746,1.570704989717342e-05
132,1,2,1,0.09069904685020447,0.8364282250404358,0.07287273555994034
133,1,1,1,1.7807520634960383e-05,0.9999794960021973,2.7265987228020094e-06
134,3,1,1,5.4004729463486e-05,0.9999294281005859,1.6530340872122906e-05
135,1,2,2,0.00035550419124774635,0.002111217938363552,0.9975332021713257
136,0,1,1,0.0007035493035800755,0.9989482760429382,0.000348214729456231
137,1,1,1,6.29200349067105e-06,0.9999920129776001,1.6534378346477752e-06
139,0,2,2,0.00018498160352464765,5.6528115237597376e-05,0.9997585415840149
140,1,1,1,1.636007073102519e-05,0.999980092048645,3.553983788151527e-06
141,4,1,1,7.431163339788327e-06,0.9998346567153931,0.00015783401613589376
142,0,2,2,3.58672950824257e-05,1.9658795281429775e-05,0.9999444484710693
143,4,2,2,5.9056113968836144e-05,0.00013567143469117582,0.9998053908348083
144,3,1,1,5.5746641010046005e-06,0.9999734163284302,2.1006764654885046e-05
145,1,1,1,1.2020093890896533e-05,0.9999876022338867,3.836830728687346e-07
146,2,2,2,0.014008120633661747,0.0010571024613454938,0.9849348068237305
147,4,2,2,3.981982445111498e-05,0.0018354043131694198,0.9981247782707214
148,0,2,2,8.792296284809709e-06,0.00017502528498880565,0.9998162388801575
149,3,2,2,6.355815457936842e-06,2.858060952348751e-06,0.9999908208847046
150,0,2,2,0.00029382595675997436,0.00028904006467200816,0.9994171857833862
152,4,2,2,4.165388600085862e-05,0.00010430433030705899,0.9998540878295898
153,2,1,1,2.221482282038778e-05,0.999631404876709,0.000346423068549484
154,2,2,2,0.0004332470125518739,0.00013169663725420833,0.9994351267814636
155,4,1,1,2.6674777473090217e-05,0.9997115731239319,0.0002617397694848478
156,2,2,2,3.28953901771456e-05,7.231949439301388e-06,0.9999598264694214
157,2,2,2,3.620727511588484e-05,0.0026017639320343733,0.997361958026886
158,2,1,1,8.102344145299867e-05,0.9999136924743652,5.334049546945607e-06
161,1,1,0,0.838495135307312,0.08312733471393585,0.07837755978107452
162,4,2,2,0.000398502335883677,2.9449674912029877e-05,0.9995720982551575
163,1,2,2,7.765737791487481e-06,0.00012779828102793545,0.9998644590377808
167,1,1,1,7.35681751393713e-05,0.9999129772186279,1.3471520105667878e-05
168,0,1,1,3.492409086902626e-05,0.999950647354126,1.4439047845371533e-05
169,4,2,2,2.6906351195066236e-05,7.097537309164181e-05,0.9999021291732788
171,2,2,2,0.00018894876120612025,0.0009118732996284962,0.9988991022109985
172,0,1,1,0.33926862478256226,0.3851184844970703,0.2756129205226898
173,0,1,1,0.00017027791182044894,0.9997740387916565,5.568773849518038e-05
176,2,1,1,3.578971154638566e-05,0.9999324083328247,3.184620800311677e-05
178,0,2,2,0.00016015251458156854,0.00017092199414037168,0.9996689558029175
179,1,2,2,0.00022813945543020964,0.0028058006428182125,0.9969660639762878
181,1,1,1,3.847551852231845e-05,0.9999245405197144,3.698792716022581e-05
182,1,1,1,2.2827036900707753e-06,0.9999899864196777,7.753339559712913e-06
183,3,2,2,1.0745765393949114e-05,0.00012918152788188308,0.9998600482940674
184,2,1,1,0.007617178838700056,0.9905716180801392,0.0018112463876605034
186,4,1,1,0.19060800969600677,0.7488299012184143,0.060562148690223694
187,4,2,2,9.098171722143888e-05,0.00022513984004035592,0.9996839761734009
188,0,2,2,0.0005008785519748926,0.0006000760477036238,0.9988991022109985
190,1,2,2,0.00010436101001687348,0.015683140605688095,0.9842125773429871
191,3,1,1,2.6510013412917033e-05,0.999947190284729,2.6316130970371887e-05
193,1,1,1,1.717104714771267e-05,0.9999746084213257,8.255299690063111e-06
194,3,2,2,0.00033498514676466584,0.00021473996457643807,0.9994502663612366
195,4,1,1,0.00014772775466553867,0.9889184832572937,0.010933808982372284
197,2,1,1,7.53966241973103e-06,0.999983549118042,8.8846300059231e-06
198,1,2,2,0.0003509029047563672,0.0009192941361106932,0.9987298846244812
199,3,1,1,7.472917786799371e-05,0.9999088048934937,1.650446756684687e-05
200,0,2,2,0.18809941411018372,0.019843433052301407,0.79205721616745
201,1,2,0,0.8289030194282532,0.0717896893620491,0.09930726885795593
202,3,2,2,2.4788665541564114e-05,9.02861647773534e-05,0.9998849630355835
203,0,2,2,7.206098962342367e-05,0.0006500647868961096,0.9992778897285461
204,3,2,2,4.699534656538162e-06,5.439928372652503e-06,0.9999898672103882
206,4,1,2,0.02772303856909275,0.07463189959526062,0.8976450562477112
207,1,1,1,3.895389909303049e-06,0.9999908208847046,5.313106612447882e-06
208,0,1,1,6.606104579987004e-05,0.9999170303344727,1.694219099590555e-05
210,1,2,2,0.0003417207335587591,0.001531317364424467,0.9981269240379333
212,4,1,1,2.777551708277315e-05,0.9996570348739624,0.00031516511808149517
213,2,2,2,3.488094807835296e-05,6.61287413095124e-05,0.9998989105224609
214,3,2,2,1.0980469596688636e-05,0.00020145150483585894,0.9997876286506653
215,3,1,1,0.00029946182621642947,0.9994068145751953,0.00029368005925789475
216,2,2,2,4.925690882373601e-05,5.4860567615833133e-05,0.9998959302902222
217,2,1,1,5.115410385769792e-05,0.9997815489768982,0.00016731057257857174
218,2,1,1,0.00028685908182524145,0.9995608925819397,0.0001522490638308227
219,4,2,2,8.678859012434259e-05,0.0002745983947534114,0.9996386766433716
220,0,2,2,0.00011600621655816212,6.71231173328124e-05,0.9998169541358948
221,1,2,2,8.48075287649408e-05,0.00025015839491970837,0.9996650218963623
222,2,2,2,4.218021422275342e-05,6.891028897371143e-05,0.9998888969421387
223,0,2,2,0.00045296832104213536,0.0011492270277813077,0.9983977675437927
224,4,2,2,0.0005729596014134586,0.00030044352752156556,0.9991264939308167
227,1,2,2,0.004756889771670103,0.020396960899233818,0.9748461842536926
228,3,2,2,4.8238034651149064e-05,0.0002760908682830632,0.9996756315231323
229,2,1,1,6.550225953105837e-05,0.999932050704956,2.4501991902070586e-06
230,4,2,2,9.12883933779085e-06,0.00043647331767715514,0.9995543360710144
231,3,1,1,6.900554581079632e-05,0.9999008178710938,3.0110173611319624e-05
232,1,1,1,1.5818275642232038e-05,0.9999823570251465,1.7811537418310763e-06
233,0,1,1,2.8566724722622894e-05,0.9999525547027588,1.8864137018681504e-05
234,1,1,1,6.440470315283164e-06,0.9999909400939941,2.5654971977928653e-06
235,2,2,2,2.918232212323346e-06,2.0940178728778847e-05,0.9999761581420898
236,1,1,1,0.0029028495773673058,0.9966597557067871,0.0004374613636173308
237,2,1,1,1.1520464795466978e-05,0.9999475479125977,4.0904753404902294e-05
239,3,2,2,1.1105667908850592e-05,0.00017446419224143028,0.9998144507408142
240,0,1,1,2.6346715458203107e-05,0.9999624490737915,1.1208786418137606e-05
241,0,1,1,4.188684397377074e-05,0.9999504089355469,7.686267053941265e-06
242,2,2,2,4.497565441852203e-06,0.0003260881348978728,0.9996694326400757
243,2,1,1,0.04023848846554756,0.9517980217933655,0.00796353630721569
244,3,2,2,0.00019632713519968092,0.0003507447545416653,0.9994528889656067
245,2,2,2,0.00011126574827358127,0.0007763265166431665,0.9991124272346497
246,2,2,2,5.5153152061393484e-05,0.00030294572934508324,0.9996418952941895
247,3,2,2,0.0006168258260004222,0.02715628407895565,0.9722269177436829
248,2,2,2,0.00042183863115496933,0.0003973760758526623,0.9991807341575623
250,2,1,1,2.6683455871534534e-06,0.9999963045120239,1.0189065733356983e-06
251,4,1,1,3.908478447556263e-06,0.9997889399528503,0.00020714287529699504
252,4,1,1,2.768729791569058e-05,0.9998564720153809,0.00011582840670598671
253,2,2,2,0.00019640836399048567,0.0010043912334367633,0.9987990856170654
254,0,1,1,1.623101343284361e-05,0.99979168176651,0.0001921217772178352
255,3,1,1,0.005204488523304462,0.991200864315033,0.0035946976859122515
256,1,2,2,0.0002467140438966453,0.00016544887330383062,0.9995879530906677
257,4,2,2,2.466099067532923e-05,0.0003502956824377179,0.9996249675750732
258,1,2,2,4.46082885900978e-05,0.000213152845390141,0.9997422099113464
259,0,1,1,3.5552850022213534e-05,0.9999308586120605,3.353314968990162e-05
260,2,2,2,3.066759745706804e-05,0.000900251034181565,0.9990691542625427
262,2,2,2,1.694883940217551e-05,0.0001295029796892777,0.9998534917831421
269,2,1,1,0.33856502175331116,0.6016868352890015,0.059748176485300064
271,4,2,2,0.00017371019930578768,0.0005424123373813927,0.9992839694023132
272,0,2,2,0.00028729287441819906,0.0010050206910818815,0.99870765209198
273,0,2,2,0.0010234423680230975,0.0009962462354451418,0.9979802966117859
274,1,1,1,1.0231525266135577e-05,0.9999896287918091,1.8081109942613693e-07
276,1,2,2,0.0002291108830831945,0.0007029584958218038,0.9990679621696472
279,1,2,2,1.4573256521543954e-05,0.00022622455435339361,0.9997592568397522
280,0,1,1,2.1560321329161525e-05,0.9999682903289795,1.0102644409926143e-05
281,3,1,1,0.00019794829131569713,0.999640703201294,0.0001613102067494765
283,1,2,2,0.0010360515443608165,0.003949717618525028,0.9950141310691833
284,3,1,1,0.055608756840229034,0.9300557374954224,0.014335468411445618
285,2,1,1,1.4738422578375321e-05,0.9999635219573975,2.1729983927798457e-05
286,3,2,2,3.15449433401227e-05,0.0002550657372921705,0.9997133612632751
287,3,2,2,7.448451469826978e-06,8.490881737088785e-05,0.9999077320098877
289,2,2,2,3.8864247471792623e-05,4.534479376161471e-05,0.9999158382415771
290,1,2,2,1.5498886568821035e-05,6.853295053588226e-05,0.9999159574508667
291,4,2,2,0.00013180419045966119,6.509925879072398e-05,0.9998031258583069
292,1,2,2,2.938435272881179e-06,5.8609752159100026e-05,0.9999383687973022
293,4,2,2,0.00014746883243788034,6.047686383681139e-06,0.9998464584350586
295,2,2,2,0.0001841983903432265,0.0001661383721511811,0.9996496438980103
296,2,2,2,1.84200398507528e-05,0.00020037761714775115,0.9997811913490295
297,3,2,2,1.705295653664507e-05,6.391399074345827e-05,0.999919056892395
300,1,2,2,2.658466655702796e-05,0.00087208510376513,0.9991014003753662
301,1,2,2,0.0002485946752130985,0.0009927044156938791,0.9987586736679077
302,4,1,1,4.4723765313392505e-06,0.9999924898147583,3.05125763588876e-06
303,4,2,2,7.671769708395004e-05,0.00034183342359028757,0.9995813965797424
304,4,2,2,0.00020699658489320427,7.582885700685438e-06,0.9997853636741638
305,1,1,2,0.036569736897945404,0.1972392201423645,0.7661911249160767
306,0,2,2,5.6220997066702694e-05,0.000463105650851503,0.999480664730072
307,1,1,1,5.364525804907316e-06,0.9999862909317017,8.314971637446433e-06
309,3,2,2,6.600530014111428e-06,6.089743328629993e-05,0.9999325275421143
310,0,2,2,7.053354784147814e-05,0.00013038692122790962,0.9997990727424622
311,0,2,2,2.5353072487632744e-05,0.00039376059430651367,0.9995809197425842
312,3,2,2,0.00017897499492391944,0.00028533482691273093,0.9995356798171997
314,3,1,1,5.049585524830036e-05,0.9999229907989502,2.645209497131873e-05
315,1,2,2,0.0003101765178143978,0.00021797312365379184,0.9994719624519348
316,2,2,2,0.017952606081962585,0.0002363134699407965,0.9818111062049866
317,2,2,2,3.296681461506523e-05,0.00014998226833995432,0.9998170733451843
318,0,1,1,9.897642485157121e-06,0.9999850988388062,4.958351837558439e-06
320,0,2,2,0.0004390198446344584,0.00025304354494437575,0.9993079900741577
321,0,2,2,0.0005544371088035405,1.3220054825069383e-05,0.9994322657585144
322,0,1,1,2.424592457828112e-05,0.999944806098938,3.090702375629917e-05
323,3,1,1,0.0004475425521377474,0.9992897510528564,0.0002627169305924326
324,1,1,1,0.11367784440517426,0.809693455696106,0.07662869244813919
325,2,2,2,0.03924613073468208,0.0019721321295946836,0.9587816596031189
327,0,1,1,2.554995626269374e-05,0.999954104423523,2.0297751689213328e-05
328,3,2,2,2.672997652553022e-05,4.562615868053399e-05,0.9999276399612427
329,2,2,2,5.652740583172999e-05,0.0010781059972941875,0.9988653659820557
330,0,2,2,0.00013203594426158816,0.00010010471305577084,0.9997678399085999
332,2,1,1,2.6934112611343153e-05,0.9999663829803467,6.642671905865427e-06
333,3,1,1,0.0008166476036421955,0.9956075549125671,0.0035758428275585175
334,4,2,2,0.00012086049537174404,0.00021727311832364649,0.999661922454834
336,1,2,2,4.5088640035828575e-05,0.00031580092036165297,0.9996391534805298
339,3,1,1,9.640958887757733e-05,0.9998315572738647,7.20293028280139e-05
341,2,2,2,1.6125202819239348e-05,0.00021421106066554785,0.9997697472572327
342,1,2,2,1.734815668896772e-05,0.0018915121909230947,0.9980910420417786
343,0,2,2,4.8256984882755205e-05,0.0006194213056005538,0.9993322491645813
345,0,1,1,4.942342275171541e-05,0.9999433755874634,7.151981662900653e-06
346,1,1,1,8.048287782003172e-06,0.999988317489624,3.665546500997152e-06
347,1,2,2,5.3361298341769725e-05,5.2710503950947896e-05,0.9998939037322998
348,0,2,2,0.0005095205851830542,0.00018018005357589573,0.9993102550506592
349,4,2,2,9.57151351030916e-05,0.0008097895770333707,0.9990944862365723
350,1,1,1,1.3703082913707476e-05,0.9999834299087524,2.85554415313527e-06
352,3,2,2,3.35862350766547e-05,0.00040954313590191305,0.999556839466095
353,4,1,1,2.1212276806181762e-06,0.9999943971633911,3.529725063344813e-06
354,2,2,2,4.1976374632213265e-05,0.00029476286727003753,0.9996633529663086
355,1,2,2,1.9083343431702815e-05,1.2668762792600319e-05,0.9999682903289795
356,4,2,2,0.00014669510710518807,0.0007608747691847384,0.9990924596786499
357,3,1,1,4.967894346918911e-05,0.9999388456344604,1.148419778473908e-05
358,4,1,1,3.133469363092445e-05,0.9995958209037781,0.0003728944866452366
359,3,2,2,9.72765792539576e-06,3.855215618386865e-05,0.9999517202377319
360,4,2,2,3.4559270716272295e-05,0.00549274543300271,0.9944725632667542
361,3,1,1,0.000998246599920094,0.9931252002716064,0.00587649829685688
362,4,2,2,0.00030462839640676975,0.00028514457517303526,0.9994102716445923
363,4,2,2,5.859748489456251e-05,5.497536767506972e-05,0.9998863935470581
365,1,2,2,5.789677015854977e-05,0.001105623785406351,0.9988365769386292
366,1,2,2,0.0001589314197190106,9.357328235637397e-05,0.9997474551200867
369,1,2,2,7.316062692552805e-06,0.00011171372898388654,0.9998810291290283
370,3,2,2,5.007925210520625e-06,8.181844896171242e-05,0.999913215637207
371,0,2,2,0.00022998216445557773,0.00022927111422177404,0.9995408058166504
372,3,2,2,0.00016036591841839254,4.656531473301584e-06,0.9998350143432617
373,1,1,1,0.0007982032257132232,0.9991944432258606,7.347756309172837e-06
374,0,2,2,0.00011439207446528599,0.00011118603288196027,0.9997743964195251
375,0,2,2,1.0293575542164035e-05,0.005369143094867468,0.9946205615997314
376,2,1,1,9.320031495008152e-06,0.9999779462814331,1.2766140571329743e-05
377,4,2,2,0.00018349724996369332,0.0011767451651394367,0.9986397624015808
378,2,2,2,8.304620678245556e-06,0.0005412443424575031,0.9994503855705261
379,2,2,2,6.445488543249667e-05,0.0011853084433823824,0.9987502098083496
380,3,2,2,2.555253195168916e-05,0.0003687002172227949,0.9996058344841003
381,0,2,2,2.5942365027731284e-05,0.0024657389149069786,0.9975082874298096
382,3,1,1,1.7092495909309946e-05,0.9999804496765137,2.416632469248725e-06
383,2,2,2,0.0001825350773287937,4.292387984605739e-06,0.9998131394386292
384,0,2,2,0.0001162747576017864,4.274004368198803e-06,0.9998793601989746
385,2,2,2,0.0001517261116532609,0.0002329814014956355,0.9996153116226196
386,3,2,2,0.00010448077227920294,2.9998957415955374e-06,0.9998924732208252
387,4,2,2,1.3942092664365191e-05,0.0002710363478399813,0.9997150301933289
388,2,1,1,2.5087614631047472e-05,0.9998669624328613,0.0001079053690773435
389,0,1,1,9.701719682198018e-05,0.9998953342437744,7.622658358741319e-06
390,2,2,2,6.931562438694527e-06,6.865455361548811e-05,0.9999244213104248
391,1,1,1,3.7365969092206797e-06,0.9999953508377075,9.053420058080519e-07
392,2,2,2,0.0008022630354389548,5.6965433032019064e-05,0.999140739440918
393,0,1,1,3.8436701288446784e-05,0.9999527931213379,8.749947483011056e-06
394,1,2,2,0.00016645321738906205,0.0016687012976035476,0.9981648325920105
395,2,1,1,0.0003382623544894159,0.9995799660682678,8.182354940799996e-05
396,0,2,2,0.3198716342449188,0.06989661604166031,0.6102317571640015
397,0,2,2,0.0006024084286764264,0.0007454829756170511,0.9986521601676941
398,1,2,2,0.00020011531887575984,1.059706846717745e-05,0.999789297580719
400,1,2,2,0.00021465352619998157,0.0007107843412086368,0.9990745782852173
401,4,2,2,0.2019776552915573,0.02497929334640503,0.7730429768562317
402,1,2,2,1.770785092958249e-05,4.691337380791083e-05,0.9999352693557739
404,4,2,2,0.00016850465908646584,0.00020915297500323504,0.9996223449707031
405,2,2,2,8.432460890617222e-05,2.8945107715117047e-06,0.9999128580093384
406,2,1,1,4.054287728649797e-06,0.999982476234436,1.35237023641821e-05
407,1,2,2,1.2191192581667565e-05,0.0002265892835566774,0.9997612833976746
408,1,2,2,0.0007209793548099697,0.002273466205224395,0.9970056414604187
409,0,2,2,8.058078674366698e-05,1.1831934898509644e-05,0.9999076128005981
410,2,2,2,3.065830605919473e-05,2.9779971555399243e-06,0.9999663829803467
411,0,1,2,0.02891775406897068,0.2997632324695587,0.6713190078735352
412,2,1,1,9.743565897224471e-06,0.9999740123748779,1.6216379663092084e-05
413,2,1,1,1.0181553989241365e-05,0.9999725818634033,1.726567825244274e-05
414,3,1,1,8.573679224355146e-05,0.999835729598999,7.846459629945457e-05
415,4,1,1,3.67676439054776e-05,0.9999545812606812,8.632201570435427e-06
416,3,1,1,0.000472679064841941,0.9988524913787842,0.0006747641018591821
418,1,1,1,1.3715310160478111e-05,0.999893069267273,9.318569937022403e-05
419,2,1,1,7.208062925201375e-06,0.9999692440032959,2.358866186114028e-05
421,0,1,1,0.0006752978079020977,0.9992721676826477,5.2575996960513294e-05
422,2,1,1,1.3545141882786993e-05,0.9999852180480957,1.2727012972391094e-06
423,2,1,1,5.233447609498398e-06,0.9999896287918091,5.1336628530407324e-06
424,4,1,1,1.359780435450375e-05,0.9999642372131348,2.2218257072381675e-05
426,4,1,1,3.1322913855547085e-05,0.9997081160545349,0.00026053350302390754
427,0,1,1,0.0023867327254265547,0.9974783062934875,0.00013491838763002306
428,2,1,1,1.9047936802962795e-05,0.9999651908874512,1.574622729094699e-05
429,3,1,1,3.367684257682413e-05,0.9999611377716064,5.129313194629503e-06
430,2,1,1,9.263379070034716e-06,0.9999243021011353,6.638316699536517e-05
432,3,1,1,2.7324535039952025e-05,0.9999657869338989,6.864891020086361e-06
433,3,1,1,0.00011273924610577524,0.9998770952224731,1.0113848475157283e-05
434,0,2,2,0.00016412716649938375,0.00015296363562811166,0.9996829032897949
435,0,2,2,9.08863585209474e-05,0.00016851862892508507,0.9997405409812927
436,2,1,1,3.621926225605421e-05,0.9999620914459229,1.7469424165028613e-06
437,4,2,2,0.002628043992444873,0.0003587226674426347,0.9970132112503052
438,2,2,2,5.179120853426866e-05,0.000786383228842169,0.9991618394851685
439,0,2,2,7.882613863330334e-05,4.97700966661796e-05,0.9998713731765747
440,0,2,2,2.6147741664317437e-05,5.891525688639376e-06,0.9999680519104004
441,3,2,2,0.0002464060962665826,0.0011038125958293676,0.9986497759819031
442,0,2,2,9.425477765034884e-05,0.00022767853806726635,0.9996780157089233
443,2,1,1,6.389238842530176e-05,0.9998661279678345,6.992782437009737e-05
444,0,1,1,3.379420377314091e-05,0.999954342842102,1.1844319487863686e-05
445,2,2,2,5.211092684476171e-06,4.670345151680522e-05,0.9999480247497559
446,0,2,2,0.00023125558800529689,0.00013723490701522678,0.999631404876709
447,2,2,2,2.34877661569044e-05,0.00039212455158121884,0.9995843768119812
448,4,1,1,7.80095342634013e-06,0.9999181032180786,7.407665543723851e-05
449,1,2,2,0.0009362929267808795,0.0017037149518728256,0.9973599314689636
451,1,2,2,0.00014485199062619358,0.002910084556788206,0.9969450831413269
452,3,2,2,1.1686968719004653e-05,0.00202572881244123,0.9979625940322876
453,1,2,2,6.230334838619456e-05,0.002533874474465847,0.9974038004875183
456,3,2,2,7.382034254987957e-06,1.894297952276247e-06,0.999990701675415
458,0,2,2,0.001210266025736928,0.0005420382367447019,0.9982477426528931
459,3,2,2,0.00011608067143242806,0.00014725630171597004,0.9997366070747375
461,4,1,1,5.060376497567631e-05,0.9997603297233582,0.00018909235950559378
463,0,2,2,0.0014395815087482333,0.0023528586607426405,0.996207594871521
464,3,1,1,0.0019108528504148126,0.9973310232162476,0.0007581250974908471
465,2,1,1,6.924945864739129e-06,0.9999831914901733,9.859356396191288e-06
466,0,1,1,0.00015682414232287556,0.9997358918190002,0.00010725681204348803
467,4,1,1,1.0240255505777895e-05,0.9999135732650757,7.617495430167764e-05
468,3,1,1,3.792779170908034e-05,0.9999212026596069,4.091093433089554e-05
469,0,1,1,3.4858974686358124e-05,0.9998897314071655,7.53476851969026e-05
471,1,1,1,2.677669044715003e-06,0.9999967813491821,5.182954510019044e-07
472,2,2,2,2.3908698494778946e-05,0.0001901500509120524,0.9997859597206116
473,0,1,2,0.0007831971161067486,0.0021811306942254305,0.9970357418060303
476,2,1,1,4.957625787938014e-05,0.9999401569366455,1.0310221114195883e-05
477,2,2,0,0.516173243522644,0.29407572746276855,0.1897510290145874
478,4,2,2,0.00019776029512286186,6.492985903605586e-06,0.9997958540916443
480,2,2,2,0.0001413392019458115,0.0005741689819842577,0.999284565448761
481,1,2,2,6.272290193010122e-05,0.0005344157107174397,0.9994028806686401
482,3,2,2,0.0001583547273185104,2.8142836526967585e-05,0.9998134970664978
483,0,2,2,0.00011824401735793799,0.00012327027798164636,0.9997585415840149
484,0,2,2,5.3719144489150494e-05,0.0004751762608066201,0.999471127986908
485,0,2,2,7.919066410977393e-05,0.0002591567172203213,0.9996615648269653
486,1,2,2,0.00016948673874139786,0.000565975031349808,0.9992645382881165
487,0,2,2,4.448173058335669e-05,4.090793299837969e-05,0.9999146461486816
489,2,1,1,4.270010776963318e-06,0.9999945163726807,1.2348386917437892e-06
491,3,2,2,7.183414254541276e-06,0.00027424373547546566,0.9997186064720154
492,4,2,2,3.638919224613346e-05,0.00038566297735087574,0.9995779395103455
493,4,2,2,1.629951293580234e-05,0.00011081850243499503,0.9998728036880493
494,2,2,2,1.8194623407907784e-05,0.0012594410218298435,0.9987223744392395
495,2,2,2,4.796388020622544e-05,0.0004837574088014662,0.9994682669639587
496,2,2,0,0.6996128559112549,0.016332393512129784,0.2840547263622284
497,3,2,2,0.003903945442289114,0.004078572150319815,0.9920175075531006
499,1,2,2,0.00025756540708243847,0.0003873351670335978,0.999355137348175
500,4,1,1,4.6343834583240096e-06,0.9997242093086243,0.00027111510280519724
501,3,2,2,1.8537481082603335e-05,0.0019575664773583412,0.9980238676071167
502,1,1,1,8.133406663546339e-05,0.9999148845672607,3.7964591683703475e-06
503,3,2,2,2.576282167865429e-05,8.98575599421747e-05,0.9998843669891357
504,0,1,1,0.00020472350297495723,0.999603807926178,0.00019147862622048706
506,2,2,2,4.540420195553452e-05,3.4045373467961326e-05,0.9999204874038696
507,0,2,2,2.1909267161390744e-05,2.3702973521722015e-06,0.9999756813049316
508,1,2,2,2.607365240692161e-05,3.213933950974024e-06,0.9999706745147705
511,0,2,2,5.0216407544212416e-05,0.00010883664072025567,0.9998409748077393
512,2,2,2,0.00017672940157353878,0.0006084194174036384,0.999214768409729
513,2,2,2,9.41079924814403e-05,0.00022619708033744246,0.999679684638977
514,0,1,1,0.0009332836489193141,0.9986972212791443,0.00036950738285668194
515,0,1,1,9.100269380724058e-05,0.9998886585235596,2.0327668607933447e-05
516,2,2,2,9.315599527326412e-06,0.0018648040713742375,0.9981259703636169
517,4,2,2,0.49164074659347534,0.009491191245615482,0.49886804819107056
518,3,2,2,3.7723635614383966e-05,0.000142647884786129,0.9998195767402649
519,4,2,2,4.4405485823517665e-05,0.00016956512990873307,0.9997859597206116
520,3,2,2,0.0003047838690690696,0.0006383498548530042,0.999056875705719
521,1,2,2,1.0442690836498514e-05,0.0003412636579014361,0.9996482133865356
522,0,1,1,0.00014105111768003553,0.9998370409011841,2.1882842702325433e-05
523,1,2,2,0.0002749002887867391,0.00035706820199266076,0.9993681311607361
524,1,2,2,5.412692917161621e-05,6.222775118658319e-05,0.9998836517333984
525,4,2,2,7.146098505472764e-05,0.0010874060681089759,0.9988412261009216
526,3,2,2,3.8748297811252996e-05,0.0014071136247366667,0.9985540509223938
527,3,2,2,6.596653838641942e-05,0.0010599402012303472,0.9988741278648376
528,2,2,2,2.6265030101058073e-05,0.00014776637544855475,0.9998260140419006
529,2,2,2,3.976998777943663e-05,5.384973064792575e-06,0.9999548196792603
530,2,2,1,0.1907602846622467,0.7571929097175598,0.05204681307077408
533,2,2,2,1.0933699741144665e-05,0.0005807218258269131,0.9994083642959595
534,0,2,2,8.907913434086367e-05,2.2040476324036717e-05,0.9998888969421387
535,3,2,2,0.0001506051776232198,0.0008615603437647223,0.9989877343177795
537,2,1,1,2.7495410904521123e-05,0.9999715089797974,1.0195218465014477e-06
538,2,2,2,1.0933699741144665e-05,0.0005807218258269131,0.9994083642959595
539,2,2,2,4.149304368183948e-05,1.3174922059988603e-06,0.9999572038650513
540,2,2,2,1.192967283714097e-05,8.40562570374459e-05,0.9999040365219116
542,3,2,2,1.192438867292367e-05,0.0006680752267129719,0.9993200302124023
544,0,2,2,2.2480810002889484e-05,0.000971721310634166,0.9990057349205017
546,2,2,2,1.596904985490255e-05,2.3020718344923807e-06,0.9999817609786987
547,3,2,2,0.005927722901105881,0.018747584894299507,0.9753247499465942
548,0,2,2,1.3054720511718187e-05,0.0001775698474375531,0.9998093247413635
549,3,2,2,7.262343569891527e-05,4.8508893087273464e-05,0.9998788833618164
550,2,2,1,6.017190025886521e-05,0.99004727602005,0.009892595931887627
551,4,2,2,0.00021489764912985265,8.739664917811751e-05,0.9996978044509888
552,4,2,2,7.623292185598984e-05,3.259789809817448e-05,0.9998911619186401
553,2,2,2,3.2648880733177066e-05,0.0004093332099728286,0.9995580315589905
554,3,2,2,9.158415195997804e-06,3.0205308121367125e-06,0.9999878406524658
555,4,2,2,0.0003762098785955459,1.9357084966031834e-05,0.9996045231819153
556,2,1,1,0.058117564767599106,0.917656660079956,0.024225765839219093
557,4,2,2,0.0004175504727754742,0.0005729842814616859,0.9990094900131226
558,0,1,1,7.291345536941662e-05,0.9999171495437622,9.892308298731223e-06
560,1,2,2,0.0005263834027573466,0.0016993620665743947,0.9977743029594421
561,1,2,2,0.0002904796856455505,0.0007931202999316156,0.998916506767273
562,3,2,2,6.207726073625963e-06,5.901905024074949e-05,0.9999347925186157
563,0,2,2,0.00031068368116393685,0.0004240338457748294,0.9992652535438538
565,2,2,2,0.00046112193376757205,0.0003754548088181764,0.9991635084152222
566,3,2,2,0.024022622033953667,0.0037368175107985735,0.9722405076026917
567,3,2,2,9.769963071448728e-06,7.818069570930675e-05,0.9999120235443115
568,4,2,2,0.0001143214904004708,0.0009521322790533304,0.9989334940910339
570,4,2,2,0.0029968684539198875,0.0008800943032838404,0.9961231350898743
572,1,2,2,5.140943812875776e-06,0.00046752142952755094,0.9995273351669312
573,3,2,2,6.0117177781648934e-05,8.441721001872793e-05,0.9998555183410645
574,4,2,2,0.0001779937738319859,8.61208900460042e-06,0.9998134970664978
575,2,2,1,0.051149800419807434,0.871372401714325,0.07747778296470642
576,3,2,2,3.4679895179579034e-05,0.00010982750245602801,0.9998555183410645
577,3,2,2,0.0016529352869838476,0.006333258468657732,0.9920138716697693
578,0,2,2,0.0002377484051976353,0.0020162174478173256,0.9977460503578186
580,3,2,2,0.000394965463783592,0.00019940710626542568,0.9994056224822998
581,3,1,1,5.3719319112133235e-05,0.9999099969863892,3.621799623942934e-05
582,2,2,2,0.0027350217569619417,4.525583108261344e-07,0.9972645044326782
583,2,1,1,6.121711066953139e-06,0.9999358654022217,5.80628402531147e-05
585,3,2,2,9.530525130685419e-05,0.0019671826157718897,0.9979375600814819
586,2,2,2,0.00021713100431952626,0.004358230624347925,0.9954245686531067
588,2,2,2,8.309719851240516e-05,0.00038643935113213956,0.999530553817749
589,1,2,2,0.00011527679453138262,2.8880001991637982e-05,0.9998558759689331
591,4,2,2,5.837147909915075e-05,0.000505242554936558,0.9994363188743591
592,0,2,2,0.00011172355152666569,7.949666724016424e-06,0.999880313873291
594,1,2,2,0.0003691534511744976,0.0002313049481017515,0.9993995428085327
595,0,2,2,0.00015796214574947953,4.493597316468367e-06,0.9998375177383423
596,1,2,2,0.00022722510038875043,0.0013738299021497369,0.9983989596366882
597,4,2,2,2.6623607482179068e-05,0.00026505766436457634,0.999708354473114
598,2,2,2,0.00023882985988166183,7.635681527062843e-07,0.9997604489326477
600,1,2,2,0.0001453851000405848,0.00028957182075828314,0.999565064907074
601,4,2,2,1.7720281903166324e-05,0.0005325086531229317,0.9994497895240784
602,1,2,2,8.57174200064037e-06,0.00013985022087581456,0.9998515844345093
603,4,2,2,3.346517405589111e-05,8.959940896602347e-05,0.999876856803894
604,3,2,2,0.00022428268857765943,0.00016209461318794638,0.9996137022972107
605,2,2,2,0.000188024016097188,0.00020993406360503286,0.9996020197868347
606,1,2,2,0.00020804880477953702,0.00041395300650037825,0.999377965927124
607,0,2,2,1.4113725228526164e-05,0.00018722105596680194,0.9997987151145935
609,4,2,2,0.00017989714979194105,1.3978712559037376e-05,0.9998062252998352
610,4,2,2,3.734679921763018e-05,2.5097209800151177e-05,0.9999375343322754
612,1,2,1,0.0024635742884129286,0.9149588346481323,0.08257763832807541
613,3,2,2,2.3381327991955914e-05,0.00037951188278384507,0.9995971322059631
614,1,2,2,6.58601857139729e-05,6.393214425770566e-05,0.9998701810836792
615,4,1,1,6.091425348131452e-06,0.9999774694442749,1.6401645552832633e-05
616,3,2,2,5.216845693212235e-06,1.7177699191961437e-05,0.9999775886535645
619,0,2,2,0.00015182001516222954,5.916835561947664e-06,0.9998421669006348
620,2,2,2,5.26966541656293e-05,0.00016259583935607225,0.9997847676277161
621,1,2,2,0.000281669432297349,2.6571420676191337e-05,0.9996917247772217
623,0,1,1,0.0002476054069120437,0.9997088313102722,4.352385803940706e-05
624,2,2,2,0.00031711492920294404,0.00010862512863241136,0.9995742440223694
625,3,2,2,9.209694690071046e-05,5.563953436649172e-06,0.9999022483825684
626,2,2,2,0.07344771921634674,0.0004556008498184383,0.9260966777801514
628,2,2,2,0.00021253428712952882,1.7996577298617922e-05,0.9997695088386536
629,1,2,2,2.8851749448222108e-05,0.00012411840725690126,0.9998470544815063
631,4,2,2,0.00020927436708007008,0.0002653505653142929,0.9995254278182983
632,0,1,1,7.237255340442061e-05,0.999904990196228,2.2675038053421304e-05
633,4,1,1,4.525228723650798e-05,0.9997696280479431,0.00018515910778660327
634,0,1,1,0.0002883473061956465,0.9996905326843262,2.1134108465048485e-05
635,3,2,0,0.8536415100097656,0.025362908840179443,0.12099552899599075
636,2,2,0,0.5862846374511719,0.0014584693126380444,0.4122568964958191
637,3,1,1,5.0184560677735135e-05,0.9997082352638245,0.00024150696117430925
639,3,2,2,1.4359213309944607e-05,3.6740064388141036e-05,0.9999489784240723
640,4,1,1,1.8142622138839215e-05,0.9999039173126221,7.792303222231567e-05
641,4,2,2,0.45092475414276123,0.013568113557994366,0.5355071425437927
642,2,2,2,0.0004532196617219597,8.691792459103453e-07,0.9995458722114563
643,3,1,1,2.7729807698051445e-05,0.9999649524688721,7.278316388692474e-06
644,2,1,1,6.550225953105837e-05,0.999932050704956,2.4501991902070586e-06
645,2,1,1,2.7631276680040173e-06,0.9998753070831299,0.000121954275527969
646,3,1,1,1.3623047379951458e-05,0.9999762773513794,1.0098486200149637e-05
647,2,2,2,4.0153998270398006e-05,0.00013822439359501004,0.9998216032981873
648,3,2,2,5.901237818761729e-05,1.8282156815985218e-05,0.9999227523803711
649,3,2,2,1.157684891950339e-05,1.7505477444501594e-05,0.9999709129333496
650,3,2,2,0.2976064383983612,0.00770739559084177,0.6946861147880554
651,1,2,2,0.0001102830283343792,2.4597662559244782e-05,0.9998651742935181
655,2,2,2,8.16535612102598e-05,0.0008430577581748366,0.999075174331665
656,0,1,1,8.768406405579299e-05,0.9998977184295654,1.4575497516489122e-05
657,2,2,2,0.00015288863505702466,0.00010932616714853793,0.9997377991676331
658,3,1,1,0.00018779130186885595,0.9997348189353943,7.735133840469643e-05
659,2,2,2,4.122617156099295e-06,1.8924671167042106e-05,0.9999768733978271
660,4,2,2,4.882089706370607e-05,0.000546222145203501,0.9994049072265625
661,1,2,2,6.569227025465807e-06,0.00266722752712667,0.9973262548446655
662,2,2,1,0.4000619947910309,0.4209917187690735,0.17894630134105682
663,0,2,2,0.0016418035374954343,0.002208128571510315,0.996150016784668
665,4,1,1,2.9047054340480827e-05,0.9999358654022217,3.5095956263830885e-05
666,1,2,2,5.0050675781676546e-05,0.0006394101656042039,0.9993106126785278
667,1,2,2,0.00018103777256328613,0.0005890872562304139,0.999229907989502
668,4,1,1,2.6278241421096027e-05,0.9997928738594055,0.0001808513334253803
669,2,1,1,2.619458427943755e-06,0.9999855756759644,1.1756280400732066e-05
670,0,2,2,0.0005746468668803573,0.0006929578958079219,0.9987323880195618
671,4,2,2,2.5646406356827356e-05,0.0006143590435385704,0.9993600249290466
672,0,1,1,0.0005148442578501999,0.9994379878044128,4.71989405923523e-05
673,3,2,2,2.8162034141132608e-05,8.109022019198164e-05,0.9998908042907715
674,2,1,1,0.19725404679775238,0.7292085289955139,0.07353745400905609
675,2,2,2,4.124220504309051e-05,0.0009264301043003798,0.9990323781967163
676,0,2,2,7.399480819003657e-05,6.706488784402609e-05,0.9998588562011719
677,2,2,2,0.00018578175513539463,0.0005676015862263739,0.9992465972900391
678,0,1,1,0.0005008623702451587,0.9994156360626221,8.346114191226661e-05
679,3,2,2,2.0509050955297425e-05,7.953967724461108e-05,0.9998999834060669
681,4,1,1,0.00015060583245940506,0.9997288584709167,0.00012056523701176047
682,2,1,1,8.426394742855337e-06,0.9999901056289673,1.4972008557379013e-06
684,3,2,2,2.357599623792339e-05,0.008479773066937923,0.9914966821670532
685,1,2,0,0.6645447015762329,0.04263996332883835,0.29281535744667053
686,4,2,2,0.001098809763789177,0.0005464449641294777,0.9983547329902649
688,3,2,2,1.6812597095849924e-05,3.7324287404771894e-05,0.999945878982544
689,2,2,2,0.00012746013817377388,0.00037805369356647134,0.9994944334030151
691,4,1,1,1.0103011845785659e-05,0.9999246597290039,6.522196053992957e-05
692,4,2,2,0.00013958812633063644,0.0003852918744087219,0.9994750618934631
694,3,1,1,0.0002573789970483631,0.9995388984680176,0.00020371521532069892
695,2,2,2,4.3772255594376475e-05,1.0638306093824212e-06,0.9999551773071289
696,4,2,2,6.676054908894002e-05,0.0001546468265587464,0.9997785687446594
697,4,2,2,1.9543427697499283e-05,9.929217412718572e-06,0.999970555305481
699,0,2,2,0.000511247490067035,0.00020244918414391577,0.9992863535881042
700,3,2,2,0.00015071907546371222,0.0005406807758845389,0.9993085861206055
702,2,1,1,0.00021931827359367162,0.9995606541633606,0.00022004314814694226
703,3,2,2,0.00012083574256394058,2.6346919185016304e-05,0.9998527765274048
705,1,2,2,0.00016181000682990998,0.0017558860126882792,0.9980822801589966
706,1,2,2,2.2169018848217092e-05,3.336161171318963e-06,0.9999744892120361
708,4,1,1,2.5877923690131865e-05,0.9998866319656372,8.747520769247785e-05
710,3,2,2,1.4880633898428641e-05,0.0040262676775455475,0.9959588646888733
711,3,2,2,6.264795229071751e-05,0.0004225867160130292,0.9995146989822388
713,2,1,1,2.3524405605712673e-06,0.9999914169311523,6.239588856260525e-06
714,2,1,1,0.0004588546580635011,0.9995309114456177,1.0205671060248278e-05
715,0,1,1,1.8937009372166358e-05,0.9999513626098633,2.9745280698989518e-05
716,0,2,2,0.00016985101683530957,0.000506153330206871,0.9993239641189575
717,3,2,2,8.055225771386176e-05,0.0017289482057094574,0.9981904625892639
718,4,2,2,9.083894838113338e-05,3.990159893874079e-05,0.9998692274093628
719,1,2,2,0.00023601585417054594,0.003335164859890938,0.9964287877082825
720,2,2,2,2.1704534447053447e-05,2.1001906134188175e-06,0.9999761581420898
721,4,2,2,0.38347312808036804,0.14107641577720642,0.47545045614242554
722,4,2,0,0.47736886143684387,0.3895237147808075,0.13310739398002625
723,2,2,2,0.0006708473665639758,0.00024968042271211743,0.9990794658660889
724,4,2,2,8.590623474447057e-05,0.00014111863856669515,0.9997729659080505
725,1,1,1,3.691265737870708e-05,0.9999512434005737,1.1893248483829666e-05
726,2,1,1,2.1996347641106695e-06,0.9999967813491821,9.740140285430243e-07
727,4,1,1,2.5453779016970657e-05,0.9999345541000366,4.003242793260142e-05
728,0,2,2,7.859884499339387e-05,1.3681245036423206e-05,0.9999077320098877
729,3,2,2,0.00010133702016901225,0.0009996602311730385,0.998898983001709
730,3,2,2,2.6705356503953226e-05,2.4936249246820807e-05,0.9999483823776245
731,3,1,1,9.744455746840686e-05,0.9997664093971252,0.0001361873873975128
735,2,1,1,1.1318035149088246e-06,0.9999922513961792,6.67378617436043e-06
737,3,1,1,2.9867345801903866e-05,0.9999430179595947,2.713339199544862e-05
738,2,2,2,2.1704534447053447e-05,2.1001906134188175e-06,0.9999761581420898
739,4,2,2,0.00011285149230388924,0.0003814081137534231,0.9995057582855225
740,4,1,1,5.058043370809173e-06,0.9999920129776001,2.9517912025767146e-06
741,1,2,2,0.0003632160951383412,0.0006270071608014405,0.9990097284317017
742,2,2,2,0.0021714018657803535,5.059934551354672e-07,0.9978280663490295
743,2,2,2,6.0571604990400374e-05,0.00021701562218368053,0.999722421169281
744,4,1,1,6.228973688848782e-06,0.9999891519546509,4.6622080844827e-06
745,4,2,2,0.00034844467882066965,0.00011663678742479533,0.9995349645614624
747,3,2,2,0.05690691992640495,0.0006713914917781949,0.9424217343330383
748,0,2,2,0.00033726420952007174,0.0008206028142012656,0.998842179775238
749,2,2,2,9.231966032530181e-06,3.207641566405073e-05,0.9999587535858154
750,0,1,2,0.15853413939476013,0.016461728140711784,0.8250042200088501
751,2,2,2,2.1840733097633347e-05,0.00010651243064785376,0.9998716115951538
752,3,1,1,3.499201557133347e-05,0.9999508857727051,1.4095629012444988e-05
753,4,2,2,0.0732010155916214,0.018003588542342186,0.9087952971458435
755,2,2,2,0.00015487057680729777,0.0008347040275111794,0.999010443687439
756,2,2,2,8.708105451660231e-05,1.4182550330588128e-05,0.9998986721038818
757,4,2,2,0.005406070500612259,0.006011779420077801,0.9885821342468262
758,4,2,2,0.00023523965501226485,0.00013249316543806344,0.9996322393417358
759,4,1,1,5.791258899989771e-06,0.999991774559021,2.4175935777748236e-06
760,3,2,2,0.00024878891417756677,0.00011106130841653794,0.9996401071548462
761,1,2,2,9.407376637682319e-05,2.596877720861812e-06,0.9999033212661743
762,1,2,2,1.1063979400205426e-05,0.00015302046085707843,0.9998358488082886
763,4,1,1,3.6890334740746766e-05,0.9998993873596191,6.369842594722286e-05
764,4,2,2,0.005406070500612259,0.006011779420077801,0.9885821342468262
765,2,2,2,7.538529189332621e-06,9.152288839686662e-05,0.9999009370803833
767,1,2,2,0.0013850568793714046,0.0077662537805736065,0.9908486604690552
768,1,1,1,0.00017846416449174285,0.9998206496238708,8.723342261873768e-07
769,3,2,2,0.0014790145214647055,0.00020264461636543274,0.9983183145523071
770,0,2,2,0.0014896094799041748,0.0050508095882833,0.9934595823287964
771,3,2,2,0.0011118745896965265,4.3927917431574315e-05,0.9988441467285156
772,2,2,2,1.7926269720192067e-05,0.00018830614862963557,0.9997938275337219
773,4,2,2,2.459087954775896e-05,0.00013239579857327044,0.9998430013656616
774,3,2,2,1.339880509476643e-05,0.0004390534886624664,0.99954754114151
775,2,1,1,8.7616663222434e-06,0.99998939037323,1.9056020619245828e-06
777,0,2,2,8.039874228416011e-05,8.208703366108239e-05,0.9998373985290527
778,1,1,1,9.199171472573653e-06,0.9999887943267822,1.999793084905832e-06
779,2,2,2,0.0004071631992701441,1.6023020634747809e-06,0.9995912909507751
780,2,1,1,2.615403218442225e-06,0.9999936819076538,3.7150687148823636e-06
781,3,2,2,1.873479959613178e-05,0.00025001587346196175,0.9997312426567078
782,0,2,2,5.3077568736625835e-05,0.00016097308252938092,0.9997859597206116
783,2,1,1,0.00011088957398897037,0.9998835325241089,5.615310783468885e-06
784,2,2,2,0.0009888948407024145,0.0005292345304042101,0.9984819293022156
785,3,2,2,3.289133383077569e-05,0.0004928548587486148,0.9994742274284363
787,4,2,2,1.636998786125332e-05,0.00602438859641552,0.9939593076705933
788,0,2,2,5.722756395698525e-05,4.207341589790303e-06,0.9999386072158813
789,3,2,2,8.116265235003084e-05,9.944682824425399e-05,0.9998194575309753
790,3,2,2,5.645529381581582e-05,2.4416311134700663e-05,0.999919056892395
791,3,1,1,2.3123055143514648e-05,0.9999650716781616,1.18267826110241e-05
792,1,2,2,0.000498951121699065,0.0022099316120147705,0.9972910284996033
793,3,2,2,7.262578583322465e-05,6.712800313835032e-06,0.9999207258224487
794,1,2,2,0.0006779893883503973,0.0012312670005485415,0.9980908036231995
795,2,1,1,5.956794848316349e-05,0.9999366998672485,3.6844471651420463e-06
796,4,1,1,1.3923698134021834e-05,0.9999788999557495,7.1743565968063194e-06
797,2,2,2,9.675710316514596e-06,7.451322017004713e-05,0.9999158382415771
799,1,1,2,0.000182124218554236,0.0013662332203239202,0.9984515905380249
800,0,2,2,0.00015933850954752415,0.0003855571267195046,0.9994551539421082
801,4,1,1,1.2313005754549522e-05,0.9999827146530151,4.956430530000944e-06
802,0,2,2,5.18433489560266e-06,0.0001022957221721299,0.9998925924301147
803,1,1,1,1.3007992492930498e-05,0.9999847412109375,2.2539620658790227e-06
805,1,2,2,6.649996794294566e-05,0.00015947541396599263,0.9997740387916565
806,1,2,2,0.005139683838933706,0.00019272093777544796,0.994667649269104
807,0,2,2,5.6220997066702694e-05,0.000463105650851503,0.999480664730072
809,3,2,2,0.01333675254136324,0.004425189457833767,0.9822381138801575
812,0,2,2,6.806237070122734e-05,2.7167929147253744e-05,0.9999047517776489
813,2,2,2,0.0003802041173912585,4.3884825572604313e-05,0.9995759129524231
815,3,2,2,0.000798086344730109,0.0011776303872466087,0.9980243444442749
816,3,2,2,3.981663394370116e-05,1.7609512724447995e-05,0.9999425411224365
818,3,2,2,4.713008820544928e-05,7.408994406432612e-06,0.9999455213546753
819,0,1,1,2.9719101803493686e-05,0.9999253749847412,4.484763849177398e-05
820,2,2,2,5.770711868535727e-05,4.827002703677863e-05,0.9998940229415894
822,4,2,2,5.0353155529592186e-05,0.00039687796379439533,0.9995526671409607
823,1,1,1,6.448925887525547e-06,0.9998067021369934,0.00018692121375352144
824,2,2,2,2.3623910237802193e-05,0.00034312388743273914,0.9996333122253418
825,3,2,2,7.759299478493631e-05,0.0005100321141071618,0.9994124174118042
827,3,2,2,8.902263652998954e-05,6.195486093929503e-06,0.9999047517776489
828,3,2,2,7.551229646196589e-05,5.036940365243936e-06,0.9999195337295532
829,4,2,2,5.526708628167398e-05,0.00015421684656757861,0.9997904896736145
830,3,2,2,5.39699467481114e-05,0.0003975187719333917,0.9995484948158264
831,4,1,1,0.023248570039868355,0.8559647798538208,0.12078665941953659
832,0,1,1,3.124673821730539e-05,0.9999347925186157,3.393273436813615e-05
833,2,2,2,0.00567269092425704,0.060374222695827484,0.9339531064033508
834,3,2,2,1.4449748050537892e-05,5.570417215494672e-06,0.9999799728393555
835,1,2,2,1.893818080134224e-05,1.6331463484675623e-05,0.999964714050293
836,1,2,2,6.85016784700565e-05,7.037109025986865e-05,0.9998611211776733
837,4,2,2,0.00015447850455529988,4.877954779658467e-06,0.9998406171798706
838,2,1,1,0.00010514268797123805,0.998675525188446,0.0012193055590614676
839,2,1,1,7.114393156371079e-06,0.9999829530715942,9.917736861098092e-06
840,4,2,2,9.19366066227667e-05,6.316933286143467e-05,0.9998449087142944
843,0,1,1,1.0513555025681853e-05,0.9999767541885376,1.2673775927396491e-05
845,3,1,1,2.0948422388755716e-05,0.9999655485153198,1.347253692074446e-05
846,0,2,2,0.08045459538698196,0.006751771550625563,0.9127936363220215
847,1,2,2,0.00011280489707132801,0.0005462992121465504,0.999340832233429
848,3,2,2,3.5664092138176784e-05,3.2655052564223297e-06,0.9999611377716064
849,0,1,1,3.8949983718339354e-05,0.9999297857284546,3.130674667772837e-05
850,2,2,2,0.0004019156622234732,8.051563781918958e-05,0.999517560005188
851,4,1,1,8.272980267065577e-06,0.9999169111251831,7.475173333659768e-05
852,2,1,1,8.658029400976375e-06,0.9999771118164062,1.4231532986741513e-05
853,4,1,1,6.46411672278191e-06,0.9997743964195251,0.00021910067880526185
854,1,1,0,0.547776460647583,0.3475748896598816,0.10464867949485779
855,0,1,1,7.839888712624088e-05,0.9998924732208252,2.9074364647385664e-05
856,3,2,2,0.0002195679844589904,0.00018416462989989668,0.9995961785316467
857,0,2,2,5.7231674873037264e-05,0.0001744246983435005,0.9997683167457581
858,0,1,2,0.0002300372434547171,0.004509380087256432,0.9952605366706848
860,2,2,2,0.00014367885887622833,0.0005503084976226091,0.9993059635162354
861,1,2,2,0.0005687789525836706,0.003332054242491722,0.9960991144180298
862,4,1,1,0.04021748527884483,0.9517645239830017,0.008017994463443756
863,4,2,2,7.684631418669596e-05,0.000570179196074605,0.9993529915809631
864,0,2,2,0.00016843249613884836,0.00024642617790959775,0.9995850920677185
865,1,1,1,8.963175787357613e-06,0.9999895095825195,1.5190410067589255e-06
866,2,2,2,2.320959174539894e-05,7.952770101837814e-05,0.9998972415924072
867,0,1,1,1.1846153938677162e-05,0.9999756813049316,1.244579198100837e-05
868,1,2,2,0.00014311431732494384,0.0004947547568008304,0.9993621706962585
869,1,2,2,0.00011745682422770187,0.0007523120730184019,0.9991303086280823
870,4,2,2,5.329666237230413e-05,0.0007304599857889116,0.9992163181304932
871,3,2,2,9.524735105514992e-06,0.0002294603327754885,0.9997610449790955
872,0,1,1,6.0418791690608487e-05,0.9999028444290161,3.667235068860464e-05
873,4,2,2,5.2257390052545816e-05,0.00010806977661559358,0.9998396635055542
874,2,1,1,1.8799091776600108e-05,0.999971866607666,9.36162905418314e-06
875,2,1,1,0.0006062324973754585,0.9989867806434631,0.0004070134018547833
876,4,2,2,6.969769310671836e-05,0.00013719165872316808,0.9997931122779846
877,4,2,2,5.823980245622806e-05,0.00040911397081799805,0.9995325803756714
878,1,2,2,1.2337050975474995e-05,0.00033512801746837795,0.9996525049209595
879,1,2,2,3.2565134461037815e-05,0.00038475063047371805,0.9995827078819275
882,0,2,2,1.9318335034768097e-05,5.6980341469170526e-05,0.9999237060546875
883,1,2,2,0.00021386129083111882,7.036796159809455e-05,0.9997157454490662
886,3,2,2,0.00037966531817801297,0.0016607844736427069,0.9979596138000488
887,1,2,2,0.00016853990382514894,0.0009569362155161798,0.9988746047019958
891,3,2,2,6.689058500342071e-05,7.312540219572838e-06,0.9999258518218994
892,3,2,2,0.0014348714612424374,3.089802339673042e-05,0.9985342025756836
893,2,2,2,2.649244197527878e-05,3.8967558793956414e-05,0.9999345541000366
895,0,1,1,2.9319649911485612e-05,0.9998601675033569,0.00011053920025005937
896,4,2,2,0.00011563603766262531,0.0002976917603518814,0.9995867609977722
897,3,2,2,2.2391997845261358e-05,0.0005046066362410784,0.9994730353355408
899,1,2,2,5.4831532906973734e-05,0.00014651614765170962,0.9997987151145935
900,2,1,1,1.2960691492480692e-05,0.9999581575393677,2.8888132874271832e-05
901,2,2,2,8.090584015008062e-05,0.00017315590230282396,0.9997459053993225
902,3,2,2,0.00011426825221860781,0.00022920913761481643,0.9996565580368042
903,2,2,2,0.00010347193892812356,0.1570461541414261,0.8428503274917603
907,3,1,1,2.4761677195783705e-05,0.9999667406082153,8.54546669870615e-06
908,3,1,1,1.5166890079854056e-05,0.9999778270721436,6.9929797064105514e-06
909,2,1,1,5.531760052690515e-06,0.9999902248382568,4.2334472709626425e-06
910,0,1,1,1.1846153938677162e-05,0.9999756813049316,1.244579198100837e-05
912,4,2,2,4.0379287383984774e-05,4.771797466673888e-05,0.999911904335022
913,4,2,2,3.225257387384772e-05,0.0002626995847094804,0.9997050166130066
914,1,2,2,0.0004380806931294501,0.002307081362232566,0.9972549080848694
916,3,2,2,2.3472564862458967e-05,0.00015476344560738653,0.9998218417167664
918,4,2,2,6.708034925395623e-05,1.143155986937927e-05,0.999921441078186
919,3,2,2,0.00010056523751700297,0.0013170774327591062,0.9985823631286621
921,1,2,2,8.162317681126297e-05,0.0015987020451575518,0.998319685459137
922,4,1,1,4.831817477679579e-06,0.9999903440475464,4.874146725342143e-06
923,0,2,2,5.357129793992499e-06,0.0010784851619973779,0.9989161491394043
927,4,2,2,0.00015326029097195715,0.0011086500016972423,0.9987381100654602
928,3,2,2,8.463169797323644e-05,9.334949572803453e-05,0.9998220801353455
929,1,1,1,2.677669044715003e-06,0.9999967813491821,5.182954510019044e-07
931,1,1,1,0.00011666876525850967,0.9998470544815063,3.6262510548112914e-05
932,0,2,2,7.45265424484387e-05,1.0217104318144266e-05,0.9999152421951294
934,4,2,2,3.225670297979377e-05,9.865934771369211e-06,0.999957799911499
937,1,1,1,0.09022153913974762,0.9072131514549255,0.0025653091724961996
938,3,1,1,1.2659005733439699e-05,0.9999722242355347,1.5118196643015835e-05
939,1,1,1,9.866844266070984e-07,0.9999982118606567,8.183358204405522e-07
940,2,2,2,5.0008195103146136e-05,0.00012677154154516757,0.9998231530189514
941,0,2,0,0.7242515683174133,0.0529455840587616,0.22280286252498627
942,0,2,2,0.0006809303304180503,0.0006972683477215469,0.9986218214035034
943,3,2,2,1.1624723811110016e-05,8.476444781990722e-05,0.9999035596847534
944,0,2,2,0.0001540706871310249,0.0001395783619955182,0.9997063279151917
945,3,2,2,3.709443990373984e-05,4.7663347686466295e-06,0.9999581575393677
946,4,1,1,7.0665419116267e-06,0.9999814033508301,1.1536312740645371e-05
947,2,2,2,4.684098530560732e-05,0.0001859665208030492,0.9997672438621521
949,0,2,2,7.081979128997773e-05,0.00010926895629381761,0.9998199343681335
951,2,2,2,0.00021637567260768265,1.4987554095569067e-05,0.9997685551643372
952,4,2,2,6.776185182388872e-05,5.718753527617082e-05,0.9998750686645508
953,4,1,1,4.3779859879578e-06,0.9999940395355225,1.5973015479175956e-06
954,4,2,2,0.0016443930799141526,0.00017516507068648934,0.9981805086135864
955,1,2,2,0.00017133863002527505,0.0009384389268234372,0.998890221118927
956,0,2,2,0.00017720866890158504,0.0006224372191354632,0.9992002844810486
957,4,2,2,8.174524555215612e-05,0.0005223121261224151,0.9993959665298462
958,4,2,2,1.0913248843280599e-05,0.0006770268082618713,0.9993120431900024
960,2,2,2,5.6078442867146805e-06,0.00010436021693749353,0.9998899698257446
961,0,2,2,2.450207102810964e-05,4.446371167432517e-05,0.9999309778213501
962,4,2,2,7.347169594140723e-05,4.894330777460709e-05,0.9998775720596313
963,0,1,1,0.00020318683527875692,0.9996092915534973,0.0001875343732535839
964,3,1,1,2.266098454128951e-05,0.9999603033065796,1.7018210201058537e-05
965,4,1,1,6.810142622271087e-06,0.9999856948852539,7.484173238481162e-06
966,2,2,2,2.349255282751983e-06,0.0003719917149282992,0.999625563621521
967,1,1,1,2.723498982959427e-05,0.9999725818634033,2.2381854591912997e-07
968,3,2,2,2.3539143512607552e-05,0.0006187403341755271,0.9993576407432556
969,1,1,1,3.361204790053307e-06,0.999996542930603,1.1689106571566299e-07
970,2,2,2,4.223024734528735e-05,0.0002204500779043883,0.9997373223304749
971,2,1,1,5.53929839952616e-06,0.9999911785125732,3.241605782022816e-06
972,3,2,2,4.1568557207938284e-05,5.6965593103086576e-05,0.9999014139175415
973,3,2,2,8.202138269552961e-05,0.00015100969176273793,0.999767005443573
974,2,1,1,7.4529139055812266e-06,0.9998877048492432,0.00010482490324648097
975,1,2,2,4.7892684960970655e-05,0.002201453549787402,0.9977505803108215
976,4,2,2,2.1231227947282605e-05,8.38168398331618e-06,0.9999704360961914
977,0,2,2,0.0070159342139959335,0.002340876031666994,0.9906432032585144
979,1,2,2,1.757738573360257e-05,0.000416358292568475,0.9995660185813904
980,2,2,2,2.183232209063135e-05,6.529423899337417e-07,0.9999775886535645
981,1,2,2,0.00017387891421094537,0.0017061007674783468,0.9981200098991394
982,3,2,2,4.351568713900633e-05,7.500758511014283e-05,0.9998815059661865
983,4,2,2,0.00033524681930430233,7.171474862843752e-05,0.9995930790901184
984,2,1,1,3.4713266359176487e-06,0.9999834299087524,1.3089921594655607e-05
985,0,2,2,1.93715841305675e-05,0.00020803726511076093,0.9997724890708923
986,1,1,1,6.80272114550462e-06,0.9999768733978271,1.6366571799153462e-05
988,4,2,2,6.0914950154256076e-05,0.00027116062119603157,0.9996680021286011
991,0,2,2,6.886605842737481e-05,4.2316692088206764e-06,0.9999268054962158
992,1,2,2,0.00018827580788638443,0.0018259580247104168,0.9979857206344604
993,1,2,2,0.0010360515443608165,0.003949717618525028,0.9950141310691833
994,0,2,2,0.0006429101340472698,0.0013717489782720804,0.9979853630065918
995,3,2,2,1.3483716429618653e-05,0.00025192979956045747,0.9997345805168152
996,3,1,1,3.0307668566820212e-05,0.9999419450759888,2.772932748484891e-05
997,1,2,2,0.00032019332866184413,0.0015449414495378733,0.9981348514556885
999,1,2,2,8.66970276547363e-06,0.0005330165731720626,0.9994582533836365
1000,4,1,1,2.5177605493809097e-05,0.9999486207962036,2.616713936731685e-05
1001,1,2,2,3.6243864087737165e-06,5.665268690790981e-05,0.9999397993087769
1002,4,2,2,7.716807158431038e-05,0.00016544474055990577,0.9997574687004089
1003,3,2,2,8.26065934234066e-06,2.5172032110276632e-05,0.9999666213989258
1005,0,1,1,2.613561082398519e-05,0.9999523162841797,2.1500862203538418e-05
1008,4,2,2,5.004333070246503e-05,0.0002456392685417086,0.9997043013572693
1009,1,2,2,0.0002918311511166394,0.008104708045721054,0.991603434085846
1010,1,2,2,2.0519055397016928e-05,4.574027843773365e-05,0.9999337196350098
1011,1,2,2,0.0017030596500262618,0.11245496571063995,0.8858420252799988
1012,0,2,2,0.00025495587033219635,0.0002649546950124204,0.9994800686836243
1014,3,2,2,0.00012817795504815876,0.00022781392908655107,0.9996439218521118
1015,2,2,2,0.0010759454453364015,0.0008228043443523347,0.9981012940406799
1016,4,2,2,1.7709115127217956e-05,0.0050012897700071335,0.9949811100959778
1018,0,1,1,0.0017657593125477433,0.9974395036697388,0.0007946636178530753
1019,3,2,2,0.0004016180755570531,0.0002665037172846496,0.9993318915367126
1020,4,2,2,0.00013780986773781478,0.0003250443551223725,0.9995371103286743
1021,2,1,1,1.0388787814008538e-05,0.999976634979248,1.2971194337296765e-05
1022,2,1,1,2.381936837991816e-06,0.99998939037323,8.19684919406427e-06
1023,4,2,2,0.0002131688961526379,0.0026289457455277443,0.9971579313278198
1024,1,2,2,0.00027697248151525855,0.00023033414618112147,0.9994926452636719
1025,3,2,2,0.00013329292414709926,0.0016724778106436133,0.9981942772865295
1026,2,2,2,3.357144305482507e-05,0.0002835886843968183,0.9996827840805054
1027,1,2,2,1.176407477032626e-05,7.990085578057915e-05,0.9999083280563354
1028,2,1,1,0.0006039523868821561,0.9992867112159729,0.00010941219079541042
1029,3,1,1,6.820078851887956e-06,0.9999903440475464,2.8953284072485985e-06
1031,1,2,2,7.001067842793418e-06,4.4610169425141066e-05,0.9999483823776245
1032,4,2,2,0.00015461139264516532,0.00012534132110886276,0.99972003698349
1034,2,2,2,3.031501364603173e-05,0.00011159403948113322,0.9998581409454346
1035,4,2,2,0.00010632731573423371,0.00036436368827708066,0.9995293617248535
1036,4,1,1,3.583690158848185e-06,0.9999945163726807,1.8880433572121547e-06
1037,2,2,2,8.316215098602697e-05,6.567668606294319e-06,0.9999102354049683
1038,0,2,2,0.00019338192942086607,0.0001815313007682562,0.9996250867843628
1040,2,2,2,0.0001228910987265408,0.000383994571166113,0.9994931221008301
1041,4,1,1,0.00015216013707686216,0.9960822463035583,0.003765674540773034
1042,0,1,1,4.317078128224239e-05,0.9999520778656006,4.742221790365875e-06
1043,0,1,1,0.19097155332565308,0.7445550560951233,0.06447336822748184
1045,0,1,1,0.0004264846502337605,0.9995458722114563,2.759606832114514e-05
1046,4,2,2,0.00011628303036559373,5.602762939815875e-06,0.9998780488967896
1047,3,2,2,0.00010642455163178965,0.00016067942488007247,0.9997329115867615
1051,2,2,2,9.888425847748294e-05,4.129378339712275e-06,0.9998968839645386
1052,1,2,2,0.000991646433249116,0.005822446197271347,0.9931858777999878
1053,0,2,2,9.678394417278469e-05,0.0001500990183558315,0.9997531771659851
1054,0,2,2,0.0001226309541380033,1.0540045877860393e-05,0.9998668432235718
1057,1,1,1,2.881924774555955e-05,0.9999673366546631,3.804977040999802e-06
1058,3,2,2,9.687081728770863e-06,5.122064976603724e-06,0.9999852180480957
1059,4,2,2,0.0004190884646959603,0.0005683455383405089,0.9990125894546509
1061,3,1,1,0.03536316752433777,0.8707956671714783,0.09384115040302277
1062,3,2,2,1.5158811947912909e-05,1.33734474729863e-05,0.9999715089797974
1063,1,2,2,0.00013422538177110255,0.0004638583632186055,0.9994019269943237
1065,3,1,0,0.5275900363922119,0.03826482594013214,0.4341451823711395
1066,0,2,2,2.4537874196539633e-05,0.000142515025800094,0.9998328685760498
1067,2,2,2,0.005767200607806444,0.0014311190461739898,0.9928016662597656
1068,3,2,2,3.477866266621277e-05,0.0002878295199479908,0.9996774196624756
1069,2,2,2,1.2178838915133383e-05,5.9693284129025415e-05,0.9999281167984009
1070,3,2,2,0.0007882370846346021,3.0413875720114447e-05,0.99918133020401
1071,3,2,2,3.529928289935924e-05,6.703710369038163e-06,0.9999580383300781
1072,4,2,2,0.0002653876435942948,0.00012872458319179714,0.9996059536933899
1073,0,2,2,0.00025997182819992304,0.00019107028492726386,0.9995488524436951
1075,0,2,2,0.2710401117801666,0.059719640761613846,0.6692402362823486
1076,4,2,2,0.0003250621084589511,9.82585970632499e-06,0.9996651411056519
1077,0,2,2,0.0005070072948001325,0.0009554867865517735,0.998537540435791
1078,1,2,2,2.062323574136826e-06,0.00042762261000461876,0.9995703101158142
1079,3,2,2,4.739692940347595e-06,4.051880750921555e-05,0.9999547004699707
1080,3,2,2,4.3101357732666656e-05,0.0011443329276517034,0.9988125562667847
1081,0,2,2,0.0006348586757667363,0.0011086866725236177,0.9982563853263855
1083,1,2,2,0.0007443786598742008,0.000552053505089134,0.9987035989761353
1084,2,1,1,3.3818903375504306e-06,0.9999873638153076,9.278180186811369e-06
1087,4,2,2,0.00011374014138709754,0.0023947556037455797,0.9974914789199829
1088,3,2,2,1.978220279852394e-05,0.00017785181989893317,0.9998024106025696
1089,2,2,2,0.00022037334565538913,3.167416480209795e-06,0.9997764229774475
1090,4,2,2,2.7717751436284743e-05,0.00185758201405406,0.9981147050857544
1091,0,2,2,1.3000760191062e-05,0.00018445454770699143,0.9998025298118591
1092,2,2,2,0.0001361763570457697,0.0003108777746092528,0.9995529055595398
1094,4,2,2,6.28459092695266e-05,0.00013366554048843682,0.9998036026954651
1095,3,2,2,3.3233365684282035e-05,0.0001076806292985566,0.999859094619751
1096,1,2,2,0.0006214774330146611,0.002861343789845705,0.9965170621871948
1098,2,2,2,1.456439531466458e-05,1.8796200720316847e-06,0.999983549118042
1100,0,1,1,2.5718592951307073e-05,0.9999637603759766,1.0560073860688135e-05
1101,2,2,2,5.4614425607724115e-05,0.0002002958644879982,0.9997450709342957
1104,3,2,2,7.670672857784666e-06,2.6211531803710386e-05,0.9999661445617676
1105,2,1,1,4.032245487906039e-05,0.9999396800994873,1.997841172851622e-05
1108,4,1,1,2.0932817278662696e-05,0.9987899661064148,0.0011891803005710244
1109,4,2,2,8.100546256173402e-05,4.9693444452714175e-05,0.9998692274093628
1110,3,1,1,5.6625212891958654e-05,0.9999334812164307,9.860944373940583e-06
1111,4,1,1,0.0001022450887830928,0.999332845211029,0.0005648535443469882
1112,1,2,2,1.1909998647752218e-05,0.00010955490870401263,0.9998785257339478
1113,4,1,1,2.4157652660505846e-05,0.999431312084198,0.0005445539718493819
1114,3,2,2,0.0013531753793358803,0.0002185702178394422,0.9984283447265625
1115,4,1,1,1.1712676496244967e-05,0.9999775886535645,1.064184743881924e-05
1116,0,2,2,0.0003389010380487889,0.00019233983766753227,0.9994688630104065
1117,2,1,1,2.2433173398894724e-06,0.9999964237213135,1.3117816024532658e-06
1118,0,1,1,5.17807129654102e-05,0.9994081258773804,0.0005400942754931748
1119,2,1,1,1.2777956726495177e-05,0.9999798536300659,7.420520887535531e-06
1120,0,2,2,0.0007333062239922583,0.0017200139118358493,0.9975466132164001
1121,4,1,1,0.022786924615502357,0.8202176690101624,0.15699544548988342
1122,3,2,2,1.5515826817136258e-05,8.424460975220427e-05,0.999900221824646
1123,4,1,1,9.653373126639053e-06,0.9999821186065674,8.188078936655074e-06
1124,1,2,2,0.0005874712369404733,0.0005008942098356783,0.9989117383956909
1125,4,1,1,4.508614438236691e-05,0.9998431205749512,0.00011174252722412348
1126,1,2,2,0.00026954669738188386,0.00048529444029554725,0.9992451667785645
1127,2,1,1,0.29886800050735474,0.649094820022583,0.052037131041288376
1128,3,1,1,0.06352222710847855,0.9216375946998596,0.014840207993984222
1129,1,1,1,5.2768722525797784e-05,0.9999468326568604,3.8514849620696623e-07
1130,3,2,2,2.9053964681224898e-05,0.00014035592903383076,0.9998304843902588
1134,2,2,2,0.0001470247661927715,5.813738425786141e-06,0.9998470544815063
1135,0,1,1,3.077057408518158e-05,0.9999634027481079,5.856486950506223e-06
1136,1,2,2,0.00012794627400580794,0.0010400281753391027,0.9988319277763367
1137,4,1,1,8.98805883480236e-05,0.9988157749176025,0.001094323699362576
1138,1,2,2,0.0005577233387157321,0.0017750021070241928,0.9976673126220703
1140,0,2,2,0.00012114748096792027,3.774351716856472e-05,0.9998410940170288
1141,2,1,1,4.210533916193526e-06,0.9999761581420898,1.9656941731227562e-05
1142,4,2,2,4.7494359023403376e-05,0.0922674909234047,0.9076850414276123
1143,1,1,1,1.1323433682264294e-05,0.9999812841415405,7.446250492648687e-06
1144,0,2,0,0.7128629684448242,0.13701197504997253,0.15012505650520325
1147,4,2,2,8.861496462486684e-05,0.0004525771946646273,0.9994587302207947
1148,2,2,2,5.686876465915702e-05,0.0001597684167791158,0.9997833371162415
1149,4,2,2,0.029635092243552208,0.012088623829185963,0.9582763314247131
1150,0,1,1,5.061918272986077e-05,0.9999418258666992,7.585635103168897e-06
1151,0,1,0,0.7355560064315796,0.2197500467300415,0.04469393566250801
1152,0,2,2,3.42833882314153e-05,0.00017562194261699915,0.9997900128364563
1153,3,1,1,7.295254908967763e-05,0.9999172687530518,9.729716111905873e-06
1154,3,2,2,0.0002864409761969,0.0004180405812803656,0.9992954730987549
1156,4,2,2,0.00019459259056020528,0.0013368527870625257,0.9984684586524963
1157,0,2,2,3.222127634217031e-05,0.00011995953536825255,0.9998478889465332
1158,4,2,2,6.945882341824472e-05,0.0012352315243333578,0.998695433139801
1159,2,2,2,0.00409017875790596,0.01810370199382305,0.9778060913085938
1160,0,1,1,0.00014591129729524255,0.9998142123222351,3.994965663878247e-05
1161,2,2,2,6.392182694980875e-05,0.0002569273055996746,0.9996792078018188
1162,1,2,2,9.544497879687697e-05,0.00035800455952994525,0.999546468257904
1164,1,2,2,0.00010291398939443752,0.0003872726811096072,0.9995098114013672
1166,2,2,2,6.0571604990400374e-05,0.00021701562218368053,0.999722421169281
1167,3,2,2,0.00024759559892117977,5.4581378208240494e-05,0.9996978044509888
1168,0,2,2,4.9223632231587544e-05,0.0001746059861034155,0.9997761845588684
1169,4,2,2,0.031277064234018326,0.0026157344691455364,0.966107189655304
1170,1,1,1,3.7216323107713833e-05,0.9999616146087646,1.129676888922404e-06
1171,1,1,1,4.444843216333538e-05,0.9999496936798096,5.803166914120084e-06
1172,2,2,2,8.143448940245435e-05,0.00020682861213572323,0.9997116923332214
1174,3,2,2,3.869700594805181e-05,1.0094871868204791e-05,0.9999511241912842
1175,4,2,2,1.669009361648932e-05,4.714488750323653e-05,0.9999361038208008
1176,2,2,2,7.449734403053299e-05,0.00027612311532720923,0.9996494054794312
1177,4,2,2,4.35787696915213e-05,6.534689600812271e-05,0.9998910427093506
1178,4,2,2,0.00021278471103869379,1.1327729225740768e-05,0.9997759461402893
1180,3,2,2,5.3767111239722e-05,3.3125950267276494e-06,0.9999428987503052
1181,4,1,1,1.1078532224928495e-05,0.999984860420227,4.052128588227788e-06
1182,4,2,2,1.327401969319908e-05,0.002452673390507698,0.9975340366363525
1183,1,2,2,0.00010381345055066049,0.0004935299511998892,0.999402642250061
1184,4,2,2,0.0007499342900700867,0.0011891620233654976,0.9980608820915222
1185,2,2,2,0.0047343578189611435,0.0016671201447024941,0.993598461151123
1187,1,1,1,9.678083733888343e-05,0.999885082244873,1.8170088878832757e-05
1188,0,2,2,0.0003762888954952359,0.00014768140681553632,0.9994761347770691
1189,2,2,2,0.00047811304102651775,9.13161966309417e-06,0.9995126724243164
1190,3,1,1,1.7693921108730137e-05,0.9999703168869019,1.1983214790234342e-05
1192,3,2,2,0.09997879713773727,0.0030959593132138252,0.8969253301620483
1194,2,2,2,0.4845583140850067,0.00715723866596818,0.5082844495773315
1197,2,2,2,9.943438271875493e-06,0.00023047257855068892,0.9997596144676208
1198,1,2,2,8.391924347961321e-05,0.00029294914565980434,0.99962317943573
1199,0,2,2,0.0007385241915471852,0.0002953590010292828,0.9989660978317261
1200,3,2,2,0.00010133613977814093,0.0005718885804526508,0.9993267059326172
1201,0,2,2,0.00016320431313943118,0.00016958072956185788,0.9996671676635742
1202,0,2,2,8.306176823680289e-06,0.0003405371680855751,0.9996510744094849
1204,4,2,2,0.00010816188296303153,5.0905731768580154e-05,0.9998409748077393
1205,3,2,2,0.0004460847412701696,2.3069123926688917e-05,0.9995307922363281
1207,3,1,1,0.0009335236973129213,0.9989783763885498,8.813976455712691e-05
1208,3,2,2,8.116265235003084e-05,9.944682824425399e-05,0.9998194575309753
1210,0,2,2,0.06875069439411163,0.001894092420116067,0.9293552041053772
1211,0,2,2,0.00022155544138513505,0.0017495492938905954,0.9980289340019226
1212,0,1,2,0.0003028369974344969,0.000130157292005606,0.9995670914649963
1213,2,1,1,8.451705070910975e-06,0.9999908208847046,7.660988785573863e-07
1215,3,2,2,2.161517295462545e-05,0.001213496783748269,0.9987648725509644
1216,3,2,1,0.2782852351665497,0.697068452835083,0.02464635856449604
1217,3,2,2,0.00038436250179074705,0.007991242222487926,0.9916244149208069
1219,4,2,2,5.295607843436301e-05,2.8462254704209045e-05,0.9999185800552368
1221,1,2,2,9.421418326382991e-06,9.44004932534881e-05,0.9998961687088013
1222,0,2,2,1.250491914106533e-05,0.00010457268945174292,0.9998829364776611
1223,2,2,2,0.000933358445763588,2.676493295439286e-06,0.999064028263092
1224,0,1,1,3.731547622010112e-05,0.999932050704956,3.061678580706939e-05
1226,3,2,2,7.770107004034799e-06,4.776752393809147e-05,0.9999444484710693
1227,4,1,1,6.686895630991785e-06,0.9999872446060181,6.018323801981751e-06
1229,1,1,1,1.353061725239968e-05,0.999982476234436,3.983882834290853e-06
1230,2,2,2,0.0001544665137771517,0.00011683141201501712,0.9997287392616272
1231,0,2,2,4.485769022721797e-05,9.937820868799463e-05,0.9998557567596436
1232,0,2,2,0.00015761388931423426,0.004370406735688448,0.9954720735549927
1235,0,2,2,2.5353072487632744e-05,0.00039376059430651367,0.9995809197425842
1237,0,2,2,0.00017578749975655228,0.0001125213602790609,0.9997116923332214
1238,3,2,2,0.00025274523068219423,0.0016965267714112997,0.9980508089065552
1239,4,2,2,2.9837377951480448e-05,0.00014028277655597776,0.999829888343811
1240,4,2,2,2.194389162468724e-05,0.0012166474480181932,0.9987614154815674
1241,2,1,1,8.578586857765913e-06,0.9999908208847046,5.70476174743817e-07
1242,3,1,1,5.706972660846077e-05,0.9999080896377563,3.4812703233910725e-05
1243,3,2,2,6.560876499861479e-06,0.0001223199797095731,0.9998711347579956
1245,0,2,2,4.180175164947286e-05,4.707083644461818e-05,0.9999110698699951
1247,2,1,1,3.5984833175461972e-06,0.999988317489624,8.03421517048264e-06
1249,2,2,2,3.0109975341474637e-05,2.23121719500341e-06,0.9999675750732422
1250,2,1,1,5.29336057297769e-06,0.999984860420227,9.839759513852187e-06
1252,3,1,1,5.606660488410853e-05,0.9999387264251709,5.247989520285046e-06
1253,0,1,1,5.0363138143438846e-05,0.9999099969863892,3.957899025408551e-05
1254,0,1,1,2.4982678951346315e-05,0.9999707937240601,4.215871285850881e-06
1255,1,2,2,9.320474055130035e-05,0.0010676166275516152,0.9988391995429993
1256,4,2,2,0.0025496874004602432,0.009190239012241364,0.9882601499557495
1258,4,2,2,2.9506230930564925e-05,0.00031745823798701167,0.9996529817581177
1259,0,1,1,0.00035502840182743967,0.9990247488021851,0.0006201979122124612
1260,0,1,1,0.0009054371621459723,0.9985902905464172,0.0005042081465944648
1261,1,2,2,0.00039467474562115967,0.0006465832120738924,0.9989587068557739
1262,3,2,2,0.00020060865790583193,0.0006402907310985029,0.9991590976715088
1263,2,2,2,2.673985727597028e-05,0.000267271971097216,0.999705970287323
1266,3,2,2,8.599605280323885e-06,7.21991018508561e-05,0.9999191761016846
1267,2,2,2,0.002157454611733556,0.003814420197159052,0.9940280914306641
1268,2,2,2,1.3340106306714006e-05,0.0003131094854325056,0.99967360496521
1269,3,2,2,3.0845869332551956e-05,2.1215588276390918e-05,0.9999479055404663
1270,1,2,2,8.792077278485522e-05,0.009149684570729733,0.9907624125480652
1271,3,1,0,0.5978142023086548,0.33863869309425354,0.06354714184999466
1272,0,1,1,0.00010812591790454462,0.9998745918273926,1.7214089893968776e-05
1274,1,2,2,0.0708247572183609,0.15423470735549927,0.774940550327301
1275,2,2,2,0.00013007324014324695,5.874122962268302e-06,0.9998641014099121
1276,3,2,2,2.0458428480196744e-05,2.546250652812887e-05,0.9999539852142334
1277,3,2,2,0.0002715090522542596,0.0009338810341432691,0.998794674873352
1278,3,2,0,0.8472861051559448,0.025647424161434174,0.12706640362739563
1279,4,2,2,0.00034904651693068445,0.0003261010569985956,0.9993249177932739
1280,2,2,2,0.02936779148876667,0.0009097869624383748,0.9697223901748657
1281,3,2,2,4.777087815455161e-05,0.00012150479597039521,0.9998307228088379
1282,0,1,0,0.6661445498466492,0.26705849170684814,0.06679698079824448
1283,3,2,2,4.9791178753366694e-05,0.00010458823817316443,0.9998456239700317
1284,0,2,2,0.3696444034576416,0.021399756893515587,0.6089558601379395
1285,4,2,2,7.162621477618814e-05,1.0476484021637589e-05,0.9999178647994995
1286,3,1,1,1.3121803021931555e-05,0.9999774694442749,9.39335768634919e-06
1287,0,2,2,0.0003389010380487889,0.00019233983766753227,0.9994688630104065
1288,2,1,1,7.2027537498797756e-06,0.999975323677063,1.746141970215831e-05
1289,0,2,2,6.740258686477318e-05,1.965517549251672e-05,0.9999129772186279
1291,4,2,2,4.8750025598565117e-05,4.331180389272049e-05,0.9999079704284668
1292,0,2,2,0.015038550831377506,0.001748146372847259,0.9832133054733276
1293,1,2,2,0.00026617312687449157,0.0001766453788150102,0.9995571970939636
1294,2,2,2,0.0016709808260202408,5.197965947445482e-06,0.9983237385749817
1295,3,2,2,8.827845704217907e-06,0.00023396752658300102,0.9997572302818298
1296,0,2,0,0.7600042819976807,0.15980097651481628,0.08019474148750305
1297,4,2,2,2.5713017748785205e-05,0.003416127758100629,0.9965581297874451
1298,1,1,1,5.285906354401959e-06,0.999992847442627,1.8865389392885845e-06
1299,4,2,2,0.06687645614147186,0.15527555346488953,0.777847945690155
1302,2,2,2,0.018870772793889046,0.0014357657637447119,0.9796934127807617
1303,4,1,1,0.00015105963393580168,0.9997105002403259,0.00013837721780873835
1304,2,2,2,0.0016211150214076042,0.0003538305463735014,0.9980250597000122
1306,2,1,1,1.5249912621584372e-06,0.9999946355819702,3.846745130431373e-06
1308,0,2,2,0.006809381768107414,0.03261522203683853,0.9605754017829895
1309,1,1,1,0.0014839358627796173,0.9948636889457703,0.003652360523119569
1310,4,2,2,0.00022411247482523322,5.063635762780905e-05,0.9997251629829407
1311,3,1,1,0.00013125441910233349,0.9998099207878113,5.879170566913672e-05
1312,4,1,1,1.8377555534243584e-05,0.9998401403427124,0.0001414647267665714
1313,1,2,2,0.00171245529782027,0.001144292065873742,0.9971432089805603
1314,2,1,1,9.44693874771474e-06,0.9999643564224243,2.6154875740758143e-05
1315,1,1,1,6.6834445533459075e-06,0.9999926090240479,7.558243737548764e-07
1316,0,2,2,0.00034625575062818825,0.004171639680862427,0.9954820871353149
1317,1,2,2,0.0003440133004914969,0.0001519562501925975,0.9995040893554688
1318,0,2,2,8.683992746227887e-06,0.00054750224808231,0.9994438290596008
1319,2,2,2,0.0003267040301579982,0.00017002638196572661,0.9995032548904419
1320,1,2,2,1.3629765817313455e-05,0.0003295397909823805,0.9996569156646729
1321,0,1,1,9.324777056463063e-05,0.9998303651809692,7.634592475369573e-05
1322,4,2,2,0.00011290566908428445,0.0001475370372645557,0.9997395873069763
1323,3,2,2,1.4008584003022406e-05,0.0001612523483345285,0.9998247027397156
1324,0,2,2,0.00021755431953351945,0.00031304702861234546,0.9994694590568542
1325,3,2,2,4.663310392061248e-06,0.00010458856559125707,0.9998908042907715
1326,0,2,2,2.4218468752224e-05,0.0007270060596056283,0.9992488026618958
1327,3,2,2,4.354570774012245e-05,1.746724774420727e-05,0.99993896484375
1328,0,2,0,0.7940068244934082,0.03800450637936592,0.16798868775367737
1329,0,2,2,0.28255560994148254,0.02116391435265541,0.6962805390357971
1330,4,2,2,0.00013501476496458054,3.923532858607359e-05,0.9998257756233215
1331,2,2,2,0.00018891983199864626,0.0002673473791219294,0.9995437264442444
1332,0,2,2,2.2660935428575613e-05,9.64783612289466e-05,0.9998809099197388
1333,3,1,1,1.270132270292379e-05,0.999981164932251,6.097881851019338e-06
1335,1,1,1,3.382961585884914e-05,0.9999659061431885,2.1865820087896282e-07
1336,1,2,0,0.7623952031135559,0.03396333009004593,0.20364151895046234
1337,3,2,2,3.290656241006218e-05,0.0003371165366843343,0.9996299743652344
1338,2,2,2,4.451595668797381e-05,0.0024311367888003588,0.9975244402885437
1339,3,2,2,0.0002810422156471759,0.004705566447228193,0.995013415813446
1340,4,2,2,0.00011436827480792999,0.00034122669603675604,0.9995443224906921
1341,0,2,2,0.011914541013538837,8.281225018436089e-05,0.9880026578903198
1342,0,1,1,4.632310083252378e-05,0.9999390840530396,1.4624442883359734e-05
1343,0,2,2,0.0006934202974662185,0.0003827221516985446,0.9989238381385803
1344,2,1,1,0.058264411985874176,0.4982866644859314,0.44344887137413025
1345,0,1,1,2.3420347133651376e-05,0.999923586845398,5.293977665132843e-05
1346,2,2,2,0.00038344875792972744,0.002838783897459507,0.9967778325080872
1349,1,2,2,5.263979619485326e-05,0.00038190220948308706,0.9995654225349426
1350,1,2,2,0.0002975328534375876,0.0003063514595851302,0.9993962049484253
1351,1,2,2,0.0029938784427940845,5.536000753636472e-05,0.9969507455825806
1352,2,2,2,4.12561021221336e-05,0.013510004617273808,0.9864487051963806
1353,3,1,1,0.0006486116908490658,0.9988480806350708,0.0005032690241932869
1354,1,2,2,2.170167863368988e-05,3.041115405721939e-06,0.9999752044677734
1355,0,2,2,0.00037487890222109854,0.0004106540000066161,0.9992144107818604
1356,2,1,1,4.002028617833275e-06,0.9999712705612183,2.4749324438744225e-05
1357,4,1,0,0.5635758638381958,0.12471076101064682,0.31171339750289917
1358,2,2,2,2.649652060426888e-06,1.7046993889380246e-05,0.9999803304672241
1359,4,2,2,9.329219756182283e-05,0.003585431259125471,0.9963213205337524
1360,2,1,1,1.3938612937636208e-05,0.9999594688415527,2.6587131287669763e-05
1362,0,2,2,1.4941578228899743e-05,0.0006584632792510092,0.9993267059326172
1365,2,1,1,0.003336240304633975,0.995212197303772,0.0014515432994812727
1367,4,2,2,4.284216993255541e-05,0.005773382727056742,0.9941838383674622
1368,0,2,2,0.000743349373806268,0.003215265227481723,0.9960414171218872
1369,2,1,1,0.0009354103240184486,0.9987006187438965,0.00036399022792465985
1370,4,1,0,0.6665913462638855,0.25690287351608276,0.07650579512119293
1371,2,2,2,0.00012025595788145438,0.0036716714967042208,0.9962080717086792
1372,1,2,2,0.00010291398939443752,0.0003872726811096072,0.9995098114013672
1373,2,2,2,0.00015527792857028544,4.6560126065742224e-06,0.9998400211334229
1374,4,2,2,0.00010203265264863148,0.00015711069863755256,0.9997408986091614
1375,2,2,2,2.7603253329289146e-05,0.0008600077708251774,0.9991123080253601
1376,2,2,2,0.005863124039024115,1.0249731531075668e-05,0.9941266775131226
1377,4,2,2,3.4495787986088544e-05,0.00438434723764658,0.9955810904502869
1378,4,2,2,0.0004361641185823828,0.0028574950993061066,0.9967063069343567
1379,2,2,2,0.00030822123517282307,1.0985519111272879e-05,0.9996808767318726
1380,4,1,1,2.5885628929245286e-05,0.9998210072517395,0.00015309627633541822
1382,2,2,2,0.00010523646778892726,5.193483502807794e-06,0.9998894929885864
1383,1,2,2,0.00016535237955395132,2.446448888804298e-05,0.9998102784156799
1384,2,2,2,0.0001391562691424042,7.940961381791567e-07,0.9998600482940674
1386,2,2,0,0.734552264213562,0.004289515316486359,0.2611582577228546
1387,4,1,1,1.8219992853119038e-05,0.9997668862342834,0.00021486003242898732
1389,4,2,2,0.17479632794857025,0.021589156240224838,0.8036145567893982
1390,1,2,2,5.6007917009992525e-05,0.00045826344285160303,0.9994857311248779
1391,2,2,2,8.448766311630607e-05,0.00043965611257590353,0.99947589635849
1392,4,1,1,2.585662696219515e-05,0.9984873533248901,0.0014867702266201377
1393,0,2,2,0.014839009381830692,0.03823409229516983,0.9469269514083862
1394,4,2,0,0.5579947233200073,0.40695130825042725,0.03505392372608185
1395,0,2,2,3.413695958442986e-05,0.0017002918757498264,0.9982655644416809
1396,2,2,2,6.184129597386345e-05,0.0002025541034527123,0.9997355341911316
1397,3,2,2,6.3871029851725325e-06,4.556560452328995e-05,0.9999480247497559
1399,4,2,2,2.9628985430463217e-05,4.2483716242713854e-05,0.9999278783798218
1401,2,2,2,0.11786965280771255,0.0019028485985472798,0.8802275061607361
1402,4,2,2,0.0001229478802997619,6.0323887737467885e-05,0.9998167157173157
1404,3,2,2,9.764740389073268e-05,0.00018605691730044782,0.9997163414955139
1405,1,2,2,0.0003422093577682972,4.5373846660368145e-05,0.9996123909950256
1406,3,2,2,9.64339924394153e-05,0.00011534002260304987,0.999788224697113
1408,0,2,2,0.0011399931972846389,0.00019954596064053476,0.9986604452133179
1411,2,2,2,6.681232207483845e-06,0.0012608676915988326,0.9987325072288513
1412,4,1,0,0.4271315932273865,0.28425487875938416,0.288613498210907
1413,2,2,2,0.00011935396469198167,1.0431753025841317e-06,0.9998795986175537
1414,0,1,2,0.0005578335840255022,0.22877049446105957,0.7706716656684875
1415,3,1,1,0.20773950219154358,0.7387502789497375,0.053510211408138275
1416,0,2,2,0.000603410298936069,0.0003382880531717092,0.9990583062171936
1418,2,2,2,0.033087749034166336,0.00021432079665828496,0.9666978716850281
1419,0,2,2,0.00013264383596833795,0.0003029046638403088,0.9995644688606262
1420,3,2,2,1.2821797099604737e-05,4.5857370423618704e-05,0.9999412298202515
1421,2,2,2,1.0648827810655348e-05,6.08253940299619e-05,0.9999285936355591
1422,0,2,2,3.612627915572375e-05,0.00025285460287705064,0.9997109770774841
1424,0,2,2,0.0002717805909924209,0.003916910383850336,0.9958113431930542
1425,3,2,2,0.00013132703315932304,6.553986168000847e-05,0.9998031258583069
1427,3,2,2,0.001019914634525776,0.0007842945633456111,0.9981958270072937
1428,3,2,2,0.00026060809614136815,0.0010525062680244446,0.9986868500709534
1429,2,2,1,0.19749009609222412,0.7444074153900146,0.058102503418922424
1431,2,2,2,3.0045897801755928e-05,0.00023679336300119758,0.9997331500053406
1432,3,1,1,6.561470218002796e-05,0.9999163150787354,1.8019813069258817e-05
1433,4,2,2,0.00015447850455529988,4.877954779658467e-06,0.9998406171798706
1435,2,1,1,0.00010514268797123805,0.998675525188446,0.0012193055590614676
1437,1,1,1,6.701196980429813e-05,0.9999105930328369,2.2443844500230625e-05
1438,4,2,2,0.3873264789581299,0.05206698924303055,0.5606065392494202
1439,2,2,2,2.9677165002794936e-05,3.42223429470323e-05,0.9999361038208008
1440,3,2,2,2.451039654260967e-05,3.1765500807523495e-06,0.9999722242355347
1441,1,1,1,0.34588274359703064,0.6283262372016907,0.02579103223979473
1442,2,2,2,0.0001278678246308118,0.0001053693558787927,0.9997667670249939
1445,2,2,2,0.00014367885887622833,0.0005503084976226091,0.9993059635162354
1446,0,1,1,3.830432251561433e-05,0.9999226331710815,3.899999865097925e-05
1447,4,2,2,4.599162639351562e-05,8.105807501124218e-05,0.9998729228973389
1449,0,2,2,0.02012592740356922,0.001086993608623743,0.9787871241569519
1450,3,1,1,7.380810711765662e-05,0.9996471405029297,0.0002790963917504996
1451,2,2,2,2.5287949029006995e-05,0.0002603764005471021,0.9997143149375916
1452,1,1,1,1.0130199370905757e-05,0.9999866485595703,3.209703436368727e-06
1453,0,2,2,0.00029879037174396217,0.003027756465598941,0.9966734647750854
1455,3,1,1,0.0005767887341789901,0.9993602633476257,6.300589302554727e-05
1456,3,2,2,0.00030409262399189174,0.0032966563012450933,0.9963992834091187
1457,4,2,2,4.1536921344231814e-05,2.3994674847926944e-05,0.9999345541000366
1458,0,2,2,1.4784489394514821e-05,5.073906777397497e-06,0.999980092048645
1459,4,2,2,6.652567390119657e-05,0.0006149504333734512,0.9993185997009277
1460,0,1,1,0.0001612218766240403,0.9998111128807068,2.7643061912385747e-05
1462,1,2,2,0.00019869911193381995,0.0015012198127806187,0.9983000159263611
1463,4,1,1,1.9512654034770094e-06,0.9999964237213135,1.629654548196413e-06
1464,1,2,2,5.017159855924547e-05,5.986088581266813e-06,0.9999438524246216
1465,1,2,2,0.0001353207917418331,0.0009443014278076589,0.9989204406738281
1466,4,2,2,0.0005533488583751023,1.4640019799116999e-05,0.9994320273399353
1468,3,2,2,0.0010546166449785233,7.182312401710078e-06,0.998938262462616
1469,1,1,1,0.0001917688932735473,0.9996575117111206,0.00015074941620696336
1470,4,2,2,5.2257390052545816e-05,0.00010806977661559358,0.9998396635055542
1472,1,2,2,0.00040908189839683473,0.0008246794459410012,0.998766303062439
1473,1,2,2,1.9423059711698443e-05,8.83426473592408e-05,0.9998922348022461
1474,2,2,2,0.00010037248284788802,2.868650153686758e-05,0.9998708963394165
1475,1,2,2,0.0001679816487012431,0.0276398453861475,0.9721921682357788
1477,0,1,1,6.670135189779103e-05,0.999782145023346,0.00015113689005374908
1478,1,2,2,0.00018945732153952122,0.00043074251152575016,0.9993797540664673
1481,4,2,2,0.004448187071830034,0.0001307035709032789,0.9954211115837097
1483,4,2,2,4.380935206427239e-05,5.32760259375209e-06,0.9999507665634155
1485,0,2,2,0.010528169572353363,0.0023362396750599146,0.9871355891227722
1487,4,1,1,0.00013785315968561918,0.9975709319114685,0.002291150623932481
1488,4,2,2,0.0002481499104760587,1.7006927009788342e-05,0.9997348189353943
1489,1,2,2,0.00048816640628501773,0.0001353330007987097,0.9993764758110046
1490,4,2,2,0.00020549447799567133,0.0001683637674432248,0.9996261596679688
1491,3,2,2,0.0002464060962665826,0.0011038125958293676,0.9986497759819031
1492,4,2,2,0.0005502222920767963,0.00027273641899228096,0.9991770386695862
1493,3,2,2,2.1749741790699773e-05,0.0003234886098653078,0.9996546506881714
1494,4,2,2,0.0015113059198483825,0.00027124505140818655,0.9982175230979919
1496,0,1,1,0.00013959281204733998,0.9998489618301392,1.141464144893689e-05
1497,0,2,2,0.0007480998756363988,0.00044651853386312723,0.9988054037094116
1498,2,2,2,2.7839916583616287e-05,0.00019466751837171614,0.9997774958610535
1499,4,2,2,0.00013372661487665027,0.00024871688219718635,0.9996175765991211
1500,0,2,2,0.0005032948101870716,0.0003150311822537333,0.9991816878318787
1501,0,2,2,0.00012525665806606412,0.0006699577788822353,0.9992048144340515
1502,0,2,2,7.144842129491735e-06,0.00043681691749952734,0.9995560050010681
1504,3,2,2,8.30219651106745e-05,2.062428620774881e-06,0.9999150037765503
1505,3,2,2,0.07266276329755783,0.0020061808172613382,0.9253310561180115
1506,1,2,2,0.2517021596431732,0.10614229738712311,0.6421555876731873
1507,3,2,0,0.7443678975105286,0.03743287920951843,0.21819928288459778
1508,3,2,2,6.116854638094082e-05,5.503555075847544e-05,0.999883770942688
1509,3,1,1,7.68974769016495e-06,0.9999854564666748,6.870166998851346e-06
1510,3,2,2,6.306938757916214e-06,0.000948292319662869,0.9990454316139221
1511,0,2,2,0.0003179397026542574,7.662975258426741e-05,0.9996054768562317
1514,0,2,2,5.02111151945428e-06,1.664866977080237e-05,0.9999783039093018
1516,4,2,2,4.907498441752978e-05,7.216500671347603e-05,0.9998787641525269
1517,2,2,2,0.021063175052404404,0.00886627472937107,0.9700706005096436
1518,3,1,1,6.938641490705777e-06,0.9999895095825195,3.5746434150496498e-06
1519,0,2,2,0.0004207001766189933,0.00034051763941533864,0.9992387294769287
1521,1,1,1,5.31413161297678e-06,0.9999873638153076,7.3113860707962885e-06
1522,1,2,2,4.7933888708939776e-05,0.0005714053986594081,0.9993807077407837
1523,2,2,2,2.2697113308822736e-05,0.00013013827265240252,0.9998471736907959
1524,2,2,2,0.021063175052404404,0.00886627472937107,0.9700706005096436
1526,1,2,2,0.001593847176991403,0.0023170311469584703,0.9960891008377075
1527,3,2,2,0.22546647489070892,0.042972125113010406,0.7315614223480225
1528,1,2,1,5.070938641438261e-05,0.99565589427948,0.0042934115044772625
1530,2,2,2,9.511852113064378e-05,0.0007669741753488779,0.9991378784179688
1531,4,1,1,7.574619303341024e-06,0.9999076128005981,8.47499177325517e-05
1532,2,1,1,2.7393589334678836e-06,0.999990701675415,6.563043825735804e-06
1536,0,1,1,3.3446918678237125e-05,0.9999614953994751,5.0295961955271196e-06
1537,3,2,2,2.320402563782409e-05,0.00017725510406307876,0.9997995495796204
1539,2,2,2,5.265245818009134e-06,0.00023882811365183443,0.9997559189796448
1541,2,1,1,1.6119081919896416e-05,0.9999756813049316,8.197402166842949e-06
1543,2,2,2,4.65673474536743e-06,0.00021672481670975685,0.999778687953949
1545,0,2,2,0.00014165774337016046,0.0014229622902348638,0.9984354376792908
1548,1,1,1,3.025739897566382e-05,0.9999518394470215,1.7885435227071866e-05
1550,2,1,1,0.0005374565371312201,0.9991955161094666,0.00026703590992838144
1552,4,2,2,4.6202480007195845e-05,0.0009918025461956859,0.9989620447158813
1554,1,2,2,2.388697112110094e-06,0.0030373630579560995,0.9969602227210999
1555,2,2,2,5.8662364608608186e-05,0.0008943321881815791,0.9990469813346863
1556,0,1,1,5.038733434048481e-05,0.9999067783355713,4.280524080968462e-05
1557,0,1,1,4.3285981519147754e-05,0.9999390840530396,1.7684546037344262e-05
1558,4,2,2,0.00041282011079601943,0.00018397867097519338,0.9994032382965088
1560,2,2,2,1.5079214790603146e-05,0.00011490489850984886,0.9998699426651001
1561,2,2,2,0.00010656205267878249,0.004607969895005226,0.9952854514122009
1562,0,2,2,5.660903116222471e-05,0.0002155262336600572,0.9997279047966003
1563,2,2,2,0.00028487693634815514,5.241340090833546e-07,0.9997146725654602
1564,1,2,2,2.1228384866844863e-05,0.0005407425342127681,0.9994379878044128
1565,2,1,1,3.7689649616368115e-05,0.9999463558197021,1.5915727999527007e-05
1566,4,1,1,3.3050571801140904e-05,0.9996022582054138,0.00036467306199483573
1567,3,2,2,0.00010882101196330041,0.0013181346002966166,0.9985730648040771
1568,2,2,2,1.0779514923342504e-05,0.00011949594772886485,0.999869704246521
1571,4,1,1,0.2317877560853958,0.7208485007286072,0.047363728284835815
1572,2,2,2,0.0003796833916567266,0.0009687513811513782,0.9986516833305359
1573,3,2,2,3.257095522712916e-05,0.00010971876326948404,0.9998576641082764
1576,4,1,1,7.058439678075956e-06,0.9999901056289673,2.783732725220034e-06
1577,4,1,1,4.7633810027036816e-05,0.9996838569641113,0.0002685261133592576
1578,4,1,0,0.574482798576355,0.3605828285217285,0.0649343878030777
1579,2,1,1,1.118739692174131e-05,0.9999749660491943,1.3885122825740837e-05
1580,2,2,2,4.921798245050013e-05,0.001371764112263918,0.9985790252685547
1581,1,2,2,0.0003577113966457546,0.0015238216146826744,0.99811851978302
1582,3,2,2,4.967077074979898e-06,1.9817878637695685e-05,0.9999752044677734
1583,0,2,2,0.0010296428808942437,0.004835750907659531,0.9941346049308777
1585,0,2,2,3.6280947824707255e-05,2.415230846963823e-05,0.9999395608901978
1586,1,2,2,0.0001705966715235263,0.000500511669088155,0.9993289709091187
1587,2,2,0,0.7062212824821472,0.22520054876804352,0.06857816129922867
1588,4,2,2,0.00015745645214337856,0.0018932870589196682,0.9979491829872131
1590,3,1,1,0.0010661629494279623,0.9987170696258545,0.00021676140022464097
1592,2,2,0,0.8711249828338623,0.07963596284389496,0.049238983541727066
1594,1,1,1,2.620847590151243e-05,0.9999735355377197,3.127281047454744e-07
1595,3,2,2,8.902263652998954e-05,6.195486093929503e-06,0.9999047517776489
1596,4,2,2,0.00011560990242287517,0.00035107420990243554,0.9995334148406982
1597,3,2,2,7.759299478493631e-05,0.0005100321141071618,0.9994124174118042
1598,3,2,2,6.555451818712754e-06,3.438339035710669e-06,0.9999899864196777
1599,0,1,1,5.7325927627971396e-05,0.9997391104698181,0.0002035697689279914
1600,3,2,2,1.3681712516699918e-05,9.119076275965199e-05,0.9998950958251953
1601,2,1,1,7.016728432063246e-06,0.9999854564666748,7.53740505388123e-06
1602,2,1,1,4.649489710573107e-06,0.9999887943267822,6.570853656739928e-06
1603,2,2,2,0.00010510897118365392,0.00017042088438756764,0.9997244477272034
1604,3,1,0,0.7223648428916931,0.21013544499874115,0.06749970465898514
1606,0,2,0,0.5134989619255066,0.0697086974978447,0.4167923927307129
1608,2,2,2,0.0021663648076355457,7.75560547481291e-05,0.9977560639381409
1609,1,1,1,3.7821225760126254e-06,0.9999938011169434,2.3918994429550366e-06
1610,1,2,2,7.888215623097494e-05,0.0008763146470300853,0.9990448355674744
1611,4,2,2,0.0002179877774324268,0.0008241040632128716,0.9989578723907471
1612,0,1,1,0.002605580259114504,0.9964615702629089,0.0009328654850833118
1613,1,2,2,0.0002324911765754223,0.002313548931851983,0.9974539875984192
1614,0,1,1,0.00017212812963407487,0.9998075366020203,2.0378734916448593e-05
1615,3,2,2,2.21188020077534e-06,8.383988460991532e-05,0.9999139308929443
1616,1,2,2,0.00035451469011604786,0.004723755177110434,0.9949217438697815
1617,2,2,2,0.00020581016724463552,0.000494250503834337,0.9992998838424683
1618,2,2,2,9.655408575781621e-06,0.0005688216770067811,0.9994215965270996
1619,2,2,2,2.237043872810318e-06,0.0004070491704624146,0.9995906949043274
1620,0,2,2,1.2785674698534422e-05,0.001228163717314601,0.9987591505050659
1622,1,1,1,0.0407516248524189,0.7540372610092163,0.20521113276481628
1623,2,2,2,0.001709065749309957,0.0024170223623514175,0.9958739876747131
1624,3,2,2,1.8283682948094793e-05,0.0001567539293318987,0.9998250603675842
1625,4,2,2,0.13309212028980255,0.034615907818078995,0.8322919607162476
1626,1,2,2,0.0003660276415757835,0.0032931026071310043,0.996340811252594
1627,3,2,2,4.559591161523713e-06,1.1454221748863347e-05,0.9999840259552002
1628,3,2,2,3.4175318432971835e-05,0.00015527497453149408,0.999810516834259
1629,1,1,1,6.700985522911651e-06,0.9999921321868896,1.1539830211404478e-06
1630,1,2,2,3.7802706174261402e-06,3.242322418373078e-05,0.9999637603759766
1632,1,2,2,8.103645086521283e-06,3.2578616810496897e-05,0.9999593496322632
1633,0,2,2,5.209684604778886e-05,8.171244553523138e-05,0.9998661279678345
1634,3,2,2,0.005296025890856981,0.00026614536182023585,0.9944378137588501
1635,4,1,1,2.636608769535087e-05,0.9998210072517395,0.00015269513824023306
1637,3,1,1,1.1577119948924519e-05,0.9999762773513794,1.2197187970741652e-05
1638,3,2,2,0.00023575883824378252,0.002274918369948864,0.997489333152771
1639,4,2,2,0.00011534746590768918,8.058189996518195e-05,0.9998040795326233
1640,3,2,2,3.106414806097746e-05,0.0005283078062348068,0.999440610408783
1642,3,2,2,5.1960963901365176e-05,1.573644476593472e-05,0.9999322891235352
1643,2,1,1,4.4381005864124745e-05,0.9999498128890991,5.822570074087707e-06
1644,3,2,2,0.00023817425244487822,0.0009242926025763154,0.9988375306129456
1645,2,2,2,5.551292815653142e-06,2.318652877875138e-05,0.9999711513519287
1646,3,2,2,0.020867159590125084,0.0043704998679459095,0.9747622609138489
1648,0,1,1,1.838672505982686e-05,0.9999603033065796,2.1308032955857925e-05
1649,1,1,1,0.00040985940722748637,0.9995748400688171,1.5356848962255754e-05
1652,1,2,2,0.010462946258485317,0.4001363515853882,0.5894007086753845
1653,1,2,2,4.19852658524178e-05,0.0002394712355453521,0.9997186064720154
1654,2,1,1,4.328034719947027e-06,0.9999953508377075,2.854525575912703e-07
1655,3,2,2,2.6612089641275816e-05,1.028328733809758e-05,0.9999631643295288
1656,1,2,2,2.814506478898693e-05,7.718478627793957e-06,0.9999641180038452
1657,0,2,2,0.0009883992606773973,0.002612239681184292,0.9963994026184082
1658,1,2,2,0.0004369212547317147,0.001038901973515749,0.9985241293907166
1660,1,2,2,0.004242587368935347,0.000671455985866487,0.9950860142707825
1661,3,1,1,0.054539479315280914,0.7988924980163574,0.1465679407119751
1662,0,2,2,0.003578428877517581,0.28890037536621094,0.7075212001800537
1664,4,2,2,0.00017890347226057202,0.0038139817770570517,0.9960071444511414
1665,3,2,2,3.564817598089576e-05,0.0002874735801015049,0.9996769428253174
1666,4,2,2,7.676632230868563e-05,0.0012970698298886418,0.9986261129379272
1667,2,2,2,3.9152026147348806e-05,1.0827880032593384e-05,0.9999500513076782
1669,0,2,2,0.00015022899606265128,0.00019315228564664721,0.9996565580368042
1670,2,1,0,0.9275792837142944,0.019479133188724518,0.052941665053367615
1671,3,2,1,0.14577092230319977,0.6627018451690674,0.19152723252773285
1673,3,2,2,8.527952741133049e-05,6.12129078945145e-05,0.9998534917831421
1674,3,2,2,0.022041356191039085,0.15487313270568848,0.8230855464935303
1677,3,2,2,0.4483635127544403,0.026261283084750175,0.5253751873970032
1680,3,2,2,0.00012821622658520937,0.0014046081341803074,0.9984671473503113
1682,0,1,1,0.00018991401884704828,0.9997883439064026,2.1811645638081245e-05
1683,4,2,2,0.000220045680180192,1.432605495210737e-05,0.9997656941413879
1684,1,2,2,7.826750515960157e-05,3.086011565756053e-05,0.9998908042907715
1685,2,2,2,1.2242537195561454e-05,7.785352499922737e-05,0.9999098777770996
1686,0,2,2,3.549295797711238e-05,3.12852421302523e-06,0.9999613761901855
1687,1,2,2,0.0002474458306096494,0.0007537102792412043,0.9989988207817078
1688,4,1,1,8.76504691404989e-06,0.9998010993003845,0.0001901511277537793
1689,4,2,2,0.000512230908498168,2.1174599169171415e-05,0.999466598033905
1690,1,2,1,0.08634066581726074,0.8446725010871887,0.06898683309555054
1692,4,1,1,5.153101938049076e-06,0.9999926090240479,2.282072046000394e-06
1693,2,2,2,5.361110743251629e-05,0.000881353160366416,0.999065101146698
1694,0,2,2,1.6801528545329347e-05,0.00011793792509706691,0.9998652935028076
1695,2,2,2,0.0008930069161579013,0.0007790768868289888,0.998327910900116
1697,3,2,2,0.007682002615183592,0.0002084104053210467,0.9921095967292786
1698,2,2,2,0.00047811304102651775,9.13161966309417e-06,0.9995126724243164
1701,4,2,2,0.0008781585493125021,0.00011078373790951446,0.9990110397338867
1702,0,2,2,0.007586221676319838,0.0008414649637416005,0.9915722608566284
1703,3,2,2,0.000376763055101037,5.707660238840617e-05,0.9995661377906799
1704,3,2,2,0.0001191797127830796,0.015419266186654568,0.9844614863395691
1706,4,2,2,0.0001353034604107961,0.001679756911471486,0.9981849789619446
1708,2,2,2,0.00013244480942375958,0.00014062474656384438,0.9997269511222839
1712,3,1,1,1.583018820383586e-05,0.999974250793457,9.973650776373688e-06
1713,2,1,1,4.813907708012266e-06,0.9999904632568359,4.720487595477607e-06
1714,4,1,1,1.1010199159500189e-05,0.9999850988388062,3.8469979699584655e-06
1715,0,2,2,4.410410838318057e-06,0.0006779888062737882,0.9993176460266113
1716,1,1,1,1.0338098036299925e-05,0.9999872446060181,2.442406639602268e-06
1717,0,2,2,0.0008010201272554696,0.002145994221791625,0.9970530271530151
1719,1,1,1,1.2948270523338579e-05,0.9999854564666748,1.6510083469256642e-06
1720,2,1,1,6.3920365391823e-06,0.9999762773513794,1.7288579329033382e-05
1721,1,1,1,0.00046724596177227795,0.9989035129547119,0.00062920106574893
1722,4,2,2,6.836118700448424e-05,0.0001838144235080108,0.9997478127479553
1723,4,2,1,0.053527332842350006,0.918267548084259,0.02820516750216484
1726,2,2,2,0.00033894082298502326,3.903965261997655e-05,0.9996219873428345
1727,3,1,1,0.00012270538718439639,0.9998642206192017,1.3060743185633328e-05
1729,0,2,2,0.0003273797919973731,0.0001553710171720013,0.9995172023773193
1730,2,2,2,6.944547931198031e-05,0.001708717318251729,0.9982218146324158
1731,2,2,2,2.3623910237802193e-05,0.00034312388743273914,0.9996333122253418
1732,2,1,1,5.754302037530579e-06,0.9999784231185913,1.5769441233715042e-05
1733,2,2,2,0.24414204061031342,0.10223622620105743,0.6536217331886292
1734,4,1,1,4.4723765313392505e-06,0.9999924898147583,3.05125763588876e-06
1735,4,1,1,1.1985514902335126e-05,0.9999392032623291,4.8865775170270354e-05
1736,0,2,2,0.0004739387659355998,0.023136364296078682,0.9763897061347961
1737,1,2,2,0.005892253015190363,0.0012804152211174369,0.9928272366523743
1738,0,1,2,0.0005578335840255022,0.22877049446105957,0.7706716656684875
1740,2,2,2,0.07462044805288315,2.997753290401306e-05,0.9253495335578918
1742,2,2,2,0.00018511884263716638,0.0037606165278702974,0.9960542917251587
1744,3,2,2,3.5423131521383766e-06,0.00015746949065942317,0.9998389482498169
1745,3,2,2,4.776064997713547e-06,6.732849578838795e-05,0.9999278783798218
1746,2,1,2,0.2917722165584564,0.20322686433792114,0.5050008893013
1747,0,1,1,2.330372080905363e-05,0.9994863271713257,0.0004904012312181294
1748,1,1,1,0.0008016581414267421,0.9982849955558777,0.0009133495623245835
1753,0,2,2,0.0001318310241913423,0.004392555914819241,0.9954755902290344
1754,3,2,2,2.4366032448597252e-05,0.0040418896824121475,0.9959338307380676
1755,4,2,2,0.0044128927402198315,0.0024810703471302986,0.9931060671806335
1756,1,2,2,0.00022054342844057828,0.001379002002067864,0.9984005093574524
1757,1,2,2,2.0528288587229326e-05,2.5103425286943093e-05,0.999954342842102
1758,3,1,1,0.00021531889797188342,0.9996391534805298,0.0001455115561839193
1760,4,2,2,8.494022949889768e-06,0.0015337553340941668,0.9984577894210815
1761,4,2,2,4.7013327275635675e-05,0.00026877474738284945,0.99968421459198
1762,4,2,2,0.0009906487539410591,2.8380354706314392e-05,0.9989809393882751
1765,1,2,2,7.433223072439432e-05,0.00024338920775335282,0.9996823072433472
1766,0,2,2,0.0010846407385542989,0.0008416264900006354,0.9980736970901489
1767,4,2,2,0.00013636270887218416,1.0515303074498661e-05,0.9998531341552734
1768,2,2,2,3.797149474848993e-05,0.0016430310206487775,0.9983189702033997
1769,0,2,2,0.00040502820047549903,0.0009739565430209041,0.9986211061477661
1770,2,2,2,6.5677509155648295e-06,8.979025005828589e-05,0.999903678894043
1772,1,2,2,0.00038950153975747526,0.002026640111580491,0.9975838661193848
1773,4,2,2,8.364106906810775e-05,0.00023832487931940705,0.9996780157089233
1775,4,2,1,0.2385493963956833,0.5075276494026184,0.2539229691028595
1776,0,2,2,0.0017112042987719178,0.001711436896584928,0.9965773224830627
1777,3,2,2,0.0022229966707527637,0.002461919328197837,0.9953150749206543
1778,0,2,2,0.00719456747174263,0.004705414175987244,0.9881000518798828
1780,1,1,1,7.884024853410665e-06,0.9999898672103882,2.2933693344384665e-06
1781,1,2,2,0.00036953468224965036,0.003597926814109087,0.9960325360298157
1782,4,2,2,0.0015113059198483825,0.00027124505140818655,0.9982175230979919
1783,4,2,2,0.0002582696033641696,0.00020829042477998883,0.9995334148406982
1784,4,2,2,0.0009069399093277752,2.0340175979072228e-05,0.9990726709365845
1785,4,1,1,0.0007216482190415263,0.9933335185050964,0.005944840610027313
1786,0,2,2,0.00012029168283334002,0.00016028790560085326,0.9997194409370422
1789,3,1,1,0.0009765566792339087,0.9975437521934509,0.001479624304920435
1790,0,2,2,1.8272166926180944e-05,0.0003594974405132234,0.9996222257614136
1791,3,2,2,0.0001583547273185104,2.8142836526967585e-05,0.9998134970664978
1792,1,2,2,0.00010118729551322758,0.0001500930666225031,0.9997487664222717
1793,3,2,2,0.05367964878678322,0.0013255674857646227,0.9449947476387024
1794,1,2,2,0.0001966335257748142,0.0005093757645227015,0.9992939233779907
1795,1,2,2,0.00037771524512209,0.00042724443483166397,0.9991950392723083
1796,2,2,2,1.3107941413181834e-05,4.401601108838804e-05,0.9999428987503052
1797,2,2,2,0.0001461601787013933,0.00015016291581559926,0.9997037053108215
1799,4,2,2,0.00022888497915118933,5.883066933165537e-06,0.9997653365135193
1800,3,2,2,0.0002900728431995958,0.0003652460582088679,0.9993446469306946
1801,4,1,2,0.25657519698143005,0.03771498426795006,0.7057098150253296
1802,3,1,1,2.3858681743149646e-05,0.999947190284729,2.8983351512579247e-05
1803,3,1,1,5.552271250053309e-05,0.9998884201049805,5.608014907920733e-05
1804,3,2,2,0.007170920725911856,0.0037707043811678886,0.9890583157539368
1805,2,2,2,0.0010242796270176768,0.00031036336440593004,0.9986653327941895
1807,2,2,2,1.0245705198030919e-05,1.2408942893671338e-05,0.9999773502349854
1808,4,2,2,0.0003762098785955459,1.9357084966031834e-05,0.9996045231819153
1809,4,2,2,0.00010180701065110043,0.00010908651165664196,0.9997891783714294
1811,4,2,2,0.00040883070323616266,0.0005721303750760853,0.9990190267562866
1812,0,2,2,0.0010152059840038419,0.0004540963564068079,0.9985306262969971
1813,0,1,0,0.6585327982902527,0.28364142775535583,0.05782575532793999
1815,0,2,2,0.000297696067718789,0.0005138519918546081,0.9991884827613831
1816,0,2,2,2.480259536241647e-05,0.00041046744445338845,0.9995647072792053
1817,2,2,2,3.2648880733177066e-05,0.0004093332099728286,0.9995580315589905
1818,3,2,2,1.9107442312815692e-06,3.949709207518026e-05,0.9999586343765259
1819,3,2,2,6.080398816266097e-05,0.0009571198606863618,0.9989820122718811
1820,0,2,2,0.0002970377681776881,0.0001344281481578946,0.999568521976471
1821,3,2,2,0.0005361897055990994,0.002514180727303028,0.9969496130943298
1822,0,2,0,0.6448423862457275,0.030253387987613678,0.32490432262420654
1823,4,2,2,0.00014394019672181457,0.00026745477225631475,0.999588668346405
1824,1,2,2,0.0005263834027573466,0.0016993620665743947,0.9977743029594421
1825,3,2,2,6.924763056304073e-06,3.989213382737944e-06,0.9999891519546509
1826,4,2,0,0.45495855808258057,0.17631450295448303,0.368726909160614
1827,1,1,1,0.005375357810407877,0.9944480657577515,0.00017658011347521096
1828,0,2,2,1.7677810319582932e-05,4.664123116526753e-05,0.9999357461929321
1829,0,1,1,0.0005243548657745123,0.8736023306846619,0.12587332725524902
1830,0,1,1,0.00015259755309671164,0.9998329877853394,1.4381269465957303e-05
1831,0,2,2,3.1209434382617474e-05,4.900443855149206e-06,0.9999638795852661
1832,4,1,1,1.8971148165292107e-05,0.9992504715919495,0.000730572734028101
1833,2,1,1,0.0012075711274519563,0.9986701011657715,0.00012237804185133427
1834,0,1,1,0.00010605217539705336,0.8184611201286316,0.18143275380134583
1835,4,1,1,3.873009336530231e-05,0.9999027252197266,5.8492470998317e-05
1837,3,1,0,0.9560701251029968,0.018064748495817184,0.025865111500024796
1838,3,2,2,0.45479634404182434,0.02641834132373333,0.518785297870636
1839,1,2,2,0.4596392810344696,0.010204127058386803,0.5301565527915955
1840,4,2,2,0.3884434401988983,0.10992179811000824,0.5016347169876099
1841,3,1,1,0.004659441765397787,0.9690812826156616,0.02625931240618229
1842,0,1,1,5.6949618738144636e-05,0.9999337196350098,9.282046448788606e-06
1843,3,2,2,5.119317938806489e-05,0.0005602642777375877,0.9993884563446045
1844,1,1,1,0.03590017184615135,0.9509419798851013,0.013157923705875874
1845,4,1,1,9.522506297798827e-05,0.9998793601989746,2.538694752729498e-05
1846,3,2,2,0.010268188081681728,0.010707838460803032,0.9790240526199341
1847,4,1,1,8.5017345554661e-06,0.999920129776001,7.136911881389096e-05
1848,1,1,1,0.00030850162147544324,0.9996896982192993,1.763970431056805e-06
1849,2,1,1,2.186023266403936e-05,0.9999762773513794,1.889979785119067e-06
1850,1,2,2,0.0006243266980163753,0.001041432493366301,0.9983342289924622
1851,4,2,2,2.5725499654072337e-05,0.00010713082156144083,0.9998670816421509
1852,1,1,1,0.00019940313359256834,0.9997221827507019,7.84084913902916e-05
1853,0,2,2,3.490291419439018e-05,0.00011841807281598449,0.9998465776443481
1854,4,1,1,1.1249085218878463e-05,0.9999731779098511,1.5553361663478427e-05
1855,1,2,2,0.00013987749116495252,0.0002130766661139205,0.9996470212936401
1856,0,2,0,0.7108204364776611,0.1322549432516098,0.15692459046840668
1858,2,2,0,0.6407143473625183,0.06898897141218185,0.2902967035770416
1859,0,2,2,0.0006556139560416341,0.000273288314929232,0.9990710020065308
1860,1,2,2,8.802308002486825e-06,4.785236524185166e-05,0.9999433755874634
1862,3,2,2,6.138721073511988e-05,9.32726397877559e-05,0.9998452663421631
1864,3,2,2,0.0028400919400155544,0.007541792932897806,0.9896181225776672
1865,3,1,1,4.016196544398554e-05,0.9999388456344604,2.0944229618180543e-05
1867,3,2,2,0.0005201076273806393,1.0958478014799766e-05,0.999468982219696
1869,4,2,2,0.00020007829880341887,0.009025863371789455,0.9907740950584412
1870,3,2,2,8.701274964550976e-06,5.376933768275194e-05,0.9999375343322754
1871,4,1,1,2.16372063732706e-05,0.9998857975006104,9.260491788154468e-05
1873,0,2,2,6.050201591278892e-06,7.975682819960639e-05,0.9999141693115234
1874,2,2,2,0.0029364977963268757,3.867656687361887e-06,0.9970595240592957
1875,4,2,2,1.58966922754189e-05,0.0006116318982094526,0.9993725419044495
1876,3,2,2,1.7246044080820866e-05,0.0001008326726150699,0.9998818635940552
1877,0,1,1,5.718729516956955e-05,0.9999290704727173,1.3773045793641359e-05
1878,1,2,2,5.462641274789348e-05,0.00016395481361541897,0.9997814297676086
1879,4,1,1,2.43473841692321e-05,0.9999263286590576,4.933988384436816e-05
1883,3,2,2,0.020778505131602287,0.014358561486005783,0.9648629426956177
1884,3,2,2,0.0005465099238790572,0.00018122579785995185,0.9992722868919373
1886,1,2,2,0.0001453851000405848,0.00028957182075828314,0.999565064907074
1888,3,2,2,0.004383983090519905,0.019300052896142006,0.9763159155845642
1889,2,2,2,0.05143870413303375,0.25758087635040283,0.6909804344177246
1890,2,1,1,3.375907908775844e-05,0.9999653100967407,9.443106137041468e-07
1891,0,2,2,0.0009110266109928489,0.0004461147473193705,0.9986428618431091
1892,2,1,1,1.0956829100905452e-05,0.9999849796295166,4.02319165004883e-06
1893,1,1,1,4.200716648483649e-05,0.999957799911499,2.475250369116111e-07
1894,2,2,2,7.800154708093032e-05,0.00016404717462137341,0.9997580647468567
1895,3,1,1,1.6902995412237942e-05,0.9999687671661377,1.4377394109033048e-05
1896,3,1,1,1.873438486654777e-05,0.9999626874923706,1.8526470739743672e-05
1897,4,1,1,3.23818858305458e-05,0.9998791217803955,8.850770245771855e-05
1898,4,1,1,1.0227491657133214e-05,0.9999843835830688,5.426193638413679e-06
1900,0,2,2,0.059895776212215424,0.004953658673912287,0.9351505637168884
1902,3,2,2,0.00010190194007009268,6.6164675445179455e-06,0.9998914003372192
1903,0,2,2,0.0005899840616621077,0.0002581725420895964,0.9991518259048462
1905,4,1,1,7.3261662691948e-06,0.9999831914901733,9.490370757703204e-06
1906,2,1,1,1.1368993000360206e-05,0.9999874830245972,1.2009487591058132e-06
1907,2,2,2,0.00017758221656549722,0.00031334321829490364,0.9995090961456299
1908,3,2,2,1.0990851478709374e-05,6.997578566370066e-06,0.9999819993972778
1910,2,2,2,6.713735638186336e-05,8.73950557434e-06,0.9999241828918457
1911,2,2,2,0.006440191064029932,0.012223254889249802,0.9813365340232849
1913,1,2,2,0.0005892371409572661,0.0024893213994801044,0.9969214797019958
1914,0,1,1,2.575806138338521e-05,0.9999504089355469,2.385910011071246e-05
1915,2,2,2,4.9563677748665214e-05,0.001429409021511674,0.9985210299491882
1917,3,2,2,1.74090891960077e-05,0.00010472793655935675,0.9998778104782104
1919,4,2,2,4.039151826873422e-05,0.00019216789223719388,0.9997674822807312
1921,4,1,1,3.3174623240483925e-05,0.9997884631156921,0.00017842507804743946
1922,1,1,1,0.00014457941870205104,0.9998549222946167,5.2768797331737e-07
1923,3,1,0,0.7248587608337402,0.18452543020248413,0.09061586111783981
1924,0,2,2,6.391880742739886e-05,9.524655615678057e-05,0.9998408555984497
1925,3,2,2,3.39644611813128e-05,2.5992762857640628e-06,0.9999634027481079
1926,3,1,1,0.06519625335931778,0.824449896812439,0.11035384237766266
1927,4,1,1,4.002507557743229e-05,0.9998471736907959,0.00011275715951342136
1929,3,2,2,6.630393909290433e-05,0.0001269450003746897,0.999806821346283
1930,0,2,2,0.02297811768949032,0.02330644056200981,0.9537153840065002
1931,3,1,1,3.8577287341468036e-05,0.9999529123306274,8.464144229947124e-06
1934,3,2,2,3.5130833566654474e-05,0.0006395646487362683,0.9993252754211426
1935,0,2,2,0.25936242938041687,0.06898441165685654,0.671653151512146
1936,2,1,1,9.207486982631963e-06,0.9999892711639404,1.5766431715746876e-06
1937,4,2,2,2.019004568865057e-05,0.0007054276647977531,0.9992744326591492
1938,0,1,1,4.913269367534667e-05,0.9998762607574463,7.463010115316138e-05
1939,1,2,0,0.7111366987228394,0.20678994059562683,0.0820733979344368
1940,0,2,0,0.7449424266815186,0.15544892847537994,0.09960871189832687
1942,0,2,0,0.546406626701355,0.2496214061975479,0.20397193729877472
1943,4,2,2,6.708034925395623e-05,1.143155986937927e-05,0.999921441078186
1944,3,2,2,9.017441698233597e-06,5.8107216318603605e-06,0.9999850988388062
1945,3,2,2,6.410940841306001e-05,0.010472292080521584,0.9894635677337646
1946,1,2,2,0.0005276978481560946,0.0009296608623117208,0.9985426664352417
1947,1,1,1,2.677669044715003e-06,0.9999967813491821,5.182954510019044e-07
1948,3,2,2,8.019861706998199e-05,0.0013861553743481636,0.9985336065292358
1950,1,2,2,0.06539398431777954,0.4096204936504364,0.5249854922294617
1951,2,2,2,0.3644016981124878,0.021512310951948166,0.6140859723091125
1952,0,2,2,6.228004349395633e-05,1.7441086583858123e-06,0.9999359846115112
1953,1,1,1,1.7437529095332138e-05,0.9999823570251465,2.165330954539968e-07
1954,0,2,2,0.007389515172690153,0.004533467348664999,0.9880770444869995
1955,0,2,2,0.0017156583489850163,0.05814025178551674,0.9401441216468811
1956,4,2,2,0.0009395180968567729,4.7704401367809623e-05,0.9990127086639404
1957,4,1,1,3.603407822083682e-05,0.999656081199646,0.0003078975132666528
1959,3,2,1,0.016765452921390533,0.49315696954727173,0.49007749557495117
1962,4,2,2,2.344317726965528e-05,9.33789779082872e-05,0.9998831748962402
1965,3,1,1,0.0006404970772564411,0.999275267124176,8.41958899400197e-05
1966,1,2,0,0.8901894688606262,0.016648216173052788,0.09316231310367584
1967,3,2,2,0.0004327571077737957,0.004435017704963684,0.9951321482658386
1968,4,1,1,1.7095364455599338e-05,0.9999183416366577,6.459787982748821e-05
1969,1,2,2,0.03846362605690956,0.0032302127219736576,0.9583061933517456
1970,1,2,2,0.0029025741387158632,0.0004975718911737204,0.9965998530387878
1971,4,2,2,5.2304036216810346e-05,0.009974982589483261,0.989972710609436
1975,4,2,0,0.6413390040397644,0.11346285045146942,0.24519816040992737
1976,1,2,2,0.000595342309679836,0.002598642837256193,0.9968060255050659
1977,3,2,1,0.25311407446861267,0.6523543000221252,0.09453163295984268
1980,2,2,2,0.009738298133015633,0.0011151302605867386,0.9891465902328491
1981,3,2,2,4.096814154763706e-05,0.0008496993687003851,0.9991093277931213
1982,0,1,1,7.205594738479704e-05,0.9998923540115356,3.560971163096838e-05
1983,4,2,2,6.393077637767419e-05,0.00014354250743053854,0.9997926354408264
1984,4,1,1,2.3587361283716746e-05,0.9998759031295776,0.00010049375850940123
1986,1,2,2,0.41831910610198975,0.10063925385475159,0.48104164004325867
1987,4,2,2,0.00015072390669956803,0.00010722994920797646,0.9997419714927673
1988,1,2,2,0.41831910610198975,0.10063925385475159,0.48104164004325867
1990,3,2,2,1.433439592801733e-05,6.519643648061901e-05,0.9999204874038696
1992,3,1,1,1.4975893463997636e-05,0.9999743700027466,1.0668018148862757e-05
1993,3,2,2,0.0002257960441056639,0.0003620108764152974,0.9994121789932251
1995,2,2,2,0.012726565822958946,0.009587007574737072,0.9776864051818848
1996,2,1,1,1.940924812515732e-05,0.999980092048645,5.164645813238167e-07
1997,2,2,2,1.6378286090912297e-05,9.905254410114139e-05,0.9998846054077148
1998,2,2,0,0.7283238172531128,0.09726009517908096,0.17441609501838684
2000,1,2,2,0.00022790420916862786,0.0005041395197622478,0.9992679953575134
2002,1,2,2,0.0004990400630049407,0.0011771731078624725,0.9983238577842712
2003,4,2,2,6.18925696471706e-05,0.0006199036142788827,0.9993181228637695
2004,4,2,2,0.00014416487829294056,0.00022191807511262596,0.9996339082717896
2005,2,2,2,4.6866047341609374e-05,0.0008199108997359872,0.999133288860321
2007,2,2,2,0.0002559297136031091,0.0005283559439703822,0.9992156028747559
2009,2,1,1,1.0927061339316424e-05,0.999982476234436,6.568694516317919e-06
2010,0,2,2,0.0007435678271576762,0.00012583675561472774,0.9991305470466614
2011,3,2,2,6.151922571007162e-05,0.0003882107848767191,0.9995502829551697
2012,0,2,0,0.7320994734764099,0.09856098890304565,0.1693396121263504
2014,2,1,1,0.00030554141267202795,0.9996324777603149,6.198984920047224e-05
2015,2,1,0,0.781269371509552,0.042453691363334656,0.17627690732479095
2016,4,1,1,0.06364850699901581,0.9105702042579651,0.02578124962747097
2017,3,2,2,2.783989839372225e-05,0.0001971816091099754,0.9997749924659729
2019,2,2,2,0.00021972082322463393,0.00031507640960626304,0.99946528673172
2020,1,1,1,2.627643652886036e-06,0.9999927282333374,4.595208338287193e-06
2021,4,2,2,0.00012223901285324246,0.0008418636280111969,0.9990359544754028
2022,1,1,1,4.259683464624686e-06,0.9999943971633911,1.2838979728257982e-06
2023,1,1,1,7.432858546962962e-05,0.999924898147583,8.23898858470784e-07
2024,0,1,1,7.890020060585812e-05,0.999893069267273,2.802692870318424e-05
2025,2,2,2,0.0011816227342933416,0.00024687929544597864,0.998571515083313
2026,0,1,1,0.002215503016486764,0.9969574213027954,0.0008271418628282845
2027,1,1,1,2.8866384127468336e-06,0.9999912977218628,5.794614935439313e-06
2028,1,2,2,6.473865141742863e-06,0.0010692565701901913,0.9989243149757385
2029,0,2,2,0.00014684662164654583,0.00026748026721179485,0.9995856881141663
2030,1,2,0,0.8396914005279541,0.015248962678015232,0.14505961537361145
2031,1,1,0,0.8452068567276001,0.08014607429504395,0.07464703917503357
2032,1,2,2,0.0002889279858209193,0.0022437928710132837,0.9974672794342041
2033,1,1,1,0.00020622815645765513,0.9997931122779846,6.252601565392979e-07
2034,0,2,2,0.30421364307403564,0.09780072420835495,0.5979856848716736
2035,4,1,1,3.719149390235543e-05,0.9998693466186523,9.343246347270906e-05
2036,0,1,1,0.004381176549941301,0.9950280785560608,0.0005907065351493657
2039,0,2,2,0.16565021872520447,0.00700954208150506,0.8273402452468872
2040,4,2,2,0.00023781349591445178,0.0006420600693672895,0.9991200566291809
2041,1,2,2,0.18487702310085297,0.07805518805980682,0.7370678186416626
2042,2,2,2,6.4855298660404515e-06,1.5362784324679524e-05,0.9999781847000122
2043,1,2,2,3.3403986890334636e-05,0.0007228722097352147,0.9992438554763794
2044,2,2,2,2.2938485926715657e-05,0.0002526574535295367,0.9997244477272034
2045,2,2,2,5.8688183344202116e-05,0.00013714254600927234,0.9998041987419128
2046,1,2,2,0.015390901826322079,0.011254132725298405,0.9733548760414124
2047,3,1,1,1.8594335415400565e-05,0.9999760389328003,5.312819666869473e-06
2048,0,1,1,4.0067887312034145e-05,0.9999549388885498,4.996461029804777e-06
2049,2,1,1,1.2901061381853651e-05,0.9999719858169556,1.5080752746143844e-05
2050,1,2,2,0.26242396235466003,0.14171984791755676,0.5958561897277832
2051,4,1,1,0.0019236941589042544,0.8350192308425903,0.1630570888519287
2052,4,2,2,5.903520286665298e-05,0.0006440372671931982,0.9992969036102295
2054,1,2,1,0.1425790935754776,0.6215105652809143,0.23591026663780212
2055,2,2,2,9.25567073863931e-05,6.479484454757767e-06,0.9999010562896729
2057,0,2,1,0.0009088234510272741,0.9965556859970093,0.002535456558689475
2058,3,1,1,7.995050691533834e-05,0.9998838901519775,3.616311005316675e-05
2059,0,1,1,2.4757993742241524e-05,0.999954342842102,2.0838797354372218e-05
2060,4,2,2,7.778737199259922e-05,0.0015028438065201044,0.9984192848205566
2061,1,2,2,1.8834905858966522e-05,2.3065082132234238e-05,0.9999581575393677
2062,0,1,1,0.0015436827670782804,0.9966180920600891,0.0018382330890744925
2064,0,2,2,3.426391776883975e-05,0.0007644357974641025,0.999201238155365
2065,0,2,2,0.04413186013698578,0.015113011933863163,0.9407551288604736
2066,0,2,2,0.00011774974700529128,6.68301508994773e-05,0.9998154044151306
2069,3,2,2,5.928310565650463e-05,0.00010622070840327069,0.9998345375061035
2070,1,2,2,0.00013176255743019283,3.0133249310893007e-05,0.99983811378479
2071,0,2,2,0.0001443084911443293,0.00026748119853436947,0.9995881915092468
2072,2,2,2,9.017420234158635e-05,0.0001755140401655808,0.9997342228889465
2073,4,2,2,0.1173224002122879,0.004686338361352682,0.8779911994934082
2074,4,2,2,0.07274039089679718,0.01283424161374569,0.9144253730773926
2075,1,2,2,6.775525980629027e-05,0.0118418512865901,0.9880903959274292
2076,2,1,1,0.0002722158678807318,0.9996973276138306,3.051242856599856e-05
2077,4,2,2,8.492673805449158e-05,0.00017195181862916797,0.9997430443763733
2078,0,1,0,0.4507623016834259,0.32159656286239624,0.22764113545417786
2082,3,1,0,0.6169765591621399,0.20000968873500824,0.18301376700401306
2083,4,1,1,8.306658855872229e-06,0.9999711513519287,2.0577283066813834e-05
2084,2,2,2,0.00044538185466080904,2.999302523676306e-05,0.9995245933532715
2085,4,2,2,5.4663425544276834e-05,0.00021034078963566571,0.9997349381446838
2086,0,1,1,1.1394326065783389e-05,0.9999864101409912,2.196694140366162e-06
2087,0,2,2,3.301429023849778e-05,6.0641059462795965e-06,0.9999608993530273
2088,4,2,2,0.33480989933013916,0.31451448798179626,0.35067564249038696
2091,1,1,1,4.127289503230713e-05,0.9999188184738159,3.99042219214607e-05
2092,0,2,2,2.7777045033872128e-05,0.0001229049958055839,0.9998493194580078
2094,0,2,2,0.0005247631343081594,0.004240748472511768,0.9952345490455627
2095,3,2,2,0.0005389392608776689,0.001784607651643455,0.9976765513420105
2096,1,1,0,0.6919291615486145,0.1793266385793686,0.12874415516853333
2097,1,1,1,7.806085704942234e-06,0.99998939037323,2.8572610517585417e-06
2098,2,1,1,0.0978064239025116,0.8964243531227112,0.005769247654825449
2099,1,1,2,0.015071175061166286,0.0035382001660764217,0.9813905954360962
2100,1,2,2,1.2951672943017911e-05,1.3455771295411978e-05,0.9999735355377197
2101,4,1,1,0.26450759172439575,0.4746512174606323,0.2608411908149719
2102,0,2,2,0.00248716096393764,0.0008826644043438137,0.9966302514076233
2104,0,2,0,0.4416818916797638,0.4105410873889923,0.14777696132659912
2105,3,1,1,0.01398898009210825,0.7990206480026245,0.18699036538600922
2106,2,1,1,0.08255815505981445,0.8591670393943787,0.058274783194065094
2107,1,2,2,0.0005489860195666552,0.0157901830971241,0.9836607575416565
2108,2,2,2,0.12323498725891113,0.025104470551013947,0.8516604900360107
2109,2,1,0,0.6681138873100281,0.28063493967056274,0.051251206547021866
2110,0,2,2,0.3472861647605896,0.09877049177885056,0.5539433360099792
2112,3,2,1,0.004677040968090296,0.9718756079673767,0.02344735898077488
2113,0,1,1,3.759466562769376e-05,0.9999560117721558,6.3959309954952914e-06
2114,0,1,1,0.00016900114133022726,0.9997978806495667,3.310126703581773e-05
2115,2,2,2,8.329155389219522e-05,0.0001786835928214714,0.9997380375862122
2118,0,2,2,8.738391625229269e-05,6.306632712949067e-05,0.9998495578765869
2119,0,2,2,8.437491487711668e-06,0.00013869907706975937,0.9998527765274048
2120,4,1,1,4.57703117717756e-06,0.9999898672103882,5.548607077798806e-06
2121,1,1,1,3.001911636602017e-06,0.9999929666519165,4.083156454726122e-06
2122,1,1,0,0.8921115398406982,0.051098570227622986,0.05678980425000191
2123,4,2,0,0.6540910601615906,0.06319836527109146,0.28271061182022095
2124,0,1,1,0.08786775916814804,0.8898770809173584,0.022255096584558487
2125,2,1,0,0.5479041934013367,0.3550967276096344,0.09699910879135132
2127,4,1,1,1.0024796210927889e-05,0.999915599822998,7.439299224643037e-05
2129,0,1,2,0.0009654311579652131,0.01321553997695446,0.9858189821243286
2130,3,1,1,0.007921059615910053,0.9855487942695618,0.006530145648866892
2132,4,2,2,0.38238203525543213,0.0899435505270958,0.5276744365692139
2133,3,1,1,0.21735207736492157,0.7570526599884033,0.025595325976610184
2135,2,1,1,5.010671884519979e-06,0.9999798536300659,1.5105486454558559e-05
2136,1,1,1,0.32472506165504456,0.6491562128067017,0.02611875906586647
2137,2,1,1,0.00024329041480086744,0.9997435212135315,1.316618454438867e-05
2138,4,1,1,3.1181862141238526e-05,0.9990575909614563,0.0009112381376326084
2139,2,1,0,0.7907862663269043,0.1537451595067978,0.055468589067459106
2141,3,1,1,7.355267007369548e-05,0.9998519420623779,7.445689698215574e-05
2142,4,1,0,0.3980230391025543,0.3146790862083435,0.287297785282135
2143,4,1,1,0.08198309689760208,0.8346546292304993,0.08336224406957626
2145,3,1,0,0.5228702425956726,0.4141797423362732,0.06294998526573181
2146,4,1,0,0.3626091480255127,0.2899494171142578,0.3474414348602295
2147,3,1,0,0.8040497303009033,0.05771102011203766,0.13823926448822021
2148,2,1,0,0.6126064658164978,0.3555987775325775,0.03179476037621498
2149,2,1,0,0.8179193735122681,0.14850033819675446,0.03358035907149315
2150,1,2,2,3.762749838642776e-05,0.00010607966396491975,0.9998562335968018
2151,1,2,2,0.00028363626915961504,0.002273513237014413,0.9974428415298462
2152,4,2,2,0.00032546589500270784,0.0001251467620022595,0.9995494484901428
2153,4,1,1,4.53280154033564e-05,0.9990484118461609,0.0009061908931471407
2154,2,2,2,0.00012996341683901846,0.00032106766593642533,0.9995488524436951
2155,0,1,1,2.31513986364007e-05,0.999968409538269,8.422580322076101e-06
2156,4,2,2,1.1840768820547964e-05,5.6278200645465404e-05,0.9999319314956665
2157,4,2,2,3.899059083778411e-05,0.0002976944379042834,0.9996633529663086
2158,3,2,2,3.1422438041772693e-05,0.00011614085087785497,0.9998524188995361
2159,0,1,1,0.11811935156583786,0.5586040019989014,0.3232766389846802
2160,4,2,2,0.000349740352248773,3.109681711066514e-05,0.9996191263198853
2162,0,1,1,0.021772965788841248,0.8228998184204102,0.1553272306919098
2163,3,1,1,0.00013705294986721128,0.9994825124740601,0.0003804130246862769
2165,1,2,2,1.4069475582800806e-05,0.00012118789891246706,0.9998646974563599
2166,3,2,2,6.274367933656322e-06,2.1831257981830277e-05,0.999971866607666
2167,4,2,2,1.4183743587636854e-05,0.00025103118969127536,0.9997348189353943
2169,2,2,2,0.0011359306517988443,2.844028585968772e-07,0.9988638162612915
2173,4,2,2,5.100823909742758e-05,0.00035267890780232847,0.9995962977409363
2174,1,2,2,0.25581151247024536,0.008464254438877106,0.7357242703437805
2176,2,1,1,1.3653472024088842e-06,0.9999579191207886,4.076540790265426e-05
2177,3,2,2,0.053686585277318954,0.4056423008441925,0.5406711101531982
2178,3,2,2,3.4222288377350196e-05,0.00027729503926821053,0.9996885061264038
2179,1,2,2,0.4069705605506897,0.07076861709356308,0.5222607851028442
2180,1,1,1,3.0099205105216242e-05,0.9999550580978394,1.4823748642811552e-05
2181,0,1,1,5.746212264057249e-05,0.9998461008071899,9.645678073866293e-05
2182,0,2,2,0.0008877416839823127,0.0015274053439497948,0.9975848197937012
2183,0,2,2,0.000680984987411648,0.00035039265640079975,0.9989687204360962
2185,1,1,1,2.814428626152221e-06,0.9999970197677612,1.1589677484380445e-07
2186,2,1,1,3.7678178159694653e-06,0.9999228715896606,7.332347013289109e-05
2187,0,1,1,0.0001591803738847375,0.9998239874839783,1.6915173546294682e-05
2188,0,2,2,2.2745805381418904e-06,4.701868601841852e-05,0.9999507665634155
2189,3,1,1,1.5535708371317014e-05,0.9999552965164185,2.9112568881828338e-05
2190,4,2,2,0.00022586333216167986,0.0007199335959739983,0.9990542531013489
2191,1,1,1,0.0025584667455404997,0.9971938133239746,0.0002476807276252657
2192,0,2,2,0.00012280196824576706,0.0004362968320492655,0.9994408488273621
2193,2,2,2,0.0004808082012459636,0.0003682782407850027,0.9991508722305298
2195,1,1,1,2.3434045033354778e-06,0.9999909400939941,6.760899850632995e-06
2196,0,2,2,0.04538900405168533,0.005035735201090574,0.9495753049850464
2197,1,1,1,1.9742283257073723e-05,0.9999775886535645,2.67392783825926e-06
2198,3,1,1,7.40475588827394e-05,0.99989914894104,2.682628110051155e-05
2199,4,1,1,1.4622823982790578e-05,0.9999799728393555,5.423701622930821e-06
2201,0,2,2,0.00046952368575148284,0.00012649635027628392,0.9994039535522461
2203,0,2,2,0.0001948820281540975,0.0003671542217489332,0.9994378685951233
2204,3,1,0,0.7669848799705505,0.005593898240476847,0.22742123901844025
2205,3,1,1,9.173698344966397e-05,0.9998675584793091,4.06277940783184e-05
2206,3,2,2,1.2266273188288324e-05,0.0004076588375028223,0.9995800852775574
2208,3,2,2,3.455864134593867e-05,0.00010177712101722136,0.9998636245727539
2209,1,2,2,6.987661890889285e-06,6.736320938216522e-05,0.9999256134033203
2210,0,1,1,4.779198206961155e-05,0.9999023675918579,4.987812280887738e-05
2211,2,1,1,2.0812765797018073e-05,0.9999784231185913,8.072232162703585e-07
2212,2,1,1,6.83973848936148e-05,0.999911904335022,1.9701959899975918e-05
2213,1,1,1,2.5884419301291928e-06,0.9999970197677612,3.6720246043842053e-07
2215,2,1,1,8.451172107015736e-06,0.9999536275863647,3.786245360970497e-05
2216,0,1,1,5.99061168031767e-05,0.9999109506607056,2.9184608138166368e-05
2217,2,1,1,5.281637186271837e-06,0.9999840259552002,1.0671205018297769e-05
2218,2,1,1,0.000605050940066576,0.9992766976356506,0.00011827835987787694
2221,1,2,2,0.376117080450058,0.038538455963134766,0.5853444337844849
2222,1,2,2,5.1040089601883665e-05,8.145121682900935e-05,0.9998675584793091
2223,0,2,2,6.093186675570905e-05,9.703961950435769e-06,0.9999294281005859
2224,2,2,2,1.014496956486255e-05,3.7834892282262444e-05,0.9999520778656006
2225,0,2,2,0.0008952869102358818,0.00014037845539860427,0.9989643096923828
2226,1,2,1,0.31775736808776855,0.4260435700416565,0.25619903206825256
2227,4,2,2,0.02606034465134144,0.0001361474860459566,0.9738034605979919
2228,0,2,2,0.00036792430910281837,7.875162555137649e-05,0.9995532631874084
2229,3,2,2,2.6162781068705954e-05,3.544164792401716e-05,0.9999384880065918
2230,2,2,2,0.24743437767028809,0.002475467510521412,0.7500901818275452
2231,2,1,1,4.911830728815403e-06,0.9999806880950928,1.4370410099218134e-05
2232,0,2,2,0.2206549048423767,0.06121823191642761,0.7181268930435181
2233,2,2,0,0.8948622941970825,0.021707452833652496,0.08343029767274857
2235,0,2,2,0.00026258607977069914,0.0020724653732031584,0.9976649284362793
2236,4,1,1,0.2957083284854889,0.6882727146148682,0.016018936410546303
2237,4,1,1,0.0002573418605607003,0.9988839030265808,0.0008588055497966707
2240,2,1,1,3.5365210351301357e-06,0.9999781847000122,1.8276703485753387e-05
2242,0,2,2,0.00013667403254657984,0.0030319306533783674,0.9968313574790955
2243,0,1,0,0.4667520523071289,0.43673381209373474,0.09651408344507217
2244,2,2,0,0.7741544246673584,0.03976406902074814,0.18608146905899048
2246,2,1,1,0.024875719100236893,0.9722921252250671,0.002832163590937853
2247,3,1,1,2.9596225431305356e-05,0.9999631643295288,7.274493782460922e-06
2248,1,1,1,0.00976845994591713,0.9887851476669312,0.0014463396510109305
2250,2,1,1,0.00018993471167050302,0.9996953010559082,0.0001147428120020777
2251,3,1,2,0.2932845950126648,0.25025758147239685,0.45645779371261597
2253,3,2,2,1.534037073724903e-05,0.0005249764071777463,0.9994596838951111
2256,0,1,1,7.026707407931099e-06,0.9999780654907227,1.4949678188713733e-05
2257,2,2,2,5.886757935513742e-05,0.00014525149890687317,0.9997958540916443
2260,3,1,1,0.0003815799136646092,0.9977464079856873,0.0018719345098361373
2261,2,1,1,5.288178272166988e-06,0.9999867677688599,7.922364602563903e-06
2262,2,2,2,0.04822707921266556,0.030239103361964226,0.9215338230133057
2263,3,2,2,2.3065225832397118e-05,0.0030120962765067816,0.9969648718833923
2264,2,1,1,3.255088586229249e-06,0.9999876022338867,9.106634934141766e-06
2265,1,1,1,2.5138344426522963e-05,0.9999721050262451,2.7546645924303448e-06
2266,3,2,2,3.1278359529096633e-06,0.00010207230661762878,0.9998948574066162
2267,2,1,1,0.007226607296615839,0.9917557239532471,0.001017728354781866
2268,0,1,1,2.6780837288242765e-05,0.9999403953552246,3.278323129052296e-05
2270,2,2,2,1.1753200851671863e-05,0.00012926344061270356,0.9998589754104614
2271,2,1,2,0.3727903664112091,0.25200051069259644,0.37520915269851685
2272,4,2,2,3.9995673432713374e-05,8.944831643020734e-05,0.9998705387115479
2274,2,2,2,4.4938282371731475e-05,0.000936071272008121,0.9990190267562866
2275,1,2,2,0.34533581137657166,0.21319003403186798,0.44147413969039917
2276,2,1,1,0.2900855839252472,0.5065235495567322,0.20339083671569824
2277,4,2,2,0.0002888324670493603,1.128914300352335e-05,0.9996998310089111
2278,0,2,2,0.00014703186752740294,0.0003093497361987829,0.9995436072349548
2279,2,1,1,2.125747960235458e-05,0.9999778270721436,9.381968197885726e-07
2280,4,2,2,0.0006111321854405105,0.010651079937815666,0.9887378215789795
2282,4,1,1,7.573992479592562e-05,0.9998329877853394,9.12406831048429e-05
2283,3,2,2,0.0013395101996138692,0.048409994691610336,0.950250506401062
2284,1,2,2,0.0003873298701364547,0.0005051238113082945,0.9991075396537781
2289,1,1,1,0.0001665150630287826,0.9998325109481812,9.840497341429e-07
2290,1,1,1,1.2834928384108935e-05,0.9999806880950928,6.425275842047995e-06
2291,2,1,1,1.3295450116856955e-05,0.9999406337738037,4.60652845504228e-05
2292,3,1,1,5.299114127410576e-05,0.9998805522918701,6.648277485510334e-05
2293,0,2,2,0.00010009523975895718,0.0002209646481787786,0.9996789693832397
2294,4,2,2,0.17306944727897644,0.06492315977811813,0.7620074152946472
2295,4,1,1,5.252353730611503e-05,0.9995107650756836,0.0004366859793663025
2296,2,1,1,3.83144652005285e-05,0.9999545812606812,7.0991322900226805e-06
2297,0,2,2,0.00019830941164400429,0.000353396637365222,0.9994483590126038
2298,1,2,0,0.7930750846862793,0.135704904794693,0.07121998816728592
2299,3,1,1,2.3583930669701658e-05,0.9999736547470093,2.709707359827007e-06
2300,0,2,2,2.5386993002030067e-05,0.0009197901817969978,0.9990548491477966
2301,0,1,2,0.005370528437197208,0.1248580813407898,0.8697713613510132
2302,1,2,2,0.00026950298342853785,0.000333034317009151,0.9993975162506104
2303,0,2,2,2.390115878370125e-05,0.00010785468475660309,0.9998681545257568
2304,2,1,1,3.3030612485163147e-06,0.99998939037323,7.277931672433624e-06
2305,0,1,1,0.0001663533184910193,0.9997658133506775,6.785790901631117e-05
2306,1,2,2,2.835413943103049e-05,0.001744014909490943,0.9982276558876038
2307,1,2,2,0.0001330005907220766,0.001309400424361229,0.9985576272010803
2308,3,1,1,0.0003922976029571146,0.9995217323303223,8.592248923378065e-05
2309,1,1,0,0.7073975801467896,0.2585333585739136,0.03406909853219986
2311,0,1,1,0.05469018220901489,0.9297352433204651,0.015574529767036438
2312,2,1,1,2.4138724256772548e-05,0.9999576807022095,1.8233746231999248e-05
2313,4,2,2,0.00012754979252349585,0.0008645621128380299,0.9990078806877136
2314,1,1,1,2.3643199256184744e-06,0.9999940395355225,3.566820851119701e-06
2315,4,1,1,4.673125295084901e-05,0.9998212456703186,0.00013204877905081958
2316,0,1,1,0.005371883511543274,0.9944105744361877,0.00021753420878667384
2317,4,1,1,6.687684799544513e-05,0.9998444318771362,8.86679335962981e-05
2318,4,1,1,1.908285412355326e-05,0.9999064207077026,7.450797420460731e-05
2320,2,1,1,1.2052853890054394e-05,0.9999780654907227,9.912932910083327e-06
2321,2,2,2,7.39988754503429e-05,6.74663097015582e-05,0.9998584985733032
2324,0,1,1,0.0013932734727859497,0.9976100921630859,0.0009966565994545817
2326,3,1,1,0.00012310636520851403,0.9989529848098755,0.0009238398051820695
2327,3,1,1,4.945499313180335e-05,0.9999001026153564,5.0385457143420354e-05
2328,0,2,2,2.933039104391355e-05,0.001923376228660345,0.9980472326278687
2329,0,1,1,0.00014320795889943838,0.9998376369476318,1.9072300347033888e-05
2330,1,1,1,0.23501768708229065,0.6211819052696228,0.14380040764808655
2331,4,1,1,1.540061020932626e-05,0.9999493360519409,3.5206925531383604e-05
2332,2,1,1,1.0614175153023098e-05,0.9999641180038452,2.5233814085368067e-05
2334,4,2,2,0.0001294652174692601,4.745502883451991e-05,0.9998231530189514
2336,3,1,1,0.0034485908690840006,0.9915715456008911,0.004979877732694149
2337,4,1,1,0.00010500122880330309,0.9997487664222717,0.0001462282525608316
2338,2,1,1,0.00023191323271021247,0.9997665286064148,1.5944393680911162e-06
2339,1,2,2,2.407769534329418e-05,5.39199318154715e-05,0.9999220371246338
2340,0,1,0,0.465730756521225,0.3412902057170868,0.19297903776168823
2342,0,2,2,0.00021825604198966175,7.901076605776325e-05,0.9997027516365051
2344,3,2,1,0.1330379843711853,0.7274903655052185,0.1394716203212738
2345,4,2,2,1.585608879395295e-05,0.003237484022974968,0.9967466592788696
2347,4,2,2,0.000640450743958354,0.000988219864666462,0.998371422290802
2350,1,2,2,1.3190015124564525e-05,2.809594207064947e-06,0.9999839067459106
2351,3,1,1,1.2802972378267441e-05,0.99997878074646,8.444029845122714e-06
2353,1,2,2,0.00032436472247354686,0.0009948152583092451,0.9986807703971863
2355,2,2,2,0.0004899444757029414,0.00037634980981238186,0.9991336464881897
2357,1,2,2,0.13899242877960205,0.008935930207371712,0.8520716428756714
2359,0,1,1,7.897207979112864e-05,0.9999148845672607,6.177943305374356e-06
2361,2,2,2,8.143013837980106e-05,6.755272625014186e-05,0.9998509883880615
2362,1,2,2,0.0001751255476847291,0.00452705891802907,0.9952978491783142
2364,4,2,2,0.000772138882894069,0.00010164776904275641,0.9991262555122375
2366,4,2,2,0.00045630428940057755,0.0014361122157424688,0.9981075525283813
2367,2,1,1,0.029427772387862206,0.9520596265792847,0.018512627109885216
2368,1,1,0,0.4833018183708191,0.12564072012901306,0.39105746150016785
2369,3,1,1,2.422343459329568e-05,0.9999580383300781,1.7740336261340417e-05
2372,0,1,1,0.01734941452741623,0.8296407461166382,0.1530098021030426
2373,0,1,0,0.4787900149822235,0.40728726983070374,0.11392264813184738
2374,2,1,1,0.030728500336408615,0.6366721987724304,0.3325992822647095
2377,1,2,2,5.534073807211826e-06,0.0011484291171655059,0.9988460540771484
2378,2,1,2,0.24743396043777466,0.19081397354602814,0.5617520809173584
2379,1,2,2,0.00016723902081139386,0.0016456576995551586,0.9981871247291565
2381,2,2,2,0.00014371976430993527,0.00020659183792304248,0.9996496438980103
2382,2,2,2,0.0005184896290302277,0.01982075162231922,0.9796608090400696
2383,3,2,2,0.00013011640112381428,0.000530123827047646,0.999339759349823
2384,0,1,1,3.1178537028608844e-05,0.999962329864502,6.4727605604275595e-06
2385,3,2,2,3.7736037938884692e-06,2.8563949854287785e-06,0.9999933242797852
2386,1,2,2,0.0036243763752281666,0.0017396119656041265,0.9946359992027283
2389,3,2,2,0.0011432854225859046,1.0077365914185066e-05,0.9988465309143066
2390,2,1,1,9.523931657895446e-05,0.9998239874839783,8.082601561909541e-05
2391,4,2,0,0.7906042337417603,0.027979206293821335,0.18141652643680573
2395,4,1,1,6.228973688848782e-06,0.9999891519546509,4.6622080844827e-06
2396,1,1,2,0.15369711816310883,0.20011651515960693,0.646186351776123
2397,2,2,2,0.024191271513700485,0.15001976490020752,0.8257889747619629
2398,4,2,2,0.0007693375227972865,0.0004922712687402964,0.9987383484840393
2399,2,1,1,0.026392661035060883,0.9688072204589844,0.004800157621502876
2405,4,2,2,8.877615618985146e-05,0.00031176695483736694,0.9995995163917542
2408,2,2,2,0.00037189279100857675,5.427937503554858e-05,0.9995737671852112
2409,1,1,1,6.383381332852878e-06,0.9999879598617554,5.632427928503603e-06
2410,1,1,0,0.47051766514778137,0.46695494651794434,0.0625273808836937
2411,4,1,1,2.742503784247674e-05,0.9999054670333862,6.710256275255233e-05
2412,2,1,0,0.7329815030097961,0.15914110839366913,0.10787740349769592
2413,3,1,1,2.1280588043737225e-05,0.9999637603759766,1.4983434994064737e-05
2415,3,1,1,2.4153383492375724e-05,0.9999611377716064,1.4687088878417853e-05
2416,1,1,1,0.024271586909890175,0.8333349823951721,0.14239348471164703
2417,4,2,2,0.005698692984879017,0.0010124273831024766,0.9932889342308044
2418,4,1,1,1.1478142369014677e-05,0.9998843669891357,0.0001041177602019161
2419,2,2,1,0.1511613428592682,0.7468166947364807,0.10202191770076752
2420,4,2,0,0.917385995388031,0.020454155281186104,0.06215989962220192
2421,3,2,2,0.1071394830942154,0.00020809308625757694,0.8926523923873901
2422,3,2,2,3.066321005462669e-05,6.206203124747844e-06,0.9999631643295288
2423,1,2,2,3.4034117106784834e-06,5.239608799456619e-05,0.9999440908432007
2424,3,2,2,1.6613284969935194e-05,0.0008391716983169317,0.9991441965103149
2425,0,2,2,4.6058717998676e-05,7.0644787228957284e-06,0.9999469518661499
2428,2,1,1,2.1622874555760063e-05,0.9999499320983887,2.8431541068130173e-05
2429,0,2,2,3.6919605918228626e-05,0.0005176844424568117,0.999445378780365
2430,0,1,2,0.347610205411911,0.18762145936489105,0.46476826071739197
2431,0,1,2,0.10574726015329361,0.4020673930644989,0.4921853840351105
2432,4,1,1,5.870249151485041e-05,0.99977046251297,0.00017080588440876454
2433,1,2,2,1.1698117305058986e-05,1.3846054571331479e-05,0.9999744892120361
2434,1,2,2,8.343900844920427e-05,0.00013300862337928265,0.9997835755348206
2435,1,2,2,0.0005134991952218115,0.003220201935619116,0.9962663054466248
2436,0,2,2,0.00025243053096346557,0.00013586603745352477,0.9996117949485779
2437,1,1,1,0.08275985717773438,0.9137310981750488,0.0035090430174022913
2438,3,2,1,3.898165232385509e-05,0.9999433755874634,1.760795021255035e-05
2439,0,2,2,0.0005475719808600843,0.0006877845153212547,0.9987646341323853
2440,3,1,2,0.4070897698402405,0.18099698424339294,0.41191330552101135
2441,4,1,1,6.455513357650489e-05,0.9998143315315247,0.00012117937149014324
2442,4,1,0,0.7451096773147583,0.06487473100423813,0.19001558423042297
2443,1,2,2,2.126280014635995e-05,0.00040099347825162113,0.9995778203010559
2444,4,2,2,1.3632648006023373e-05,0.001543466467410326,0.9984428286552429
2445,4,2,2,1.788596091500949e-05,0.00139141664840281,0.9985906481742859
2448,3,1,1,0.0012460022699087858,0.9977600574493408,0.0009939317824319005
2449,4,1,1,9.285919804824516e-05,0.999000608921051,0.0009064901387318969
2450,1,2,0,0.44948336482048035,0.21719525754451752,0.3333214223384857
2451,1,1,1,1.5188333236437757e-05,0.9999667406082153,1.8075799744110554e-05
2452,0,1,1,1.7342665159958415e-05,0.9999727010726929,1.0014990948548075e-05
2453,4,2,2,5.172088276594877e-05,0.0012111556716263294,0.9987371563911438
2454,0,2,2,0.00022430841636378318,0.001174578326754272,0.9986011385917664
2455,3,1,1,9.56243911787169e-06,0.9999885559082031,1.8879240997193847e-06
2456,3,1,1,6.587918323930353e-05,0.9999097585678101,2.4399256290053017e-05
2460,2,2,2,3.183777516824193e-05,0.00164393603336066,0.9983242154121399
2461,2,1,1,5.648487331200158e-06,0.9999779462814331,1.643980067456141e-05
2462,3,1,1,4.021751010441221e-05,0.9998418092727661,0.00011793942394433543
2463,2,2,0,0.9067202210426331,0.013117970898747444,0.08016186207532883
2464,1,1,1,9.858884004643187e-05,0.9998651742935181,3.624795863288455e-05
2465,1,1,1,0.030635733157396317,0.967228889465332,0.002135320333763957
2466,0,1,1,0.0002883397974073887,0.9996920824050903,1.9631370378192514e-05
2467,4,2,2,1.4038535482541192e-05,0.0016366267809644341,0.9983493089675903
2469,2,2,2,9.909928485285491e-05,0.004437183029949665,0.9954637885093689
2471,4,1,1,0.00013406439393293113,0.9993767142295837,0.0004892569850198925
2472,2,2,2,0.0008279000758193433,0.04779442772269249,0.9513776898384094
2473,3,2,2,5.715678707929328e-05,2.8633925467147492e-05,0.9999141693115234
2474,0,1,1,3.927455509256106e-06,0.9999756813049316,2.0367415345390327e-05
2476,1,2,2,4.064121822011657e-05,0.00027630256954580545,0.9996830224990845
2477,2,1,1,0.001047444180585444,0.9988527297973633,9.979261812986806e-05
2478,3,1,1,0.0014110530028119683,0.9980252981185913,0.0005636224523186684
2479,4,1,0,0.9618163108825684,0.007456107996404171,0.03072763793170452
2480,2,2,2,1.3171798855182715e-05,0.00020602979930117726,0.9997807145118713
2482,0,2,2,8.035127393668517e-05,5.006191349821165e-05,0.9998695850372314
2484,2,2,2,1.1312860806356184e-05,6.125224172137678e-05,0.9999274015426636
2485,0,2,2,0.0009467866620980203,0.00142464239615947,0.9976286292076111
2486,0,2,2,0.00013732882507611066,0.00041958261863328516,0.999442994594574
2488,0,2,2,0.0008240037714131176,0.0004149361338932067,0.9987610578536987
2489,4,2,2,5.222645268077031e-05,0.0004988004802726209,0.9994489550590515
2492,4,2,2,3.996323357569054e-05,3.507985093165189e-05,0.9999250173568726
2493,0,2,2,6.731707253493369e-05,0.0018625317607074976,0.9980701804161072
2494,3,2,2,8.26350660645403e-05,0.000259950989857316,0.9996575117111206
2495,1,2,2,2.771748222585302e-05,0.006065704859793186,0.993906557559967
2496,3,2,2,1.9420906028244644e-05,0.000530931050889194,0.9994496703147888
2497,2,1,1,1.4462426406680606e-05,0.9999366998672485,4.886868191533722e-05
2498,1,1,1,7.640953845111653e-05,0.999509334564209,0.0004142783582210541
2500,4,1,1,1.5406039892695844e-05,0.9998212456703186,0.00016339050489477813
2505,0,2,2,9.824354492593557e-06,0.0001978837390197441,0.9997923970222473
2507,3,1,1,1.4264310266298708e-05,0.999981164932251,4.553398866846692e-06
2508,1,2,2,0.00016847798542585224,0.0009829540504142642,0.998848557472229
2510,0,2,2,2.1463407392730005e-05,0.0002535007079131901,0.9997250437736511
2511,4,2,2,0.0001522766542620957,0.00021530245430767536,0.9996323585510254
2513,3,2,2,3.349510734551586e-05,2.0604586097761057e-05,0.999945878982544
2514,4,2,0,0.5186933279037476,0.1541461944580078,0.32716047763824463
2517,3,1,1,5.492924901773222e-05,0.9999130964279175,3.191655923728831e-05
2518,4,2,2,6.862360896775499e-05,9.149782999884337e-05,0.9998397827148438
2519,2,2,2,0.000704649486579001,0.000680528930388391,0.9986147880554199
2520,1,2,2,0.00021789812308270484,0.0013036200543865561,0.9984784722328186
2521,2,2,2,0.0006897496641613543,2.1372419723775238e-05,0.9992889165878296
2522,0,2,0,0.8111163377761841,0.015538441948592663,0.17334529757499695
2523,2,1,1,1.7136842870968394e-05,0.9999499320983887,3.289628875791095e-05
2526,2,2,2,1.911569961521309e-05,0.0005805538967251778,0.9994003772735596
2528,0,2,2,5.538878667721292e-06,0.0001993290934478864,0.9997952580451965
2529,0,2,2,0.014436916448175907,0.00045682702329941094,0.9851062297821045
2530,2,2,2,4.806621745956363e-06,6.122560444055125e-05,0.9999339580535889
2531,4,2,2,0.00023033373872749507,0.0012161795748397708,0.998553454875946
2532,3,2,2,1.5197639186226297e-05,8.067577437032014e-05,0.9999041557312012
2533,3,2,2,0.0018224449595436454,0.0014833536697551608,0.9966942071914673
2534,0,2,2,0.00011895665375050157,4.756036287290044e-05,0.9998334646224976
2535,4,2,2,0.0002733006258495152,4.0643863030709326e-05,0.9996861219406128
2537,4,2,2,0.000757664383854717,0.0005672306870110333,0.9986750483512878
2538,4,2,2,4.423085556481965e-05,3.519939855323173e-05,0.9999206066131592
2539,4,2,2,0.0005060697440057993,0.0004160768003202975,0.9990777969360352
2540,1,2,2,8.819479262456298e-05,0.00011717734014382586,0.9997946619987488
2542,1,2,2,9.953957487596199e-05,0.00038000178756192327,0.9995205402374268
2543,2,2,2,0.00015962363977450877,0.0002672234259080142,0.9995730519294739
2544,2,2,2,4.949560661771102e-06,0.00024318919167853892,0.9997517466545105
2545,4,2,2,4.065260145580396e-05,7.462105713784695e-05,0.9998847246170044
2546,4,2,2,4.862360583501868e-05,0.0006084443884901702,0.9993429780006409
2548,0,1,1,4.6519322495441884e-05,0.9998935461044312,5.996943582431413e-05
2550,2,1,1,0.00010617600491968915,0.999764621257782,0.00012916930427309126
2551,0,1,1,0.00034581415820866823,0.9995830655097961,7.114977779565379e-05
2552,4,1,1,1.458524366171332e-05,0.9999215602874756,6.37918128632009e-05
2553,1,2,2,1.0917113968389458e-06,0.000279075960861519,0.9997197985649109
2554,3,1,1,0.0003336726513225585,0.9992774128913879,0.000388950138585642
2555,3,2,0,0.5370506048202515,0.07348419725894928,0.38946521282196045
2556,3,2,2,3.8329522794811055e-05,0.0007400807808153331,0.9992215633392334
2557,0,1,1,2.642689651111141e-05,0.9999645948410034,8.955501471064053e-06
2559,0,1,1,5.8369980251882225e-05,0.9998787641525269,6.283427501330152e-05
2561,0,1,1,0.00012515642447397113,0.9997172951698303,0.00015754120249766856
2562,0,2,2,0.00020279086311347783,0.00013515070895664394,0.9996620416641235
2563,3,2,2,3.94664348277729e-05,1.0740019206423312e-05,0.9999498128890991
2564,2,2,1,0.000148612933116965,0.7930908203125,0.20676055550575256
2566,4,2,0,0.6375528573989868,0.03488974645733833,0.32755744457244873
2567,3,2,2,1.591421641933266e-05,1.2486018931667786e-05,0.9999715089797974
2568,3,1,1,4.237217581248842e-05,0.9999253749847412,3.221114457119256e-05
2569,1,1,1,0.19056358933448792,0.583919107913971,0.22551725804805756
2570,4,1,1,8.560167771065608e-06,0.9999871253967285,4.337734480941435e-06
2573,4,1,1,2.5285607989644632e-05,0.9999327659606934,4.1909675928764045e-05
2575,2,2,2,0.013847632333636284,0.0007592874462716281,0.9853931069374084
2576,2,2,2,5.052711276221089e-05,0.00019069622794631869,0.999758780002594
2578,1,1,1,8.587749471189454e-05,0.9999133348464966,8.369962642973405e-07
2579,1,1,1,4.966185224475339e-05,0.9999343156814575,1.5979594536474906e-05
2580,3,1,1,2.0653527826652862e-05,0.9999589920043945,2.0324619981693104e-05
2581,4,1,1,5.836238415213302e-06,0.9999417066574097,5.242845872999169e-05
2582,4,2,0,0.5601160526275635,0.010475335642695427,0.42940860986709595
2583,4,2,2,6.670215225312859e-05,0.0002525676682125777,0.999680757522583
2584,3,1,1,0.0002001361717702821,0.9997075200080872,9.23585903365165e-05
2585,1,2,2,0.00039431964978575706,0.0034727081656455994,0.9961329698562622
2586,3,1,1,0.0004210269544273615,0.9990297555923462,0.0005492546479217708
2587,2,1,1,4.420685945660807e-05,0.9998605251312256,9.520084859104827e-05
2588,2,2,2,2.198901893279981e-05,4.815189095097594e-05,0.9999299049377441
2592,0,2,2,0.3263848125934601,0.025926636531949043,0.6476885080337524
2594,2,1,0,0.5277848839759827,0.02486889623105526,0.44734618067741394
2595,1,1,2,0.15075288712978363,0.41845622658729553,0.43079087138175964
2596,2,1,2,0.17392340302467346,0.05928764119744301,0.766788899898529
2597,2,1,2,0.061253178864717484,0.031022872775793076,0.9077239036560059
2598,3,1,1,0.041330255568027496,0.6094673275947571,0.349202424287796
2599,3,1,1,0.00023824168602004647,0.9996778964996338,8.387438720092177e-05
2600,0,1,1,0.0001603174750925973,0.9998237490653992,1.592431181052234e-05
2601,2,1,1,0.00026170737692154944,0.998123824596405,0.001614434295333922
2602,0,2,2,5.0826783990487456e-05,0.002146204002201557,0.9978030323982239
2604,1,1,1,0.0007562685059383512,0.9992413520812988,2.4315288555953884e-06
2605,4,1,1,6.89829103066586e-05,0.998680055141449,0.001250888453796506
2607,3,1,1,0.0006424030289053917,0.9986042380332947,0.000753357307985425
2608,1,2,2,0.00014770134293939918,0.0006350059993565083,0.9992172718048096
2609,1,2,2,1.534224247734528e-05,0.0008489522151648998,0.9991356730461121
2610,1,1,1,0.07337881624698639,0.8617051243782043,0.06491608917713165
2612,4,1,1,0.0001056064065778628,0.9974633455276489,0.002431062050163746
2613,2,2,2,1.5088227883097716e-05,0.00013916846364736557,0.9998456239700317
2614,4,2,2,0.00046625317190773785,0.00015019298007246107,0.9993834495544434
2615,3,2,2,7.791028110659681e-06,0.00010257901885779575,0.999889612197876
2616,2,1,1,2.44826078414917e-05,0.9998992681503296,7.62291019782424e-05
2617,2,2,2,9.551612492941786e-06,0.00017057765217032284,0.9998199343681335
2619,0,1,1,4.0174425521399826e-05,0.9999076128005981,5.2234376198612154e-05
2620,0,2,2,4.041516876895912e-05,0.0003305620339233428,0.999629020690918
2621,2,1,2,0.0024328173603862524,0.24829450249671936,0.7492726445198059
2622,4,2,2,0.00023333486751653254,0.0018366577569395304,0.9979300498962402
2623,4,2,2,9.43461236602161e-06,0.0007499291677959263,0.9992406368255615
2624,3,1,1,2.544615199440159e-05,0.9999591112136841,1.5386345694423653e-05
2625,0,1,1,0.00030713799060322344,0.9996658563613892,2.7061092623625882e-05
2626,1,1,1,6.2297863223648164e-06,0.9999898672103882,3.9030246625770815e-06
2627,2,1,1,6.972773553570732e-05,0.9998950958251953,3.5148317692801356e-05
2628,0,2,2,0.00041978186345659196,0.00020316735026426613,0.9993770718574524
2629,0,1,1,3.688918150146492e-05,0.9999521970748901,1.0926022696367e-05
2631,2,2,2,0.03044990822672844,0.006937991362065077,0.9626120924949646
2633,2,2,2,7.990289304871112e-05,0.0004028418625239283,0.9995172023773193
2635,3,2,2,1.1815981451945845e-05,8.889182936400175e-05,0.9998992681503296
2636,0,2,2,0.00023344183864537627,0.00015001240535639226,0.9996165037155151
2637,4,2,2,9.480964217800647e-05,0.0018393138889223337,0.9980658888816833
2638,0,2,2,0.00010155391646549106,0.0005831648595631123,0.9993153810501099
2639,4,1,1,1.9436680304352194e-05,0.9999351501464844,4.5384953409666196e-05
2640,1,1,0,0.8308833241462708,0.14312677085399628,0.02598986029624939
2641,1,2,2,0.000276776758255437,0.006326981820166111,0.9933962821960449
2642,0,2,2,7.626246224390343e-05,2.793944304357865e-06,0.9999209642410278
2645,1,1,1,0.00022902093769516796,0.9997363686561584,3.455483602010645e-05
2647,1,1,1,4.7031790018081665e-06,0.9999905824661255,4.670946509577334e-06
2648,4,2,2,9.785858128452674e-05,0.0007239084807224572,0.9991781115531921
2650,0,1,1,0.00010106149420607835,0.9998798370361328,1.903657721413765e-05
2651,0,1,1,0.0021251344587653875,0.997671902179718,0.0002029106835834682
2653,3,1,1,4.030551281175576e-05,0.99993896484375,2.0683508410002105e-05
2654,2,2,2,3.0121525924187154e-05,0.0004921951913274825,0.9994776844978333
2655,4,2,2,0.006911176722496748,0.00018866419850382954,0.9929001331329346
2656,3,2,2,6.729242159053683e-05,4.1833209252217785e-05,0.9998908042907715
2657,4,2,2,7.474193989764899e-05,3.920792369171977e-05,0.9998860359191895
2660,4,1,1,4.7931138396961614e-05,0.9996780157089233,0.0002740725758485496
2661,0,1,1,0.0006991957197897136,0.999210000038147,9.077283175429329e-05
2662,4,1,1,3.7824333958269563e-06,0.9999501705169678,4.5994343963684514e-05
2664,2,2,2,0.00046512854169122875,5.711278276976373e-07,0.9995342493057251
2665,3,2,2,0.00013858014426659793,0.0001359528978355229,0.9997254014015198
2666,0,1,1,4.7824949433561414e-05,0.9998689889907837,8.312953286804259e-05
2667,1,2,2,2.1719954020227306e-05,0.0002607787901069969,0.9997175335884094
2668,4,2,2,0.13939446210861206,0.0007221658015623689,0.8598834276199341
2669,2,2,2,1.380102003167849e-05,5.55886363144964e-05,0.9999306201934814
2670,1,2,2,4.01698980567744e-06,0.0007943501113913953,0.9992015957832336
2671,1,2,2,5.623815013677813e-05,6.536452474392718e-06,0.9999371767044067
2672,1,1,1,0.032253507524728775,0.7110180258750916,0.2567283809185028
2673,0,2,2,4.04181846533902e-05,2.3193173547042534e-05,0.9999363422393799
2674,3,2,2,0.1457010805606842,0.2963019013404846,0.5579970479011536
2675,0,2,2,0.0018270924920216203,0.0003453867684584111,0.9978274703025818
2676,2,1,1,2.2098662157077342e-05,0.9999638795852661,1.4020586604601704e-05
2677,3,1,1,1.8855185771826655e-05,0.9999719858169556,9.113911801250651e-06
2678,3,1,1,2.3431966837961227e-05,0.9999113082885742,6.525642675114796e-05
2679,1,2,2,2.3038071958580986e-05,1.0928163646894973e-05,0.999966025352478
2681,1,2,2,5.720906483475119e-05,0.0002434992347843945,0.9996993541717529
2682,2,1,1,0.18392561376094818,0.7150932550430298,0.10098114609718323
2683,3,1,1,1.518568296887679e-05,0.9999772310256958,7.529712547693634e-06
2684,2,2,2,8.67581275088014e-06,5.946378587395884e-05,0.999931812286377
2685,0,2,2,0.3526008725166321,0.061204489320516586,0.586194634437561
2686,4,2,2,7.962917879922315e-05,5.726287781726569e-05,0.9998631477355957
2688,1,2,2,6.4331884459534194e-06,1.8176740923081525e-05,0.9999754428863525
2689,4,2,2,0.00020948611199855804,0.0011078808456659317,0.9986825585365295
2690,3,2,2,5.225954009802081e-05,0.00010694468801375479,0.9998408555984497
2692,0,1,1,0.009086618199944496,0.976250171661377,0.014663197100162506
2693,2,2,2,0.0007464795489795506,0.123500294983387,0.8757532238960266
2694,0,2,2,4.077715493622236e-05,0.0007267522742040455,0.9992325305938721
2695,3,2,2,0.0002766412799246609,0.00010265084711136296,0.9996206760406494
2698,3,2,2,0.11856051534414291,0.0009709253208711743,0.8804685473442078
2699,2,2,2,9.752975893206894e-05,0.002308183815330267,0.9975942969322205
2700,3,1,1,1.588900340721011e-05,0.9999785423278809,5.585058715951163e-06
2702,0,2,2,0.00029910082230344415,0.000280556152574718,0.9994204044342041
2703,1,1,1,0.006849727127701044,0.9928320646286011,0.00031822294113226235
2704,0,2,0,0.7532548904418945,0.020722955465316772,0.22602210938930511
2705,2,2,2,6.529343227157369e-05,0.0002297721803188324,0.999704897403717
2706,0,2,2,0.00011639596777968109,0.00013526824477594346,0.9997482895851135
2707,0,1,1,1.5537709259660915e-05,0.999981164932251,3.293512691016076e-06
2708,2,2,2,0.3253483772277832,0.003984243143349886,0.6706674098968506
2709,3,2,2,9.765529102878645e-05,0.00023102697741705924,0.9996713399887085
2710,0,1,1,2.7733107344829477e-05,0.999969482421875,2.7715377655113116e-06
2711,0,2,2,0.0001731080556055531,0.0009030799847096205,0.9989237189292908
2712,4,1,0,0.5320964455604553,0.006741645745933056,0.46116194128990173
2714,2,2,2,0.0010603077244013548,0.0025140387006103992,0.9964256882667542
2715,4,1,1,1.733049430185929e-05,0.9999430179595947,3.9677994209341705e-05
2716,3,1,1,1.1523166904225945e-05,0.9999693632125854,1.9130795408273116e-05
2717,2,1,1,8.803385753708426e-06,0.9999704360961914,2.0792977011296898e-05
2718,0,2,2,0.0001183681160910055,0.00042161281453445554,0.9994600415229797
2720,1,1,1,1.8501634258427657e-05,0.999970555305481,1.0924451089522336e-05
2721,3,2,2,0.15522214770317078,0.11248821020126343,0.7322896718978882
2723,4,2,2,5.3771393140777946e-05,0.0006530315731652081,0.9992932081222534
2724,2,1,1,3.006303813890554e-06,0.9999758005142212,2.118494376190938e-05
2725,2,2,2,1.6051504644565284e-05,0.00028991533326916397,0.9996939897537231
2726,0,2,2,0.0248892642557621,0.008897068910300732,0.9662136435508728
2727,0,2,2,0.0026560607366263866,0.013423469848930836,0.9839205145835876
2728,3,2,2,2.65132803178858e-05,0.0008925233851186931,0.9990808963775635
2730,3,1,1,0.00012775463983416557,0.9998451471328735,2.7072994271293283e-05
2731,2,2,2,8.910531505534891e-06,0.0002921908744610846,0.9996988773345947
2733,4,1,1,3.7951125705149025e-05,0.999790370464325,0.00017166043107863516
2734,1,1,1,0.013802535831928253,0.8427743315696716,0.1434231996536255
2736,1,2,2,2.083243634842802e-05,8.742135833017528e-06,0.9999704360961914
2737,2,1,0,0.7342087030410767,0.1308024376630783,0.13498881459236145
2739,4,1,1,3.4164418138971087e-06,0.9999897480010986,6.7846026468032505e-06
2740,4,2,2,1.2646645700442605e-05,0.003831294132396579,0.9961561560630798
2741,1,1,1,6.880787168483948e-06,0.9999927282333374,3.606973280056991e-07
2742,1,2,2,1.3817390026815701e-05,0.0017963509308174253,0.9981898665428162
2743,4,2,2,4.207697566016577e-05,0.00011821449152193964,0.9998396635055542
2745,4,2,2,0.0004958831705152988,4.388694651424885e-05,0.9994602799415588
2746,0,2,2,0.00018715453916229308,5.480364052345976e-05,0.9997580647468567
2747,0,2,2,2.59895678027533e-05,0.0003952250990550965,0.9995787739753723
2748,2,2,2,1.664154297031928e-05,3.6429955798666924e-05,0.9999468326568604
2751,2,1,1,4.04094644181896e-05,0.9999284744262695,3.115492290817201e-05
2752,2,1,2,2.5195149646606296e-05,0.0002098447730531916,0.9997649788856506
2753,3,1,1,2.9435659598675556e-05,0.999954342842102,1.6254396541626193e-05
2754,2,1,1,3.7571132907032734e-06,0.999994158744812,2.085118694594712e-06
2755,2,2,2,0.0006384801818057895,2.633267649798654e-05,0.9993351101875305
2756,2,2,2,2.4229408154496923e-05,2.776045585051179e-05,0.9999480247497559
2757,3,1,1,5.548200715566054e-05,0.9999380111694336,6.509782906505279e-06
2758,2,1,1,1.1453829756646883e-05,0.9999879598617554,5.426060170066194e-07
2759,4,2,2,2.6308538508601487e-05,0.00011005235137417912,0.9998636245727539
2760,4,1,1,9.289022273151204e-06,0.9998687505722046,0.00012199430057080463
2763,2,2,2,9.540309838484973e-05,0.0002372146409470588,0.9996672868728638
2764,2,2,2,5.468538438435644e-05,0.014959330670535564,0.9849859476089478
2767,1,2,2,3.3073404210881563e-06,0.00030610253452323377,0.9996905326843262
2768,0,2,2,0.04950306564569473,0.00043980244663544,0.9500572085380554
2769,2,2,2,6.668996775260894e-06,7.23951161489822e-05,0.9999209642410278
2770,2,2,2,1.842343590396922e-05,7.599772652611136e-05,0.9999054670333862
2771,2,1,1,1.060297745425487e-05,0.9997621178627014,0.00022728789190296084
2772,4,2,2,2.912416857725475e-05,0.00018934071704279631,0.9997815489768982
2773,3,2,2,8.571350190322846e-05,9.915615009958856e-06,0.9999043941497803
2774,4,2,2,3.098695742664859e-05,0.000200264883460477,0.9997687935829163
2776,1,2,2,0.00010564673721091822,6.21422368567437e-05,0.999832272529602
2778,1,2,2,0.00024776026839390397,0.0003059206355828792,0.9994462132453918
2779,1,2,2,0.00013816170394420624,0.000257385108852759,0.9996045231819153
2780,0,2,2,0.0003280158853158355,0.00038596769445575774,0.9992859959602356
2781,0,2,2,3.492851465125568e-05,2.8026637664879672e-05,0.9999370574951172
2784,4,2,2,3.453084354987368e-05,0.005153077654540539,0.9948123693466187
2785,3,2,2,0.00015761336544528604,1.719005922495853e-05,0.9998252987861633
2787,4,2,2,0.00017758525791577995,0.000637492339592427,0.9991849064826965
2788,0,2,2,4.4268123019719496e-05,1.4970020856708288e-05,0.9999407529830933
2789,3,2,2,1.938272725965362e-05,0.0001718149142106995,0.9998087286949158
2790,0,2,2,3.9492486394010484e-05,0.0012791510671377182,0.998681366443634
2791,2,1,1,6.270969151955796e-06,0.9999659061431885,2.7807480364572257e-05
2792,0,2,2,7.792713586241007e-05,8.306958079629112e-06,0.9999136924743652
2793,2,2,2,7.895829185144976e-05,0.0006565212388522923,0.9992645382881165
2795,4,2,2,2.6762576453620568e-05,7.3102810347336344e-06,0.9999659061431885
2796,3,2,2,0.00027762024546973407,0.002186271594837308,0.9975360631942749
2799,3,1,1,1.7203203242388554e-05,0.9999105930328369,7.224620640045032e-05
2800,3,2,2,3.678369102999568e-05,8.718502795090899e-05,0.9998760223388672
2802,3,1,1,0.0038721757009625435,0.9956931471824646,0.00043469807133078575
2803,0,2,2,2.7659290935844183e-05,0.0004974227049387991,0.9994749426841736
2804,0,2,2,0.0014512978959828615,0.0001893420412670821,0.9983593821525574
2805,2,2,2,7.483977969968691e-05,0.0011087707243859768,0.9988163709640503
2807,3,1,2,0.31834882497787476,0.04090706259012222,0.640744149684906
2808,4,2,2,0.00011881332466145977,0.00012802337005268782,0.9997531771659851
2809,4,2,2,6.33066229056567e-05,7.319064752664417e-05,0.9998635053634644
2810,0,2,2,0.0003438945859670639,2.0801613572984934e-05,0.9996352195739746
2811,4,2,2,0.0010599709348753095,0.004654465708881617,0.994285523891449
2812,1,2,2,1.874413101177197e-05,0.0003490009403321892,0.9996322393417358
2813,4,1,1,4.5119038986740634e-05,0.9997866749763489,0.00016819420852698386
2814,1,2,2,1.1186003575858194e-05,3.0166384021868e-06,0.9999858140945435
2815,1,2,2,0.0011111084604635835,0.004203271120786667,0.9946856498718262
2816,2,2,2,0.00017386821855325252,1.4690368516312446e-05,0.9998114705085754
2817,0,2,2,0.0001693494850769639,0.00011475918290670961,0.9997158646583557
2818,3,2,2,0.00012146685185143724,0.0016355225816369057,0.998242974281311
2819,2,2,2,2.6450352379470132e-05,5.061455158283934e-05,0.9999228715896606
2821,2,2,2,0.00037060416070744395,1.9220804006181424e-06,0.9996274709701538
2822,4,2,2,5.286705709295347e-05,6.479996227426454e-05,0.9998822212219238
2823,4,1,1,7.434152394125704e-06,0.9999688863754272,2.3732502086204477e-05
2826,1,2,2,1.1390492545615416e-05,3.156512320856564e-05,0.9999569654464722
2827,3,2,2,1.8160555555368774e-05,0.0011073340428993106,0.9988744854927063
2828,1,2,2,2.716958988457918e-05,0.0008210079395212233,0.9991518259048462
2829,0,2,2,0.001240980695001781,0.0006957415025681257,0.9980632662773132
2830,4,1,1,4.081343831785489e-06,0.9999505281448364,4.542410169960931e-05
2831,1,2,2,2.0284674974391237e-05,2.1565409042523243e-05,0.9999581575393677
2832,3,2,2,7.036081660771742e-05,0.013871077448129654,0.9860585331916809
2833,0,1,1,7.194106001406908e-05,0.9999159574508667,1.2111386240576394e-05
2834,3,2,2,1.3321079677552916e-05,9.533224510960281e-05,0.9998912811279297
2835,1,2,2,0.0018907361663877964,2.3299671738641337e-05,0.9980859756469727
2836,2,1,1,3.676437700050883e-05,0.9999381303787231,2.511805905669462e-05
2837,3,1,1,3.511406612233259e-05,0.999951958656311,1.2944120499014389e-05
2838,3,1,1,4.956430348102003e-05,0.9995989203453064,0.0003515730204526335
2839,0,2,2,0.0003862395533360541,0.00044984498526901007,0.9991638660430908
2840,4,1,1,1.6945694369496778e-05,0.9999301433563232,5.2936091378796846e-05
2841,3,2,2,0.0002382825332460925,6.967292392801028e-06,0.9997548460960388
2842,2,2,2,0.0007494372548535466,2.701957055251114e-05,0.9992234706878662
2843,4,2,2,1.1704366443154868e-05,0.00036188584635965526,0.9996263980865479
2844,1,1,2,0.3027196526527405,0.2272709608078003,0.47000938653945923
2845,4,2,2,6.980248144827783e-05,0.0002625857887323946,0.9996676445007324
2847,1,1,1,3.076308348681778e-05,0.9999687671661377,4.1659578187136503e-07
2850,2,2,2,4.650407572626136e-05,0.00012168606190243736,0.9998317956924438
2851,3,2,2,0.022897982969880104,0.014049061574041843,0.9630530476570129
2852,1,2,2,0.00011168142373207957,4.601038654072909e-06,0.9998836517333984
2854,0,2,2,0.00032948271837085485,0.00028292424394749105,0.9993875026702881
2855,4,2,2,0.0006873932434245944,0.37534311413764954,0.623969554901123
2856,2,2,2,0.0010964154498651624,1.916325527417939e-05,0.998884379863739
2857,1,1,1,0.00012245857215020806,0.9998419284820557,3.5532510082703084e-05
2858,4,2,2,6.235310866031796e-05,0.00019672747293952852,0.9997408986091614
2859,2,2,2,2.393042996118311e-05,0.00022188742877915502,0.9997541308403015
2861,0,2,2,0.0002103810547851026,0.00487617589533329,0.9949134588241577
2862,1,1,1,0.00011090032057836652,0.8519663214683533,0.14792273938655853
2864,1,2,2,1.16787850856781e-05,0.00011224390618735924,0.9998760223388672
2865,0,2,2,0.0006194010493345559,7.438389729941264e-05,0.9993062019348145
2866,1,1,1,0.0004163080593571067,0.9995830655097961,6.649886472587241e-07
2867,0,1,1,0.00014008619473315775,0.9998248219490051,3.5075929190497845e-05
2869,1,2,2,1.2804493053408805e-05,6.07917945671943e-06,0.999981164932251
2870,0,2,2,3.274640766903758e-05,8.150860594469123e-06,0.9999591112136841
2871,2,1,1,0.13704484701156616,0.8171728849411011,0.04578232765197754
2872,4,2,1,2.6689238438848406e-05,0.9823991656303406,0.017574116587638855
2873,0,2,2,0.00023823895025998354,0.00022119317145552486,0.9995406866073608
2874,2,1,1,4.056242687511258e-06,0.9999943971633911,1.5108379329831223e-06
2875,1,1,1,5.926668018219061e-05,0.9999141693115234,2.6497764338273555e-05
2876,3,2,2,0.0001730114163365215,9.176167077384889e-05,0.9997351765632629
2877,0,1,1,0.0004480890347622335,0.9994885921478271,6.333040073513985e-05
2879,0,1,1,1.157487349701114e-05,0.9999834299087524,5.017460807721363e-06
2880,1,2,2,0.0006425700266845524,5.856830466655083e-05,0.9992988109588623
2881,0,2,2,9.193833102472126e-05,7.300052402570145e-06,0.9999008178710938
2882,4,2,2,9.863726154435426e-05,0.00013631349429488182,0.9997649788856506
2883,3,2,2,4.310278200136963e-06,0.00017557432875037193,0.9998201727867126
2884,4,2,2,0.000245491013629362,2.8211132303113118e-05,0.9997262358665466
2885,0,2,2,9.193833102472126e-05,7.300052402570145e-06,0.9999008178710938
2886,4,1,2,0.002172797219827771,0.01709483191370964,0.9807323813438416
2887,3,1,1,1.739171420922503e-05,0.9999750852584839,7.5675343396142125e-06
2888,3,2,2,5.783858796348795e-05,1.471558880439261e-05,0.9999275207519531
2891,0,2,2,1.07752548501594e-05,0.00014477423974312842,0.9998444318771362
2892,4,2,2,0.003463691333308816,0.0003507407382130623,0.9961856007575989
2893,3,1,1,9.110734390560538e-05,0.9997095465660095,0.00019926601089537144
2894,4,2,2,0.00025825665215961635,8.609783253632486e-05,0.9996557235717773
2895,4,1,1,6.406192551366985e-05,0.9998409748077393,9.489189687883481e-05
2897,0,1,2,1.706102011667099e-05,0.012938132509589195,0.9870448708534241
2899,3,1,1,0.001022811746224761,0.9333871603012085,0.065590038895607
2901,0,1,1,0.0017296537989750504,0.9981974959373474,7.284375169547275e-05
2902,4,1,1,0.12214206904172897,0.6444942355155945,0.23336365818977356
2904,1,2,2,0.00023816179600544274,5.2218161727068946e-05,0.9997096657752991
2905,4,2,2,0.00021629632101394236,1.8564793208497576e-05,0.9997650980949402
2906,1,2,2,3.87956497434061e-05,1.5421308489749208e-05,0.999945878982544
2907,4,2,2,0.00015108019579201937,0.003196264151483774,0.9966526627540588
2908,0,1,1,3.5072702303295955e-05,0.9999557733535767,9.153615792456549e-06
2909,1,1,1,0.007632245309650898,0.9921566247940063,0.0002111688954755664
2910,0,2,2,4.9289941671304405e-05,1.7478176232543774e-05,0.999933123588562
2911,3,1,1,0.00028539655613712966,0.9519785046577454,0.04773607477545738
2912,0,2,2,0.000132960791233927,0.0016366791678592563,0.9982303977012634
2914,2,2,2,1.1538434591784608e-05,0.00011018576333299279,0.9998782873153687
2915,4,1,1,2.3693801267654635e-05,0.9990924596786499,0.0008838447974994779
2917,3,2,2,4.411043846630491e-05,1.3018394383834675e-05,0.9999428987503052
2918,3,2,2,2.0705763290607138e-06,4.2623229091987014e-05,0.9999552965164185
2919,2,2,2,0.0003883689932990819,2.4689622932783095e-06,0.9996091723442078
2921,2,1,1,0.0005749660194851458,0.9993460774421692,7.89264086051844e-05
2922,4,2,2,1.3895824849896599e-05,0.0005431374302133918,0.9994428753852844
2924,0,2,2,1.4394074241863564e-05,7.236770034069195e-05,0.999913215637207
2925,1,2,2,3.238385761505924e-05,0.002191084437072277,0.9977765679359436
2926,0,2,2,4.6323571041284595e-06,0.00018872188229579479,0.9998067021369934
2927,4,2,2,0.00015426409663632512,0.00033527088817209005,0.9995104074478149
2928,1,1,1,6.54051007131784e-07,0.9999927282333374,6.589285021618707e-06
2929,1,2,2,7.985552656464279e-06,3.456663034739904e-05,0.9999574422836304
2930,1,2,2,0.00020187007612548769,4.4020712266501505e-06,0.9997937083244324
2931,4,1,1,5.2268809668021277e-05,0.9994871616363525,0.00046052937977947295
2932,3,1,1,0.00021712272427976131,0.9997523427009583,3.0581053579226136e-05
2934,0,2,2,3.2966421713354066e-05,2.664140993147157e-06,0.9999643564224243
2935,2,1,1,7.517936865042429e-06,0.9991181492805481,0.0008743298822082579
2936,3,1,1,0.0001266418694285676,0.9998630285263062,1.035024797602091e-05
2937,1,1,1,7.498235208913684e-05,0.9999188184738159,6.146491159597645e-06
2938,0,2,2,0.0001514277682872489,3.402117727091536e-06,0.9998451471328735
2939,4,2,2,0.0002851198660209775,0.002666287822648883,0.997048556804657
2940,1,1,1,2.9459824872901663e-05,0.9999642372131348,6.309880063781748e-06
2941,3,1,1,3.335473229526542e-05,0.9999490976333618,1.753530523274094e-05
2943,3,2,2,6.199395284056664e-05,8.197355782613158e-05,0.9998559951782227
2945,4,2,2,0.0001713701494736597,0.00039161177119240165,0.9994370341300964
2946,0,2,2,0.00023355000303126872,0.0002684300998225808,0.9994980096817017
2947,0,2,2,5.1448173508106265e-06,0.00017035540076904,0.999824583530426
2949,2,1,1,1.4346821444632951e-05,0.9999266862869263,5.892150511499494e-05
2950,2,2,2,0.0010728146880865097,2.7170078737981385e-06,0.9989244341850281
2951,3,2,2,4.394734787638299e-05,5.507017704076134e-06,0.9999505281448364
2952,4,1,1,0.00010444078361615539,0.9997432827949524,0.0001523054379504174
2953,0,2,2,0.00010809124069055542,1.188097485282924e-05,0.9998799562454224
2954,0,1,1,7.106157863745466e-05,0.999163031578064,0.0007658827817067504
2955,1,2,2,3.348426616867073e-05,0.023359743878245354,0.9766066670417786
2957,4,1,1,2.7129879526910372e-05,0.9998098015785217,0.0001630934712011367
2958,1,2,2,4.0323120629182085e-05,0.0003201028157491237,0.999639630317688
2959,2,1,1,0.00014262329204939306,0.9997530579566956,0.00010432761337142438
2960,3,1,1,2.729195330175571e-05,0.9999572038650513,1.5454461390618235e-05
2961,1,2,2,7.716144318692386e-05,0.0015099906595423818,0.9984128475189209
2964,1,2,2,0.00021746828861068934,0.0009025410399772227,0.9988799691200256
2965,2,2,2,0.0002747698163148016,1.1506618875500862e-06,0.9997239708900452
2966,0,2,2,0.000375352828996256,0.00026980493566952646,0.9993547797203064
2967,2,2,2,0.006870587822049856,0.00041844279621727765,0.9927109479904175
2968,1,2,2,0.0005333446315489709,0.0009547708905301988,0.9985118508338928
2970,2,2,2,6.127741926320596e-06,0.0012564584612846375,0.9987375140190125
2971,2,1,1,7.919547351775691e-05,0.9998490810394287,7.166522846091539e-05
2972,4,2,2,7.805649511283264e-05,0.00253189355134964,0.99739009141922
2974,3,1,1,5.8980331232305616e-05,0.9993188381195068,0.0006222173105925322
2975,0,1,1,0.1092677116394043,0.5013364553451538,0.3893958628177643
2976,2,1,1,0.00018147859373129904,0.9997972846031189,2.1308276700438e-05
2977,0,1,2,0.00010798969015013427,0.22173082828521729,0.7781611680984497
2978,4,2,2,0.00012807185703422874,1.1078045645263046e-05,0.9998608827590942
2979,1,1,1,0.13585442304611206,0.7451657652854919,0.11897978186607361
2980,4,2,2,8.567230543121696e-05,8.906437869882211e-05,0.9998252987861633
2982,1,1,2,4.853637074120343e-05,0.00018248596461489797,0.9997690320014954
2983,3,1,1,0.00043686715071089566,0.9992425441741943,0.0003205526154488325
2984,2,2,2,2.146688348148018e-05,0.00020979296823497862,0.9997687935829163
2985,1,1,1,0.29858410358428955,0.678913950920105,0.022501889616250992
2986,3,2,2,4.960677688359283e-05,3.2898013159865513e-05,0.9999175071716309
2987,0,2,1,0.0020000869408249855,0.9461122751235962,0.051887672394514084
2988,3,2,2,0.00021871007629670203,0.00010507123079150915,0.9996762275695801
2989,4,1,1,4.513717613008339e-06,0.9999773502349854,1.8161474145017564e-05
2991,2,2,2,0.0005343482480384409,0.011102685704827309,0.9883629679679871
2992,2,1,1,2.0466550267883576e-06,0.9999955892562866,2.34790718423028e-06
2993,3,2,2,0.002839903812855482,0.0008991651702672243,0.996260941028595
2994,3,1,1,1.9395671188249253e-05,0.9999679327011108,1.2668468116316944e-05
2995,3,2,2,8.151007023116108e-06,2.6267345674568787e-05,0.9999656677246094
2997,4,1,1,2.278561623825226e-05,0.9997325539588928,0.00024466493050567806
2999,2,1,1,4.856367922911886e-06,0.9999810457229614,1.4131952411844395e-05
3000,4,1,1,2.6796064048539847e-05,0.9997925162315369,0.00018065526091959327
3001,2,1,2,0.15892772376537323,0.23900540173053741,0.6020669341087341
3002,0,1,1,0.00028922120691277087,0.9995104074478149,0.00020037607464473695
3003,1,1,1,0.02847372554242611,0.9652600884437561,0.006266234442591667
3004,2,1,1,4.374457057565451e-05,0.9973204731941223,0.002635776298120618
3006,3,1,1,0.06130528077483177,0.9113070964813232,0.027387619018554688
3007,1,1,1,0.000399546988774091,0.9995017051696777,9.874831448541954e-05
3008,1,2,2,0.0006996471784077585,0.0024528102949261665,0.9968474507331848
3010,3,1,1,0.010033346712589264,0.9854808449745178,0.004485797602683306
3011,0,1,1,0.0024775974452495575,0.9967897534370422,0.0007325761835090816
3012,3,1,1,0.2937035858631134,0.6810106635093689,0.025285789743065834
3014,0,1,1,0.004216882400214672,0.995537519454956,0.0002455646463204175
3015,1,1,1,0.0013191179605200887,0.9986249208450317,5.597836207016371e-05
3016,3,1,1,0.3069658875465393,0.547293484210968,0.14574067294597626
3019,1,1,1,0.14373068511486053,0.4753094017505646,0.38095995783805847
3020,4,1,1,0.002374181989580393,0.9875775575637817,0.010048256255686283
3022,1,1,1,3.4530121411080472e-06,0.9999711513519287,2.5342878871015273e-05
3023,1,1,1,0.003060742514207959,0.996865451335907,7.380508759524673e-05
3024,4,1,1,0.028429849073290825,0.9276533722877502,0.043916769325733185
3025,0,1,1,0.0014505117433145642,0.997947633266449,0.000601890729740262
3029,3,1,1,0.00157036236487329,0.9963185787200928,0.002111055888235569
3030,4,1,1,0.010568629018962383,0.5200052261352539,0.46942612528800964
3032,2,1,1,0.011897382326424122,0.983995258808136,0.004107306245714426
3033,2,1,1,0.0008707184460945427,0.9990828037261963,4.642436761059798e-05
3034,0,1,0,0.5558831691741943,0.38679879903793335,0.05731809884309769
3035,1,1,1,0.001598475151695311,0.99729984998703,0.0011016762582585216
3036,4,1,1,0.010536911897361279,0.9831476211547852,0.006315403617918491
3037,0,1,0,0.9211959838867188,0.03396139293909073,0.04484252631664276
3038,4,1,1,0.08835959434509277,0.9079920649528503,0.0036484035663306713
3040,0,1,1,0.002071206923574209,0.9755816459655762,0.02234717831015587
3041,2,1,1,0.23618429899215698,0.7488458156585693,0.014969896525144577
3042,4,1,1,0.010536911897361279,0.9831476211547852,0.006315403617918491
3045,0,1,1,0.18497024476528168,0.7597537636756897,0.055275991559028625
3049,1,1,1,0.019339997321367264,0.9756050109863281,0.005054941866546869
3050,1,1,0,0.8441214561462402,0.05303188040852547,0.10284662991762161
3051,2,1,1,0.12375171482563019,0.8584046363830566,0.017843613401055336
3052,0,1,0,0.42462706565856934,0.39469224214553833,0.18068069219589233
3054,0,1,1,0.00448592146858573,0.9701032638549805,0.025410858914256096
3055,4,1,1,0.008059711195528507,0.5702908635139465,0.42164939641952515
3056,1,1,1,0.00024487468181177974,0.9986466765403748,0.0011085178703069687
3057,1,1,1,0.00024487468181177974,0.9986466765403748,0.0011085178703069687
3058,0,1,1,0.0010960034560412169,0.9987590312957764,0.00014494969218503684
3059,2,1,1,0.0024104865733534098,0.9951848387718201,0.0024046809412539005
3060,0,1,1,6.173078145366162e-05,0.9998581409454346,8.009986049728468e-05
3061,0,1,2,5.508566027856432e-05,0.1048949807882309,0.8950499892234802
3063,0,1,1,0.00154506613034755,0.9956251978874207,0.002829788951203227
3064,3,1,1,0.00243140896782279,0.9963730573654175,0.0011955546215176582
3065,4,1,1,0.1866929531097412,0.6119803190231323,0.2013266682624817
3066,4,1,1,0.0031089438125491142,0.9816749691963196,0.015216038562357426
3067,4,1,1,0.00014213373651728034,0.9996716976165771,0.00018614620785228908
3068,4,1,1,0.0027206111699342728,0.9968376159667969,0.0004417801392264664
3070,4,1,1,8.161443474818952e-06,0.99997878074646,1.3105636753607541e-05
3071,3,1,1,0.0034428462386131287,0.9960263967514038,0.0005307372775860131
3072,1,1,1,0.02847372554242611,0.9652600884437561,0.006266234442591667
3073,3,1,0,0.5935565233230591,0.2815310060977936,0.12491241842508316
3074,1,1,1,0.3817858099937439,0.5657647252082825,0.05244951695203781
3075,0,1,1,0.25157925486564636,0.544232189655304,0.2041884958744049
3076,0,1,1,0.13049376010894775,0.8193354606628418,0.05017074570059776
3077,4,1,1,0.041061948984861374,0.5581348538398743,0.40080317854881287
3078,0,1,1,0.11232772469520569,0.5646291375160217,0.3230431377887726
3079,1,1,1,0.00020571850473061204,0.9993969202041626,0.0003973485727328807
3080,1,1,2,0.12989753484725952,0.3778165876865387,0.49228590726852417
3081,2,1,1,0.002423442667350173,0.9944689273834229,0.0031076455488801003
3083,3,1,1,0.0012660236097872257,0.9984531402587891,0.00028084038058295846
3084,3,1,0,0.6345120668411255,0.16886192560195923,0.19662600755691528
3085,4,1,1,0.3045330047607422,0.6657205820083618,0.029746422544121742
3086,0,1,2,0.06356554478406906,0.10891026258468628,0.8275241255760193
3087,1,1,1,0.14622560143470764,0.8206515312194824,0.03312287852168083
3088,2,1,1,0.04822307080030441,0.9240582585334778,0.02771873027086258
3089,1,1,2,0.28017646074295044,0.3270644545555115,0.39275914430618286
3090,4,1,0,0.5989562273025513,0.27198904752731323,0.12905476987361908
3092,0,1,1,0.4411001205444336,0.5235130190849304,0.035386864095926285
3093,3,1,1,0.023611050099134445,0.9698176980018616,0.006571207661181688
3094,3,1,1,0.07664883136749268,0.8902561068534851,0.033095043152570724
3095,3,1,0,0.9362406730651855,0.04939144849777222,0.01436785887926817
3096,2,1,0,0.786211371421814,0.06851524859666824,0.1452733725309372
3097,4,1,0,0.8851152658462524,0.015060322359204292,0.09982448816299438
3098,4,1,2,0.07282532006502151,0.06159619614481926,0.8655785322189331
3099,2,1,1,0.01366517785936594,0.9850227236747742,0.0013120927615091205
3100,4,1,1,0.0010274978121742606,0.9988627433776855,0.00010978878708556294
3101,4,1,1,0.00028343108715489507,0.9993253946304321,0.000391193461837247
3102,1,1,1,0.3464590311050415,0.501848042011261,0.15169289708137512
3105,3,1,2,0.0002021725376835093,0.0029831831343472004,0.9968146681785583
3106,4,1,0,0.8078802227973938,0.1358945220708847,0.056225236505270004
3108,0,1,1,6.931498501216993e-05,0.999573290348053,0.0003574384609237313
3109,3,1,1,0.02914755418896675,0.9604529142379761,0.0103995306417346
3112,2,1,0,0.6357486248016357,0.04251055046916008,0.32174086570739746
3113,3,1,1,0.2478773146867752,0.7260264158248901,0.026096215471625328
3115,2,1,0,0.5178157687187195,0.2734571099281311,0.2087271511554718
3116,3,1,1,0.13206304609775543,0.7665383219718933,0.10139868408441544
3117,4,1,1,0.011835713870823383,0.97395259141922,0.014211703091859818
3118,4,1,1,0.2290896773338318,0.7645344138145447,0.006375857628881931
3119,4,1,1,0.024673553183674812,0.9478620886802673,0.02746439352631569
3120,3,1,1,0.02906123362481594,0.7918609976768494,0.17907778918743134
3121,4,1,1,0.09306706488132477,0.8045982718467712,0.10233470052480698
3122,3,1,1,0.21964411437511444,0.7226376533508301,0.05771821364760399
3123,2,1,0,0.7068853974342346,0.1822938621044159,0.11082080751657486
3124,0,1,1,0.00414495263248682,0.9948232173919678,0.001031849766150117
3126,1,1,1,0.00036937417462468147,0.999629020690918,1.6061584346971358e-06
3127,0,1,1,0.00014903454575687647,0.9998438358306885,7.087637641234323e-06
3129,4,1,1,0.00014213373651728034,0.9996716976165771,0.00018614620785228908
3130,4,1,1,0.0027206111699342728,0.9968376159667969,0.0004417801392264664
3132,3,1,0,0.5935565233230591,0.2815310060977936,0.12491241842508316
3133,1,1,1,0.14622560143470764,0.8206515312194824,0.03312287852168083
3134,1,1,1,0.14622560143470764,0.8206515312194824,0.03312287852168083
3135,2,1,1,0.005261868238449097,0.9639108777046204,0.030827220529317856
3136,4,1,0,0.8078802227973938,0.1358945220708847,0.056225236505270004
3137,4,1,1,0.22500938177108765,0.7693231701850891,0.005667449906468391
3138,3,1,1,0.20523934066295624,0.7459017038345337,0.04885895550251007
3139,3,1,1,0.02914755418896675,0.9604529142379761,0.0103995306417346
3141,3,1,1,0.14908471703529358,0.7669832110404968,0.08393210172653198
3142,2,1,1,0.21376100182533264,0.7145520448684692,0.07168696075677872
3143,1,1,1,2.376973679929506e-05,0.999975323677063,9.634778734834981e-07
3144,0,1,0,0.5772911906242371,0.3179115056991577,0.10479723662137985
3145,0,1,1,0.1659211367368698,0.809292733669281,0.02478616312146187
3146,4,1,0,0.5282951593399048,0.40452560782432556,0.06717916578054428
3147,3,1,1,0.2650643587112427,0.6410495638847351,0.09388603270053864
3148,2,1,1,0.015906261280179024,0.9813035726547241,0.0027901185676455498
3149,3,1,1,0.26208439469337463,0.5628281235694885,0.17508746683597565
3150,4,1,1,0.25919151306152344,0.6460945010185242,0.09471402317285538
3151,2,1,2,0.20489546656608582,0.20958442986011505,0.5855201482772827
3152,3,1,1,3.413694503251463e-05,0.9999533891677856,1.2514259651652537e-05
3153,1,1,1,0.0023831299040466547,0.9972071051597595,0.0004097878118045628
3154,1,1,1,0.034926388412714005,0.9605745077133179,0.004499087575823069
3155,3,1,0,0.8846074938774109,0.05644412711262703,0.0589483417570591
3156,0,1,1,0.0622454434633255,0.9055374264717102,0.03221713379025459
3157,4,1,0,0.7418224215507507,0.10798665136098862,0.15019088983535767
3160,3,2,2,0.0006074813427403569,1.9869465177180246e-05,0.999372661113739
3161,4,2,2,0.00057409011060372,0.00037017007707618177,0.999055802822113
3162,4,2,2,8.956775127444416e-05,0.0001027783946483396,0.9998077750205994
3163,4,2,2,0.0009048086940310895,0.0007416010485030711,0.9983536005020142
3164,1,2,2,0.3040754497051239,0.010486837476491928,0.6854377388954163
3165,3,2,2,8.584712486481294e-05,2.2760523279430345e-05,0.9998914003372192
3166,1,2,2,1.2090430573152844e-05,0.0003703976690303534,0.9996175765991211
3167,0,1,1,5.998510096105747e-05,0.9999306201934814,9.422902621736284e-06
3168,3,2,2,9.232890442945063e-05,4.369481393950991e-05,0.999863862991333
3169,1,2,2,5.534001047635684e-06,8.392573363380507e-06,0.9999861717224121
3171,2,1,1,0.4103793799877167,0.5701431632041931,0.019477400928735733
3172,0,1,1,0.16362546384334564,0.6917235255241394,0.14465099573135376
3173,4,1,1,0.033022113144397736,0.9644787311553955,0.002499138470739126
3176,1,2,2,0.0006336450460366905,0.002222582697868347,0.9971436858177185
3177,2,2,2,0.0002553965896368027,0.00033232918940484524,0.9994122982025146
3178,3,2,2,4.737662948173238e-06,2.2614480258198455e-05,0.9999725818634033
3180,1,2,2,4.365401400718838e-05,2.91181404463714e-05,0.999927282333374
3181,3,2,2,9.090440289583057e-05,1.5848314433242194e-05,0.9998931884765625
3182,2,2,2,0.0001552465109853074,3.0286123546829913e-06,0.9998416900634766
3183,4,2,2,0.0004267159092705697,0.00046958407619968057,0.9991036057472229
3185,3,1,0,0.8364169597625732,0.10505621135234833,0.058526813983917236
3187,3,2,2,5.523705567611614e-06,1.8419534171698615e-05,0.9999760389328003
3188,1,2,2,0.00022578203061129898,8.639943189336918e-06,0.9997656941413879
3189,3,2,2,0.00022664782591164112,0.004556410945951939,0.995216965675354
3190,3,2,2,1.4259310773923062e-05,2.1328429284039885e-05,0.9999643564224243
3191,0,2,2,0.0002063973224721849,0.0008213235414586961,0.9989722967147827
3192,4,2,2,0.00029947765870019794,0.0007210174226202071,0.998979389667511
3193,0,2,2,0.0006408390472643077,0.0002671615802682936,0.9990919828414917
3194,2,2,2,0.00013578421203419566,0.0007620419492013752,0.9991022348403931
3195,4,2,2,7.549364090664312e-05,9.382655844092369e-05,0.9998307228088379
3197,4,1,1,0.001933576655574143,0.9963319897651672,0.0017344168154522777
3199,1,2,2,6.97635841788724e-05,0.0012874413514509797,0.9986427426338196
3200,1,2,2,0.00013460793707054108,0.00044222825090400875,0.9994231462478638
3201,4,2,2,1.5834400983294472e-05,0.0005400277441367507,0.9994440674781799
3202,1,2,2,2.263824535475578e-05,8.636061829747632e-05,0.999890923500061
3203,1,2,2,0.00015586709196213633,0.00017570496129337698,0.9996684789657593
3205,1,2,2,0.00029639762942679226,0.0030014626681804657,0.9967021346092224
3206,3,2,2,3.5809145629173145e-05,0.0004042630607727915,0.9995598196983337
3207,4,1,1,0.00405755965039134,0.9941064119338989,0.0018360659014433622
3208,1,1,0,0.7669696807861328,0.010590995661914349,0.22243934869766235
3209,3,1,0,0.5592440366744995,0.3762252628803253,0.06453068554401398
3210,3,1,0,0.47911372780799866,0.23745694756507874,0.28342923521995544
3211,0,1,1,0.4303765892982483,0.4492923319339752,0.12033100426197052
3212,3,1,0,0.38128334283828735,0.3084222376346588,0.31029438972473145
3216,4,1,1,4.132599133299664e-05,0.9999523162841797,6.377111731126206e-06
3217,2,1,1,0.002597071696072817,0.9965934157371521,0.0008094882359728217
3219,1,1,1,0.029350537806749344,0.8069620728492737,0.16368736326694489
3220,1,1,0,0.6649694442749023,0.05100753530859947,0.2840230464935303
3221,3,1,1,0.3014167249202728,0.6014928221702576,0.09709048271179199
3222,2,1,0,0.5150251984596252,0.1265435814857483,0.35843122005462646
3223,3,1,1,0.15674689412117004,0.8172389268875122,0.026014123111963272
3224,4,1,1,0.11103115230798721,0.882883608341217,0.006085221190005541
3225,2,1,1,0.07019302248954773,0.9146502017974854,0.015156850218772888
3226,3,1,0,0.754999577999115,0.018563739955425262,0.22643670439720154
3228,2,1,1,7.53922649892047e-05,0.9999004602432251,2.4166964067262597e-05
3229,1,1,1,0.1987222135066986,0.7543830275535583,0.04689478874206543
3230,4,1,2,0.18497908115386963,0.28838756680488586,0.5266333222389221
3231,0,1,1,0.06080363690853119,0.9149434566497803,0.02425287291407585
3233,3,1,0,0.7156053185462952,0.12920832633972168,0.15518634021282196
3234,2,1,1,0.06119966506958008,0.9195215106010437,0.019278813153505325
3235,1,1,1,0.030657822266221046,0.9570281505584717,0.012314041145145893
3236,1,1,0,0.5520435571670532,0.2812247574329376,0.16673170030117035
3238,3,1,1,0.20732003450393677,0.7496944069862366,0.04298553988337517
3239,0,1,0,0.8127478361129761,0.0836181491613388,0.10363404452800751
3240,4,1,1,0.018135400488972664,0.9802598357200623,0.0016047460958361626
3241,0,1,1,0.02871996909379959,0.9667710661888123,0.0045089563354849815
3242,0,1,1,0.007216097787022591,0.984245240688324,0.008538643829524517
3243,3,1,0,0.5520808696746826,0.1229209452867508,0.324998140335083
3244,3,1,1,0.0172029547393322,0.9781106114387512,0.004686491098254919
3246,3,1,0,0.5773658156394958,0.3576129972934723,0.06502112001180649
3247,2,1,1,0.0845136046409607,0.9012476205825806,0.014238831587135792
3248,4,1,1,0.25919151306152344,0.6460945010185242,0.09471402317285538
3249,3,1,1,0.37842756509780884,0.5850973725318909,0.036475084722042084
3250,0,1,1,0.016224678605794907,0.975315511226654,0.008459815755486488
3251,3,1,1,0.4654647707939148,0.5075528025627136,0.026982493698596954
3252,3,1,1,0.04576429724693298,0.9192308187484741,0.03500491380691528
3253,1,1,1,6.402428880392108e-06,0.9999929666519165,6.686375968456559e-07
3255,4,1,1,4.018443723907694e-05,0.9996790885925293,0.000280717940768227
3259,3,1,1,5.13103004777804e-05,0.9999415874481201,7.049224677757593e-06
3261,0,1,1,0.2700469195842743,0.6241270899772644,0.1058259904384613
3263,4,1,1,0.008015219122171402,0.9910935759544373,0.0008911950862966478
3264,3,1,1,5.290613626129925e-05,0.9999210834503174,2.6030051230918616e-05
3265,0,1,1,0.00021198205649852753,0.5294947028160095,0.470293253660202
3266,2,1,0,0.8033786416053772,0.1338462382555008,0.06277516484260559
3267,4,1,1,3.134954022243619e-05,0.9998216032981873,0.00014704091881867498
3268,1,1,0,0.6488281488418579,0.29285892844200134,0.058312978595495224
3271,4,1,1,0.09853804856538773,0.8960731625556946,0.0053887153044342995
3273,4,1,1,0.024205278605222702,0.9724178314208984,0.003376931883394718
3274,4,1,1,0.00020198630227241665,0.998865008354187,0.0009329919121228158
3275,3,1,1,0.03171023726463318,0.9616478681564331,0.006641953717917204
3276,0,1,1,0.05201329290866852,0.9429827928543091,0.005003870464861393
3277,2,1,2,0.13501110672950745,0.41881194710731506,0.44617700576782227
3278,0,1,1,0.11438731849193573,0.8646894097328186,0.02092324011027813
3279,3,1,1,0.011678127571940422,0.9816007614135742,0.006721063982695341
3280,1,1,0,0.7797865867614746,0.1312900334596634,0.08892334997653961
3281,2,1,0,0.8656874895095825,0.04132796823978424,0.09298449009656906
3282,4,1,1,0.014764831401407719,0.9842296242713928,0.0010055741295218468
3283,1,1,1,0.26510417461395264,0.40144357085227966,0.3334522843360901
3284,0,1,0,0.7267695069313049,0.10448556393384933,0.16874495148658752
3285,1,1,1,0.02362896502017975,0.9724653959274292,0.0039056050591170788
3286,4,1,1,1.356224311166443e-05,0.999704897403717,0.00028155019390396774
3287,4,1,1,0.041508998721838,0.9559756517410278,0.002515401691198349
3288,3,1,0,0.582390308380127,0.15676645934581757,0.2608431875705719
3289,1,1,1,0.20020674169063568,0.5293237566947937,0.2704695165157318
3290,4,1,1,0.29425525665283203,0.6992303133010864,0.006514423526823521
3291,1,1,1,0.15814204514026642,0.7767786383628845,0.06507933884859085
3292,0,1,0,0.7735770344734192,0.09813457727432251,0.1282883733510971
3293,2,1,0,0.9579104781150818,0.021523265168070793,0.02056632936000824
3294,4,1,1,0.36078396439552307,0.5408084392547607,0.09840762615203857
3295,2,1,1,0.4393329322338104,0.5235820412635803,0.037085093557834625
3296,4,1,1,0.055444780737161636,0.9215453267097473,0.02300991117954254
3297,3,1,0,0.5756250619888306,0.020881088450551033,0.4034937918186188
3298,1,1,1,0.188125342130661,0.4679431915283203,0.34393149614334106
3299,2,1,1,0.10432182997465134,0.8893821239471436,0.006295996252447367
3300,2,1,1,0.0001738829887472093,0.9998182654380798,7.845914296922274e-06
3301,4,1,0,0.4213048815727234,0.19240702688694,0.3862881362438202
3302,3,1,1,0.06557082384824753,0.9279249906539917,0.006504192017018795
3304,0,1,1,0.03837509825825691,0.8342261910438538,0.12739874422550201
3305,1,1,1,2.548367774579674e-05,0.9999639987945557,1.0541893971094396e-05
3306,0,1,0,0.6876130700111389,0.2567967474460602,0.055590156465768814
3307,1,1,1,0.028939755633473396,0.9684004187583923,0.0026598216500133276
3308,4,1,0,0.8791502118110657,0.061838869005441666,0.05901089683175087
3309,2,1,1,0.11074289679527283,0.8850992918014526,0.004157842602580786
3310,2,1,1,0.0022397562861442566,0.9560847282409668,0.04167548567056656
3311,2,1,0,0.7266588807106018,0.06459851562976837,0.2087426632642746
3312,1,1,0,0.4262140989303589,0.2919619381427765,0.28182393312454224
3313,0,1,1,0.07010315358638763,0.9238478541374207,0.0060489848256111145
3315,0,1,1,0.02104003354907036,0.9365048408508301,0.042455121874809265
3317,0,1,2,0.36220628023147583,0.23146860301494598,0.406325101852417
3318,0,1,0,0.7372852563858032,0.08497738093137741,0.17773735523223877
3320,4,1,0,0.6139810085296631,0.35196587443351746,0.03405314311385155
3321,2,1,0,0.6283246874809265,0.2853119373321533,0.08636342734098434
3322,4,1,1,0.10004246979951859,0.8930489420890808,0.006908526178449392
3323,1,1,0,0.7774357795715332,0.2025173157453537,0.020046912133693695
3326,0,1,0,0.6845727562904358,0.185904398560524,0.12952283024787903
3329,1,1,1,0.014534993097186089,0.966432511806488,0.019032487645745277
3330,2,1,1,0.0002642825129441917,0.9995786547660828,0.00015704971156083047
3331,2,1,1,0.3513418138027191,0.6016990542411804,0.04695907607674599
3332,4,1,1,1.4027719771547709e-05,0.9994532465934753,0.0005327065009623766
3333,0,1,1,0.07779849320650101,0.9119002819061279,0.010301210917532444
3334,4,1,2,0.3057074546813965,0.08203021436929703,0.6122623682022095
3335,2,1,0,0.6714046001434326,0.23837552964687347,0.09021983295679092
3336,4,1,0,0.9027650356292725,0.0024038113187998533,0.09483113139867783
3337,3,1,2,0.06991357356309891,0.054108861833810806,0.8759775161743164
3338,0,1,1,0.3719526529312134,0.6045089960098267,0.023538347333669662
3339,0,1,2,0.004435183014720678,0.13349591195583344,0.8620688915252686
3340,4,1,1,8.361029358638916e-06,0.9999903440475464,1.3198900887800846e-06
3342,4,1,2,0.002983261365443468,0.004771707113832235,0.9922450184822083
3346,2,1,1,0.1765185296535492,0.7523386478424072,0.07114286720752716
3348,0,1,1,0.060379788279533386,0.9339038133621216,0.005716441664844751
3353,3,1,1,0.3047820031642914,0.6136683225631714,0.08154965192079544
3354,4,1,0,0.7637648582458496,0.17763574421405792,0.058599431067705154
3355,2,1,1,0.0008595003746449947,0.9984005093574524,0.000740045914426446
3356,0,1,1,0.22784817218780518,0.44679903984069824,0.32535281777381897
3358,1,1,1,0.12753045558929443,0.8406579494476318,0.03181162476539612
3359,4,1,1,0.003711117897182703,0.9930657148361206,0.003223166801035404
3360,0,1,0,0.8285133838653564,0.12702539563179016,0.044461239129304886
3361,1,1,1,0.01167839765548706,0.9857051372528076,0.0026165104936808348
3362,3,1,0,0.5981789231300354,0.3273424208164215,0.0744786262512207
3364,4,1,1,0.4191228747367859,0.5003264546394348,0.0805506482720375
3365,4,1,1,0.002519227797165513,0.9873707294464111,0.010110033676028252
3366,2,1,1,0.0001391420664731413,0.9997819066047668,7.898387411842123e-05
3368,1,1,0,0.5800684094429016,0.33580368757247925,0.08412785083055496
3369,3,1,0,0.7053511142730713,0.12471582740545273,0.16993309557437897
3370,2,1,1,9.691966988611966e-05,0.9998937845230103,9.274649528379086e-06
3371,2,1,1,0.000165435834787786,0.9997256398200989,0.00010885729716392234
3372,0,1,1,5.290321496431716e-05,0.9999345541000366,1.2521030839707237e-05
3373,2,1,1,2.4040171410888433e-05,0.9999606609344482,1.5326910215662792e-05
3374,0,1,1,0.0014505117433145642,0.997947633266449,0.000601890729740262
3375,2,1,1,2.822160922733019e-06,0.9999903440475464,6.825980563007761e-06
3377,3,1,2,0.035553768277168274,0.010417850688099861,0.9540284276008606
3378,4,1,2,0.2798556387424469,0.14462998509407043,0.5755143761634827
3379,3,1,1,0.00157036236487329,0.9963185787200928,0.002111055888235569
3380,2,1,1,0.011897382326424122,0.983995258808136,0.004107306245714426
3381,1,1,1,0.001598475151695311,0.99729984998703,0.0011016762582585216
3385,4,1,1,0.03561816364526749,0.9426701664924622,0.02171163447201252
3386,4,1,1,0.0033010265324264765,0.9730356931686401,0.02366330474615097
3387,0,1,0,0.6739828586578369,0.31365150213241577,0.012365634553134441
3388,1,1,2,0.3338402509689331,0.330150306224823,0.3360094130039215
3389,4,1,1,0.0008885179413482547,0.9989476799964905,0.0001638332469156012
3390,0,1,1,0.00448592146858573,0.9701032638549805,0.025410858914256096
3391,0,1,1,0.17963378131389618,0.6335421204566956,0.18682408332824707
3393,3,1,1,0.08168430626392365,0.8978444933891296,0.02047119475901127
3394,0,1,1,0.00154506613034755,0.9956251978874207,0.002829788951203227
3395,4,1,1,0.0027206111699342728,0.9968376159667969,0.0004417801392264664
3396,4,1,1,0.041061948984861374,0.5581348538398743,0.40080317854881287
3397,1,1,2,0.12989753484725952,0.3778165876865387,0.49228590726852417
3398,2,1,1,0.002423442667350173,0.9944689273834229,0.0031076455488801003
3399,1,1,1,0.318190336227417,0.4398370683193207,0.24197258055210114
3400,4,1,0,0.46857643127441406,0.41828998923301697,0.11313359439373016
3401,4,1,1,0.0010274978121742606,0.9988627433776855,0.00010978878708556294
3402,4,1,1,0.00028343108715489507,0.9993253946304321,0.000391193461837247
3403,1,1,1,2.9288821679074317e-06,0.999993085861206,4.0230556805909146e-06
3404,4,1,1,0.028429849073290825,0.9276533722877502,0.043916769325733185
3405,4,1,1,0.08835959434509277,0.9079920649528503,0.0036484035663306713
3406,0,1,1,0.16219589114189148,0.8104456067085266,0.027358494699001312
3407,1,1,1,0.02847372554242611,0.9652600884437561,0.006266234442591667
3408,1,1,1,0.02847372554242611,0.9652600884437561,0.006266234442591667
3409,1,1,1,0.3817858099937439,0.5657647252082825,0.05244951695203781
3410,0,1,2,0.06356554478406906,0.10891026258468628,0.8275241255760193
3411,2,1,2,0.0022748555056750774,0.07228469848632812,0.9254404902458191
3414,3,1,2,0.00010937732440652326,0.0016080614877864718,0.9982825517654419
3415,3,1,2,0.00010937732440652326,0.0016080614877864718,0.9982825517654419
3416,4,1,1,0.024673553183674812,0.9478620886802673,0.02746439352631569
3417,0,1,1,5.998510096105747e-05,0.9999306201934814,9.422902621736284e-06
3418,3,1,0,0.6616464853286743,0.24184603989124298,0.0965074971318245
3419,1,1,1,0.011872347444295883,0.6907725930213928,0.29735511541366577
3420,0,1,1,2.0915760615025647e-05,0.9993160963058472,0.0006629972485825419
3421,0,1,1,0.0003378000692464411,0.9996204376220703,4.17897681472823e-05
3423,2,1,1,0.4103793799877167,0.5701431632041931,0.019477400928735733
3424,0,1,1,0.16362546384334564,0.6917235255241394,0.14465099573135376
3425,2,1,1,0.0015927735948935151,0.996417760848999,0.0019895064178854227
3426,2,1,2,0.04749743267893791,0.10301055759191513,0.8494920134544373
3427,3,1,1,0.3391376733779907,0.5766958594322205,0.08416648209095001
3428,1,1,0,0.5731468200683594,0.3617839515209198,0.06506924331188202
3429,1,1,0,0.8568369746208191,0.1054377555847168,0.03772526606917381
3430,3,1,0,0.8364169597625732,0.10505621135234833,0.058526813983917236
3431,4,1,1,0.13465750217437744,0.8621512055397034,0.00319129996933043
3432,3,1,1,0.025960111990571022,0.9730609655380249,0.0009789192117750645
3433,3,1,1,0.03207872062921524,0.9638479948043823,0.004073295742273331
3435,3,1,1,0.003304131096228957,0.9947370886802673,0.0019587131682783365
3436,1,1,1,0.0005760827334597707,0.9993419051170349,8.199268631869927e-05
3437,2,1,0,0.6201319694519043,0.2709709703922272,0.10889710485935211
3438,3,1,0,0.47911372780799866,0.23745694756507874,0.28342923521995544
3441,2,1,1,0.06119966506958008,0.9195215106010437,0.019278813153505325
3442,0,1,1,0.007216097787022591,0.984245240688324,0.008538643829524517
3443,3,1,0,0.5520808696746826,0.1229209452867508,0.324998140335083
3445,4,1,1,0.08781971782445908,0.8683378100395203,0.04384247213602066
3446,4,1,1,0.0009550709510222077,0.9985570311546326,0.00048792900633998215
3447,3,1,1,0.03132865950465202,0.9619032144546509,0.0067681181244552135
3448,2,1,1,0.007513137999922037,0.9888430833816528,0.0036437397357076406
3450,1,1,1,0.00028549967100843787,0.9994686245918274,0.00024594838032498956
3451,0,1,1,0.00021198205649852753,0.5294947028160095,0.470293253660202
3452,1,1,0,0.6488281488418579,0.29285892844200134,0.058312978595495224
3453,4,1,1,0.09853804856538773,0.8960731625556946,0.0053887153044342995
3454,3,1,1,0.03171023726463318,0.9616478681564331,0.006641953717917204
3456,4,1,0,0.6398006081581116,0.26645034551620483,0.09374910593032837
3457,1,1,0,0.7797865867614746,0.1312900334596634,0.08892334997653961
3458,1,1,1,0.02432725392282009,0.7386120557785034,0.23706060647964478
3459,3,1,0,0.853813111782074,0.0017372984439134598,0.14444951713085175
3460,1,1,1,0.26510417461395264,0.40144357085227966,0.3334522843360901
3461,0,1,0,0.7267695069313049,0.10448556393384933,0.16874495148658752
3462,1,1,1,0.20020674169063568,0.5293237566947937,0.2704695165157318
3463,0,1,0,0.7735770344734192,0.09813457727432251,0.1282883733510971
3465,2,1,1,0.4393329322338104,0.5235820412635803,0.037085093557834625
3466,4,1,1,0.055444780737161636,0.9215453267097473,0.02300991117954254
3467,3,1,0,0.5756250619888306,0.020881088450551033,0.4034937918186188
3468,1,1,0,0.5960263013839722,0.3716077506542206,0.03236599266529083
3469,2,1,1,0.0001738829887472093,0.9998182654380798,7.845914296922274e-06
3470,4,1,0,0.4213048815727234,0.19240702688694,0.3862881362438202
3471,2,1,1,0.002667379565536976,0.9972370862960815,9.550367394695058e-05
3473,0,1,1,0.03837509825825691,0.8342261910438538,0.12739874422550201
3474,0,1,1,0.03837509825825691,0.8342261910438538,0.12739874422550201
3475,0,1,1,0.07010315358638763,0.9238478541374207,0.0060489848256111145
3476,0,1,1,0.02104003354907036,0.9365048408508301,0.042455121874809265
3478,0,1,2,0.36220628023147583,0.23146860301494598,0.406325101852417
3479,1,1,1,0.014534993097186089,0.966432511806488,0.019032487645745277
3480,2,1,1,0.0002642825129441917,0.9995786547660828,0.00015704971156083047
3481,2,1,1,0.3513418138027191,0.6016990542411804,0.04695907607674599
3482,1,1,1,7.645534788025543e-05,0.9997501969337463,0.0001733540848363191
3483,0,1,1,0.07779849320650101,0.9119002819061279,0.010301210917532444
3484,0,1,2,0.055287640541791916,0.022315142676234245,0.9223971366882324
3485,2,1,0,0.6714046001434326,0.23837552964687347,0.09021983295679092
3486,4,1,0,0.9027650356292725,0.0024038113187998533,0.09483113139867783
3487,3,1,2,0.06991357356309891,0.054108861833810806,0.8759775161743164
3488,0,1,1,0.3719526529312134,0.6045089960098267,0.023538347333669662
3489,0,1,2,0.004435183014720678,0.13349591195583344,0.8620688915252686
3490,4,1,1,3.2963687317533186e-06,0.9999953508377075,1.3400377838479471e-06
3491,2,1,1,4.850685581914149e-05,0.9998502731323242,0.00010119169019162655
3492,4,1,2,0.002983261365443468,0.004771707113832235,0.9922450184822083
3493,4,1,1,0.0104810306802392,0.9835122227668762,0.006006727460771799
3494,1,1,0,0.8593412041664124,0.04747951030731201,0.0931793600320816
3497,2,1,1,0.1765185296535492,0.7523386478424072,0.07114286720752716
3498,4,1,1,0.32326024770736694,0.451907753944397,0.2248319834470749
3499,0,1,1,0.02049153856933117,0.9486878514289856,0.030820580199360847
3501,1,1,1,1.04407854450983e-05,0.9998958110809326,9.37530494411476e-05
3502,3,1,0,0.8462738394737244,0.07325796782970428,0.08046814799308777
3503,3,1,1,0.3047820031642914,0.6136683225631714,0.08154965192079544
3504,4,1,1,0.003711117897182703,0.9930657148361206,0.003223166801035404
3505,3,1,0,0.5981789231300354,0.3273424208164215,0.0744786262512207
3506,4,1,1,0.0009015444666147232,0.9967626333236694,0.0023358173202723265
3507,4,1,2,0.30499565601348877,0.2710936963558197,0.42391061782836914
3508,0,1,1,0.008545918390154839,0.9843457341194153,0.007108387537300587
3510,0,1,1,0.00161538936663419,0.9950280785560608,0.0033565708436071873
3511,2,1,1,0.0005812726449221373,0.999377429485321,4.137176802032627e-05
3512,1,1,1,0.03744487464427948,0.9429686069488525,0.01958649419248104
3513,2,1,1,0.010082272812724113,0.9830085635185242,0.006909103598445654
3515,0,1,1,0.20283213257789612,0.7398911714553833,0.05727662891149521
3516,3,1,2,0.053227342665195465,0.000606214627623558,0.9461663961410522
3517,1,1,0,0.5263758897781372,0.2235776036977768,0.2500465214252472
3518,1,1,1,0.19373011589050293,0.47523802518844604,0.33103182911872864
3519,4,1,0,0.886454164981842,0.045175593346357346,0.06837031245231628
3520,4,1,0,0.7119634747505188,0.17793212831020355,0.11010436713695526
3521,2,1,1,0.2923819422721863,0.697167694568634,0.010450361296534538
3522,3,1,1,0.04979514330625534,0.9323946237564087,0.017810219898819923
3525,1,1,2,0.18492953479290009,0.37463948130607605,0.44043099880218506
3526,1,1,2,0.00031559576746076345,0.1373474895954132,0.8623368740081787
3527,2,1,2,0.15002211928367615,0.38525882363319397,0.46471914649009705
3528,4,1,1,5.296287054079585e-05,0.999832272529602,0.00011468096636235714
3530,1,1,0,0.7421459555625916,0.22001436352729797,0.03783958777785301
3531,1,1,1,0.018401317298412323,0.9757460951805115,0.005852647591382265
3533,3,1,1,0.15674689412117004,0.8172389268875122,0.026014123111963272
3534,4,1,1,0.11103115230798721,0.882883608341217,0.006085221190005541
3535,0,1,1,0.06080363690853119,0.9149434566497803,0.02425287291407585
3536,3,1,0,0.5520808696746826,0.1229209452867508,0.324998140335083
3538,1,1,1,0.03466234728693962,0.937933623790741,0.02740403823554516
3539,1,1,1,0.00028549967100843787,0.9994686245918274,0.00024594838032498956
3541,0,1,1,0.00021198205649852753,0.5294947028160095,0.470293253660202
3542,4,1,1,0.09853804856538773,0.8960731625556946,0.0053887153044342995
3543,0,1,0,0.6177451014518738,0.3524627387523651,0.02979215793311596
3544,4,1,1,3.469225703156553e-05,0.9997323155403137,0.00023293177946470678
3545,4,1,0,0.6801468133926392,0.24444660544395447,0.07540656626224518
3546,3,1,0,0.9333875775337219,0.013712584041059017,0.052899762988090515
3547,1,1,1,0.20020674169063568,0.5293237566947937,0.2704695165157318
3549,0,1,0,0.7735770344734192,0.09813457727432251,0.1282883733510971
3550,0,1,2,0.047674842178821564,0.19739177823066711,0.7549333572387695
3552,3,1,0,0.6179430484771729,0.27567580342292786,0.10638119280338287
3554,2,1,1,0.19939856231212616,0.6869196891784668,0.11368181556463242
3555,0,1,1,0.013111134059727192,0.9702614545822144,0.016627440229058266
3557,4,1,2,0.28093665838241577,0.14487601816654205,0.5741872787475586
3559,2,1,1,1.5537736544501968e-05,0.9999732971191406,1.1205380360479467e-05
3560,4,1,0,0.5435552597045898,0.2576018273830414,0.19884291291236877
3561,0,1,1,0.018376698717474937,0.9799032807350159,0.0017200666479766369
3562,4,1,1,7.947086487547494e-06,0.9999171495437622,7.48911770642735e-05
3563,4,1,1,7.76031447458081e-06,0.9999880790710449,4.118493961868808e-06
3564,3,1,1,0.020013421773910522,0.9633677005767822,0.016618860885500908
3565,3,1,2,0.00011040845129173249,0.31297749280929565,0.6869121193885803
3566,0,1,1,0.0019098124466836452,0.9952036142349243,0.0028866210486739874
3567,4,1,1,2.548044540162664e-05,0.9999191761016846,5.528954716282897e-05
3568,1,1,1,0.0029357639141380787,0.994371235370636,0.002692975802347064
3569,0,1,1,3.686883064801805e-05,0.9998218417167664,0.00014132054639048874
3570,1,1,1,0.16150890290737152,0.7053581476211548,0.1331329494714737
3571,3,1,1,0.04241327941417694,0.9350055456161499,0.02258116565644741
3572,1,1,0,0.8921989798545837,0.07069535553455353,0.03710570186376572
3573,3,1,1,0.023929022252559662,0.9682788252830505,0.0077921487390995026
3574,2,1,0,0.6205772161483765,0.19205883145332336,0.187363862991333
3575,0,1,1,0.0006349128088913858,0.9785641431808472,0.02080090157687664
3576,1,1,1,1.1282460036454722e-05,0.999955415725708,3.333287168061361e-05
3577,4,1,1,0.41803625226020813,0.492706835269928,0.08925697207450867
3579,3,1,1,0.0330219604074955,0.8453966379165649,0.12158142030239105
3580,3,1,1,0.003956406842917204,0.9946393370628357,0.0014042776310816407
3581,1,1,1,0.0009224828681908548,0.997183620929718,0.0018938879948109388
3582,4,1,1,0.38124606013298035,0.5570560693740845,0.06169792264699936
3583,4,1,1,0.30509647727012634,0.6640034317970276,0.030900083482265472
3584,3,1,0,0.6850695610046387,0.11894501000642776,0.19598539173603058
3585,3,1,1,1.7668753571342677e-05,0.9999784231185913,3.910964096576208e-06
3587,4,1,1,0.23532959818840027,0.5962315201759338,0.1684388667345047
3588,0,2,2,0.0003342489362694323,0.00031352179939858615,0.9993521571159363
3589,0,2,2,0.00026334146969020367,0.0007636271184310317,0.9989731311798096
3590,1,2,2,0.37368831038475037,0.0014224948827177286,0.6248892545700073
3591,3,2,2,8.025611168704927e-05,2.125644459738396e-05,0.9998985528945923
3592,2,2,2,4.354365955805406e-05,6.460481927206274e-06,0.9999500513076782
3593,4,2,2,0.000635279924608767,1.1453198567323852e-05,0.9993532299995422
3594,0,2,2,4.144596459809691e-05,3.544380206221831e-06,0.9999549388885498
3595,3,2,2,5.792491720058024e-06,1.559287375130225e-05,0.9999785423278809
3596,0,2,2,8.79590879776515e-05,0.001325720571912825,0.9985862970352173
3597,0,1,1,0.05011790245771408,0.8965350985527039,0.053347039967775345
3598,2,1,0,0.6239696741104126,0.258982390165329,0.11704792082309723
3599,2,1,1,0.0017630168003961444,0.9978359341621399,0.00040110555710271
3600,3,1,1,0.025676369667053223,0.9661076068878174,0.008216061629354954
3601,1,1,2,0.00235581211745739,0.20004057884216309,0.7976035475730896
3602,0,1,1,4.6402663429034874e-05,0.9993255138397217,0.0006281223613768816
3603,2,1,2,9.436196705792099e-05,0.39490821957588196,0.604997456073761
3604,0,1,1,0.4615257978439331,0.5177684426307678,0.02070578932762146
3605,4,1,0,0.6681427955627441,0.17104505002498627,0.1608121693134308
3608,2,1,1,0.14336813986301422,0.752854585647583,0.10377727448940277
3610,4,1,1,8.926172449719161e-05,0.9984473586082458,0.001463413587771356
3611,0,1,0,0.7841569781303406,0.007558775134384632,0.2082841992378235
3613,2,1,0,0.5620347261428833,0.39250534772872925,0.04545991122722626
3614,0,1,0,0.5532341003417969,0.05975502356886864,0.38701093196868896
3617,2,1,1,7.483016815967858e-05,0.9604335427284241,0.039491645991802216
3618,0,1,1,0.28913068771362305,0.38846680521965027,0.3224025070667267
3619,0,1,1,0.012303248979151249,0.9843679070472717,0.0033288714475929737
3620,2,1,1,0.00019699987024068832,0.997316300868988,0.00248671043664217
3621,4,1,1,0.01199132390320301,0.9780987501144409,0.009909984655678272
3622,3,1,1,0.00022802727471571416,0.9996511936187744,0.00012075297854607925
3623,3,1,1,5.548229091800749e-05,0.9999116659164429,3.2829062547534704e-05
3626,2,1,2,0.0005886899889446795,0.14795681834220886,0.851454496383667
3627,1,1,1,0.16006934642791748,0.711097240447998,0.12883341312408447
3633,2,1,1,2.4120208763633855e-05,0.9473943114280701,0.05258158966898918
3634,2,1,2,0.03540613874793053,0.16362199187278748,0.8009718656539917
3635,4,1,1,0.005893968511372805,0.9910339713096619,0.0030720378272235394
3636,3,1,0,0.7592737078666687,0.14609891176223755,0.09462737292051315
3637,1,1,0,0.6932322382926941,0.25599151849746704,0.050776220858097076
3638,1,1,1,0.39359039068222046,0.5196346044540405,0.08677497506141663
3639,4,1,0,0.9615215063095093,0.0077435728162527084,0.030734902247786522
3640,4,1,0,0.6822153329849243,0.23306572437286377,0.08471893519163132
3641,0,1,0,0.7372852563858032,0.08497738093137741,0.17773735523223877
3644,2,1,1,1.981925606742152e-06,0.9999947547912598,3.28411670125206e-06
3645,4,1,1,0.0003375747473910451,0.9983532428741455,0.0013091822620481253
3646,1,1,0,0.5648133158683777,0.0509495809674263,0.3842371106147766
3650,4,1,1,0.14160285890102386,0.6668946743011475,0.19150245189666748
3651,3,1,1,0.20000405609607697,0.5678596496582031,0.2321363389492035
3653,1,1,1,0.013239233754575253,0.9865096211433411,0.0002511555212549865
3654,1,1,1,0.06679435074329376,0.9015995860099792,0.03160608187317848
3655,4,1,1,0.0470111109316349,0.8320717811584473,0.12091716378927231
3656,3,1,1,0.011278362944722176,0.986639678478241,0.002081939484924078
3657,3,1,1,0.011278362944722176,0.986639678478241,0.002081939484924078
3658,2,1,1,0.00011776979954447597,0.9919463992118835,0.007935812696814537
3659,4,1,0,0.7282293438911438,0.05031602084636688,0.2214546650648117
3660,3,1,1,0.0007463684887625277,0.9978622794151306,0.0013913573930040002
3661,1,1,1,4.098065346624935e-06,0.9999946355819702,1.295523816224886e-06
3662,4,1,1,0.0004348201327957213,0.9988767504692078,0.0006884320173412561
3663,4,1,1,0.04153522476553917,0.9554911851882935,0.002973513212054968
3664,4,1,1,1.1566959074116312e-05,0.9999850988388062,3.378053406777326e-06
3665,4,1,0,0.720514714717865,0.036111705005168915,0.2433735579252243
3666,3,1,1,0.36553412675857544,0.5859460234642029,0.048519887030124664
3667,4,1,2,0.16842438280582428,0.023602956905961037,0.8079726696014404
3668,0,1,0,0.42977234721183777,0.3387858271598816,0.2314419001340866
3669,2,1,1,0.009638979099690914,0.9876020550727844,0.0027589236851781607
3670,3,1,1,0.05064243823289871,0.9457136988639832,0.0036438433453440666
3672,2,1,1,0.03055105172097683,0.9688547849655151,0.0005942429997958243
3673,1,1,1,0.2642676830291748,0.6881695985794067,0.04756271839141846
3674,3,1,1,0.20000405609607697,0.5678596496582031,0.2321363389492035
3676,1,1,1,0.013239233754575253,0.9865096211433411,0.0002511555212549865
3677,1,1,1,0.06679435074329376,0.9015995860099792,0.03160608187317848
3678,4,1,1,0.0470111109316349,0.8320717811584473,0.12091716378927231
3679,3,1,1,0.011278362944722176,0.986639678478241,0.002081939484924078
3680,0,1,2,8.286261436296627e-05,0.034949272871017456,0.9649679064750671
3681,1,1,1,0.0009211583528667688,0.9981497526168823,0.0009291332680732012
3682,4,1,0,0.7282293438911438,0.05031602084636688,0.2214546650648117
3683,3,1,1,0.0007463684887625277,0.9978622794151306,0.0013913573930040002
3685,4,1,1,0.0004348201327957213,0.9988767504692078,0.0006884320173412561
3686,4,1,1,0.04153522476553917,0.9554911851882935,0.002973513212054968
3687,4,1,1,1.1566959074116312e-05,0.9999850988388062,3.378053406777326e-06
3688,0,1,1,0.28913068771362305,0.38846680521965027,0.3224025070667267
3689,0,1,1,0.012303248979151249,0.9843679070472717,0.0033288714475929737
3690,2,1,1,0.00019699987024068832,0.997316300868988,0.00248671043664217
3691,4,1,1,0.01199132390320301,0.9780987501144409,0.009909984655678272
3692,3,1,1,0.00022802727471571416,0.9996511936187744,0.00012075297854607925
3693,3,1,1,5.548229091800749e-05,0.9999116659164429,3.2829062547534704e-05
3696,2,1,2,0.0005886899889446795,0.14795681834220886,0.851454496383667
3697,1,1,1,0.16006934642791748,0.711097240447998,0.12883341312408447
3703,2,1,1,2.4120208763633855e-05,0.9473943114280701,0.05258158966898918
3704,2,1,2,0.03540613874793053,0.16362199187278748,0.8009718656539917
3705,4,1,1,0.005893968511372805,0.9910339713096619,0.0030720378272235394
3706,3,1,0,0.7592737078666687,0.14609891176223755,0.09462737292051315
3707,1,1,0,0.6932322382926941,0.25599151849746704,0.050776220858097076
3708,1,1,1,0.39359039068222046,0.5196346044540405,0.08677497506141663
3709,4,1,0,0.9615215063095093,0.0077435728162527084,0.030734902247786522
3710,4,1,0,0.6822153329849243,0.23306572437286377,0.08471893519163132
3711,0,1,0,0.7372852563858032,0.08497738093137741,0.17773735523223877
3712,2,1,0,0.6714046001434326,0.23837552964687347,0.09021983295679092
3713,4,1,0,0.9027650356292725,0.0024038113187998533,0.09483113139867783
3714,3,1,2,0.06991357356309891,0.054108861833810806,0.8759775161743164
3715,0,1,1,0.3719526529312134,0.6045089960098267,0.023538347333669662
3716,0,1,2,0.004435183014720678,0.13349591195583344,0.8620688915252686
3717,2,1,1,2.405688746875967e-06,0.9999945163726807,3.0630890250904486e-06
3718,2,1,1,4.850685581914149e-05,0.9998502731323242,0.00010119169019162655
3719,4,1,2,0.002983261365443468,0.004771707113832235,0.9922450184822083
3720,4,1,1,0.0104810306802392,0.9835122227668762,0.006006727460771799
3721,1,1,0,0.8593412041664124,0.04747951030731201,0.0931793600320816
3724,2,1,1,0.1765185296535492,0.7523386478424072,0.07114286720752716
3726,0,1,1,0.02049153856933117,0.9486878514289856,0.030820580199360847
3728,1,1,1,1.04407854450983e-05,0.9998958110809326,9.37530494411476e-05
3729,3,1,0,0.8462738394737244,0.07325796782970428,0.08046814799308777
3730,3,1,1,0.3047820031642914,0.6136683225631714,0.08154965192079544
3731,4,1,1,0.003711117897182703,0.9930657148361206,0.003223166801035404
3732,3,1,0,0.5981789231300354,0.3273424208164215,0.0744786262512207
3733,4,1,1,0.0009015444666147232,0.9967626333236694,0.0023358173202723265
3734,4,1,2,0.30499565601348877,0.2710936963558197,0.42391061782836914
3737,0,1,1,0.00161538936663419,0.9950280785560608,0.0033565708436071873
3738,2,1,1,0.0005812726449221373,0.999377429485321,4.137176802032627e-05
3739,1,1,1,0.03744487464427948,0.9429686069488525,0.01958649419248104
3740,2,1,1,0.010082272812724113,0.9830085635185242,0.006909103598445654
3743,3,1,2,0.053227342665195465,0.000606214627623558,0.9461663961410522
3744,2,1,0,0.696621298789978,0.13147714734077454,0.17190149426460266
3745,1,1,1,0.19373011589050293,0.47523802518844604,0.33103182911872864
3746,4,1,0,0.886454164981842,0.045175593346357346,0.06837031245231628
3747,4,1,0,0.7119634747505188,0.17793212831020355,0.11010436713695526
3748,2,1,1,0.2923819422721863,0.697167694568634,0.010450361296534538
3749,3,1,1,0.04979514330625534,0.9323946237564087,0.017810219898819923
3750,3,1,1,0.23213011026382446,0.7214103937149048,0.046459462493658066
3751,2,1,2,0.16316016018390656,0.007894903421401978,0.828944981098175
3752,1,1,2,0.18492953479290009,0.37463948130607605,0.44043099880218506
3753,1,1,2,0.00031559576746076345,0.1373474895954132,0.8623368740081787
3754,2,1,2,0.15002211928367615,0.38525882363319397,0.46471914649009705
3755,4,1,1,5.296287054079585e-05,0.999832272529602,0.00011468096636235714
3757,1,1,0,0.7421459555625916,0.22001436352729797,0.03783958777785301
3758,1,1,1,0.018401317298412323,0.9757460951805115,0.005852647591382265
3760,3,1,1,0.15674689412117004,0.8172389268875122,0.026014123111963272
3761,4,1,1,0.11103115230798721,0.882883608341217,0.006085221190005541
3762,0,1,1,0.06080363690853119,0.9149434566497803,0.02425287291407585
3763,3,1,0,0.5520808696746826,0.1229209452867508,0.324998140335083
3765,0,1,1,0.35608187317848206,0.5596141219139099,0.08430401980876923
3766,1,1,1,0.00028549967100843787,0.9994686245918274,0.00024594838032498956
3767,3,1,1,5.290613626129925e-05,0.9999210834503174,2.6030051230918616e-05
3768,0,1,1,0.00021198205649852753,0.5294947028160095,0.470293253660202
3769,4,1,1,0.09853804856538773,0.8960731625556946,0.0053887153044342995
3770,0,1,0,0.6177451014518738,0.3524627387523651,0.02979215793311596
3771,4,1,1,3.469225703156553e-05,0.9997323155403137,0.00023293177946470678
3772,4,1,0,0.6801468133926392,0.24444660544395447,0.07540656626224518
3773,3,1,0,0.9333875775337219,0.013712584041059017,0.052899762988090515
3774,1,1,1,0.20020674169063568,0.5293237566947937,0.2704695165157318
3776,0,1,0,0.7735770344734192,0.09813457727432251,0.1282883733510971
3777,0,1,2,0.047674842178821564,0.19739177823066711,0.7549333572387695
3779,3,1,0,0.6179430484771729,0.27567580342292786,0.10638119280338287
3781,2,1,1,0.19939856231212616,0.6869196891784668,0.11368181556463242
3782,0,1,1,0.013111134059727192,0.9702614545822144,0.016627440229058266
3784,4,1,2,0.28093665838241577,0.14487601816654205,0.5741872787475586
3786,2,1,1,1.5537736544501968e-05,0.9999732971191406,1.1205380360479467e-05
3787,4,1,0,0.5435552597045898,0.2576018273830414,0.19884291291236877
3788,0,1,1,0.018376698717474937,0.9799032807350159,0.0017200666479766369
3790,4,1,1,7.76031447458081e-06,0.9999880790710449,4.118493961868808e-06
3791,3,1,1,0.020013421773910522,0.9633677005767822,0.016618860885500908
3792,3,1,2,0.00011040845129173249,0.31297749280929565,0.6869121193885803
3793,0,1,1,0.0019098124466836452,0.9952036142349243,0.0028866210486739874
3794,4,1,1,2.548044540162664e-05,0.9999191761016846,5.528954716282897e-05
3795,1,1,1,0.0029357639141380787,0.994371235370636,0.002692975802347064
3796,0,1,1,3.686883064801805e-05,0.9998218417167664,0.00014132054639048874
3797,1,1,1,0.16150890290737152,0.7053581476211548,0.1331329494714737
3798,3,1,1,0.04241327941417694,0.9350055456161499,0.02258116565644741
3799,1,1,0,0.8921989798545837,0.07069535553455353,0.03710570186376572
3800,3,1,1,0.023929022252559662,0.9682788252830505,0.0077921487390995026
3801,2,1,0,0.6205772161483765,0.19205883145332336,0.187363862991333
3803,1,1,1,1.1282460036454722e-05,0.999955415725708,3.333287168061361e-05
3804,4,1,1,0.41803625226020813,0.492706835269928,0.08925697207450867
3806,3,1,1,0.0330219604074955,0.8453966379165649,0.12158142030239105
3807,3,1,1,0.003956406842917204,0.9946393370628357,0.0014042776310816407
3808,1,1,1,0.0009224828681908548,0.997183620929718,0.0018938879948109388
3809,4,1,1,0.38124606013298035,0.5570560693740845,0.06169792264699936
3810,4,1,1,0.30509647727012634,0.6640034317970276,0.030900083482265472
3811,3,1,0,0.6850695610046387,0.11894501000642776,0.19598539173603058
3812,0,1,1,4.2316471080994233e-05,0.9999496936798096,7.933213964861352e-06
3815,1,1,0,0.8086605072021484,0.08665807545185089,0.10468147695064545
3816,2,1,1,1.2354164937278256e-05,0.9999810457229614,6.596853836526861e-06
3817,4,1,1,0.0028666204307228327,0.9843841791152954,0.012749233283102512
3818,3,1,1,0.18084454536437988,0.7165250182151794,0.10263045132160187
3819,0,1,1,1.0977786587318406e-05,0.9999589920043945,3.00489609799115e-05
3821,1,1,1,0.00015919242287054658,0.999693751335144,0.00014712296251673251
3822,1,1,1,0.029626384377479553,0.9599981904029846,0.01037539355456829
3823,0,1,1,1.1664312296488788e-05,0.9999253749847412,6.29218848189339e-05
3824,0,1,1,0.05011790245771408,0.8965350985527039,0.053347039967775345
3825,2,1,0,0.6239696741104126,0.258982390165329,0.11704792082309723
3826,2,1,1,0.0017630168003961444,0.9978359341621399,0.00040110555710271
3827,3,1,1,3.413694503251463e-05,0.9999533891677856,1.2514259651652537e-05
3828,1,1,1,0.0023831299040466547,0.9972071051597595,0.0004097878118045628
3829,3,1,1,0.3892694115638733,0.5853614807128906,0.025369154289364815
3830,3,1,0,0.8846074938774109,0.05644412711262703,0.0589483417570591
3831,0,1,1,0.0622454434633255,0.9055374264717102,0.03221713379025459
3832,4,1,0,0.7418224215507507,0.10798665136098862,0.15019088983535767
3833,3,1,2,0.00340787461027503,0.0027956138364970684,0.9937964677810669
3834,3,1,0,0.5361883640289307,0.41552966833114624,0.0482819601893425
3835,0,1,2,0.19321604073047638,0.022466689348220825,0.7843172550201416
3836,2,1,0,0.7416562438011169,0.13744135200977325,0.1209023967385292
3837,1,1,1,0.012647833675146103,0.9782062768936157,0.009145847521722317
3839,1,1,0,0.3883381187915802,0.2508890628814697,0.3607728183269501
3840,1,1,0,0.7099341154098511,0.1763247847557068,0.11374112963676453
3841,1,1,0,0.7099341154098511,0.1763247847557068,0.11374112963676453
3842,0,1,1,5.998510096105747e-05,0.9999306201934814,9.422902621736284e-06
3843,4,1,1,0.0051718601025640965,0.97906094789505,0.01576714590191841
3844,4,1,1,0.20346778631210327,0.6399816274642944,0.1565505713224411
3846,2,1,1,0.4103793799877167,0.5701431632041931,0.019477400928735733
3847,0,1,1,0.16362546384334564,0.6917235255241394,0.14465099573135376
3848,4,1,1,0.033022113144397736,0.9644787311553955,0.002499138470739126
3850,2,1,0,0.5843075513839722,0.33930760622024536,0.07638484984636307
3851,0,1,1,0.0015531792305409908,0.9984216690063477,2.5175962946377695e-05
3853,2,1,1,0.28902173042297363,0.6717121005058289,0.03926614671945572
3854,2,1,1,0.0015927735948935151,0.996417760848999,0.0019895064178854227
3855,3,1,1,0.3391376733779907,0.5766958594322205,0.08416648209095001
3856,1,1,1,0.0003499439044389874,0.9996273517608643,2.270747245347593e-05
3858,1,1,0,0.5731468200683594,0.3617839515209198,0.06506924331188202
3859,1,1,0,0.8568369746208191,0.1054377555847168,0.03772526606917381
3860,3,1,0,0.8364169597625732,0.10505621135234833,0.058526813983917236
3861,4,1,1,0.13465750217437744,0.8621512055397034,0.00319129996933043
3862,3,1,1,0.025960111990571022,0.9730609655380249,0.0009789192117750645
3864,0,1,1,0.0009112983825616539,0.9922479391098022,0.006840789690613747
3865,0,1,0,0.749695897102356,0.1070774644613266,0.14322668313980103
3866,2,1,0,0.5193215608596802,0.31217673420906067,0.16850170493125916
3867,1,1,1,8.656133104523178e-06,0.9999822378158569,9.048860192706343e-06
3868,3,1,0,0.8159148097038269,0.029811112210154533,0.15427403151988983
3869,3,1,2,0.00770884333178401,0.4007571339607239,0.5915340185165405
3870,4,1,0,0.7893271446228027,0.18254593014717102,0.02812688611447811
3871,2,1,1,0.2101626694202423,0.7747291326522827,0.015108243562281132
3872,4,1,1,0.001933576655574143,0.9963319897651672,0.0017344168154522777
3875,2,1,0,0.6201319694519043,0.2709709703922272,0.10889710485935211
3876,0,1,1,0.4339311122894287,0.4720647633075714,0.0940040796995163
3879,2,1,1,0.02614058554172516,0.5086416006088257,0.46521782875061035
3881,0,1,1,0.03854585438966751,0.8088690042495728,0.15258511900901794
3882,4,1,1,0.00405755965039134,0.9941064119338989,0.0018360659014433622
3883,1,1,0,0.7669696807861328,0.010590995661914349,0.22243934869766235
3884,3,1,0,0.5592440366744995,0.3762252628803253,0.06453068554401398
3885,3,1,0,0.47911372780799866,0.23745694756507874,0.28342923521995544
3886,0,1,1,0.4303765892982483,0.4492923319339752,0.12033100426197052
3887,3,1,0,0.38128334283828735,0.3084222376346588,0.31029438972473145
3891,3,1,1,0.00021682902297470719,0.999390721321106,0.0003924742923118174
3892,2,1,1,0.002597071696072817,0.9965934157371521,0.0008094882359728217
3894,1,1,1,0.029350537806749344,0.8069620728492737,0.16368736326694489
3895,1,1,0,0.6649694442749023,0.05100753530859947,0.2840230464935303
3896,3,1,1,0.3014167249202728,0.6014928221702576,0.09709048271179199
3897,2,1,0,0.5150251984596252,0.1265435814857483,0.35843122005462646
3898,3,1,1,0.15674689412117004,0.8172389268875122,0.026014123111963272
3899,0,1,1,0.12094180285930634,0.508118748664856,0.3709394037723541
3900,3,1,1,0.18463300168514252,0.734549880027771,0.08081717044115067
3901,3,1,0,0.754999577999115,0.018563739955425262,0.22643670439720154
3902,4,1,1,0.001502419007010758,0.9976811408996582,0.0008163689635694027
3903,2,1,1,7.53922649892047e-05,0.9999004602432251,2.4166964067262597e-05
3904,1,1,1,0.1987222135066986,0.7543830275535583,0.04689478874206543
3905,4,1,2,0.18497908115386963,0.28838756680488586,0.5266333222389221
3906,0,1,1,0.06080363690853119,0.9149434566497803,0.02425287291407585
3908,3,1,0,0.7156053185462952,0.12920832633972168,0.15518634021282196
3909,2,1,1,0.06119966506958008,0.9195215106010437,0.019278813153505325
3910,1,1,1,0.030657822266221046,0.9570281505584717,0.012314041145145893
3911,1,1,0,0.5520435571670532,0.2812247574329376,0.16673170030117035
3913,3,1,1,0.20732003450393677,0.7496944069862366,0.04298553988337517
3914,0,1,0,0.8127478361129761,0.0836181491613388,0.10363404452800751
3915,4,1,1,0.018135400488972664,0.9802598357200623,0.0016047460958361626
3916,1,1,1,2.137264573320863e-06,0.9999969005584717,9.36862875278166e-07
3917,0,1,1,0.007216097787022591,0.984245240688324,0.008538643829524517
3918,3,1,0,0.5520808696746826,0.1229209452867508,0.324998140335083
3919,0,1,1,0.014748385176062584,0.9714715480804443,0.013780057430267334
3922,0,1,1,0.00846282858401537,0.9455258846282959,0.046011339873075485
3923,1,1,1,0.0350600965321064,0.936424732208252,0.028515176847577095
3924,4,1,1,0.4395676851272583,0.5408245921134949,0.01960775814950466
3925,4,1,1,0.0034986662212759256,0.9959523677825928,0.0005489973118528724
3926,2,1,1,0.22080209851264954,0.7729995250701904,0.0061983345076441765
3927,3,1,1,0.04576429724693298,0.9192308187484741,0.03500491380691528
3929,1,1,1,0.0304263923317194,0.9496877193450928,0.019885877147316933
3930,0,1,1,0.0006405150052160025,0.9979627132415771,0.0013967676786705852
3931,1,1,1,0.03201716020703316,0.9354889392852783,0.03249384090304375
3934,4,1,1,5.509516631718725e-05,0.9998553991317749,8.951609197538346e-05
3936,0,1,1,0.2700469195842743,0.6241270899772644,0.1058259904384613
3937,4,1,1,0.019812433049082756,0.9698062539100647,0.010381288826465607
3938,4,1,1,0.008015219122171402,0.9910935759544373,0.0008911950862966478
3939,3,1,1,5.290613626129925e-05,0.9999210834503174,2.6030051230918616e-05
3940,0,1,1,0.00021198205649852753,0.5294947028160095,0.470293253660202
3941,2,1,0,0.8033786416053772,0.1338462382555008,0.06277516484260559
3942,3,1,1,0.007068274077028036,0.991119921207428,0.0018118100706487894
3943,4,1,1,0.0022598188370466232,0.9971416592597961,0.0005985263269394636
3946,4,1,1,0.09853804856538773,0.8960731625556946,0.0053887153044342995
3948,1,1,1,0.0007146350108087063,0.9991917014122009,9.363300341647118e-05
3949,3,1,1,0.005949530750513077,0.9886953234672546,0.005355185363441706
3950,3,1,1,0.03171023726463318,0.9616478681564331,0.006641953717917204
3951,0,1,1,0.05201329290866852,0.9429827928543091,0.005003870464861393
3952,2,1,2,0.13501110672950745,0.41881194710731506,0.44617700576782227
3953,0,1,1,0.11438731849193573,0.8646894097328186,0.02092324011027813
3954,4,1,0,0.6398006081581116,0.26645034551620483,0.09374910593032837
3955,1,1,0,0.7797865867614746,0.1312900334596634,0.08892334997653961
3956,2,1,0,0.8656874895095825,0.04132796823978424,0.09298449009656906
3957,4,1,1,0.014764831401407719,0.9842296242713928,0.0010055741295218468
3958,1,1,1,0.26510417461395264,0.40144357085227966,0.3334522843360901
3959,0,1,0,0.7267695069313049,0.10448556393384933,0.16874495148658752
3960,1,1,1,0.02362896502017975,0.9724653959274292,0.0039056050591170788
3961,4,1,1,1.356224311166443e-05,0.999704897403717,0.00028155019390396774
3962,4,1,1,0.041508998721838,0.9559756517410278,0.002515401691198349
3963,3,1,0,0.582390308380127,0.15676645934581757,0.2608431875705719
3964,1,1,1,0.20020674169063568,0.5293237566947937,0.2704695165157318
3965,4,1,1,0.29425525665283203,0.6992303133010864,0.006514423526823521
3966,1,1,1,0.15814204514026642,0.7767786383628845,0.06507933884859085
3967,0,1,0,0.7735770344734192,0.09813457727432251,0.1282883733510971
3968,2,1,0,0.9579104781150818,0.021523265168070793,0.02056632936000824
3969,4,1,1,0.36078396439552307,0.5408084392547607,0.09840762615203857
3970,2,1,1,0.4393329322338104,0.5235820412635803,0.037085093557834625
3971,4,1,1,0.055444780737161636,0.9215453267097473,0.02300991117954254
3972,3,1,0,0.5756250619888306,0.020881088450551033,0.4034937918186188
3973,1,1,1,0.188125342130661,0.4679431915283203,0.34393149614334106
3974,2,1,1,0.10432182997465134,0.8893821239471436,0.006295996252447367
3975,2,1,1,0.0001738829887472093,0.9998182654380798,7.845914296922274e-06
3976,4,1,0,0.4213048815727234,0.19240702688694,0.3862881362438202
3977,2,1,1,0.01274050772190094,0.986292839050293,0.0009666992700658739
3979,0,1,1,0.03837509825825691,0.8342261910438538,0.12739874422550201
3980,1,1,0,0.43422096967697144,0.317641943693161,0.24813707172870636
3981,0,1,0,0.6876130700111389,0.2567967474460602,0.055590156465768814
3982,1,1,1,0.028939755633473396,0.9684004187583923,0.0026598216500133276
3983,4,1,0,0.8791502118110657,0.061838869005441666,0.05901089683175087
3984,2,1,1,0.11074289679527283,0.8850992918014526,0.004157842602580786
3985,2,1,1,0.0022397562861442566,0.9560847282409668,0.04167548567056656
3986,2,1,0,0.7266588807106018,0.06459851562976837,0.2087426632642746
3987,1,1,0,0.4262140989303589,0.2919619381427765,0.28182393312454224
3988,4,2,2,7.778662256896496e-05,7.935555913718417e-05,0.9998427629470825
3989,0,2,2,0.00037746227462776005,0.00023651505762245506,0.9993860721588135
3990,1,2,2,1.3129830222169403e-05,1.1052335139538627e-05,0.9999758005142212
3991,1,2,2,0.00015629050903953612,0.00046259743976406753,0.9993810653686523
3992,2,2,2,6.073875556467101e-05,0.0004517168563324958,0.9994875192642212
3993,1,2,2,0.00012523944315034896,0.00041657278779894114,0.9994582533836365
3994,4,2,2,6.192635191837326e-05,0.0003031048399861902,0.999634861946106
3995,4,2,0,0.6495336890220642,0.299446702003479,0.051019638776779175
3996,0,2,2,6.68750872137025e-05,0.0008765392121858895,0.9990565180778503
3997,1,2,2,0.3796870708465576,0.12916645407676697,0.4911465346813202
3999,1,2,2,0.00020770111586898565,0.0011344482190907001,0.9986578226089478
4004,2,2,2,0.24913030862808228,0.25708138942718506,0.49378830194473267
4005,4,2,2,4.0272836486110464e-05,0.0001947133569046855,0.9997649788856506
4006,0,2,2,0.00013177415530662984,0.0004806917277164757,0.9993875026702881
4007,3,2,2,8.090626579360105e-06,6.484780897153541e-05,0.9999270439147949
4009,2,2,2,3.1713021598989144e-05,0.00011085644655395299,0.9998574256896973
4010,0,2,2,0.0002556330873630941,0.00027889266493730247,0.9994654059410095
4011,1,2,2,2.696890805964358e-05,0.0002987197949551046,0.9996743202209473
4012,2,2,2,3.2553023629589006e-05,0.0003676059714052826,0.9995998740196228
4013,4,2,2,3.355685475980863e-05,7.657637615920976e-05,0.9998898506164551
4014,1,2,2,0.0005934530054219067,0.0026375590823590755,0.9967690706253052
4015,3,2,2,1.1860841368616093e-05,5.312285429681651e-05,0.9999349117279053
4016,4,2,2,2.6170606361120008e-05,0.00017099200340453535,0.9998027682304382
4017,0,2,2,0.00022401798923965544,0.00029035541228950024,0.9994856119155884
4018,4,2,2,2.9137216188246384e-05,8.2935526734218e-05,0.9998879432678223
4019,3,2,2,1.6330572179867886e-05,6.290653254836798e-05,0.9999207258224487
4020,4,2,2,7.49755126889795e-05,0.00039119954453781247,0.9995338916778564
4021,2,2,2,6.6633456299314275e-06,0.0001781475730240345,0.9998151659965515
4024,4,2,2,4.1155719372909516e-05,0.0012772290501743555,0.9986816048622131
4025,2,2,2,5.194027835386805e-05,0.00014877626381348819,0.9997993111610413
4026,3,2,2,8.74199304234935e-06,5.247852823231369e-05,0.9999388456344604
4027,0,2,2,0.0002978079719468951,0.00017352837312500924,0.9995287656784058
4028,2,2,2,4.5808523282175884e-05,8.401494415011257e-05,0.9998701810836792
4029,0,2,2,0.0004003666981589049,0.0007339702569879591,0.9988657236099243
4030,3,2,2,1.4969547009968664e-05,5.860535384272225e-05,0.9999263286590576
4031,0,2,2,0.0001708391500869766,0.00015669518325012177,0.9996724128723145
4032,0,2,2,0.000501370697747916,0.0005855655763298273,0.9989131689071655
4033,0,2,2,8.05761810624972e-05,0.00034264210262335837,0.99957674741745
4035,1,2,2,8.834012260194868e-05,0.0006712955073453486,0.9992402791976929
4036,0,2,2,0.0002261760673718527,0.0003509641101118177,0.9994229078292847
4037,3,2,2,1.9020864783669822e-05,6.469311483670026e-05,0.9999161958694458
4038,1,2,2,7.025221566436812e-05,0.0003066422650590539,0.9996230602264404
4039,0,2,2,0.00023644683824386448,0.00031120984931476414,0.9994522929191589
4040,1,2,2,6.787737947888672e-05,0.0003000647993758321,0.9996320009231567
4041,4,2,2,3.1000283343018964e-05,0.0001717300619930029,0.9997972846031189
4042,4,2,2,0.0001308138744207099,0.00026926255668513477,0.9995998740196228
4043,1,2,2,8.42111767269671e-05,0.00022743090812582523,0.9996883869171143
4044,0,2,2,0.00017407927953172475,0.0003966031363233924,0.9994292855262756
4045,0,2,2,0.00040188152343034744,0.00017119657422881573,0.9994269609451294
4046,2,2,2,3.4172142477473244e-05,0.00018252459994982928,0.9997833371162415
4047,1,2,2,0.00025113087031058967,0.0030942948069423437,0.9966545104980469
4049,4,2,2,4.437460665940307e-05,0.00013580778613686562,0.9998199343681335
4050,3,2,2,2.104350642184727e-05,0.0012994471471756697,0.9986794590950012
4052,3,2,2,2.157128074031789e-05,7.509747956646606e-05,0.9999033212661743
4053,2,2,2,3.214081152691506e-05,0.0003028672363143414,0.9996650218963623
4055,0,2,2,0.0002916199155151844,0.00038598800892941654,0.9993224143981934
4057,3,2,2,1.9768776837736368e-05,2.432415021758061e-05,0.9999558925628662
4060,3,2,2,1.15030852612108e-05,0.001818779855966568,0.9981696605682373
4061,4,2,2,0.00011690913379425183,0.0032726405188441277,0.9966104626655579
4062,2,2,1,0.14893607795238495,0.7403759956359863,0.11068789660930634
4063,0,2,2,6.727777508785948e-05,0.0006369552575051785,0.999295711517334
4064,2,2,2,3.253166869399138e-05,0.0001140072854468599,0.9998533725738525
4066,1,2,2,4.4751908717444167e-05,0.00012580845213960856,0.9998294115066528
4067,2,2,2,2.1843168724444695e-05,6.0908932937309146e-05,0.9999172687530518
4068,1,2,2,8.423403778579086e-05,0.00010003706847783178,0.9998157620429993
4069,1,2,2,4.136721145187039e-06,0.00019430811516940594,0.9998015761375427
4070,2,2,2,4.4720363803207874e-05,0.00010520241630729288,0.9998500347137451
4071,4,2,2,6.484552432084456e-05,6.533772102557123e-05,0.9998698234558105
4072,1,2,2,9.48717788560316e-05,5.097072062199004e-05,0.9998540878295898
4074,3,2,2,8.297456952277571e-05,3.6138968425802886e-05,0.9998809099197388
4075,3,2,2,7.19945237506181e-05,1.4952427591197193e-05,0.9999130964279175
4076,0,2,2,0.0002237017615698278,0.00011542269930941984,0.999660849571228
4077,2,2,2,4.510229337029159e-05,8.086847083177418e-05,0.9998741149902344
4078,0,2,2,0.00027143614715896547,0.0002551492943894118,0.999473512172699
4080,0,2,2,0.0003995128790847957,0.00039608150837011635,0.9992044568061829
4082,0,2,2,0.0002422966790618375,0.00019983806123491377,0.9995579123497009
4083,0,2,2,0.0002132887311745435,0.00019114773022010922,0.999595582485199
4084,1,2,2,3.601766002248041e-05,6.477801798610017e-05,0.9998992681503296
4086,1,2,2,7.850622932892293e-05,8.269128011306748e-05,0.9998387098312378
4087,2,2,2,3.5904802643926814e-05,8.082757267402485e-05,0.9998832941055298
4089,0,2,2,0.00043669945443980396,0.00019259238615632057,0.9993706345558167
4090,1,2,2,8.165674807969481e-05,0.00023330783005803823,0.9996850490570068
4092,2,2,2,3.9424663555109873e-05,4.156730210524984e-05,0.9999189376831055
4093,3,2,0,0.5946471095085144,0.29300785064697266,0.11234497278928757
4095,0,2,2,0.00019111853907816112,0.00012759245873894542,0.9996812343597412
4096,3,2,2,5.436824358184822e-05,5.875015995115973e-05,0.9998868703842163
4097,3,2,2,4.173235356574878e-05,1.805187639547512e-05,0.9999402761459351
4098,4,2,2,6.010237120790407e-05,0.00011431145685492083,0.999825656414032
4099,3,2,2,4.3874028051504865e-05,4.6512577682733536e-05,0.9999096393585205
4100,1,2,2,0.00011675590212689713,0.00019451830303296447,0.9996887445449829
4101,2,2,2,1.5931176676531322e-05,2.4022781872190535e-05,0.9999599456787109
4102,4,2,2,0.00010171980102313682,0.00010305359319318086,0.9997952580451965
4105,4,2,2,7.185446156654507e-05,4.17056362493895e-05,0.9998863935470581
4106,3,2,2,2.2940055714570917e-05,1.735062869556714e-05,0.9999597072601318
4107,0,2,2,0.0003451014345046133,0.0004244147858116776,0.9992305040359497
4108,3,2,2,8.70095900609158e-05,3.1346342439064756e-05,0.9998816251754761
4109,2,2,2,2.532137841626536e-05,4.738539792015217e-05,0.999927282333374
4111,0,2,2,0.000477704219520092,0.00035843419027514756,0.9991638660430908
4112,4,2,2,8.565554890083149e-05,1.670524761721026e-05,0.9998975992202759
4115,1,2,2,0.00016836103168316185,0.0002865155111066997,0.9995450377464294
4117,0,2,2,0.00016090532881207764,7.551469752797857e-05,0.999763548374176
4118,0,2,2,0.0001939483336172998,0.00012689213326666504,0.9996792078018188
4119,3,2,2,5.4353702580556273e-05,1.3491760000761133e-05,0.9999321699142456
4120,1,2,2,0.00019696801609825343,0.0002496319357305765,0.999553382396698
4121,2,2,2,3.726127033587545e-05,0.0001443816436221823,0.9998183846473694
4122,3,2,2,7.722244481556118e-05,0.0007739374996162951,0.9991488456726074
4123,0,2,2,0.0002905916189774871,0.0001963155227713287,0.9995130300521851
4124,2,2,2,1.7283942725043744e-05,7.618531526532024e-05,0.9999065399169922
4125,0,2,2,0.0007716417894698679,0.0004445069353096187,0.9987838864326477
4129,4,2,2,0.0001039326743921265,5.243566192802973e-05,0.9998435974121094
4130,4,2,2,7.371593528660014e-05,0.00011534529039636254,0.9998109936714172
4131,3,2,2,7.733072561677545e-05,1.863855322881136e-05,0.9999040365219116
4132,1,2,2,0.00012401011190377176,0.0009185461676679552,0.9989575147628784
4133,0,2,2,0.0003164574154652655,0.000113470341602806,0.9995700716972351
4134,2,2,2,2.5035260478034616e-05,0.00016658188542351127,0.9998083710670471
4135,1,2,2,9.58308191911783e-06,5.22014161106199e-05,0.9999382495880127
4136,2,2,2,5.242240149527788e-05,0.00010220769763691351,0.9998452663421631
4137,0,2,2,0.00030858124955557287,0.00024035722890403122,0.9994511008262634
4138,3,2,2,4.47400743723847e-05,9.459052671445534e-05,0.9998606443405151
4139,0,2,2,0.00030574380070902407,0.00035889525315724313,0.9993353486061096
4140,2,2,2,3.0122424504952505e-05,8.096674719126895e-05,0.9998888969421387
4141,4,2,2,5.604574107564986e-05,9.987803787225857e-05,0.9998440742492676
4142,2,2,2,2.989375570905395e-05,8.550214261049405e-05,0.9998846054077148
4143,2,2,2,1.5352346963481978e-05,0.0001584957353770733,0.9998261332511902
4144,2,2,2,1.2142001651227474e-05,8.497943781549111e-05,0.9999028444290161
4145,1,2,2,9.273257455788553e-05,0.00026318052550777793,0.9996440410614014
4146,0,2,2,0.0002889363677240908,0.00017117493553087115,0.999539852142334
4147,3,2,2,5.5633696320001036e-05,1.1076650480390526e-05,0.9999332427978516
4148,3,2,2,7.281759462784976e-05,2.4805367502267472e-05,0.9999023675918579
4149,0,2,2,0.00020291615510359406,0.0001486570981796831,0.9996484518051147
4150,1,2,2,0.00015900135622359812,0.00035258906427770853,0.9994884729385376
4151,0,2,2,0.00030990582308731973,0.00027101501473225653,0.999419093132019
4152,3,2,2,3.0153885745676234e-05,6.9292386797314975e-06,0.9999629259109497
4154,3,2,2,9.785344445845112e-05,3.40123733622022e-05,0.9998681545257568
4155,4,2,2,0.00016422398039139807,5.439284359454177e-05,0.9997814297676086
4156,0,2,2,4.115992123843171e-05,5.9268477343721315e-05,0.9998996257781982
4157,0,2,2,0.0002545053721405566,6.563697388628498e-05,0.9996798038482666
4158,1,2,2,0.0010095684556290507,0.0002292590361321345,0.9987611770629883
4159,4,2,0,0.6961614489555359,0.010933569632470608,0.2929050028324127
4160,3,2,2,5.6547629355918616e-05,9.618391231924761e-06,0.9999338388442993
4161,3,2,2,6.498279253719375e-05,9.700665032141842e-06,0.9999253749847412
4162,3,2,2,8.769983833190054e-05,3.0097353374003433e-05,0.9998821020126343
4163,1,2,2,0.0028202803805470467,0.03049127198755741,0.9666885137557983
4164,3,2,2,0.0002737658505793661,0.00010382875916548073,0.9996224641799927
4165,1,2,2,0.0009538146550767124,0.0008709912654012442,0.9981751441955566
4166,1,2,2,0.0013533866731449962,0.00029467366402968764,0.9983519315719604
4168,1,2,2,0.0014682788169011474,0.0013515411410480738,0.9971801042556763
4169,0,2,2,0.0003250611189287156,0.00011111216736026108,0.9995638728141785
4171,1,2,2,0.000333941075950861,0.0001254749804502353,0.9995405673980713
4172,0,2,2,4.30606996815186e-05,0.00037030671956017613,0.9995866417884827
4173,0,2,2,8.422585960943252e-05,5.971340215182863e-05,0.9998559951782227
4174,3,2,2,0.00019026057270821184,1.4987918802944478e-05,0.9997947812080383
4175,2,2,2,0.0007136855856515467,4.383798659546301e-05,0.9992425441741943
4176,0,2,2,9.706819400889799e-05,4.575339698931202e-05,0.9998571872711182
4177,0,2,2,5.388606950873509e-05,8.673037518747151e-05,0.9998593330383301
4178,4,2,2,0.0005973022198304534,5.6015185691649094e-05,0.9993466734886169
4179,3,2,2,0.05387382209300995,0.00319158798083663,0.9429346919059753
4180,3,2,0,0.579931378364563,0.07008719444274902,0.349981427192688
4181,1,2,2,0.001596151851117611,0.00031686181318946183,0.9980870485305786
4182,4,2,2,0.00019919897022191435,7.212699711089954e-05,0.9997287392616272
4183,4,2,2,0.00040287317824549973,4.226338569424115e-05,0.9995548129081726
4184,1,2,2,0.0004937867051921785,0.00024626433150842786,0.9992600083351135
4186,0,2,2,4.37631388194859e-05,4.245371383149177e-05,0.9999138116836548
4188,4,2,2,0.0003751895565073937,4.956743214279413e-05,0.9995751976966858
4189,4,2,2,0.0005405382253229618,8.028781303437427e-05,0.9993791580200195
4190,2,2,2,0.0012040050933137536,6.643024971708655e-05,0.9987295269966125
4192,1,2,2,0.004086622968316078,0.001833017566241324,0.9940803647041321
4193,1,2,2,0.0005166060873307288,0.0009283350082114339,0.9985550045967102
4194,1,2,2,0.0002595947007648647,0.00019461943884380162,0.9995457530021667
4195,2,2,2,0.0004018762556370348,4.140019154874608e-05,0.9995567202568054
4196,2,2,2,0.0009840321727097034,2.442094228172209e-05,0.9989915490150452
4197,0,2,2,8.739907207200304e-05,8.225846249843016e-05,0.9998303651809692
4198,0,2,2,0.00019997809431515634,4.530437945504673e-05,0.9997547268867493
4199,4,2,2,0.00019516459724400192,3.1056511943461373e-05,0.9997736811637878
4200,4,2,2,0.0003481548046693206,0.00024710388970561326,0.999404788017273
4201,0,2,2,2.7891748686670326e-05,2.458728340570815e-05,0.9999475479125977
4202,3,2,2,0.26955446600914,0.16051627695560455,0.5699292421340942
4203,4,2,2,0.0006045904592610896,8.89590082806535e-05,0.9993064403533936
4204,1,2,2,0.0016617454821243882,0.00017681859026197344,0.9981614947319031
4206,3,2,2,7.252344221342355e-05,1.6897385648917407e-05,0.9999105930328369
4207,1,2,2,0.0018235644092783332,0.0007615265203639865,0.9974148273468018
4208,0,2,2,3.578741234377958e-05,5.6060456699924543e-05,0.9999082088470459
4209,4,2,2,0.00012665278336498886,5.093227082397789e-05,0.9998224377632141
4210,2,2,2,0.00039720706990920007,4.5315016905078664e-05,0.9995575547218323
4211,1,2,2,0.003891426371410489,0.002277650870382786,0.9938309192657471
4213,4,2,2,0.00030712122679688036,4.5461511035682634e-05,0.9996474981307983
4214,1,2,2,0.0004364492779131979,0.0003357855312060565,0.99922776222229
4215,0,2,2,9.067535575013608e-05,3.256483614677563e-05,0.9998767375946045
4216,2,2,2,0.0003975826548412442,5.715803854400292e-05,0.999545156955719
4219,0,2,2,0.00015797271043993533,6.930403469596058e-05,0.999772846698761
4221,0,2,2,2.415741801087279e-05,4.310996155254543e-05,0.9999326467514038
4222,1,2,2,0.00010848847887245938,9.699243673821911e-05,0.9997945427894592
4223,1,2,2,0.00026340901968069375,0.0002450204046908766,0.9994915723800659
4224,4,2,2,0.000266232353169471,8.75618279678747e-05,0.9996461868286133
4225,2,2,2,0.0003512378316372633,9.66415464063175e-05,0.9995520710945129
4226,2,2,2,0.00040403541061095893,0.00014061632100492716,0.9994553923606873
4227,2,2,2,0.0003118202439509332,8.935325604397804e-05,0.9995988011360168
4229,2,2,2,0.0003022658929694444,0.00013284645683597773,0.9995648264884949
4230,0,2,2,6.0558020777534693e-05,4.474091838346794e-05,0.9998947381973267
4231,1,2,2,6.273479084484279e-05,0.00013808876974508166,0.9997991919517517
4233,2,2,2,0.0006454713875427842,0.001540015684440732,0.9978145360946655
4234,4,2,2,0.00014028801524545997,4.107482891413383e-05,0.9998186230659485
4235,1,2,1,0.15836569666862488,0.6024392247200012,0.2391950935125351
4236,1,2,0,0.7553963661193848,0.01909981109201908,0.22550375759601593
4237,3,2,2,0.00017693315749056637,0.00013144656259100884,0.9996916055679321
4238,2,2,0,0.9436691403388977,0.011599620804190636,0.0447312667965889
4239,0,2,2,7.027953688520938e-05,0.0002401890669716522,0.9996895790100098
4240,0,2,0,0.8784213066101074,0.04439304769039154,0.07718558609485626
4241,0,2,0,0.8286057114601135,0.020770849660038948,0.1506234109401703
4242,4,2,2,0.41846826672554016,0.0020749904215335846,0.5794567465782166
4243,2,2,2,1.3202829904912505e-05,0.0002657150325831026,0.9997209906578064
4244,3,2,2,0.37199050188064575,0.02096303552389145,0.6070464849472046
4245,2,2,0,0.8601557612419128,0.08905413746833801,0.05079016089439392
4246,1,2,2,0.24160119891166687,0.3111981749534607,0.44720062613487244
4247,0,2,2,6.013721213093959e-05,0.0001364939525956288,0.999803364276886
4248,0,2,2,8.035127393668517e-05,5.006191349821165e-05,0.9998695850372314
4250,2,2,2,1.1680127499857917e-05,0.00010037783067673445,0.9998879432678223
4251,2,2,2,7.91471466072835e-05,0.0010448555694893003,0.9988759160041809
4252,3,2,2,5.542564395000227e-05,0.0002961744321510196,0.9996484518051147
4253,2,2,2,7.367735815932974e-05,0.0007453983998857439,0.9991808533668518
4256,1,2,2,0.00012917550338897854,0.0008340679341927171,0.9990367889404297
4258,4,2,2,3.818323602899909e-05,5.0729304348351434e-05,0.9999110698699951
4259,2,2,2,1.977878127945587e-05,0.00013161687820684165,0.9998486042022705
4260,2,2,2,4.209790131426416e-05,0.00015987775987014174,0.9997981190681458
4262,4,2,2,0.0001146110735135153,0.000695911527145654,0.999189555644989
4264,2,2,2,8.159618118952494e-06,5.939711627434008e-05,0.9999325275421143
4265,4,2,2,1.59134669956984e-05,0.0011147639015689492,0.9988692402839661
4266,1,2,2,6.030937220202759e-05,0.0004666101885959506,0.9994731545448303
4268,2,2,2,4.9535381549503654e-05,0.0003981656045652926,0.9995521903038025
4270,2,2,2,9.91484776022844e-05,0.0001715726830298081,0.9997292160987854
4272,2,2,2,1.6508471162524074e-05,8.110695489449427e-05,0.9999024868011475
4274,1,2,2,2.0638000933104195e-05,0.00044427564716897905,0.999535083770752
4277,4,2,2,0.00010255342203890905,0.0007481559296138585,0.9991493225097656
4278,4,2,2,0.00010449992259964347,0.00035285091144032776,0.9995427131652832
4279,0,2,2,2.5295755676779663e-06,2.0632380255847238e-05,0.9999768733978271
4280,3,2,2,2.1965279302094132e-05,0.0005653839907608926,0.9994126558303833
4281,0,2,2,0.0003579209151212126,0.0016972633311524987,0.9979447722434998
4284,1,2,2,8.315820014104247e-05,0.0001931613514898345,0.9997236132621765
4285,2,2,2,8.177086419891566e-05,0.0001823756902012974,0.9997358918190002
4286,0,2,2,9.671871521277353e-05,0.0008220769232138991,0.9990812540054321
4287,2,2,2,2.1906045731157064e-05,0.00013407578808255494,0.999843955039978
4288,2,2,2,4.840624023927376e-05,0.0002197920111939311,0.9997318387031555
4289,4,2,2,0.00011709926184266806,0.0013374092523008585,0.9985455274581909
4290,0,2,2,0.0002850116288755089,6.721276440657675e-05,0.9996477365493774
4291,1,2,2,1.7604772438062355e-05,0.0003431663499213755,0.9996391534805298
4292,0,2,2,2.676742042240221e-06,3.0287596018752083e-05,0.999967098236084
4293,1,2,2,3.049764927709475e-06,0.00017522499547339976,0.9998217225074768
4294,3,2,2,3.593082874431275e-05,0.0001830511464504525,0.99978107213974
4295,1,2,2,1.0520484465814661e-05,6.622482760576531e-05,0.9999232292175293
4296,1,2,2,0.00016565517580602318,0.00045179843436926603,0.9993826150894165
4297,4,2,2,9.174043225357309e-05,0.00011278240708634257,0.9997954964637756
4298,0,2,2,7.751884550089017e-05,0.0001865274680312723,0.9997360110282898
4299,0,2,2,0.00013177457731217146,0.000870078569278121,0.9989981055259705
4302,3,2,2,8.458060619886965e-05,0.002610561205074191,0.9973049163818359
4303,1,2,2,6.266649870667607e-05,0.0001573392073623836,0.999779999256134
4304,3,2,2,8.241261093644425e-05,0.0021178435999900103,0.9977996945381165
4305,3,2,2,1.9420906028244644e-05,0.000530931050889194,0.9994496703147888
4306,3,2,2,0.00025940139312297106,6.338283856166527e-05,0.9996771812438965
4307,1,2,2,3.9029975596349686e-05,0.0006505554774776101,0.9993103742599487
4308,0,2,2,0.00016568475984968245,0.00019112748850602657,0.9996432065963745
4309,4,2,2,2.8574380849022418e-05,0.0007747263298369944,0.9991967082023621
4310,0,2,2,0.0009381891577504575,0.0004144827544223517,0.9986472725868225
4311,1,2,2,3.2888826808630256e-06,4.896466634818353e-05,0.9999476671218872
4312,2,2,2,0.0003095355350524187,0.0002702449564822018,0.9994202852249146
4313,4,2,2,5.064757351647131e-05,0.0006605921662412584,0.99928879737854
4314,0,2,2,0.01429576426744461,0.012874000705778599,0.9728302359580994
4315,4,2,2,0.00030042737489566207,2.5365861802129075e-05,0.9996742010116577
4316,1,2,2,2.7590385798248462e-05,3.8374491850845516e-05,0.9999340772628784
4317,4,2,2,0.0006130505935288966,0.000895436794962734,0.9984915256500244
4318,3,2,2,0.002427584258839488,0.001357072382234037,0.9962154030799866
4319,1,2,2,0.00018480261496733874,0.003864186815917492,0.9959509372711182
4320,3,2,2,0.00015323850675486028,0.00021965018822811544,0.9996271133422852
4321,4,2,2,3.0658422474516556e-05,4.110065128770657e-05,0.9999282360076904
4322,0,2,2,0.00013791964738629758,8.947274181991816e-05,0.9997726082801819
4323,0,2,2,3.112646299996413e-05,8.467587758786976e-05,0.9998842477798462
4324,2,2,2,0.00016760981816332787,0.0002627594512887299,0.9995695948600769
4325,3,2,2,2.1026575268479064e-05,0.0002704170474316925,0.9997085928916931
4326,2,2,2,5.822755701956339e-05,8.748438267502934e-05,0.9998542070388794
4327,1,2,2,0.00015730952145531774,0.0013507893308997154,0.9984918832778931
4328,3,2,2,1.4863184333080426e-05,5.205160778132267e-05,0.9999330043792725
4329,0,2,2,0.0003532779810484499,0.0007807354559190571,0.9988659620285034
4330,2,2,2,1.4283959899330512e-05,0.0003607427061069757,0.9996249675750732
4331,1,2,2,3.586625825846568e-05,0.0010076308390125632,0.998956561088562
4332,3,2,2,9.56348503677873e-06,0.00012435074313543737,0.9998661279678345
4333,1,2,2,0.00030136440182104707,0.0001565709535498172,0.9995421171188354
4334,3,2,2,9.116202818404417e-06,2.138330637535546e-05,0.9999696016311646
4335,1,2,2,0.0001173769123852253,0.00018679660570342094,0.999695897102356
4336,3,2,2,5.740651431551669e-06,0.00013445039803627878,0.9998598098754883
4337,4,2,2,0.0009569443645887077,0.005957368761301041,0.9930857419967651
4338,0,2,2,0.0001458136975998059,4.816944056074135e-05,0.9998061060905457
4339,3,2,2,0.000232183956541121,1.0614054190227762e-05,0.9997572302818298
4340,3,2,2,0.004307691007852554,0.0008979749982245266,0.9947943091392517
4342,4,2,2,6.77535281283781e-05,3.992528218077496e-05,0.9998923540115356
4343,0,2,2,6.106177170295268e-05,0.00033742113737389445,0.9996015429496765
4344,1,2,2,9.966731886379421e-05,7.209613977465779e-05,0.9998282194137573
4345,4,2,2,0.00017678303993307054,2.5913694116752595e-05,0.9997974038124084
4347,4,2,2,0.00015524457558058202,0.0007094389293342829,0.999135434627533
4348,2,2,2,5.058181614003843e-06,0.0002331418072571978,0.9997618794441223
4349,0,2,2,0.00012624163355212659,0.0002827048592735082,0.9995911717414856
4351,0,2,2,0.00048673409037292004,0.00020373005827423185,0.9993095397949219
4352,1,2,0,0.5790038108825684,0.11837170273065567,0.30262455344200134
4353,4,2,2,0.00010266114259138703,0.0029069725424051285,0.9969903230667114
4354,1,2,0,0.8356156945228577,0.0408908873796463,0.12349336594343185
4356,4,2,2,0.00010465274681337178,0.00019116322800982744,0.9997041821479797
4357,1,2,2,5.039565803599544e-05,0.0011244115885347128,0.9988252520561218
4358,2,2,2,0.00033609761158004403,0.00021701809600926936,0.9994469285011292
4361,3,2,2,9.42250517255161e-06,2.1071651644888334e-05,0.999969482421875
4363,2,2,2,1.9622872059699148e-05,4.040268686367199e-05,0.9999399185180664
4364,0,2,2,0.0009576925658620894,0.007145739160478115,0.9918965697288513
4366,0,2,2,7.933471351861954e-05,0.00016298636910505593,0.9997575879096985
4367,1,2,2,0.0005195059347897768,0.0009916495764628053,0.9984887838363647
4368,2,2,2,0.0017214638646692038,0.00010517112241359428,0.9981733560562134
4369,0,2,2,0.00014413507597055286,0.0003942029143217951,0.9994615912437439
4370,2,2,2,6.505488272523507e-05,3.174636367475614e-05,0.9999032020568848
4371,0,2,2,0.00012536888243630528,9.21830942388624e-05,0.9997825026512146
4372,3,2,2,0.004862704314291477,0.0003935844579245895,0.9947437047958374
4373,1,2,2,0.00013208527525421232,0.00037194485776126385,0.9994958639144897
4374,3,2,2,4.92400758957956e-05,0.0004470677231438458,0.9995037317276001
4375,1,2,2,2.0314960238465574e-06,0.0004870608972851187,0.9995108842849731
4377,0,2,2,9.54432034632191e-05,0.00043875243864022195,0.9994658827781677
4379,1,2,1,0.05133380368351936,0.7007476687431335,0.247918501496315
4381,1,2,1,0.14594131708145142,0.6348697543144226,0.21918894350528717
4383,4,2,2,3.4589178540045395e-05,0.0029802056960761547,0.9969852566719055
4384,3,2,2,1.6801517631392926e-05,0.00011080461990786716,0.9998723268508911
4386,4,2,2,0.0014962322311475873,8.628765499452129e-05,0.9984174966812134
4387,4,2,2,1.433050783816725e-05,0.0007139137014746666,0.999271810054779
4388,3,2,2,0.0001444582303520292,0.00034027715446427464,0.9995152950286865
4390,4,2,2,0.0013772840611636639,0.004536151885986328,0.9940866231918335
4395,3,2,2,2.1333493350539356e-05,8.387914567720145e-05,0.9998947381973267
4396,0,2,2,0.00013315609248820692,0.0002580008585937321,0.9996089339256287
4398,2,2,2,0.0003872987872455269,5.945888005953748e-06,0.9996067881584167
4399,2,2,2,7.631762127857655e-05,0.00010645292786648497,0.9998173117637634
4400,1,2,2,2.326330286450684e-05,5.691581827704795e-05,0.9999198913574219
4402,1,2,2,1.888037695607636e-05,0.00016658545064274222,0.9998145699501038
4403,2,2,2,7.001387712080032e-05,0.0003779945254791528,0.9995519518852234
4404,1,2,2,0.00013084236707072705,0.0009942728793248534,0.998874843120575
4406,4,2,2,0.3012581467628479,0.09180764108896255,0.6069341897964478
4407,2,2,2,0.00031315445085056126,0.0009255544282495975,0.9987612962722778
4408,0,2,2,6.375712837325409e-05,0.0014338783221319318,0.9985023736953735
4409,0,2,2,0.0002264575014123693,0.00023912929464131594,0.9995343685150146
4410,2,2,2,8.591356163378805e-06,0.0002669409441296011,0.9997244477272034
4412,4,2,2,1.2875646461907309e-05,0.00047810308751650155,0.9995089769363403
4414,3,2,2,1.1065251783293206e-05,5.8178553445031866e-05,0.999930739402771
4415,3,2,2,0.0006144705112092197,0.0029949131421744823,0.9963906407356262
4416,2,2,2,5.2941184549126774e-05,2.763386646620347e-06,0.9999443292617798
4417,3,2,2,0.00020939930982422084,1.0750131878012326e-05,0.9997798800468445
4418,2,2,2,5.2941184549126774e-05,2.763386646620347e-06,0.9999443292617798
4419,4,2,2,0.0007181508699432015,0.0005478669772855937,0.9987339377403259
4420,2,2,2,0.00031752450740896165,4.00304670620244e-05,0.9996423721313477
4421,4,2,2,0.0005074013024568558,0.0004105672996956855,0.999082088470459
4422,0,2,2,7.919236668385565e-05,9.382576536154374e-05,0.9998270869255066
4423,4,2,2,0.0002022643748205155,2.9734977943007834e-05,0.999768078327179
4424,3,2,2,1.3179946108721197e-05,4.453295696293935e-05,0.9999421834945679
4426,3,2,2,1.661178976064548e-05,0.00019137811614200473,0.9997920393943787
4427,1,2,2,2.1063844542368315e-05,0.00018453487427905202,0.9997944235801697
4430,4,2,0,0.49653664231300354,0.059150394052267075,0.4443129897117615
4432,0,2,0,0.5223528146743774,0.2724844217300415,0.20516271889209747
4433,4,2,2,9.612185385776684e-05,0.00025351846124976873,0.9996503591537476
4434,2,2,2,1.4827837730990723e-05,0.0003140932531096041,0.9996711015701294
4435,1,2,2,6.412404763977975e-05,0.0005273093702271581,0.9994086027145386
4436,0,2,2,8.58126350067323e-06,0.00021612389537040144,0.9997753500938416
4437,4,2,2,0.001491145696491003,8.81367814145051e-05,0.9984207153320312
4438,4,2,2,1.3984421457280405e-05,0.0008031760808080435,0.9991828799247742
4439,1,2,2,0.00012032569793518633,0.00010444949293741956,0.999775230884552
4440,1,2,2,0.00016271091590169817,0.0005913479835726321,0.9992460012435913
4442,2,2,2,5.2941184549126774e-05,2.763386646620347e-06,0.9999443292617798
4443,0,2,2,9.80814074864611e-05,5.302852059685392e-06,0.9998966455459595
4444,3,2,2,0.006074691191315651,0.0009677606867626309,0.9929574728012085
4445,0,2,2,0.001075964537449181,0.000866491231136024,0.9980575442314148
4446,0,2,2,0.00011013097537215799,0.0002762486401479691,0.9996137022972107
4447,3,2,2,0.00015362109115812927,0.00024336250498890877,0.9996030926704407
4448,3,2,2,8.94507047632942e-06,3.311329783173278e-05,0.9999579191207886
4449,2,2,2,0.0008166870684362948,8.118585355987307e-06,0.9991751313209534
4450,2,2,2,7.987130084075034e-05,7.649328472325578e-05,0.9998435974121094
4452,4,2,2,1.1292916497041006e-05,0.0009394153021275997,0.9990492463111877
4456,4,2,2,4.501979492488317e-05,0.000540118315257132,0.9994149208068848
4458,1,2,2,1.8875614841817878e-05,1.745840381772723e-05,0.9999637603759766
4460,0,2,2,0.008317692205309868,0.0047148424200713634,0.9869675040245056
4461,2,2,2,0.0009524107445031404,0.0041109491139650345,0.9949365854263306
4462,3,2,2,1.919420901685953e-05,0.00012112524564145133,0.9998596906661987
4463,0,2,2,0.00011502015695441514,0.00014345839736051857,0.9997414946556091
4464,2,2,2,1.314513610850554e-05,0.00011904812708962709,0.9998677968978882
4465,3,2,2,0.004607391078025103,0.00045806614798493683,0.994934618473053
4467,3,2,2,4.7966826969059184e-05,0.00021262031805235893,0.9997394680976868
4468,0,2,2,2.352280898776371e-05,0.0001221992279170081,0.999854326248169
4469,4,2,2,3.8738042348995805e-05,8.603652531746775e-05,0.9998751878738403
4470,0,2,2,9.54432034632191e-05,0.00043875243864022195,0.9994658827781677
4471,4,2,2,3.518357334542088e-05,5.0549911975394934e-05,0.999914288520813
4472,4,2,0,0.4957551956176758,0.4622569978237152,0.04198777303099632
4474,3,2,0,0.9064494967460632,0.02172311395406723,0.0718274861574173
4475,1,2,2,0.39258483052253723,0.05855896323919296,0.5488561987876892
4476,2,2,0,0.815839946269989,0.1053747609257698,0.07878533005714417
4478,0,2,1,0.420046865940094,0.5178421139717102,0.06211106851696968
4479,1,2,0,0.7662010192871094,0.05216298997402191,0.18163591623306274
4480,1,2,2,4.1582803532946855e-05,0.0001242612925125286,0.9998340606689453
4481,0,2,2,4.847916352446191e-05,0.0007376764551736414,0.9992138147354126
4482,4,2,2,6.403890438377857e-05,0.0003437460109125823,0.9995922446250916
4483,4,2,2,3.091489270445891e-05,0.0008050496107898653,0.9991639852523804
4484,1,2,2,0.0008842396200634539,8.678495942149311e-05,0.9990289211273193
4485,0,2,2,1.4042926522961352e-05,6.454284448409453e-05,0.999921441078186
4486,2,2,2,0.00020900825620628893,0.00014947977615520358,0.9996415376663208
4487,0,2,2,0.00014638749416917562,0.00020378096087370068,0.9996498823165894
4488,4,2,2,0.0009026011684909463,0.00592107092961669,0.993176281452179
4489,4,2,2,0.00030580919701606035,2.3097019948181696e-05,0.9996711015701294
4490,4,2,2,0.00025945890229195356,4.6679822844453156e-05,0.9996938705444336
4491,2,2,2,0.0005366065306589007,0.00016518919437658042,0.999298095703125
4492,4,2,2,0.0016118318308144808,0.0015196824679151177,0.9968684315681458
4493,0,2,2,0.00021107305656187236,0.000644872197881341,0.9991440773010254
4494,2,2,2,8.081219857558608e-05,3.631156505434774e-05,0.9998828172683716
4495,4,2,2,3.298469164292328e-05,8.854562474880368e-05,0.9998784065246582
4496,1,2,2,0.09745308011770248,0.0024467473849654198,0.9001001119613647
4497,0,2,2,3.718564403243363e-05,7.918507617432624e-05,0.9998836517333984
4498,1,2,2,1.9720902855624445e-05,8.862595132086426e-05,0.9998916387557983
4499,2,2,2,5.34374657945591e-06,0.00027490442153066397,0.9997196793556213
4500,3,2,2,1.600281939317938e-05,4.8856352805159986e-05,0.9999351501464844
4501,4,2,2,5.503504507942125e-05,0.0004954594769515097,0.9994494318962097
4502,4,2,2,3.6351037124404684e-05,4.7252709919121116e-05,0.9999164342880249
4503,2,2,0,0.7353752851486206,0.23415978252887726,0.030464928597211838
4506,3,2,0,0.9188039898872375,0.018094152212142944,0.06310191005468369
4507,1,2,0,0.6585473418235779,0.15273168683052063,0.1887209415435791
4508,4,2,0,0.924250066280365,0.005754349287599325,0.06999567151069641
4510,4,2,2,0.4101981520652771,0.05693657323718071,0.5328652858734131
4511,3,2,0,0.7165021896362305,0.2435339093208313,0.039963871240615845
4513,1,2,0,0.983817994594574,0.007739549037069082,0.008442402817308903
4514,4,2,0,0.5907850861549377,0.027089325711131096,0.382125586271286
4515,0,2,0,0.8867907524108887,0.08496202528476715,0.028247201815247536
4516,3,2,0,0.9876132011413574,0.0014220781158655882,0.010964634828269482
4517,3,2,2,0.0004878134641330689,0.21958570182323456,0.7799264192581177
4518,3,2,0,0.7883250117301941,0.015748968347907066,0.19592604041099548
4519,2,2,1,0.32295969128608704,0.564407467842102,0.11263282597064972
4520,0,2,2,0.00021833580103702843,0.0006668324931524694,0.9991148114204407
4521,4,2,2,4.149913365836255e-05,0.004056528676301241,0.995901882648468
4522,2,2,2,0.00027218551258556545,0.00020019484509248286,0.9995276927947998
4523,4,2,2,3.2889234717004e-05,0.0009568767272867262,0.9990102052688599
4525,1,2,2,4.172699846094474e-06,5.74567930016201e-05,0.9999383687973022
4526,1,2,2,0.00011909273598575965,9.136566222878173e-05,0.9997895359992981
4527,4,2,2,7.333069515880197e-05,0.000977701973170042,0.9989489912986755
4528,3,2,2,0.07915721088647842,0.03004293702542782,0.8907997608184814
4529,3,2,2,1.7954596842173487e-05,1.5032101146061905e-05,0.9999669790267944
4530,3,2,2,0.00021160811593290418,1.0699021004256792e-05,0.9997777342796326
4531,3,2,2,0.00565495016053319,0.0011091125197708607,0.9932360053062439
4532,0,2,2,0.0006445492035709321,0.0006438644486479461,0.9987115859985352
4533,4,2,2,6.155834853416309e-05,4.1424002120038494e-05,0.9998970031738281
4534,1,2,2,0.00011069722677348182,0.0001225505257025361,0.9997667670249939
4536,0,2,2,8.694994903635234e-05,0.00016114501340780407,0.9997518658638
4537,2,2,2,0.0001705988252069801,0.0002999716089107096,0.9995293617248535
4538,3,2,2,4.240415364620276e-05,0.00018754860502667725,0.9997699856758118
4539,1,2,2,1.6579399471083889e-06,0.000803993025328964,0.999194324016571
4541,0,2,2,9.370227780891582e-05,0.00043777667451649904,0.9994686245918274
4542,2,2,2,4.8024281568359584e-05,0.000324899418046698,0.9996271133422852
4543,4,2,2,0.19302409887313843,0.2648833990097046,0.542092502117157
4544,0,2,0,0.9166592359542847,0.028878187760710716,0.05446267127990723
4545,4,2,0,0.9202159643173218,0.022385088726878166,0.05739898234605789
4546,0,2,0,0.8794248700141907,0.008416564203798771,0.11215855181217194
4547,4,2,1,0.37098559737205505,0.41392722725868225,0.2150871455669403
4548,4,2,2,0.05908907577395439,0.002644420601427555,0.9382664561271667
4549,0,2,0,0.6053597331047058,0.037601783871650696,0.3570384979248047
4550,4,2,1,0.37098559737205505,0.41392722725868225,0.2150871455669403
4551,0,2,0,0.49789589643478394,0.032480139285326004,0.469623863697052
4552,2,2,0,0.540263831615448,0.042006805539131165,0.4177294075489044
4553,1,2,2,0.3979809582233429,0.1194310262799263,0.482587993144989
4554,0,2,0,0.9166592359542847,0.028878187760710716,0.05446267127990723
4556,4,2,2,0.05908907577395439,0.002644420601427555,0.9382664561271667
4557,1,2,0,0.6728942394256592,0.18066613376140594,0.14643962681293488
4558,4,2,0,0.883667528629303,0.04284634068608284,0.07348610460758209
4559,4,2,0,0.7966412901878357,0.05891823023557663,0.14444048702716827
4560,2,2,2,0.00013877292803954333,0.0006906993803568184,0.9991705417633057
4563,0,2,2,9.139062058238778e-06,0.00014123001892585307,0.9998495578765869
4564,3,2,2,0.008058563806116581,0.0005537716788239777,0.991387665271759
4566,3,2,2,0.00014112965436652303,0.0007464207010343671,0.9991124272346497
4567,2,2,2,2.4401742848567665e-05,6.111666152719408e-05,0.9999144077301025
4568,1,2,2,0.029001904651522636,0.012313593178987503,0.9586845636367798
4569,1,2,2,1.387817337672459e-05,1.8755905330181122e-05,0.9999674558639526
4570,1,2,2,2.8579041099874303e-05,1.6768817658885382e-05,0.9999545812606812
4571,2,2,2,0.003836983349174261,0.001089377561584115,0.9950736165046692
4572,0,2,2,9.70322362263687e-05,0.0001482825173297897,0.9997547268867493
4573,1,2,2,0.0009526224457658827,0.005779316648840904,0.9932680726051331
4574,2,2,2,0.00012358826643321663,0.00014978359104134142,0.9997265934944153
4575,3,2,2,7.258606729010353e-06,2.1408133761724457e-05,0.9999712705612183
4576,1,2,2,0.16329993307590485,0.001990344375371933,0.8347097635269165
4578,1,2,2,6.225662946235389e-05,0.0001584576239110902,0.9997792840003967
4579,0,2,2,1.777229772415012e-05,0.00027748715365305543,0.9997047781944275
4580,4,2,2,4.172398257651366e-05,7.748482312308624e-05,0.9998807907104492
4581,1,2,2,9.09188820514828e-05,0.0008355472818948328,0.9990735054016113
4582,1,2,2,0.00014428301074076444,0.0010023544309660792,0.998853325843811
4583,3,2,0,0.6975392699241638,0.15139007568359375,0.15107063949108124
4584,2,2,0,0.9101387858390808,0.04747236892580986,0.0423889234662056
4585,2,2,0,0.8877695202827454,0.010344441048800945,0.1018860712647438
4586,2,2,1,0.11944060772657394,0.8453366756439209,0.035222746431827545
4587,0,2,2,0.0853700041770935,0.08319102972745895,0.8314389586448669
4590,1,2,0,0.716577410697937,0.13523392379283905,0.14818866550922394
4591,4,2,2,0.039278704673051834,0.019111786037683487,0.9416095018386841
4596,0,2,0,0.7952786684036255,0.12479525804519653,0.07992605119943619
4597,3,2,0,0.8111015558242798,0.04798928648233414,0.1409090906381607
4598,2,2,0,0.710015594959259,0.17916414141654968,0.1108202338218689
4600,3,2,0,0.6713370680809021,0.03375242277979851,0.2949105203151703
4601,2,2,0,0.8494899868965149,0.1423775553703308,0.008132502436637878
4602,3,2,0,0.7970995306968689,0.003684569615870714,0.1992158740758896
4603,2,2,0,0.37735211849212646,0.28909486532211304,0.3335530161857605
4604,1,2,0,0.5111332535743713,0.20437294244766235,0.2844938039779663
4605,3,2,2,0.00045694166328758,0.20306313037872314,0.7964798808097839
4606,4,2,0,0.9778739809989929,0.0013845156645402312,0.02074146457016468
4607,4,2,2,0.015370374545454979,0.017560048028826714,0.9670695662498474
4609,2,2,2,1.8213901057606563e-05,0.00039859054959379137,0.9995831847190857
4610,1,2,2,2.6268986403010786e-05,0.00040519950562156737,0.999568521976471
4611,3,2,2,1.4411151823878754e-05,0.0001663825096329674,0.9998192191123962
4612,1,2,2,0.0008663180633448064,0.00031829465297050774,0.9988154172897339
4613,0,2,2,9.017697266244795e-06,4.630339753930457e-05,0.9999446868896484
4614,0,2,2,0.0025104214437305927,0.00035964002017863095,0.9971298575401306
4615,3,2,2,8.521040399500635e-06,5.192577009438537e-05,0.9999395608901978
4616,2,2,2,0.0011283194180577993,0.0027974515687674284,0.9960743188858032
4617,2,2,2,4.9368460167897865e-05,2.2282888494373765e-06,0.9999483823776245
4618,2,2,2,0.000653292634524405,2.278764213770046e-06,0.9993444085121155
4619,0,2,2,0.00207263114862144,0.00047374569112434983,0.9974536299705505
4620,3,2,2,0.001627215533517301,0.0007739803404547274,0.9975988268852234
4621,4,2,2,4.1470473661320284e-05,5.990000499878079e-05,0.9998985528945923
4622,0,2,2,3.651115912362002e-05,0.0002677503798622638,0.9996957778930664
4623,4,2,2,3.1222552934195846e-05,0.00010731202928582206,0.999861478805542
4624,1,2,2,0.04492313414812088,0.0011100819101557136,0.9539667963981628
4625,4,2,2,4.4065403926651925e-05,0.00015987774531822652,0.9997960925102234
4626,0,2,2,2.8423504772945307e-05,7.274126983247697e-05,0.9998989105224609
4627,2,2,2,4.3689633457688615e-06,0.00017531533376313746,0.9998202919960022
4628,1,2,2,1.0036440471594688e-05,0.0001571127213537693,0.9998328685760498
4629,2,2,2,4.9238216888625175e-05,0.00016920948110055178,0.9997815489768982
4630,1,2,2,0.00010827455844264477,0.0011765304952859879,0.9987152814865112
4631,1,2,0,0.7998875379562378,0.016248522326350212,0.18386393785476685
4632,3,2,0,0.6231789588928223,0.020405186340212822,0.35641583800315857
4635,2,2,0,0.9206259250640869,0.010710122063755989,0.06866391748189926
4636,3,2,2,0.0011064937571063638,0.017869045957922935,0.9810245037078857
4637,2,2,0,0.8151015639305115,0.16827727854251862,0.016621101647615433
4638,3,2,0,0.5777243971824646,0.002102069091051817,0.4201735854148865
4639,1,2,0,0.6552918553352356,0.1980157345533371,0.1466923952102661
4640,4,2,0,0.8769158720970154,0.02279837243258953,0.10028575360774994
4641,1,2,2,0.0003422972222324461,0.0016730742063373327,0.9979846477508545
4642,2,2,1,0.3524651825428009,0.6293782591819763,0.018156513571739197
4643,0,2,0,0.6069437265396118,0.09600884467363358,0.2970474362373352
4644,3,2,0,0.9720271825790405,0.003337865462526679,0.024634914472699165
4646,0,2,0,0.4858055114746094,0.46884647011756897,0.0453479140996933
4647,2,2,0,0.8185994029045105,0.051597628742456436,0.12980298697948456
4648,0,2,0,0.6521815657615662,0.13702726364135742,0.21079111099243164
4649,0,2,0,0.6946585178375244,0.1447279304265976,0.16061356663703918
4650,1,2,2,0.42779701948165894,0.11605212837457657,0.4561507999897003
4651,4,2,1,0.09515030682086945,0.8832892775535583,0.021560460329055786
4652,0,2,0,0.5263442397117615,0.027100561186671257,0.4465551972389221
4653,1,2,0,0.7333297729492188,0.020127125084400177,0.24654307961463928
4655,2,2,0,0.8543109893798828,0.018508484587073326,0.12718051671981812
4656,3,2,0,0.47141724824905396,0.3563997745513916,0.17218291759490967
4658,4,2,2,0.002671529073268175,0.33639097213745117,0.660937488079071
4659,4,2,2,0.23925741016864777,0.059146005660295486,0.7015965580940247
4660,4,2,0,0.9541734457015991,0.008857143111526966,0.03696950152516365
4662,3,2,0,0.7325426340103149,0.05785995349287987,0.20959743857383728
4664,0,2,0,0.8540205359458923,0.10038953274488449,0.04558994248509407
4665,3,2,0,0.8402497172355652,0.028772955760359764,0.13097727298736572
4666,2,2,0,0.43984270095825195,0.20909738540649414,0.35105982422828674
4668,3,2,0,0.7988035082817078,0.12361574918031693,0.07758065313100815
4669,2,2,0,0.788621187210083,0.17806491255760193,0.03331393003463745
4671,1,2,2,0.11990274488925934,0.17292793095111847,0.7071692943572998
4672,1,2,0,0.8171069025993347,0.029598018154501915,0.1532951146364212
4673,0,2,2,0.17835617065429688,0.0018819094402715564,0.8197618126869202
4675,4,2,2,3.501789615256712e-05,0.002761158859357238,0.9972038269042969
4676,2,2,2,0.00030399346724152565,0.0002294004225404933,0.9994667172431946
4677,1,2,2,3.3194182833540253e-06,0.00017993884102907032,0.9998167157173157
4678,2,2,2,0.0016154812183231115,1.3761552509095054e-05,0.9983707070350647
4680,4,2,2,0.00017291007679887116,0.0007498332997784019,0.9990772008895874
4681,1,2,2,0.00025146943517029285,0.0006952285184524953,0.9990532994270325
4683,0,2,2,0.00012111377145629376,0.00015777019143570215,0.999721109867096
4684,2,2,2,0.0006697280914522707,6.793829925300088e-06,0.9993234872817993
4685,4,2,2,0.0028411473613232374,0.002075262600556016,0.9950835704803467
4686,4,2,2,0.0007403122144751251,0.0007165027200244367,0.9985432624816895
4687,2,2,2,0.00013761404261458665,1.925516153278295e-05,0.9998430013656616
4688,1,2,2,7.040166383376345e-05,0.00013378234871197492,0.9997958540916443
4689,1,2,2,4.26786245952826e-05,6.508966907858849e-05,0.9998922348022461
4690,2,2,2,0.0003956887230742723,6.518797363241902e-06,0.9995977282524109
4691,3,2,2,2.7221569325774908e-05,7.93020153651014e-05,0.9998935461044312
4692,4,2,2,0.00012312884791754186,0.0006908292998559773,0.9991859793663025
4694,2,2,2,5.684655479853973e-05,0.00013949214189779013,0.9998037219047546
4695,0,2,2,3.686515265144408e-05,0.0002048063324764371,0.9997584223747253
4696,2,2,2,2.0281082470319234e-05,0.00019487347162794322,0.9997848868370056
4697,2,2,0,0.925812840461731,0.029589951038360596,0.044597163796424866
4698,0,2,0,0.8822041153907776,0.09374363720417023,0.024052321910858154
4699,3,2,0,0.7141407132148743,0.016315771266818047,0.2695435881614685
4700,1,2,2,0.26878172159194946,0.005286468658596277,0.7259318232536316
4702,0,2,0,0.9071566462516785,0.04451063647866249,0.04833277687430382
4704,1,2,2,0.0076519399881362915,0.000244162161834538,0.9921039342880249
4705,0,2,2,0.03481120988726616,0.0139646977186203,0.951224148273468
4707,2,2,0,0.8809903860092163,0.012130669318139553,0.10687895864248276
4708,0,2,0,0.9002238512039185,0.044940099120140076,0.05483608320355415
4709,1,2,0,0.8527750372886658,0.018889116123318672,0.12833592295646667
4710,2,2,0,0.9785224795341492,0.008083179593086243,0.013394287787377834
4711,1,2,0,0.8875325322151184,0.0661095529794693,0.04635794088244438
4712,3,2,1,0.054268728941679,0.49327853322029114,0.452452689409256
4713,2,2,0,0.7719885110855103,0.0028679990209639072,0.22514350712299347
4714,0,2,2,0.02314790152013302,0.0845290869474411,0.8923230767250061
4715,4,2,0,0.5555480122566223,0.09935023635625839,0.3451016843318939
4716,1,2,1,0.15479423105716705,0.5665274858474731,0.2786782681941986
4717,3,2,0,0.7620805501937866,0.07607331871986389,0.1618461012840271
4718,2,2,0,0.8180479407310486,0.1583692729473114,0.023582786321640015
4719,2,2,0,0.8110374212265015,0.07505350559949875,0.11390905827283859
4720,4,2,0,0.8965699672698975,0.023182380944490433,0.08024770766496658
4722,0,2,0,0.8677871227264404,0.0760970190167427,0.05611589550971985
4724,0,2,0,0.9553835988044739,0.006783307995647192,0.037833135575056076
4725,1,2,2,0.06746181845664978,0.08771517872810364,0.8448230624198914
4726,0,2,2,0.02314790152013302,0.0845290869474411,0.8923230767250061
4727,4,2,0,0.7467854619026184,0.04297061637043953,0.21024394035339355
4728,1,2,2,0.3868575394153595,0.0737529993057251,0.539389431476593
4729,0,2,0,0.8755913376808167,0.04468614608049393,0.07972254604101181
4730,3,2,0,0.8030061721801758,0.09341651946306229,0.10357729345560074
4734,3,2,2,5.8801255363505334e-05,0.000161566655151546,0.9997796416282654
4735,3,2,2,1.5774454368511215e-05,8.280915790237486e-05,0.9999014139175415
4736,3,2,2,1.2929956938023679e-05,0.00017909036250784993,0.9998080134391785
4737,4,2,2,0.0026640337891876698,0.00020594224042724818,0.9971299767494202
4739,0,2,2,0.00048731311107985675,0.0002168315986637026,0.9992958307266235
4740,3,2,2,1.0110083167091943e-05,4.4606116716749966e-05,0.9999452829360962
4741,2,2,2,0.002420822624117136,0.0017266902141273022,0.9958524703979492
4742,0,2,2,0.00014429895963985473,0.00010554057371336967,0.9997500777244568
4743,1,2,2,3.2809974072733894e-05,1.9057097233599052e-05,0.9999481439590454
4744,1,2,2,0.0012706075794994831,0.0006972122937440872,0.9980321526527405
4745,3,2,2,0.005439947359263897,0.0011121371062472463,0.9934478402137756
4746,1,2,2,0.0006226390833035111,0.002233782084658742,0.997143566608429
4748,2,2,2,1.2885725482192356e-05,0.00015545859059784561,0.9998316764831543
4750,4,2,2,5.1292721764184535e-05,0.00015621607599314302,0.9997925162315369
4752,1,2,2,1.8326625195186352e-06,0.0009058642317540944,0.9990923404693604
4753,3,2,2,2.294125260959845e-05,5.020276876166463e-05,0.9999269247055054
4754,3,2,2,4.3030922824982554e-05,0.00013036688324064016,0.9998266100883484
4756,4,2,0,0.6294362545013428,0.07202678918838501,0.2985369563102722
4757,1,2,0,0.7069898843765259,0.1307491809129715,0.162260964512825
4758,1,2,2,0.003515331307426095,0.0015473056118935347,0.9949373006820679
4759,4,2,0,0.7057647109031677,0.16584600508213043,0.12838928401470184
4760,1,2,0,0.7216311693191528,0.0339871384203434,0.24438168108463287
4761,4,2,0,0.8486124873161316,0.010440775193274021,0.14094677567481995
4762,2,2,0,0.8890520334243774,0.013758566230535507,0.09718946367502213
4763,3,2,1,0.3032881021499634,0.6013575196266174,0.09535440057516098
4764,4,2,2,0.285086065530777,0.025108803063631058,0.6898051500320435
4765,3,2,0,0.873036801815033,0.04135417193174362,0.08560904115438461
4766,2,2,2,0.47346681356430054,0.014450117014348507,0.5120830535888672
4767,1,2,0,0.8462027907371521,0.03745259717106819,0.11634460091590881
4768,2,2,0,0.9415370225906372,0.026106582954525948,0.03235640749335289
4769,1,2,0,0.9823548197746277,0.009523625485599041,0.008121468126773834
4770,2,2,0,0.7398924231529236,0.19448955357074738,0.06561800837516785
4771,3,2,1,0.3064839243888855,0.4205918312072754,0.2729243040084839
4772,4,2,2,0.285086065530777,0.025108803063631058,0.6898051500320435
4773,2,2,0,0.7366077303886414,0.0218190997838974,0.24157319962978363
4774,3,2,1,0.3064839243888855,0.4205918312072754,0.2729243040084839
4775,1,2,0,0.9619014859199524,0.021388087421655655,0.016710391268134117
4776,1,2,0,0.7069898843765259,0.1307491809129715,0.162260964512825
4777,2,2,0,0.9415370225906372,0.026106582954525948,0.03235640749335289
4778,1,2,2,0.001895241322927177,0.05649450048804283,0.9416102766990662
4779,2,2,1,0.2386801838874817,0.6423945426940918,0.11892528086900711
4780,0,2,1,0.16234520077705383,0.6712504625320435,0.16640429198741913
4782,1,2,2,0.1273048371076584,0.09294192492961884,0.7797532677650452
4784,2,2,1,0.25805121660232544,0.6198877692222595,0.12206099182367325
4785,3,2,2,0.000276529899565503,0.0001353380357613787,0.9995880722999573
4786,4,2,2,3.4145534300478175e-05,0.0028009244706481695,0.9971649050712585
4787,3,2,2,4.1928891732823104e-05,0.00036127373459748924,0.9995967745780945
4788,3,2,2,1.9523831724654883e-05,0.00019472558051347733,0.9997857213020325
4789,1,2,2,0.002243318362161517,0.0012447743210941553,0.9965119957923889
4791,2,2,2,0.00018938705034088343,9.061766468221322e-05,0.99972003698349
4792,0,2,2,0.00025084675871767104,0.00028295625816099346,0.9994662404060364
4793,1,2,2,0.034183256328105927,0.019555823877453804,0.946260929107666
4794,2,2,2,5.32776684849523e-05,2.823747536240262e-06,0.9999438524246216
4795,0,2,2,3.443863897700794e-05,6.908701379870763e-06,0.9999586343765259
4796,2,2,2,0.00043943573837168515,0.0001260866119991988,0.9994345307350159
4797,1,2,2,0.0009959712624549866,0.0011974299559369683,0.9978066086769104
4798,3,2,2,2.1004538211855106e-05,0.00011157176777487621,0.9998674392700195
4799,0,2,2,0.00011260858445893973,0.0004345616907812655,0.9994528889656067
4800,2,2,2,8.808739949017763e-06,9.944378689397126e-05,0.9998917579650879
4801,4,2,2,0.00026269510271959007,3.295863643870689e-05,0.9997043013572693
4802,3,2,2,2.3680551748839207e-05,8.928921306505799e-05,0.9998869895935059
4803,0,2,2,0.00014826448750682175,0.00016607005090918392,0.9996856451034546
4804,4,2,2,9.804641194932628e-06,0.00039341699448414147,0.9995967745780945
4805,1,2,2,2.0702118490589783e-05,0.00020614243112504482,0.9997730851173401
4806,0,2,2,0.00012020688154734671,0.0007192590273916721,0.9991605281829834
4807,0,2,2,0.00019981875084340572,0.00021690057474188507,0.9995833039283752
4808,0,0,1,0.27005094289779663,0.5658347606658936,0.16411428153514862
4809,4,0,0,0.790815532207489,0.15580376982688904,0.053380656987428665
4810,2,0,0,0.5441954731941223,0.031487613916397095,0.4243168532848358
4811,2,0,0,0.8878061771392822,0.04553865268826485,0.06665512174367905
4812,3,0,0,0.7671451568603516,0.047619134187698364,0.1852356642484665
4813,0,0,0,0.7774800658226013,0.063432976603508,0.1590869277715683
4814,1,0,0,0.7448268532752991,0.19673198461532593,0.05844113975763321
4816,4,0,2,0.4225919246673584,0.015209132805466652,0.5621988773345947
4817,4,0,1,0.08590435981750488,0.9054903984069824,0.008605229668319225
4818,3,0,0,0.5195429921150208,0.09452489018440247,0.3859320878982544
4819,0,0,1,0.468715637922287,0.4938361942768097,0.03744814917445183
4820,0,0,0,0.7328715920448303,0.024138448759913445,0.2429899126291275
4821,1,0,2,0.024128807708621025,0.2932197153568268,0.6826515197753906
4822,3,0,0,0.6947464942932129,0.08240360766649246,0.2228499799966812
4824,3,0,0,0.6166090369224548,0.08016201108694077,0.3032289147377014
4825,1,0,0,0.582209587097168,0.06744200736284256,0.3503483831882477
4827,4,0,0,0.8917240500450134,0.010757255367934704,0.09751869738101959
4828,1,0,0,0.743665337562561,0.06654267013072968,0.1897919923067093
4830,1,2,2,3.8193611544556916e-05,0.00012985686771571636,0.9998319149017334
4831,4,2,2,3.4145534300478175e-05,0.0028009244706481695,0.9971649050712585
4832,1,2,2,0.00012353179045021534,0.0012086806818842888,0.9986677169799805
4833,2,2,2,1.6921812857617624e-05,0.0003845113096758723,0.9995985627174377
4834,3,2,2,0.006474134512245655,0.0004389124515000731,0.9930869936943054
4836,3,2,2,0.00012389382754918188,0.0007743864553049207,0.9991017580032349
4838,4,2,2,0.0005675207357853651,0.006829988211393356,0.992602527141571
4839,3,2,2,1.6909156329347752e-05,1.6989752111840062e-05,0.999966025352478
4840,1,2,2,3.0151299142744392e-05,2.7932688681175932e-05,0.9999419450759888
4841,3,2,2,0.007561067119240761,0.0011382261291146278,0.9913007616996765
4842,2,2,2,0.0023078396916389465,9.367360325995833e-05,0.9975984692573547
4843,2,2,2,0.0003191560390405357,3.185455716447905e-05,0.9996490478515625
4845,0,2,2,9.741134272189811e-05,0.00010233154171146452,0.9998002648353577
4846,2,2,2,0.0006246680859476328,7.974366781127173e-06,0.9993674159049988
4847,4,2,2,5.0018905312754214e-05,0.0002292574936291203,0.9997206330299377
4849,1,2,2,1.5152911601035157e-06,0.0005330288549885154,0.9994654059410095
4850,2,2,2,5.00259775435552e-05,8.029060700209811e-05,0.9998695850372314
4851,4,2,2,5.514093936653808e-05,0.0005234121927060187,0.9994214773178101
4852,3,2,2,1.679023989709094e-05,4.615847865352407e-05,0.9999370574951172
4855,2,0,0,0.818631649017334,0.10644430667161942,0.07492407411336899
4856,4,0,2,0.3098870515823364,0.03260737285017967,0.6575055718421936
4857,1,0,0,0.8539058566093445,0.003125777468085289,0.14296835660934448
4858,4,0,1,0.10123582929372787,0.8099482655525208,0.08881595730781555
4859,2,0,2,0.07579798251390457,0.07755438983440399,0.8466475605964661
4860,1,0,1,0.3111729621887207,0.6688860058784485,0.01994100585579872
4861,0,0,0,0.7948389649391174,0.010040046647191048,0.19512097537517548
4862,2,0,0,0.8225139379501343,0.1320066899061203,0.0454794205725193
4863,3,0,0,0.8652961254119873,0.00348731130361557,0.1312166005373001
4864,0,0,0,0.7656861543655396,0.07269053906202316,0.16162332892417908
4865,3,2,2,0.05254683271050453,0.002170526422560215,0.9452825784683228
4866,4,0,2,0.3720816671848297,0.04343504086136818,0.5844833254814148
4867,1,0,1,0.07395727932453156,0.9112558960914612,0.014786875806748867
4868,4,0,0,0.631470799446106,0.002987350570037961,0.3655417561531067
4869,3,0,0,0.7084729671478271,0.09090463817119598,0.20062243938446045
4871,4,0,0,0.8929913640022278,0.05184006318449974,0.05516854301095009
4872,2,0,0,0.9430283904075623,0.01501910388469696,0.04195249825716019
4874,4,0,2,0.010637479834258556,0.004657089244574308,0.9847054481506348
4876,4,0,0,0.6753270030021667,0.0631958544254303,0.26147711277008057
4877,3,0,1,0.006249941419810057,0.9836186766624451,0.010131372138857841
4878,1,0,2,0.25457146763801575,0.017260443419218063,0.7281681299209595
4880,1,0,0,0.768109142780304,0.07284075021743774,0.1590501219034195
4885,2,2,2,1.911569961521309e-05,0.0005805538967251778,0.9994003772735596
4887,0,2,2,5.538878667721292e-06,0.0001993290934478864,0.9997952580451965
4888,0,2,2,0.014436916448175907,0.00045682702329941094,0.9851062297821045
4889,2,2,2,4.806621745956363e-06,6.122560444055125e-05,0.9999339580535889
4890,4,2,2,0.00023033373872749507,0.0012161795748397708,0.998553454875946
4891,1,2,2,0.00024683919036760926,0.0006809287006035447,0.9990721940994263
4893,3,2,2,1.8474091120879166e-05,1.581250580784399e-05,0.9999656677246094
4896,2,2,2,0.0009524107445031404,0.0041109491139650345,0.9949365854263306
4897,0,2,2,0.00033830147003754973,0.0008638522122055292,0.9987978935241699
4898,4,2,2,0.000515278079546988,0.0005466886213980615,0.9989380240440369
4899,2,2,2,1.101031284633791e-05,0.00022822024766355753,0.9997608065605164
4900,4,2,2,0.00017753089196048677,8.175947732524946e-05,0.9997406601905823
4901,0,2,2,3.326849400764331e-05,9.455085819354281e-05,0.9998722076416016
4903,4,2,2,1.1146007636853028e-05,0.00046817443217150867,0.9995206594467163
4904,0,2,2,0.0001462203945266083,0.0003721770772244781,0.9994816184043884
4905,4,2,2,5.26558724232018e-05,0.0004989189328625798,0.9994483590126038
4906,0,2,2,0.00023900161613710225,0.0002485807053744793,0.9995124340057373
4907,3,2,0,0.9299364686012268,0.0036614148411899805,0.06640211492776871
4908,0,2,0,0.7584946751594543,0.1036686822772026,0.13783660531044006
4909,4,2,0,0.7539762258529663,0.005067578516900539,0.24095620214939117
4910,3,2,0,0.7158576846122742,0.022466901689767838,0.2616754174232483
4911,4,2,0,0.5152550339698792,0.0024914108216762543,0.4822535812854767
4912,1,2,2,1.4864147487969603e-05,0.011341740377247334,0.9886434674263
4914,4,2,2,4.950517541146837e-05,0.0002397483476670459,0.999710738658905
4915,0,2,2,2.8236350772203878e-05,0.0004419204778969288,0.9995298385620117
4916,2,2,2,4.917777914670296e-06,0.000270180928055197,0.9997249245643616
4917,1,2,2,1.5514295228058472e-05,0.00022385513875633478,0.9997606873512268
4918,4,0,0,0.6476448178291321,0.008018924854695797,0.34433624148368835
4920,1,0,0,0.9210039377212524,0.06440484523773193,0.014591163955628872
4921,4,2,2,0.12063109129667282,0.024179138243198395,0.8551896810531616
4922,0,0,0,0.8288549184799194,0.11717388778924942,0.05397117882966995
4924,0,0,0,0.39896371960639954,0.2470291554927826,0.3540070652961731
4925,2,0,0,0.8267074823379517,0.033511966466903687,0.13978062570095062
4927,1,0,1,0.28197553753852844,0.6534597873687744,0.06456467509269714
4928,4,0,0,0.6996980309486389,0.13367576897144318,0.16662627458572388
4929,4,2,2,0.00010503355588298291,0.004931502975523472,0.9949634075164795
4930,1,0,0,0.6418153643608093,0.294800341129303,0.06338433176279068
4931,1,0,0,0.6119954586029053,0.1611897051334381,0.2268148511648178
4932,4,0,1,0.2635482847690582,0.4441884756088257,0.2922632396221161
4933,4,0,0,0.7444513440132141,0.06467223167419434,0.19087645411491394
4934,4,0,0,0.9119337797164917,0.007645797450095415,0.08042041957378387
4935,2,2,2,1.6712456272216514e-05,0.00016640388639643788,0.9998169541358948
4936,1,0,1,0.327892541885376,0.4833768606185913,0.18873059749603271
4937,1,0,1,0.11799373477697372,0.6517288684844971,0.23027746379375458
4938,2,0,2,0.07245121151208878,0.04045835882425308,0.8870903849601746
4939,2,0,0,0.9492855668067932,0.007861471734941006,0.04285293072462082
4940,0,0,0,0.9117796421051025,0.019714325666427612,0.06850605458021164
4941,4,0,0,0.7147985100746155,0.20596176385879517,0.07923976331949234
4942,3,0,0,0.5097131133079529,0.012433047406375408,0.4778538644313812
4943,3,0,0,0.583537220954895,0.04748145118355751,0.36898136138916016
4944,1,0,0,0.9207949042320251,0.008736895397305489,0.0704682469367981
4945,0,0,0,0.8018067479133606,0.10602143406867981,0.092171810567379
4946,1,0,0,0.7691276669502258,0.13225595653057098,0.09861629456281662
4947,2,0,1,0.0018867698963731527,0.9968808889389038,0.0012323379050940275
4948,3,0,0,0.7697492241859436,0.012376855127513409,0.21787385642528534
4949,1,2,2,0.00031109285191632807,0.0021538487635552883,0.9975351095199585
4950,3,2,2,0.0034938869066536427,0.0015106588834896684,0.9949954748153687
4951,3,0,0,0.9432600736618042,0.0231449194252491,0.033595010638237
4952,1,0,0,0.8033666014671326,0.1433587223291397,0.05327459052205086
4953,1,0,1,0.30107709765434265,0.5729367136955261,0.12598617374897003
4954,0,0,0,0.5662805438041687,0.15409789979457855,0.27962157130241394
4955,2,0,0,0.7915910482406616,0.08333353698253632,0.12507547438144684
4956,1,0,0,0.758726179599762,0.09426342695951462,0.14701040089130402
4957,1,2,2,0.3100249171257019,0.3051303029060364,0.38484475016593933
4958,3,0,1,0.2142685055732727,0.7063999176025391,0.07933158427476883
4959,3,0,0,0.7853068709373474,0.11732494831085205,0.09736815094947815
4960,0,0,1,0.332724928855896,0.5529629588127136,0.11431218683719635
4962,1,2,0,0.6626730561256409,0.17008492350578308,0.16724203526973724
4963,1,0,2,0.349611759185791,0.26321467757225037,0.3871735632419586
4965,4,0,0,0.9806110858917236,0.0014149922644719481,0.017973866313695908
4966,0,0,0,0.7226950526237488,0.026512544602155685,0.25079235434532166
4967,1,2,2,1.3194513485359494e-05,0.0017260221065953374,0.9982607960700989
4969,0,0,0,0.7626176476478577,0.05017497017979622,0.1872074455022812
4970,0,0,0,0.646375298500061,0.19593210518360138,0.15769267082214355
4971,3,0,0,0.39859163761138916,0.30698397755622864,0.2944243848323822
4972,0,0,0,0.7812508344650269,0.025976497679948807,0.19277267158031464
4973,4,0,0,0.8947075605392456,0.04605834186077118,0.059234149754047394
4974,4,0,2,0.17324531078338623,0.004828647710382938,0.8219260573387146
4976,2,0,0,0.9454217553138733,0.00959040503948927,0.04498785734176636
4977,0,0,1,0.2451108992099762,0.47699761390686035,0.27789148688316345
4979,1,2,2,4.369205635157414e-05,0.003939393907785416,0.9960169196128845
4980,2,0,0,0.803505539894104,0.018719907850027084,0.1777745932340622
4981,2,0,0,0.7438047528266907,0.1743711233139038,0.08182412385940552
4982,1,0,0,0.581920862197876,0.10346070677042007,0.31461843848228455
4984,1,0,0,0.5436977744102478,0.12310782819986343,0.33319440484046936
4985,4,0,0,0.6916230320930481,0.2529166042804718,0.0554603673517704
4986,0,0,1,0.4108746349811554,0.5742582082748413,0.014867131598293781
4987,4,0,1,0.16519974172115326,0.6551079154014587,0.1796923726797104
4989,4,0,1,0.008225356228649616,0.9395174980163574,0.05225713923573494
4990,2,0,0,0.801485538482666,0.17666319012641907,0.021851306781172752
4994,2,0,0,0.8944851756095886,0.007493382785469294,0.09802140295505524
4995,3,0,1,0.006026639603078365,0.9849132895469666,0.009060091339051723
4996,4,2,2,0.0038309949450194836,0.0005788550479337573,0.9955902099609375
4998,4,0,1,0.017586655914783478,0.9673603177070618,0.015053083188831806
4999,1,0,0,0.732464075088501,0.07588115334510803,0.19165478646755219
5000,2,0,0,0.4190066158771515,0.16800881922245026,0.41298457980155945
5001,2,0,0,0.8569440245628357,0.03677158057689667,0.10628437250852585
5002,4,0,0,0.7844886183738708,0.019548244774341583,0.19596318900585175
5003,1,0,0,0.7094751596450806,0.17474383115768433,0.11578100919723511
5004,4,0,0,0.6236417889595032,0.08226995915174484,0.29408833384513855
5007,1,0,0,0.817754864692688,0.0683361291885376,0.11390895396471024
5009,1,0,0,0.6373977065086365,0.03770027682185173,0.3249020576477051
5011,3,0,0,0.8274450302124023,0.037290625274181366,0.13526438176631927
5013,2,0,1,0.32717663049697876,0.33978143334388733,0.3330419063568115
5014,4,0,0,0.5264437198638916,0.004486100282520056,0.4690701365470886
5015,2,0,0,0.9315781593322754,0.014980142936110497,0.05344173684716225
5017,0,0,0,0.4701415002346039,0.37491729855537415,0.15494118630886078
5018,1,0,0,0.817754864692688,0.0683361291885376,0.11390895396471024
5019,2,0,0,0.7733215093612671,0.01477892231196165,0.21189966797828674
5020,2,0,0,0.5812366008758545,0.17916269600391388,0.2396007627248764
5022,2,0,0,0.8025880455970764,0.0979962944984436,0.09941565245389938
5024,1,0,0,0.7169332504272461,0.013252614066004753,0.2698141038417816
5026,4,0,0,0.7151672840118408,0.23381604254245758,0.05101668834686279
5027,0,0,1,0.3562069833278656,0.587263286113739,0.05652971193194389
5028,2,0,2,0.3030414879322052,0.0722527876496315,0.6247057318687439
5029,2,0,1,0.4480515122413635,0.500369131565094,0.05157936364412308
5030,0,0,0,0.6763759255409241,0.12702836096286774,0.196595698595047
5031,1,0,2,0.25359582901000977,0.1725015640258789,0.5739026069641113
5032,2,0,0,0.8735836744308472,0.037772443145513535,0.088643878698349
5033,2,0,0,0.7552457451820374,0.1941693276166916,0.050584957003593445
5034,2,0,1,0.3507519066333771,0.6400671005249023,0.009180979803204536
5035,4,0,0,0.8869692087173462,0.012354948557913303,0.10067590326070786
5036,1,0,2,0.34948301315307617,0.01949251815676689,0.6310244798660278
5037,3,0,0,0.8898888826370239,0.06576221436262131,0.04434889182448387
5038,4,0,0,0.8691430687904358,0.011900345794856548,0.11895660310983658
5039,4,0,0,0.7151672840118408,0.23381604254245758,0.05101668834686279
5041,3,0,0,0.8278578519821167,0.048418670892715454,0.12372353672981262
5045,3,0,0,0.5099973082542419,0.17716583609580994,0.31283679604530334
5046,3,0,2,0.05246991291642189,0.021186567842960358,0.926343560218811
5047,4,0,0,0.8667625784873962,0.08411361277103424,0.04912387207150459
5048,0,0,0,0.8624006509780884,0.04404822736978531,0.0935511663556099
5049,4,0,2,0.4491518437862396,0.04878775402903557,0.5020604133605957
5050,4,0,0,0.9598737955093384,0.015688642859458923,0.024437597021460533
5051,2,0,0,0.6104081273078918,0.2609488368034363,0.12864306569099426
5052,0,0,0,0.9199612736701965,0.020696010440587997,0.05934269353747368
5053,2,0,0,0.8825281262397766,0.015095504000782967,0.10237638652324677
5054,2,0,0,0.8468351364135742,0.002120395191013813,0.15104451775550842
5055,3,0,1,0.16562438011169434,0.7792195677757263,0.05515604838728905
5056,1,0,2,0.24613071978092194,0.051187824457883835,0.7026814818382263
5057,1,0,0,0.9871054887771606,0.004435956943780184,0.008458557538688183
5058,0,0,0,0.529801070690155,0.01020297035574913,0.45999589562416077
5059,4,0,1,0.21501947939395905,0.7098625898361206,0.07511797547340393
5060,0,0,0,0.7546259164810181,0.05498911440372467,0.19038495421409607
5061,1,0,0,0.9058864116668701,0.01898987777531147,0.07512368261814117
5062,3,0,0,0.8581148386001587,0.039717432111501694,0.10216773301362991
5063,2,0,0,0.8111916780471802,0.08455289900302887,0.10425539314746857
5064,1,0,0,0.7653837203979492,0.002608874347060919,0.2320074439048767
5065,0,0,0,0.953730046749115,0.0072065056301653385,0.03906343877315521
5066,1,0,0,0.914191484451294,0.014256608672440052,0.07155200093984604
5067,0,0,0,0.8639154434204102,0.08500233292579651,0.05108218267560005
5068,1,0,0,0.7308099865913391,0.004974075593054295,0.26421597599983215
5069,2,0,0,0.6943253874778748,0.05122550204396248,0.25444915890693665
5070,1,0,0,0.585648775100708,0.36429208517074585,0.05005912855267525
5074,0,0,0,0.6798014640808105,0.08992281556129456,0.2302757203578949
5075,0,0,0,0.8567690849304199,0.09124284237623215,0.05198807641863823
5076,0,0,0,0.7546259164810181,0.05498911440372467,0.19038495421409607
5077,1,0,0,0.914191484451294,0.014256608672440052,0.07155200093984604
5078,1,0,0,0.9871054887771606,0.004435956943780184,0.008458557538688183
5079,0,0,2,0.03210163116455078,0.03281037136912346,0.9350879192352295
5080,4,0,2,0.30193787813186646,0.01204068772494793,0.6860214471817017
5081,2,0,1,0.06047254800796509,0.8380653262138367,0.10146210342645645
5084,4,0,0,0.6779552698135376,0.012800655327737331,0.30924397706985474
5085,2,0,0,0.9746181964874268,0.0027685798704624176,0.02261323854327202
5086,3,0,1,0.2397843599319458,0.5077516436576843,0.2524639964103699
5087,3,0,2,0.2875722646713257,0.13858580589294434,0.57384192943573
5088,1,0,0,0.6217020153999329,0.3462153971195221,0.032082539051771164
5089,2,0,1,0.15600571036338806,0.5152564644813538,0.3287377953529358
5090,1,0,0,0.7530038356781006,0.04111406207084656,0.20588204264640808
5091,2,0,1,0.06047254800796509,0.8380653262138367,0.10146210342645645
5092,3,0,0,0.5063688158988953,0.08649757504463196,0.40713366866111755
5093,2,0,0,0.9083385467529297,0.050101686269044876,0.04155972599983215
5095,1,0,0,0.7836065888404846,0.08535105735063553,0.13104234635829926
5096,2,0,0,0.7413619160652161,0.028838027268648148,0.22980010509490967
5097,1,0,0,0.6217020153999329,0.3462153971195221,0.032082539051771164
5100,3,0,2,0.2875722646713257,0.13858580589294434,0.57384192943573
5101,4,0,0,0.8106580972671509,0.12079743295907974,0.0685444101691246
5103,4,0,2,0.17324531078338623,0.004828647710382938,0.8219260573387146
5105,2,0,0,0.9454217553138733,0.00959040503948927,0.04498785734176636
5106,0,0,1,0.2451108992099762,0.47699761390686035,0.27789148688316345
5108,1,2,2,4.369205635157414e-05,0.003939393907785416,0.9960169196128845
5109,2,0,0,0.803505539894104,0.018719907850027084,0.1777745932340622
5110,2,0,0,0.7438047528266907,0.1743711233139038,0.08182412385940552
5111,1,0,0,0.581920862197876,0.10346070677042007,0.31461843848228455
5113,1,0,0,0.5436977744102478,0.12310782819986343,0.33319440484046936
5114,4,0,0,0.6916230320930481,0.2529166042804718,0.0554603673517704
5115,0,0,1,0.4108746349811554,0.5742582082748413,0.014867131598293781
5116,4,0,1,0.16519974172115326,0.6551079154014587,0.1796923726797104
5118,4,0,1,0.008225356228649616,0.9395174980163574,0.05225713923573494
5119,2,0,0,0.801485538482666,0.17666319012641907,0.021851306781172752
5123,2,0,0,0.8944851756095886,0.007493382785469294,0.09802140295505524
5124,3,0,1,0.006026639603078365,0.9849132895469666,0.009060091339051723
5125,4,2,2,0.0038309949450194836,0.0005788550479337573,0.9955902099609375
5127,4,0,1,0.017586655914783478,0.9673603177070618,0.015053083188831806
5128,1,0,0,0.732464075088501,0.07588115334510803,0.19165478646755219
5129,2,0,0,0.4190066158771515,0.16800881922245026,0.41298457980155945
5130,2,0,0,0.8569440245628357,0.03677158057689667,0.10628437250852585
5131,4,0,0,0.7844886183738708,0.019548244774341583,0.19596318900585175
5132,1,0,0,0.7094751596450806,0.17474383115768433,0.11578100919723511
5133,4,0,0,0.6236417889595032,0.08226995915174484,0.29408833384513855
5136,1,0,0,0.817754864692688,0.0683361291885376,0.11390895396471024
5138,1,0,0,0.6373977065086365,0.03770027682185173,0.3249020576477051
5140,3,0,0,0.8274450302124023,0.037290625274181366,0.13526438176631927
5142,2,0,1,0.32717663049697876,0.33978143334388733,0.3330419063568115
5143,4,0,0,0.5264437198638916,0.004486100282520056,0.4690701365470886
5144,2,0,0,0.9315781593322754,0.014980142936110497,0.05344173684716225
5146,0,0,0,0.4701415002346039,0.37491729855537415,0.15494118630886078
5147,1,0,0,0.817754864692688,0.0683361291885376,0.11390895396471024
5148,2,0,0,0.7733215093612671,0.01477892231196165,0.21189966797828674
5149,2,0,0,0.5812366008758545,0.17916269600391388,0.2396007627248764
5151,2,0,0,0.8025880455970764,0.0979962944984436,0.09941565245389938
5153,1,0,0,0.7169332504272461,0.013252614066004753,0.2698141038417816
5155,4,0,0,0.7151672840118408,0.23381604254245758,0.05101668834686279
5156,0,0,1,0.3562069833278656,0.587263286113739,0.05652971193194389
5157,2,0,2,0.3030414879322052,0.0722527876496315,0.6247057318687439
5158,2,0,1,0.4480515122413635,0.500369131565094,0.05157936364412308
5159,0,0,0,0.6763759255409241,0.12702836096286774,0.196595698595047
5160,1,0,2,0.25359582901000977,0.1725015640258789,0.5739026069641113
5161,2,0,0,0.8735836744308472,0.037772443145513535,0.088643878698349
5162,2,0,0,0.7552457451820374,0.1941693276166916,0.050584957003593445
5163,2,0,1,0.3507519066333771,0.6400671005249023,0.009180979803204536
5164,4,0,0,0.8869692087173462,0.012354948557913303,0.10067590326070786
5165,1,0,2,0.34948301315307617,0.01949251815676689,0.6310244798660278
5167,4,0,0,0.8691430687904358,0.011900345794856548,0.11895660310983658
5168,4,0,0,0.7151672840118408,0.23381604254245758,0.05101668834686279
5169,4,0,0,0.8668859004974365,0.0023297842126339674,0.130784273147583
5170,3,0,0,0.8278578519821167,0.048418670892715454,0.12372353672981262
5174,3,0,0,0.5099973082542419,0.17716583609580994,0.31283679604530334
5175,3,0,2,0.05246991291642189,0.021186567842960358,0.926343560218811
5176,4,0,0,0.8667625784873962,0.08411361277103424,0.04912387207150459
5177,0,0,0,0.8624006509780884,0.04404822736978531,0.0935511663556099
5178,4,0,2,0.4491518437862396,0.04878775402903557,0.5020604133605957
5179,4,0,0,0.9598737955093384,0.015688642859458923,0.024437597021460533
5180,2,0,0,0.6104081273078918,0.2609488368034363,0.12864306569099426
5181,0,0,0,0.9199612736701965,0.020696010440587997,0.05934269353747368
5182,2,0,0,0.8825281262397766,0.015095504000782967,0.10237638652324677
5183,2,0,0,0.8468351364135742,0.002120395191013813,0.15104451775550842
5184,3,0,1,0.16562438011169434,0.7792195677757263,0.05515604838728905
5185,1,0,2,0.24613071978092194,0.051187824457883835,0.7026814818382263
5186,1,0,0,0.9871054887771606,0.004435956943780184,0.008458557538688183
5187,0,0,0,0.529801070690155,0.01020297035574913,0.45999589562416077
5188,4,0,1,0.21501947939395905,0.7098625898361206,0.07511797547340393
5189,0,0,0,0.7546259164810181,0.05498911440372467,0.19038495421409607
5190,1,0,0,0.9058864116668701,0.01898987777531147,0.07512368261814117
5191,3,0,0,0.8581148386001587,0.039717432111501694,0.10216773301362991
5192,2,0,0,0.8111916780471802,0.08455289900302887,0.10425539314746857
5193,1,0,0,0.7653837203979492,0.002608874347060919,0.2320074439048767
5194,0,0,0,0.953730046749115,0.0072065056301653385,0.03906343877315521
5195,1,0,0,0.914191484451294,0.014256608672440052,0.07155200093984604
5196,0,0,0,0.8639154434204102,0.08500233292579651,0.05108218267560005
5197,1,0,0,0.7308099865913391,0.004974075593054295,0.26421597599983215
5198,2,0,0,0.6943253874778748,0.05122550204396248,0.25444915890693665
5199,1,0,0,0.585648775100708,0.36429208517074585,0.05005912855267525
5203,0,0,0,0.6798014640808105,0.08992281556129456,0.2302757203578949
5204,0,0,0,0.8567690849304199,0.09124284237623215,0.05198807641863823
5205,0,0,0,0.7546259164810181,0.05498911440372467,0.19038495421409607
5206,1,0,0,0.914191484451294,0.014256608672440052,0.07155200093984604
5207,1,0,0,0.9871054887771606,0.004435956943780184,0.008458557538688183
5208,0,0,2,0.03210163116455078,0.03281037136912346,0.9350879192352295
5209,4,0,2,0.30193787813186646,0.01204068772494793,0.6860214471817017
5210,2,0,1,0.06047254800796509,0.8380653262138367,0.10146210342645645
5213,4,0,0,0.6779552698135376,0.012800655327737331,0.30924397706985474
5214,2,0,0,0.9746181964874268,0.0027685798704624176,0.02261323854327202
5215,3,0,1,0.2397843599319458,0.5077516436576843,0.2524639964103699
5216,3,0,2,0.2875722646713257,0.13858580589294434,0.57384192943573
5217,1,0,0,0.6217020153999329,0.3462153971195221,0.032082539051771164
5218,2,0,1,0.15600571036338806,0.5152564644813538,0.3287377953529358
5219,1,0,0,0.7530038356781006,0.04111406207084656,0.20588204264640808
5220,2,0,1,0.06047254800796509,0.8380653262138367,0.10146210342645645
5221,3,0,0,0.5063688158988953,0.08649757504463196,0.40713366866111755
5222,2,0,0,0.9083385467529297,0.050101686269044876,0.04155972599983215
5224,1,0,0,0.7836065888404846,0.08535105735063553,0.13104234635829926
5225,2,0,0,0.7413619160652161,0.028838027268648148,0.22980010509490967
5226,1,0,0,0.6217020153999329,0.3462153971195221,0.032082539051771164
5229,3,0,2,0.2875722646713257,0.13858580589294434,0.57384192943573
5230,4,0,0,0.8106580972671509,0.12079743295907974,0.0685444101691246
5232,1,0,0,0.7104302048683167,0.13627615571022034,0.15329359471797943
5233,0,0,0,0.6571583151817322,0.07328551262617111,0.2695561349391937
5234,1,0,0,0.8754661679267883,0.07498934864997864,0.04954442381858826
5235,0,0,2,0.4643818438053131,0.026367487385869026,0.5092507004737854
5238,1,0,0,0.7873783707618713,0.02764759585261345,0.1849740743637085
5239,4,0,0,0.4984316825866699,0.1473095566034317,0.35425877571105957
5240,1,0,0,0.5171087384223938,0.28358301520347595,0.19930827617645264
5241,1,0,1,0.1780843287706375,0.7850487232208252,0.0368669331073761
5244,1,0,0,0.7845044732093811,0.19361677765846252,0.021878734230995178
5245,2,0,0,0.8115818500518799,0.08074430376291275,0.10767386853694916
5246,3,0,1,0.18285362422466278,0.7761601209640503,0.04098621755838394
5247,3,0,1,0.09556464105844498,0.8587491512298584,0.045686181634664536
5248,1,0,0,0.9256930351257324,0.017810409888625145,0.05649659037590027
5249,1,0,0,0.7873783707618713,0.02764759585261345,0.1849740743637085
5252,4,0,0,0.9706950783729553,0.0036965799517929554,0.02560836635529995
5253,1,0,0,0.8754661679267883,0.07498934864997864,0.04954442381858826
5254,1,0,0,0.6105344295501709,0.17771531641483307,0.21175029873847961
5255,4,0,0,0.8007866740226746,0.04337684065103531,0.15583647787570953
5256,2,0,0,0.9447859525680542,0.0239179078489542,0.03129621595144272
5257,0,0,0,0.7154489159584045,0.07376090437173843,0.21079015731811523
5258,2,0,0,0.8243881464004517,0.06504648923873901,0.11056538671255112
5259,1,0,0,0.4265352487564087,0.38250887393951416,0.19095587730407715
5260,1,0,0,0.7553789615631104,0.2252006232738495,0.01942042075097561
5261,0,0,0,0.6341133117675781,0.33344486355781555,0.032441847026348114
5263,4,0,0,0.8440310955047607,0.03837836533784866,0.11759054660797119
5264,0,0,1,0.4210367798805237,0.5658884644508362,0.013074725866317749
5266,0,0,0,0.7838440537452698,0.12460088729858398,0.09155506640672684
5267,1,0,0,0.9285120964050293,0.02813812345266342,0.04334976151585579
5268,4,0,0,0.9726732969284058,0.0027803394477814436,0.024546358734369278
5269,2,0,0,0.843145489692688,0.030881401151418686,0.12597309052944183
5270,0,0,0,0.8788008093833923,0.020436763763427734,0.1007625013589859
5271,4,0,0,0.9540499448776245,0.006352787837386131,0.03959721326828003
5272,3,0,0,0.8768106698989868,0.012735152617096901,0.11045417934656143
5273,2,0,0,0.7773641347885132,0.08367206156253815,0.13896377384662628
5274,4,0,0,0.5076030492782593,0.011628260836005211,0.48076874017715454
5275,2,0,0,0.9447859525680542,0.0239179078489542,0.03129621595144272
5276,2,0,0,0.5629722476005554,0.35740047693252563,0.07962726801633835
5277,1,0,0,0.8895025849342346,0.08447764068841934,0.026019727811217308
5280,3,0,0,0.7879272103309631,0.037917833775281906,0.17415502667427063
5281,4,0,0,0.9156153798103333,0.031439390033483505,0.052945174276828766
5283,3,0,0,0.8205836415290833,0.09212751686573029,0.08728887140750885
5284,0,0,0,0.9112909436225891,0.06603337079286575,0.022675735875964165
5285,3,0,1,0.3064839243888855,0.4205918312072754,0.2729243040084839
5286,3,2,2,0.0025790371000766754,0.010320940986275673,0.9871000051498413
5287,4,0,2,0.2505277991294861,0.30147799849510193,0.4479941427707672
5288,2,0,2,0.3731232285499573,0.009474609047174454,0.6174021363258362
5289,3,0,0,0.9384498596191406,0.0045728012919425964,0.05697736144065857
5290,3,0,0,0.783124566078186,0.029973695054650307,0.1869017481803894
5291,4,0,0,0.854469895362854,0.014399219304323196,0.1311308592557907
5292,1,0,1,0.32514095306396484,0.6622855067253113,0.012573573738336563
5293,4,0,0,0.8676973581314087,0.03861803933978081,0.0936846137046814
5295,2,0,0,0.931554913520813,0.022343073040246964,0.04610205069184303
5296,0,0,0,0.9449183344841003,0.008150016888976097,0.04693163186311722
5297,3,0,0,0.7915928959846497,0.11756318062543869,0.09084387868642807
5298,3,0,0,0.9205746650695801,0.00989176332950592,0.0695335641503334
5299,0,0,1,0.18853451311588287,0.7969120740890503,0.014553386718034744
5300,2,0,2,0.07579798251390457,0.07755438983440399,0.8466475605964661
5301,1,0,0,0.9103173613548279,0.012794582173228264,0.07688798755407333
5302,4,0,0,0.7282818555831909,0.22295574843883514,0.048762399703264236
5303,1,0,1,0.30107709765434265,0.5729367136955261,0.12598617374897003
5305,1,0,2,0.1580962836742401,0.011255593970417976,0.8306481242179871
5306,2,0,0,0.8554193377494812,0.04300284758210182,0.10157788544893265
5307,4,0,0,0.49881935119628906,0.015351571142673492,0.48582908511161804
5308,4,0,0,0.6404624581336975,0.05388881266117096,0.3056487441062927
5309,1,0,0,0.6904491186141968,0.009580407291650772,0.2999705374240875
5310,4,0,0,0.8954232335090637,0.004934246651828289,0.09964249283075333
5311,4,0,0,0.9456067681312561,0.01243501901626587,0.041958242654800415
5312,3,0,0,0.7594573497772217,0.14550448954105377,0.09503821283578873
5314,4,0,0,0.9806110858917236,0.0014149922644719481,0.017973866313695908
5315,0,0,0,0.8179592490196228,0.005900555290281773,0.17614024877548218
5316,4,0,0,0.8832062482833862,0.000906823028344661,0.11588691174983978
5317,1,0,0,0.758726179599762,0.09426342695951462,0.14701040089130402
5318,1,0,0,0.4564889073371887,0.10814101248979568,0.4353700280189514
5319,4,0,0,0.9302000403404236,0.008595973253250122,0.06120406091213226
5320,0,0,0,0.941306471824646,0.04444131627678871,0.014252190478146076
5322,3,0,0,0.6050455570220947,0.054655641317367554,0.3402988016605377
5323,2,0,0,0.5185583829879761,0.15889838337898254,0.3225432336330414
5324,1,0,0,0.7594767212867737,0.02117455191910267,0.2193487137556076
5326,3,0,2,0.2706553637981415,0.09551498293876648,0.633829653263092
5327,2,0,0,0.8332622051239014,0.0049899909645318985,0.1617477834224701
5328,2,0,0,0.9350605607032776,0.01812504045665264,0.046814411878585815
5329,1,0,0,0.7705255746841431,0.11157755553722382,0.11789686232805252
5331,1,0,0,0.8091082572937012,0.02139681950211525,0.1694948971271515
5332,1,0,0,0.8642917275428772,0.020685795694589615,0.11502251029014587
5333,3,0,0,0.7896992564201355,0.06891285628080368,0.1413879543542862
5334,0,0,0,0.7714489102363586,0.1558256894350052,0.07272535562515259
5335,4,0,0,0.9053140878677368,0.02219329960644245,0.07249263674020767
5336,1,0,0,0.9668645858764648,0.02351445145905018,0.009620944038033485
5337,1,0,1,0.2328542023897171,0.6328364014625549,0.13430938124656677
5339,1,0,1,0.19271671772003174,0.7810568809509277,0.026226360350847244
5340,4,0,1,0.37098559737205505,0.41392722725868225,0.2150871455669403
5342,1,0,0,0.7564075589179993,0.05381740257143974,0.18977512419223785
5345,4,0,0,0.9470518231391907,0.010439231060445309,0.042508963495492935
5346,2,0,0,0.5936493277549744,0.1339830905199051,0.2723676562309265
5347,1,0,1,0.08769704401493073,0.8958551287651062,0.016447799280285835
5348,4,0,0,0.7512730360031128,0.0025331233628094196,0.24619388580322266
5349,3,0,0,0.9486050009727478,0.0042668115347623825,0.047128189355134964
5350,3,0,0,0.5981597304344177,0.3082514703273773,0.09358879923820496
5351,3,0,0,0.8927657008171082,0.03124038502573967,0.07599383592605591
5353,0,0,0,0.8248888254165649,0.014106612652540207,0.16100449860095978
5354,4,0,0,0.796260416507721,0.009995337575674057,0.19374430179595947
5355,1,0,0,0.688258707523346,0.022207338362932205,0.2895338833332062
5358,1,0,0,0.9668558835983276,0.010659439489245415,0.02248466946184635
5359,2,0,0,0.8704347610473633,0.005736982449889183,0.12382826209068298
5361,1,0,0,0.9648992419242859,0.01626078598201275,0.018840104341506958
5362,1,0,0,0.5174724459648132,0.055158521980047226,0.427369087934494
5363,1,0,0,0.9114370942115784,0.04225480183959007,0.046308185905218124
5364,2,0,0,0.7626952528953552,0.07669486105442047,0.1606098711490631
5365,4,0,0,0.9658551216125488,0.004068249370902777,0.030076736584305763
5366,0,0,0,0.897631049156189,0.0710282176733017,0.03134072571992874
5367,0,0,0,0.9368892312049866,0.03808954358100891,0.025021212175488472
5368,1,0,0,0.7351685166358948,0.03300763666629791,0.2318238914012909
5369,3,0,0,0.821372926235199,0.019008098170161247,0.15961900353431702
5370,0,0,0,0.8447255492210388,0.0971769317984581,0.058097485452890396
5371,2,0,1,0.4214479327201843,0.5568994879722595,0.02165254019200802
5372,0,0,0,0.8857765793800354,0.09439568966627121,0.019827717915177345
5373,3,0,0,0.8955826163291931,0.008974832482635975,0.09544254094362259
5374,1,0,0,0.7724718451499939,0.15907512605190277,0.06845303624868393
5375,1,0,0,0.4811750054359436,0.20637726783752441,0.31244778633117676
5376,1,0,0,0.7837753295898438,0.029752735048532486,0.18647192418575287
5377,1,0,1,0.08769704401493073,0.8958551287651062,0.016447799280285835
5378,4,0,0,0.760951817035675,0.010247179307043552,0.22880099713802338
5379,2,0,0,0.7841498851776123,0.02437545545399189,0.19147463142871857
5380,4,0,0,0.6387889385223389,0.07964198291301727,0.2815690338611603
5381,1,0,0,0.6625316739082336,0.15948450565338135,0.1779838651418686
5382,3,0,0,0.8578234910964966,0.007267253939062357,0.13490928709506989
5383,4,0,2,0.4139178693294525,0.0251286830753088,0.5609534382820129
5384,3,0,0,0.9389245510101318,0.001160100451670587,0.05991536006331444
5387,2,0,0,0.43984270095825195,0.20909738540649414,0.35105982422828674
5388,2,0,0,0.9510630369186401,0.019747400656342506,0.029189519584178925
5389,3,0,0,0.8717532753944397,0.0066070095635950565,0.12163971364498138
5390,3,0,1,0.05617661029100418,0.9397609829902649,0.004062406253069639
5391,4,0,2,0.3960176706314087,0.05031920596957207,0.5536630749702454
5394,3,0,0,0.8723534941673279,0.004826036281883717,0.12282051146030426
5395,3,0,0,0.8712823390960693,0.0049615344032645226,0.12375614047050476
5397,1,0,0,0.5393045544624329,0.04260801523923874,0.4180874228477478
5399,1,0,0,0.717828631401062,0.18788108229637146,0.09429025650024414
5402,3,0,0,0.9206163883209229,0.007458834908902645,0.07192470133304596
5404,3,0,0,0.6012481451034546,0.02217983268201351,0.37657201290130615
5406,4,0,0,0.5704402923583984,0.01441906951367855,0.4151405990123749
5408,1,0,2,0.1006954163312912,0.11919607222080231,0.7801085114479065
5409,0,0,0,0.9707300066947937,0.003717734944075346,0.025552233681082726
5410,0,0,0,0.5619145035743713,0.35340628027915955,0.0846792533993721
5412,4,0,0,0.7794016003608704,0.04063153639435768,0.17996691167354584
5413,3,0,0,0.7467367053031921,0.005254391580820084,0.24800893664360046
5414,4,0,0,0.5196709632873535,0.07381591200828552,0.40651312470436096
5415,1,0,0,0.8947069048881531,0.08963315188884735,0.015659965574741364
5416,3,0,0,0.686095654964447,0.19448870420455933,0.11941565573215485
5417,1,0,0,0.691938579082489,0.08081091940402985,0.22725051641464233
5420,2,0,0,0.6202120184898376,0.004742375109344721,0.37504565715789795
5421,2,0,0,0.7208364605903625,0.04154074192047119,0.23762282729148865
5422,1,0,0,0.7514138221740723,0.21921023726463318,0.0293759535998106
5425,1,0,0,0.7564075589179993,0.05381740257143974,0.18977512419223785
5428,4,0,0,0.9470518231391907,0.010439231060445309,0.042508963495492935
5429,2,0,0,0.5936493277549744,0.1339830905199051,0.2723676562309265
5430,1,0,1,0.08769704401493073,0.8958551287651062,0.016447799280285835
5431,4,0,0,0.7512730360031128,0.0025331233628094196,0.24619388580322266
5432,3,0,0,0.9486050009727478,0.0042668115347623825,0.047128189355134964
5433,3,0,0,0.5981597304344177,0.3082514703273773,0.09358879923820496
5434,3,0,0,0.8927657008171082,0.03124038502573967,0.07599383592605591
5436,0,0,0,0.8248888254165649,0.014106612652540207,0.16100449860095978
5437,4,0,0,0.796260416507721,0.009995337575674057,0.19374430179595947
5438,1,0,0,0.688258707523346,0.022207338362932205,0.2895338833332062
5441,1,0,0,0.9668558835983276,0.010659439489245415,0.02248466946184635
5442,2,0,0,0.8704347610473633,0.005736982449889183,0.12382826209068298
5444,1,0,0,0.9648992419242859,0.01626078598201275,0.018840104341506958
5445,1,0,0,0.5174724459648132,0.055158521980047226,0.427369087934494
5446,1,0,0,0.9114370942115784,0.04225480183959007,0.046308185905218124
5447,2,0,0,0.7626952528953552,0.07669486105442047,0.1606098711490631
5448,4,0,0,0.9658551216125488,0.004068249370902777,0.030076736584305763
5449,0,0,0,0.897631049156189,0.0710282176733017,0.03134072571992874
5450,0,0,0,0.9368892312049866,0.03808954358100891,0.025021212175488472
5451,1,0,0,0.7351685166358948,0.03300763666629791,0.2318238914012909
5452,3,0,0,0.821372926235199,0.019008098170161247,0.15961900353431702
5453,0,0,0,0.8447255492210388,0.0971769317984581,0.058097485452890396
5454,2,0,1,0.4214479327201843,0.5568994879722595,0.02165254019200802
5455,0,0,0,0.8857765793800354,0.09439568966627121,0.019827717915177345
5456,3,0,0,0.8955826163291931,0.008974832482635975,0.09544254094362259
5457,1,0,0,0.7724718451499939,0.15907512605190277,0.06845303624868393
5458,1,0,0,0.4811750054359436,0.20637726783752441,0.31244778633117676
5459,1,0,0,0.7837753295898438,0.029752735048532486,0.18647192418575287
5460,1,0,1,0.08769704401493073,0.8958551287651062,0.016447799280285835
5461,4,0,0,0.760951817035675,0.010247179307043552,0.22880099713802338
5462,2,0,0,0.7841498851776123,0.02437545545399189,0.19147463142871857
5463,4,0,0,0.6387889385223389,0.07964198291301727,0.2815690338611603
5464,1,0,0,0.6625316739082336,0.15948450565338135,0.1779838651418686
5465,3,0,0,0.8578234910964966,0.007267253939062357,0.13490928709506989
5466,4,0,2,0.4139178693294525,0.0251286830753088,0.5609534382820129
5467,3,0,0,0.9389245510101318,0.001160100451670587,0.05991536006331444
5470,2,0,0,0.43984270095825195,0.20909738540649414,0.35105982422828674
5471,2,0,0,0.9510630369186401,0.019747400656342506,0.029189519584178925
5472,3,0,0,0.8717532753944397,0.0066070095635950565,0.12163971364498138
5473,3,0,1,0.05617661029100418,0.9397609829902649,0.004062406253069639
5474,4,0,2,0.3960176706314087,0.05031920596957207,0.5536630749702454
5477,3,0,0,0.8723534941673279,0.004826036281883717,0.12282051146030426
5478,3,0,0,0.8712823390960693,0.0049615344032645226,0.12375614047050476
5480,1,0,0,0.5393045544624329,0.04260801523923874,0.4180874228477478
5482,1,0,0,0.717828631401062,0.18788108229637146,0.09429025650024414
5485,3,0,0,0.9206163883209229,0.007458834908902645,0.07192470133304596
5487,3,0,0,0.6012481451034546,0.02217983268201351,0.37657201290130615
5489,4,0,0,0.5704402923583984,0.01441906951367855,0.4151405990123749
5491,1,0,2,0.1006954163312912,0.11919607222080231,0.7801085114479065
5492,0,0,0,0.9707300066947937,0.003717734944075346,0.025552233681082726
5493,0,0,0,0.5619145035743713,0.35340628027915955,0.0846792533993721
5495,4,0,0,0.7794016003608704,0.04063153639435768,0.17996691167354584
5496,3,0,0,0.7467367053031921,0.005254391580820084,0.24800893664360046
5497,4,0,0,0.5196709632873535,0.07381591200828552,0.40651312470436096
5498,1,0,0,0.8947069048881531,0.08963315188884735,0.015659965574741364
5499,3,0,0,0.686095654964447,0.19448870420455933,0.11941565573215485
5500,1,0,0,0.691938579082489,0.08081091940402985,0.22725051641464233
5503,2,0,0,0.6202120184898376,0.004742375109344721,0.37504565715789795
5504,2,0,0,0.7208364605903625,0.04154074192047119,0.23762282729148865
5505,1,0,0,0.7514138221740723,0.21921023726463318,0.0293759535998106
5508,3,0,0,0.6237543225288391,0.1511669009923935,0.2250787317752838
5509,4,0,0,0.8485919237136841,0.0150971170514822,0.13631097972393036
5512,2,0,0,0.6202120184898376,0.004742375109344721,0.37504565715789795
5513,4,0,0,0.9689813256263733,0.0010752200614660978,0.029943516477942467
5514,1,0,1,0.14259058237075806,0.7540168166160583,0.1033926010131836
5516,3,0,0,0.686095654964447,0.19448870420455933,0.11941565573215485
5518,0,0,2,0.3702424466609955,0.21075530350208282,0.4190022647380829
5520,4,0,0,0.7086505889892578,0.28139692544937134,0.00995244923979044
5521,1,0,0,0.8553979396820068,0.02446988970041275,0.12013217806816101
5522,1,0,0,0.7104302048683167,0.13627615571022034,0.15329359471797943
5523,0,0,0,0.6571583151817322,0.07328551262617111,0.2695561349391937
5524,1,0,0,0.8754661679267883,0.07498934864997864,0.04954442381858826
5525,0,0,2,0.4643818438053131,0.026367487385869026,0.5092507004737854
5528,1,0,0,0.7873783707618713,0.02764759585261345,0.1849740743637085
5529,4,0,0,0.4984316825866699,0.1473095566034317,0.35425877571105957
5530,1,0,0,0.5171087384223938,0.28358301520347595,0.19930827617645264
5531,1,0,1,0.1780843287706375,0.7850487232208252,0.0368669331073761
5534,1,0,0,0.7845044732093811,0.19361677765846252,0.021878734230995178
5535,2,0,0,0.8115818500518799,0.08074430376291275,0.10767386853694916
5536,3,0,1,0.18285362422466278,0.7761601209640503,0.04098621755838394
5537,3,0,1,0.09556464105844498,0.8587491512298584,0.045686181634664536
5538,1,0,0,0.9256930351257324,0.017810409888625145,0.05649659037590027
5539,1,0,0,0.7873783707618713,0.02764759585261345,0.1849740743637085
5542,4,0,0,0.9706950783729553,0.0036965799517929554,0.02560836635529995
5543,1,0,0,0.8754661679267883,0.07498934864997864,0.04954442381858826
5544,1,0,0,0.6105344295501709,0.17771531641483307,0.21175029873847961
5545,4,0,0,0.8007866740226746,0.04337684065103531,0.15583647787570953
5546,2,0,0,0.9447859525680542,0.0239179078489542,0.03129621595144272
5547,0,0,0,0.7154489159584045,0.07376090437173843,0.21079015731811523
5548,2,0,0,0.8243881464004517,0.06504648923873901,0.11056538671255112
5549,1,0,0,0.4265352487564087,0.38250887393951416,0.19095587730407715
5550,1,0,0,0.7553789615631104,0.2252006232738495,0.01942042075097561
5551,0,0,0,0.6341133117675781,0.33344486355781555,0.032441847026348114
5553,4,0,0,0.8440310955047607,0.03837836533784866,0.11759054660797119
5554,0,0,1,0.4210367798805237,0.5658884644508362,0.013074725866317749
5556,0,0,0,0.7838440537452698,0.12460088729858398,0.09155506640672684
5557,1,0,0,0.9285120964050293,0.02813812345266342,0.04334976151585579
5558,4,0,0,0.9726732969284058,0.0027803394477814436,0.024546358734369278
5559,2,0,0,0.843145489692688,0.030881401151418686,0.12597309052944183
5560,0,0,0,0.8788008093833923,0.020436763763427734,0.1007625013589859
5561,4,0,0,0.9540499448776245,0.006352787837386131,0.03959721326828003
5562,3,0,0,0.8768106698989868,0.012735152617096901,0.11045417934656143
5563,2,0,0,0.7773641347885132,0.08367206156253815,0.13896377384662628
5564,4,0,0,0.5076030492782593,0.011628260836005211,0.48076874017715454
5565,2,0,0,0.9447859525680542,0.0239179078489542,0.03129621595144272
5566,2,0,0,0.5629722476005554,0.35740047693252563,0.07962726801633835
5567,1,0,0,0.8895025849342346,0.08447764068841934,0.026019727811217308
5570,3,0,0,0.7879272103309631,0.037917833775281906,0.17415502667427063
5571,4,0,0,0.9156153798103333,0.031439390033483505,0.052945174276828766
5573,3,0,0,0.8205836415290833,0.09212751686573029,0.08728887140750885
5574,0,0,0,0.9112909436225891,0.06603337079286575,0.022675735875964165
5575,3,0,1,0.3064839243888855,0.4205918312072754,0.2729243040084839
5576,3,2,2,0.0025790371000766754,0.010320940986275673,0.9871000051498413
5577,4,0,2,0.2505277991294861,0.30147799849510193,0.4479941427707672
5578,2,0,2,0.3731232285499573,0.009474609047174454,0.6174021363258362
5579,3,0,0,0.9384498596191406,0.0045728012919425964,0.05697736144065857
5580,3,0,0,0.783124566078186,0.029973695054650307,0.1869017481803894
5581,4,0,0,0.854469895362854,0.014399219304323196,0.1311308592557907
5582,1,0,1,0.32514095306396484,0.6622855067253113,0.012573573738336563
5583,4,0,0,0.8676973581314087,0.03861803933978081,0.0936846137046814
5585,2,0,0,0.931554913520813,0.022343073040246964,0.04610205069184303
5586,0,0,0,0.9449183344841003,0.008150016888976097,0.04693163186311722
5587,3,0,0,0.7915928959846497,0.11756318062543869,0.09084387868642807
5588,3,0,0,0.9205746650695801,0.00989176332950592,0.0695335641503334
5589,0,0,1,0.18853451311588287,0.7969120740890503,0.014553386718034744
5590,2,0,2,0.07579798251390457,0.07755438983440399,0.8466475605964661
5591,1,0,0,0.9103173613548279,0.012794582173228264,0.07688798755407333
5592,4,0,0,0.7282818555831909,0.22295574843883514,0.048762399703264236
5593,1,0,1,0.30107709765434265,0.5729367136955261,0.12598617374897003
5595,1,0,2,0.1580962836742401,0.011255593970417976,0.8306481242179871
5596,2,0,0,0.8554193377494812,0.04300284758210182,0.10157788544893265
5597,4,0,0,0.49881935119628906,0.015351571142673492,0.48582908511161804
5598,4,0,0,0.6404624581336975,0.05388881266117096,0.3056487441062927
5599,1,0,0,0.6904491186141968,0.009580407291650772,0.2999705374240875
5600,4,0,0,0.8954232335090637,0.004934246651828289,0.09964249283075333
5601,4,0,0,0.9456067681312561,0.01243501901626587,0.041958242654800415
5602,3,0,0,0.7594573497772217,0.14550448954105377,0.09503821283578873
5604,4,0,0,0.9806110858917236,0.0014149922644719481,0.017973866313695908
5605,0,0,0,0.8179592490196228,0.005900555290281773,0.17614024877548218
5606,4,0,0,0.8832062482833862,0.000906823028344661,0.11588691174983978
5607,1,0,0,0.758726179599762,0.09426342695951462,0.14701040089130402
5608,1,0,0,0.4564889073371887,0.10814101248979568,0.4353700280189514
5609,4,0,0,0.9302000403404236,0.008595973253250122,0.06120406091213226
5610,0,0,0,0.941306471824646,0.04444131627678871,0.014252190478146076
5612,3,0,0,0.6050455570220947,0.054655641317367554,0.3402988016605377
5613,2,0,0,0.5185583829879761,0.15889838337898254,0.3225432336330414
5614,1,0,0,0.7594767212867737,0.02117455191910267,0.2193487137556076
5616,4,0,0,0.9308906197547913,0.007439585868269205,0.061669833958148956
5617,2,0,0,0.8713780045509338,0.061618342995643616,0.06700371205806732
5618,0,0,0,0.776750922203064,0.09783966094255447,0.12540945410728455
5619,3,0,0,0.7005696296691895,0.10694549232721329,0.19248490035533905
5620,0,0,0,0.7782272696495056,0.15136446058750153,0.07040826976299286
5621,4,0,0,0.6563805937767029,0.04875259846448898,0.2948668301105499
5622,4,0,0,0.7241456508636475,0.01617187075316906,0.25968247652053833
5623,1,0,0,0.598529040813446,0.3544381558895111,0.04703276604413986
5624,3,0,0,0.6943053007125854,0.27714279294013977,0.028551947325468063
5625,2,0,0,0.7595277428627014,0.14770562946796417,0.09276660531759262
5626,4,0,1,0.2953517436981201,0.6104822754859924,0.09416596591472626
5627,0,0,0,0.8713357448577881,0.05445908010005951,0.07420513033866882
5628,3,0,0,0.5494617223739624,0.37858083844184875,0.07195745408535004
5629,0,0,0,0.8832734823226929,0.07422304898500443,0.04250349849462509
5630,1,0,0,0.5901541709899902,0.33343061804771423,0.07641518115997314
5631,1,0,0,0.9675966501235962,0.01133477408438921,0.021068667992949486
5633,0,0,0,0.8908295631408691,0.027371710166335106,0.08179871737957001
5634,2,0,0,0.8466276526451111,0.0538485124707222,0.09952381253242493
5635,3,0,0,0.857333779335022,0.0037465710192918777,0.13891971111297607
5636,4,0,0,0.779568612575531,0.06073729693889618,0.159694105386734
5637,3,0,0,0.8726288080215454,0.03399943932890892,0.09337165951728821
5638,1,0,1,0.081759013235569,0.8863022327423096,0.03193872421979904
5639,0,0,0,0.6133102774620056,0.1693752408027649,0.21731451153755188
5640,1,0,2,0.1431429535150528,0.23875287175178528,0.6181041598320007
5641,3,0,0,0.8137389421463013,0.13760046660900116,0.0486605241894722
5642,3,0,1,0.23963859677314758,0.7201372981071472,0.0402241088449955
5643,4,0,0,0.9584681391716003,0.015338370576500893,0.026193449273705482
5644,0,0,2,0.1022384911775589,0.013201293535530567,0.8845601677894592
5646,4,0,2,0.12081341445446014,0.026165766641497612,0.8530208468437195
5647,4,0,2,0.4439297020435333,0.024406863376498222,0.5316634178161621
5649,2,0,0,0.6728290915489197,0.005916030611842871,0.3212548494338989
5651,1,0,0,0.9526643753051758,0.010000569745898247,0.03733504191040993
5652,3,0,0,0.8898484110832214,0.020874228328466415,0.08927734941244125
5654,4,0,2,0.337952584028244,0.2184329330921173,0.44361448287963867
5655,4,0,0,0.9291692972183228,0.0034914298448711634,0.06733927875757217
5656,0,2,2,0.0929269939661026,0.00030057126423344016,0.9067724347114563
5657,2,0,0,0.7677648663520813,0.056511715054512024,0.1757233887910843
5658,4,0,0,0.6737748980522156,0.024400809779763222,0.30182433128356934
5659,0,0,0,0.9416746497154236,0.011490662582218647,0.046834755688905716
5660,2,0,0,0.9148566722869873,0.016136271879076958,0.06900705397129059
5661,0,0,1,0.265033096075058,0.6840696334838867,0.05089724063873291
5662,2,0,0,0.5727400779724121,0.2754780650138855,0.1517818421125412
5664,3,0,0,0.733759343624115,0.21670401096343994,0.049536749720573425
5666,1,0,0,0.7423115968704224,0.11937649548053741,0.13831186294555664
5667,4,0,0,0.9164019823074341,0.016517398878932,0.06708063930273056
5669,1,0,0,0.7457073330879211,0.03344808891415596,0.2208445817232132
5670,2,0,0,0.769911527633667,0.03864915668964386,0.19143928587436676
5671,1,0,1,0.29756051301956177,0.5244341492652893,0.17800532281398773
5673,0,0,0,0.8228371739387512,0.03704855591058731,0.14011427760124207
5674,0,0,0,0.7086614370346069,0.02133329212665558,0.2700052559375763
5675,1,0,2,0.3748953938484192,0.07282014936208725,0.5522844791412354
5676,1,0,0,0.8201441168785095,0.030055606737732887,0.14980024099349976
5677,3,0,0,0.6234475374221802,0.2721106708049774,0.104441799223423
5679,0,0,0,0.7378419637680054,0.17036333680152893,0.09179472178220749
5680,0,0,0,0.8186748027801514,0.12209546566009521,0.059229686856269836
5681,2,0,0,0.8580690026283264,0.04539909586310387,0.09653186798095703
5682,4,0,0,0.8662678599357605,0.017254704609513283,0.11647742241621017
5683,1,0,2,0.10163944959640503,0.08269697427749634,0.8156635165214539
5684,2,0,0,0.830708384513855,0.030387235805392265,0.13890446722507477
5685,4,0,0,0.8044381141662598,0.044373441487550735,0.15118853747844696
5686,0,0,0,0.8559189438819885,0.05993678420782089,0.0841442346572876
5688,0,0,0,0.6606951355934143,0.0722716823220253,0.267033189535141
5689,3,0,0,0.9540847539901733,0.015706049278378487,0.030209235846996307
5690,2,0,0,0.9157342910766602,0.00037548106047324836,0.08389021456241608
5691,2,0,0,0.4868808388710022,0.4289590120315552,0.08416011929512024
5693,2,0,0,0.8439639210700989,0.021525664255023003,0.13451042771339417
5694,3,0,0,0.9764649271965027,0.006581559311598539,0.016953501850366592
5695,2,0,0,0.8779284358024597,0.03207078203558922,0.09000085294246674
5696,1,0,0,0.6507810950279236,0.07066719979047775,0.2785516381263733
5697,0,0,0,0.9102818965911865,0.06389671564102173,0.025821393355727196
5698,0,0,0,0.7537169456481934,0.10095890611410141,0.14532411098480225
5699,1,0,0,0.8149489164352417,0.020424682646989822,0.16462640464305878
5700,2,0,0,0.9404888153076172,0.01614469289779663,0.04336647316813469
5701,0,0,0,0.9570456147193909,0.007096812129020691,0.03585759177803993
5702,2,0,0,0.5902020335197449,0.004073562566190958,0.4057243764400482
5703,3,0,0,0.8392907977104187,0.06627807021141052,0.09443122148513794
5704,2,0,2,0.10917723178863525,0.027732905000448227,0.8630897998809814
5706,3,0,2,0.324205219745636,0.13216112554073334,0.5436336398124695
5707,1,0,0,0.7612454295158386,0.1252339631319046,0.11352059990167618
5709,0,0,0,0.8778464794158936,0.020994113758206367,0.10115930438041687
5711,3,0,2,0.324205219745636,0.13216112554073334,0.5436336398124695
5712,0,0,0,0.4803825914859772,0.09125572443008423,0.4283616244792938
5713,0,0,0,0.7684178352355957,0.16340339183807373,0.06817880272865295
5714,1,0,0,0.9343782663345337,0.037165652960538864,0.028456049039959908
5716,1,0,0,0.46713918447494507,0.08026748150587082,0.4525933563709259
5720,2,0,0,0.7303390502929688,0.20929114520549774,0.06036977469921112
5721,2,0,0,0.7613652348518372,0.0028520061168819666,0.23578272759914398
5723,1,0,0,0.9210981726646423,0.023565083742141724,0.05533674359321594
5724,1,0,2,0.46643635630607605,0.01433338038623333,0.519230306148529
5725,1,0,2,0.38514384627342224,0.055955689400434494,0.5589004158973694
5726,3,0,0,0.6675150394439697,0.20753328502178192,0.12495167553424835
5727,0,0,2,0.023685384541749954,0.0024120230227708817,0.9739025235176086
5728,0,0,0,0.5897674560546875,0.3289073407649994,0.0813252255320549
5729,3,0,0,0.9221864342689514,0.0021220038179308176,0.07569153606891632
5730,0,0,0,0.8967411518096924,0.04387376829981804,0.059385091066360474
5732,3,0,0,0.7246212959289551,0.1492086499929428,0.1261700838804245
5733,3,0,0,0.6849973797798157,0.23343682289123535,0.08156578987836838
5734,1,0,0,0.9203246235847473,0.046754881739616394,0.03292051702737808
5736,3,0,0,0.9168977737426758,0.017510350793600082,0.06559185683727264
5737,3,0,0,0.6310348510742188,0.15948806703090668,0.20947709679603577
5738,0,0,0,0.81927090883255,0.03846638649702072,0.14226268231868744
5739,4,0,0,0.5710861086845398,0.013446005061268806,0.41546785831451416
5740,4,0,0,0.6783459186553955,0.04944736137986183,0.27220672369003296
5741,1,0,0,0.818011462688446,0.00610131723806262,0.17588727176189423
5743,0,0,0,0.7039978504180908,0.16120345890522003,0.13479867577552795
5744,2,0,1,0.450232595205307,0.5388644337654114,0.010902955196797848
5745,2,0,0,0.7117047309875488,0.1025937870144844,0.18570150434970856
5747,0,0,0,0.6723225712776184,0.18561837077140808,0.14205901324748993
5748,2,0,0,0.5754116773605347,0.3311236798763275,0.09346464276313782
5749,3,2,2,0.0004681182326748967,0.03832797706127167,0.9612039923667908
5750,0,0,0,0.49913913011550903,0.07486221194267273,0.42599862813949585
5751,1,0,0,0.7755009531974792,0.12363816797733307,0.10086086392402649
5752,3,0,0,0.8822778463363647,0.022379592061042786,0.09534250199794769
5753,1,0,0,0.7475006580352783,0.1598610132932663,0.09263823926448822
5754,1,0,0,0.7947068810462952,0.008980123326182365,0.19631296396255493
5755,0,0,2,0.26312658190727234,0.06997513771057129,0.666898250579834
5756,3,0,0,0.8288195729255676,0.04378822445869446,0.1273922622203827
5757,2,0,0,0.7364453077316284,0.0383729562163353,0.2251816838979721
5758,0,0,0,0.6780381202697754,0.2574004828929901,0.0645613968372345
5759,3,0,0,0.8020272254943848,0.04414347931742668,0.15382927656173706
5760,4,0,0,0.6222242116928101,0.2528253495693207,0.12495037913322449
5761,2,0,1,0.3188464343547821,0.5800367593765259,0.10111673921346664
5762,0,0,0,0.6109495162963867,0.3752742409706116,0.013776213862001896
5763,0,0,0,0.7364683151245117,0.08315733075141907,0.1803743988275528
5766,2,0,0,0.9647854566574097,0.007772526238113642,0.027442092075943947
5767,0,0,1,0.038778699934482574,0.949164628982544,0.012056604959070683
5771,0,0,0,0.5814573764801025,0.3179338276386261,0.10060879588127136
5772,0,0,0,0.8524343967437744,0.029826855286955833,0.11773880571126938
5773,4,2,2,0.0027215725276619196,0.0012784447753801942,0.9960000514984131
5774,0,0,0,0.676874041557312,0.10833366215229034,0.2147923707962036
5775,1,0,2,0.01501751970499754,0.014935373328626156,0.9700470566749573
5776,3,0,0,0.6401835680007935,0.2346973419189453,0.12511906027793884
5777,4,0,0,0.9123449921607971,0.028740685433149338,0.058914292603731155
5778,1,0,2,0.3191762864589691,0.13381779193878174,0.5470059514045715
5779,2,0,0,0.9429585933685303,0.0023628026247024536,0.054678577929735184
5781,4,0,2,0.0020276515278965235,0.0010543533135205507,0.9969179630279541
5782,1,0,1,0.2273750603199005,0.5028212070465088,0.2698037326335907
5784,1,0,0,0.788709282875061,0.040776293724775314,0.17051440477371216
5785,0,0,0,0.676874041557312,0.10833366215229034,0.2147923707962036
5787,0,0,0,0.9127416610717773,0.0504782497882843,0.03678014129400253
5788,2,0,0,0.8117396235466003,0.13308444619178772,0.055175893008708954
5789,1,0,0,0.9491385221481323,0.023066135123372078,0.02779534086585045
5790,0,0,2,0.30727747082710266,0.011232501827180386,0.6814900636672974
5791,4,0,0,0.7226254940032959,0.0031788621563464403,0.2741956114768982
5792,0,0,0,0.6033848524093628,0.2487577497959137,0.14785738289356232
5793,2,0,0,0.7499943971633911,0.13978829979896545,0.11021731793880463
5794,4,0,2,0.38726097345352173,0.0009675799519754946,0.6117714047431946
5795,4,2,2,0.00010570121230557561,0.001604975201189518,0.9982892870903015
5796,0,0,0,0.7098936438560486,0.21932314336299896,0.07078321278095245
5797,3,0,1,0.30187228322029114,0.5731866359710693,0.12494111806154251
5798,4,0,2,0.3222920894622803,0.31892409920692444,0.3587838113307953
5801,4,0,0,0.8240198493003845,0.07348217070102692,0.10249797999858856
5802,0,0,0,0.731846034526825,0.12008373439311981,0.14807018637657166
5803,0,0,0,0.6682797074317932,0.010887078009545803,0.3208332359790802
5805,3,0,0,0.5362181067466736,0.005465748254209757,0.4583161771297455
5806,3,0,0,0.8168891072273254,0.12627282738685608,0.0568380132317543
5807,4,0,0,0.4450065791606903,0.11099538207054138,0.44399797916412354
5809,3,0,0,0.7919514775276184,0.05618682876229286,0.15186172723770142
5810,2,0,0,0.7008892893791199,0.06681843847036362,0.2322922945022583
5811,2,0,1,0.1358710676431656,0.8338904976844788,0.03023848496377468
5814,3,0,2,0.2748391628265381,0.17811422049999237,0.5470466017723083
5815,3,0,0,0.8630422353744507,0.07896655797958374,0.05799121782183647
5816,4,0,0,0.8836649060249329,0.006579564884305,0.1097554862499237
5817,2,0,0,0.8006728887557983,0.02905317395925522,0.17027392983436584
5818,0,0,0,0.860658586025238,0.04140564054250717,0.0979357436299324
5821,2,0,1,0.1358710676431656,0.8338904976844788,0.03023848496377468
5822,3,0,2,0.4361070394515991,0.076397605240345,0.4874952733516693
5824,0,0,0,0.8316903710365295,0.018423959612846375,0.14988568425178528
5826,1,0,0,0.8162369728088379,0.08418332040309906,0.09957969933748245
5828,3,0,0,0.64852374792099,0.009345556609332561,0.3421306908130646
5829,2,0,0,0.6406154632568359,0.012513530440628529,0.34687095880508423
5830,2,0,0,0.5682603120803833,0.0035201588179916143,0.4282195568084717
5832,2,0,0,0.8078991174697876,0.003064831020310521,0.1890360563993454
5833,4,0,0,0.9218858480453491,0.026385530829429626,0.05172868072986603
5834,1,0,0,0.9370339512825012,0.04549148306250572,0.01747458055615425
5835,1,0,2,0.2575748860836029,0.11700571328401566,0.6254194378852844
5836,2,0,0,0.944495677947998,0.02330845035612583,0.03219589218497276
5837,3,0,0,0.7242333292961121,0.03124859184026718,0.24451811611652374
5838,4,0,0,0.5488632917404175,0.00625675730407238,0.4448799192905426
5839,2,0,0,0.5834293365478516,0.007647699676454067,0.4089229702949524
5840,0,0,0,0.9130845069885254,0.04132188856601715,0.0455935038626194
5841,3,0,0,0.7118001580238342,0.15210172533988953,0.13609817624092102
5842,0,0,0,0.835774838924408,0.019548388198018074,0.14467670023441315
5843,1,0,0,0.47901585698127747,0.47822749614715576,0.04275665059685707
5844,1,0,0,0.7887088656425476,0.07728254050016403,0.13400864601135254
5845,0,0,0,0.9130845069885254,0.04132188856601715,0.0455935038626194
5846,2,0,0,0.5834293365478516,0.007647699676454067,0.4089229702949524
5847,4,0,0,0.5488632917404175,0.00625675730407238,0.4448799192905426
5848,3,0,2,0.08416919410228729,0.02599262446165085,0.8898380994796753
5850,3,0,1,0.4066157639026642,0.5393717288970947,0.054012492299079895
5852,3,0,1,0.15372122824192047,0.7869327664375305,0.05934599041938782
5854,1,0,0,0.8929456472396851,0.08748921006917953,0.019565168768167496
5855,4,0,0,0.6567772030830383,0.24147993326187134,0.10174287855625153
5856,2,0,0,0.9376113414764404,0.008721373043954372,0.05366737022995949
5858,3,0,0,0.5550909042358398,0.31331613659858704,0.13159289956092834
5859,0,0,0,0.9399055242538452,0.00971667654812336,0.0503777414560318
5861,3,0,0,0.8358457088470459,0.03561718761920929,0.12853705883026123
5862,4,0,0,0.9505178332328796,0.017969947308301926,0.031512223184108734
5863,0,0,1,0.2902735769748688,0.6512393951416016,0.05848701670765877
5864,1,0,0,0.737825334072113,0.11347872763872147,0.14869599044322968
5865,2,0,0,0.5034675002098083,0.08882021903991699,0.40771228075027466
5866,1,0,0,0.7597267627716064,0.1461859941482544,0.09408722817897797
5867,3,0,0,0.9364685416221619,0.045363977551460266,0.018167531117796898
5868,1,0,0,0.7715063095092773,0.11697836220264435,0.11151531338691711
5869,3,0,0,0.8358457088470459,0.03561718761920929,0.12853705883026123
5870,3,0,0,0.8673006296157837,0.028257157653570175,0.10444219410419464
5871,0,0,0,0.8458254933357239,0.0324631929397583,0.12171128392219543
5872,4,0,0,0.6567772030830383,0.24147993326187134,0.10174287855625153
5875,1,0,2,0.3577788472175598,0.05953812971711159,0.5826830267906189
5876,0,0,0,0.9809662103652954,0.0028656632639467716,0.016168177127838135
5877,1,0,0,0.4983104467391968,0.14969906210899353,0.35199040174484253
5878,4,0,0,0.9462503790855408,0.04235149547457695,0.011398195289075375
5880,3,0,2,0.19336238503456116,0.002191888866946101,0.804445743560791
5881,0,0,0,0.9655640721321106,0.006228587590157986,0.028207281604409218
5882,2,0,0,0.7190238237380981,0.01381091121584177,0.26716527342796326
5883,0,0,0,0.8851026296615601,0.09090538322925568,0.023991910740733147
5884,4,0,0,0.8448523879051208,0.04680056869983673,0.10834698379039764
5885,0,0,0,0.829488217830658,0.08915451169013977,0.08135722577571869
5888,1,0,0,0.909913957118988,0.02081962302327156,0.06926640123128891
5889,4,0,1,0.06520059704780579,0.6934383511543274,0.2413611114025116
5890,1,0,0,0.6618577837944031,0.016800450161099434,0.32134175300598145
5891,2,0,0,0.7190238237380981,0.01381091121584177,0.26716527342796326
5892,0,0,0,0.5100594162940979,0.07088760286569595,0.41905295848846436
5894,3,0,0,0.6552175283432007,0.017475619912147522,0.3273067772388458
5895,1,0,0,0.8515554666519165,0.09667106717824936,0.05177353695034981
5896,2,0,0,0.9505148530006409,0.0017902855761349201,0.04769492149353027
5897,3,0,0,0.6262412667274475,0.2498050034046173,0.1239536926150322
5898,1,0,0,0.7511653900146484,0.034186288714408875,0.21464833617210388
5899,1,0,0,0.6971017718315125,0.10980109870433807,0.1930970996618271
5900,1,0,0,0.9349792003631592,0.006616881117224693,0.05840403586626053
5901,1,0,1,0.4093663692474365,0.5541829466819763,0.03645068779587746
5902,1,0,0,0.9278274774551392,0.016030794009566307,0.05614173039793968
5903,2,0,2,0.008560925722122192,0.006724035367369652,0.9847150444984436
5904,0,0,0,0.9036960005760193,0.04262378066778183,0.0536801815032959
5905,4,0,0,0.9212548732757568,0.017451725900173187,0.06129337102174759
5906,3,0,2,0.35294392704963684,0.030122682452201843,0.6169334053993225
5907,0,0,0,0.9026554226875305,0.0284416563808918,0.06890291720628738
5908,1,2,2,0.00012139849422965199,0.0011978723341599107,0.9986806511878967
5910,4,2,2,0.0005300584598444402,4.2875097278738394e-05,0.999427080154419
5911,2,0,1,0.37839582562446594,0.5564313530921936,0.06517282128334045
5912,0,0,0,0.708294153213501,0.04383848235011101,0.2478674203157425
5913,1,0,2,0.3090541362762451,0.010200823657214642,0.680745005607605
5914,4,0,0,0.9017975926399231,0.010544197633862495,0.08765818178653717
5915,2,0,0,0.6232539415359497,0.25887012481689453,0.11787589639425278
5916,0,0,0,0.4821186065673828,0.07376126199960709,0.4441201388835907
5919,1,0,0,0.7330930233001709,0.23555947840213776,0.031347502022981644
5920,1,0,2,0.18300828337669373,0.07592880725860596,0.7410629391670227
5921,2,0,0,0.8105422258377075,0.03875791281461716,0.15069986879825592
5923,4,0,1,0.4345467984676361,0.4629030227661133,0.10255017131567001
5924,3,0,0,0.7179194092750549,0.011944766156375408,0.27013587951660156
5925,4,2,2,0.00025745437596924603,0.08523727208375931,0.9145051836967468
5926,2,0,0,0.9434846639633179,0.01718781143426895,0.03932761028409004
5927,2,0,0,0.8457474708557129,0.0074909101240336895,0.14676165580749512
5928,4,0,0,0.8780257701873779,0.0122631024569273,0.10971112549304962
5929,4,0,2,0.07337182015180588,0.0010288360062986612,0.9255993366241455
5930,2,0,0,0.8411505222320557,0.0027580258902162313,0.15609152615070343
5932,0,0,2,0.35980144143104553,0.10432061553001404,0.5358779430389404
5933,3,0,0,0.7422435879707336,0.026300054043531418,0.23145638406276703
5934,3,0,2,0.1105031967163086,0.002014149446040392,0.8874825835227966
5935,0,0,0,0.7700808644294739,0.16136899590492249,0.06855009496212006
5936,3,0,0,0.896224856376648,0.04007077217102051,0.06370436400175095
5937,1,0,2,0.2076740562915802,0.2221270650625229,0.5701988339424133
5938,0,0,1,0.35260236263275146,0.5803057551383972,0.06709188967943192
5939,0,0,2,0.0014221174642443657,0.0016617549117654562,0.9969161748886108
5940,3,0,2,0.1856236606836319,0.07096157968044281,0.7434147000312805
5941,3,0,1,0.0021643401123583317,0.9975183010101318,0.00031743355793878436
5942,0,0,2,0.198165163397789,0.12312489748001099,0.6787099242210388
5943,1,2,2,7.3155366408173e-05,0.0007244713488034904,0.9992024302482605
5945,3,0,1,0.2978082001209259,0.5757442712783813,0.12644749879837036
5947,2,0,0,0.8411505222320557,0.0027580258902162313,0.15609152615070343
5949,4,0,0,0.7753748297691345,0.036462970077991486,0.18816222250461578
5950,3,0,0,0.5281006097793579,0.06685697287321091,0.4050423800945282
5952,2,0,2,0.03589131310582161,8.530288323527202e-05,0.9640234112739563
5953,4,0,2,0.22613823413848877,0.1779070496559143,0.5959546566009521
5954,3,0,0,0.6174417734146118,0.04833295941352844,0.33422529697418213
5955,4,0,0,0.7586906552314758,0.010324043221771717,0.23098526895046234
5956,0,0,2,0.37357261776924133,0.03177586942911148,0.5946515202522278
5957,4,0,0,0.6123249530792236,0.016352174803614616,0.3713229298591614
5958,1,0,0,0.9336812496185303,0.010599161498248577,0.05571949481964111
5959,2,0,0,0.47095003724098206,0.07536761462688446,0.4536823034286499
5964,4,0,2,0.01889198273420334,0.0019670019391924143,0.9791409373283386
5965,0,0,2,0.10908611863851547,0.07484123855829239,0.8160727024078369
5966,4,0,0,0.8263705968856812,0.03880354389548302,0.13482585549354553
5967,3,0,1,0.18775419890880585,0.7510491609573364,0.061196599155664444
5968,0,0,0,0.5405886173248291,0.34047913551330566,0.11893223971128464
5970,4,0,0,0.7682438492774963,0.13206259906291962,0.09969352185726166
5971,4,0,2,0.43947240710258484,0.06606879085302353,0.49445879459381104
5972,1,0,0,0.8695300221443176,0.015940526500344276,0.11452948302030563
5973,2,0,0,0.9644649028778076,0.015695545822381973,0.019839543849229813
5974,3,0,0,0.6337852478027344,0.20188552141189575,0.16432927548885345
5975,4,0,2,0.04324415698647499,0.002308820141479373,0.9544470310211182
5976,3,0,0,0.9612118005752563,0.022583967074751854,0.016204245388507843
5977,0,0,0,0.925581157207489,0.02218037284910679,0.05223851278424263
5978,3,0,0,0.7267439961433411,0.009932644665241241,0.2633233368396759
5979,0,0,1,0.19857336580753326,0.5651931166648865,0.23623353242874146
5980,1,0,0,0.8746057748794556,0.025152774527668953,0.10024143755435944
5981,3,0,2,0.21722154319286346,0.0005011883331462741,0.7822772860527039
5982,1,0,0,0.7545744776725769,0.06298677623271942,0.18243879079818726
5983,3,0,0,0.8995079398155212,0.031415779143571854,0.06907634437084198
5984,1,0,0,0.848908543586731,0.12087754160165787,0.03021395020186901
5985,2,0,2,0.3315213620662689,0.0007881671190261841,0.6676905155181885
5986,0,0,1,0.25270605087280273,0.7296960949897766,0.017597859725356102
5987,3,0,0,0.7973782420158386,0.16167716681957245,0.04094463214278221
5988,2,0,0,0.9632299542427063,0.011395283043384552,0.025374652817845345
5989,4,0,0,0.8050479888916016,0.10424243658781052,0.0907096415758133
5990,1,0,0,0.7512292861938477,0.06546355783939362,0.18330718576908112
5991,4,0,0,0.8588388562202454,0.02362445369362831,0.1175367534160614
5993,1,0,0,0.9365899562835693,0.005219787824898958,0.05819036066532135
5994,4,0,0,0.9082653522491455,0.031064219772815704,0.06067043915390968
5995,4,0,0,0.9435864686965942,0.026759492233395576,0.029654107987880707
5996,2,0,0,0.8527445197105408,0.015226537361741066,0.13202893733978271
5997,3,0,0,0.468067467212677,0.24959038197994232,0.2823421359062195
5998,1,0,0,0.871178925037384,0.016468986868858337,0.11235207319259644
5999,2,0,2,0.008971125818789005,0.007792019285261631,0.9832368493080139
6000,4,2,2,0.0006339646643027663,9.482885616307613e-06,0.9993564486503601
6001,2,0,0,0.8478086590766907,0.04821741208434105,0.10397392511367798
6002,4,0,0,0.7745785117149353,0.039953261613845825,0.1854681670665741
6006,1,1,1,2.4756742277531885e-05,0.9999676942825317,7.491650194424437e-06
6011,4,2,2,0.45435914397239685,0.057368818670511246,0.4882720112800598
6012,3,2,2,4.1855135350488126e-05,0.00012994930148124695,0.9998282194137573
6013,1,1,1,0.00406376039609313,0.9954609274864197,0.0004752965469378978
6014,3,2,2,0.01063499040901661,0.0019018527818843722,0.9874632358551025
6016,0,2,2,0.0002615039993543178,0.00035187831963412464,0.9993865489959717
6019,4,2,0,0.8882936239242554,0.039268460124731064,0.07243786007165909
6020,4,0,1,3.958322849939577e-05,0.9983466863632202,0.001613787142559886
6021,3,2,2,0.02896731346845627,0.016688749194145203,0.9543439745903015
6022,2,2,2,0.06329313665628433,0.2786300480365753,0.6580768823623657
6023,1,2,2,0.019647173583507538,0.39563649892807007,0.5847163796424866
6024,3,2,2,3.075025961152278e-05,0.0002590598596725613,0.9997101426124573
6025,2,2,2,7.133546660043066e-06,0.00018134985293727368,0.9998114705085754
6026,2,2,2,0.0002372600429225713,1.2754787348967511e-05,0.9997499585151672
6027,3,2,2,3.6905108572682366e-05,0.00014859192015137523,0.9998144507408142
6029,3,0,0,0.8392903208732605,0.009070366621017456,0.15163931250572205
6030,2,0,0,0.6826685667037964,0.04503791034221649,0.2722935676574707
6031,3,2,2,0.15367691218852997,0.055953457951545715,0.7903696298599243
6032,2,0,0,0.8946647047996521,0.042693715542554855,0.06264161318540573
6034,1,2,0,0.6291477680206299,0.18386554718017578,0.18698672950267792
6035,4,0,0,0.7947630286216736,0.05215045064687729,0.15308648347854614
6036,2,2,2,5.462350600282662e-06,0.008729453198611736,0.9912651181221008
6037,3,2,0,0.4771864712238312,0.38266053795814514,0.1401529610157013
6038,0,2,2,4.583226836984977e-05,0.0003658060741145164,0.9995883107185364
6039,2,2,2,0.0010080405045300722,9.142206636170158e-07,0.9989909529685974
6040,4,2,2,0.0008103271829895675,7.68105746828951e-06,0.9991820454597473
6041,3,2,2,0.00011305350926704705,1.4801826182520017e-05,0.9998722076416016
6044,0,2,2,0.00028896573348902166,4.754013389174361e-06,0.9997062087059021
6045,4,2,2,0.0019396468997001648,1.1502153029141482e-05,0.9980487823486328
6047,0,0,0,0.9274097681045532,0.03919537737965584,0.033394813537597656
6049,4,2,2,0.0011685631470754743,5.340202278603101e-06,0.9988260865211487
6050,2,2,2,4.079877726326231e-06,1.7505006326246075e-05,0.9999784231185913
6051,3,2,2,7.215629739221185e-05,0.0009052871027961373,0.9990224838256836
6052,0,2,2,5.642420546791982e-06,0.00011262446059845388,0.9998817443847656
6053,4,2,2,0.0001241974241565913,0.0012045832118019462,0.998671293258667
6055,1,2,2,7.461196673830273e-06,0.0005007183062843978,0.999491810798645
6056,0,2,2,3.900102456100285e-06,0.00018190377159044147,0.9998142123222351
6057,4,2,2,0.1712229698896408,0.00015162263298407197,0.8286253809928894
6058,2,2,2,1.1681577234412543e-05,7.168851880123839e-05,0.999916672706604
6060,3,0,0,0.8841285109519958,0.052341945469379425,0.0635295882821083
6061,0,2,2,3.900102456100285e-06,0.00018190377159044147,0.9998142123222351
6062,2,0,0,0.6724359393119812,0.011662468314170837,0.31590157747268677
6063,3,2,2,4.6276785724330693e-05,0.00010236880189040676,0.9998513460159302
6064,3,2,2,6.400081474566832e-05,0.0007276698597706854,0.999208390712738
6065,4,2,2,1.7777014363673516e-05,0.0027946815825998783,0.9971874356269836
6066,1,0,0,0.6785721778869629,0.04798123240470886,0.27344658970832825
6067,4,1,1,0.000376309035345912,0.9868385195732117,0.01278520654886961
6068,3,1,1,1.230897760251537e-05,0.9999816417694092,6.006828243698692e-06
6069,2,1,1,0.03877633810043335,0.9528350234031677,0.008388654328882694
6071,0,2,2,1.936698936333414e-05,0.0006455032271333039,0.9993351101875305
6072,2,2,2,3.8011617107258644e-06,5.354813765734434e-05,0.9999426603317261
6073,0,2,2,3.898623981513083e-05,0.0015770368045195937,0.9983838796615601
6074,2,2,2,2.835980922100134e-06,4.088978312211111e-05,0.9999562501907349
6075,2,2,2,8.585139767092187e-06,1.340090784651693e-05,0.9999780654907227
6076,1,0,0,0.6629006862640381,0.22361767292022705,0.11348167061805725
6077,4,2,2,4.369498128653504e-05,0.0002611149102449417,0.9996951818466187
6078,1,2,2,0.01301644742488861,0.015223928727209568,0.9717596173286438
6079,2,2,1,0.12345979362726212,0.46594005823135376,0.41060009598731995
6080,2,2,2,0.027726663276553154,5.143589442013763e-05,0.972221851348877
6081,4,0,2,0.16849739849567413,0.005048962309956551,0.8264535665512085
6083,3,2,2,8.392045128857717e-05,0.00014126405585557222,0.9997748732566833
6084,1,2,2,5.568299820879474e-05,0.00011715635628206655,0.9998272061347961
6085,1,2,2,0.0004119844234082848,0.000292418320896104,0.9992955923080444
6086,0,2,0,0.7786123156547546,0.09184149652719498,0.12954623997211456
6087,1,0,0,0.5470417737960815,0.12097761034965515,0.3319806456565857
6088,3,0,1,0.08215533196926117,0.5595055222511292,0.3583391010761261
6089,2,2,2,2.0274623238947242e-05,0.0005933971260674298,0.9993863105773926
6091,0,2,2,1.1800478205259424e-05,8.96806814125739e-05,0.9998985528945923
6092,3,2,2,0.0001354125124635175,0.0026266579516232014,0.9972379207611084
6094,1,2,2,3.315708227091818e-06,0.0002530975907575339,0.9997435212135315
6095,2,1,1,0.007993394508957863,0.9907570481300354,0.001249608350917697
6096,0,2,2,4.500670911511406e-05,0.0007953757303766906,0.999159574508667
6097,2,2,2,6.165098966448568e-06,1.9995619368273765e-05,0.9999737739562988
6098,1,2,0,0.697778582572937,0.056813400238752365,0.24540801346302032
6100,0,2,2,0.00018306021229363978,0.0007669857004657388,0.999049961566925
6101,0,2,2,0.15829752385616302,0.01810312643647194,0.8235993385314941
6102,3,0,1,0.17174208164215088,0.7827352285385132,0.04552263021469116
6103,0,0,0,0.760557234287262,0.17416135966777802,0.06528139859437943
6104,2,1,1,0.017974887043237686,0.9747595191001892,0.00726556358858943
6106,3,0,0,0.8845587968826294,0.02947809360921383,0.08596308529376984
6107,0,0,0,0.6727349162101746,0.019121896475553513,0.3081432282924652
6108,4,0,0,0.9281572103500366,0.06033224239945412,0.011510548181831837
6109,4,0,0,0.9093222618103027,0.06434889137744904,0.02632882259786129
6110,4,0,1,0.3105442225933075,0.4053146243095398,0.2841411232948303
6112,0,2,2,5.8507866924628615e-05,2.4755024696787586e-06,0.99993896484375
6113,3,2,1,0.005036378279328346,0.641952395439148,0.35301119089126587
6114,4,2,2,0.0031808125786483288,0.0006985247018747032,0.9961207509040833
6115,0,0,0,0.7848941683769226,0.08074547350406647,0.13436034321784973
6116,0,2,0,0.8472797870635986,0.07918759435415268,0.07353270053863525
6117,4,2,2,3.242410093662329e-05,0.00030295029864646494,0.9996646642684937
6118,1,2,2,0.031238455325365067,0.19341044127941132,0.7753511071205139
6119,4,2,2,8.899431122699752e-05,0.00029283566982485354,0.9996181726455688
6120,3,0,0,0.6033812761306763,0.2556159496307373,0.14100277423858643
6121,2,0,1,0.21192803978919983,0.7713896632194519,0.016682296991348267
6122,4,0,0,0.8149885535240173,0.08628961443901062,0.09872178733348846
6123,1,2,0,0.6240973472595215,0.1196294054389,0.2562732696533203
6124,1,2,2,0.32605311274528503,0.10396647453308105,0.5699803829193115
6125,2,0,0,0.7962923645973206,0.0324135385453701,0.17129407823085785
6127,0,0,0,0.88897705078125,0.04092203453183174,0.07010096311569214
6129,4,2,0,0.8368238210678101,0.028222598135471344,0.1349535882472992
6130,3,1,1,0.027101321145892143,0.9697690606117249,0.003129676217213273
6131,4,0,2,0.2693735957145691,0.004202163778245449,0.7264242172241211
6133,3,2,1,0.3418043255805969,0.5526381731033325,0.10555746406316757
6134,4,2,2,0.00014025326527189463,0.00018202296632807702,0.9996777772903442
6135,1,0,0,0.7877675294876099,0.06460162997245789,0.14763082563877106
6136,4,1,1,2.658922858245205e-05,0.9999325275421143,4.08439154853113e-05
6137,4,1,2,0.27651339769363403,0.17055931687355042,0.5529272556304932
6139,2,1,0,0.8208534717559814,0.019223108887672424,0.15992337465286255
6140,1,2,0,0.7279719710350037,0.24402518570423126,0.028002848848700523
6141,3,2,2,8.599226930527948e-06,5.706256706616841e-05,0.9999343156814575
6143,1,2,0,0.6508593559265137,0.2133280634880066,0.13581258058547974
6145,3,2,2,1.2561760740936734e-05,5.824346953886561e-05,0.9999291896820068
6146,2,2,2,6.218152066139737e-06,0.00016800183220766485,0.9998257756233215
6147,4,1,1,9.401701390743256e-05,0.9996441602706909,0.0002618689031805843
6148,2,2,2,1.4498208656732459e-05,0.0002135347604053095,0.9997718930244446
6149,4,2,2,7.346063648583367e-05,0.0003330358013045043,0.9995935559272766
6150,2,1,1,1.2485781553550623e-05,0.9999868869781494,6.258001690184756e-07
6151,2,0,0,0.7214305996894836,0.20513582229614258,0.07343358546495438
6152,4,2,2,5.710923142032698e-05,0.0009664057288318872,0.998976469039917
6153,3,0,0,0.8125868439674377,0.1326613426208496,0.05475177988409996
6154,2,1,1,1.2204270205984358e-05,0.9999864101409912,1.3289345588418655e-06
6157,3,2,2,0.0003127876261714846,0.00023043771216180176,0.9994568228721619
6158,3,1,1,4.913598604616709e-05,0.999915599822998,3.530098183546215e-05
6159,4,2,2,2.962308280984871e-05,0.00018435566744301468,0.9997859597206116
6160,2,2,2,1.930232656377484e-06,0.00011308244575047866,0.9998849630355835
6161,3,0,0,0.8346108198165894,0.007241721265017986,0.15814749896526337
6162,4,2,1,0.03823711350560188,0.8168128728866577,0.14494995772838593
6163,3,2,1,0.27468419075012207,0.4653443396091461,0.2599714398384094
6164,1,1,1,0.00012051228259224445,0.9998788833618164,5.369587370296358e-07
6165,0,2,2,0.000486045959405601,0.00033920895657502115,0.9991746544837952
6166,1,0,2,0.019443798810243607,0.4261375665664673,0.5544186234474182
6167,1,2,2,1.1228667972318362e-05,1.0707493856898509e-05,0.9999780654907227
6168,3,0,0,0.75087571144104,0.03160892426967621,0.21751537919044495
6169,1,2,2,0.1692640334367752,0.11773765087127686,0.7129982709884644
6171,3,1,0,0.7975333333015442,0.00283674499951303,0.19962990283966064
6172,1,2,2,9.303347178502008e-05,0.0004011529090348631,0.9995057582855225
6173,1,0,1,0.12162897735834122,0.5455881953239441,0.3327828347682953
6174,0,2,2,0.0007359051378443837,0.0005759713239967823,0.9986881613731384
6175,2,2,2,2.032119118666742e-05,0.0001998759398702532,0.9997797608375549
6176,4,2,2,3.3971697121160105e-05,0.00013960432261228561,0.9998264908790588
6177,0,1,1,0.036671195179224014,0.8700953125953674,0.09323349595069885
6179,1,2,2,5.622092885460006e-06,0.0003427875635679811,0.9996515512466431
6180,4,2,2,9.178382606478408e-05,1.084988525690278e-05,0.9998973608016968
6182,1,2,2,0.005755000282078981,0.19041268527507782,0.8038322925567627
6183,4,2,2,0.0003394693194422871,8.752645953791216e-06,0.9996517896652222
6184,4,2,0,0.7346030473709106,0.09538540244102478,0.1700114905834198
6185,2,0,2,0.01922319456934929,0.0002854487975127995,0.9804913997650146
6186,1,2,2,0.3331131041049957,0.09765114635229111,0.5692357420921326
6187,4,1,0,0.5132706165313721,0.003109560813754797,0.4836197793483734
6188,1,0,0,0.5641555786132812,0.13053441047668457,0.3053100109100342
6189,0,2,0,0.7711377739906311,0.11728955060243607,0.11157264560461044
6190,1,2,2,4.626933332474437e-06,0.003575919894501567,0.9964194297790527
6191,0,0,0,0.6011362671852112,0.03360678255558014,0.36525699496269226
6192,3,2,2,7.662688585696742e-05,7.025847298791632e-05,0.9998531341552734
6193,2,1,1,0.033149391412734985,0.9640320539474487,0.0028185611590743065
6194,4,2,2,0.02600810118019581,0.002659957157447934,0.9713318943977356
6195,1,2,2,4.2803669202839956e-05,0.0006285689887590706,0.9993287324905396
6196,3,2,2,7.662688585696742e-05,7.025847298791632e-05,0.9998531341552734
6197,4,2,2,0.03680657967925072,0.038356930017471313,0.9248365759849548
6198,2,1,1,7.152096804929897e-05,0.9998788833618164,4.961441663908772e-05
6200,0,2,2,0.00010334989201510325,4.61761419501272e-06,0.999891996383667
6201,0,1,1,6.182833203638438e-06,0.9999774694442749,1.6366346244467422e-05
6202,0,2,2,8.813661406747997e-05,5.663130650646053e-06,0.9999061822891235
6204,3,2,2,1.9995979528175667e-05,1.5294145896405098e-06,0.9999784231185913
6205,0,2,2,0.0002434185880701989,0.00016623960982542485,0.9995903372764587
6206,4,2,2,0.00020291101827751845,8.952059943112545e-06,0.9997881054878235
6208,2,2,0,0.6365570425987244,0.15311913192272186,0.21032382547855377
6210,1,2,2,0.0008254787535406649,9.120957111008465e-05,0.9990832805633545
6211,4,2,0,0.4799267053604126,0.04706130549311638,0.4730120003223419
6212,1,2,0,0.4933004677295685,0.02912834659218788,0.47757115960121155
6213,0,2,2,0.00010479542834218591,0.00026114555657841265,0.9996341466903687
6214,4,2,2,0.00015210789570119232,5.523157142306445e-06,0.9998424053192139
6216,3,2,2,0.27381980419158936,0.23992712795734406,0.4862530529499054
6218,0,1,1,0.05778295546770096,0.8597930669784546,0.08242396265268326
6220,1,2,2,0.0005980940768495202,0.0036273696459829807,0.9957745671272278
6221,0,2,2,1.9039906646867166e-06,0.0003367541648913175,0.9996613264083862
6222,4,2,2,0.0006545910728164017,3.886495051119709e-06,0.9993414282798767
6223,0,1,1,8.81942905834876e-05,0.9999005794525146,1.1241233551118057e-05
6224,4,2,2,0.028848476707935333,0.0005025501013733447,0.970649003982544
6225,1,2,2,0.00028126678080298007,0.0013714027591049671,0.9983474016189575
6226,0,2,2,0.417413592338562,0.018767330795526505,0.5638190507888794
6227,4,2,2,0.3078625500202179,0.009926862083375454,0.6822105646133423
6228,0,2,1,0.23006251454353333,0.6542276740074158,0.1157098188996315
6229,2,1,1,6.617517647100613e-05,0.9999303817749023,3.39863913723093e-06
6230,1,1,1,8.544217416783795e-05,0.9999001026153564,1.446072474209359e-05
6231,1,1,1,0.0007277079275809228,0.9992372989654541,3.498985824990086e-05
6234,0,1,1,0.0001226581516675651,0.9997480511665344,0.00012931211676914245
6235,3,0,0,0.7063062191009521,0.16749326884746552,0.1262005865573883
6236,4,1,1,3.8945279811741784e-05,0.9996985197067261,0.00026257536956109107
6237,0,2,2,0.0004757611022796482,0.0001687064504949376,0.9993554949760437
6240,4,1,1,1.2080695341865066e-05,0.9999793767929077,8.564584277337417e-06
6241,1,1,1,4.6533856220776215e-05,0.9999531507492065,3.4029150697278965e-07
6242,2,2,2,1.674265331530478e-05,0.00015211330901365727,0.9998311996459961
6243,1,2,0,0.7092499136924744,0.016064252704381943,0.2746858298778534
6244,4,1,1,5.888523901376175e-06,0.9999886751174927,5.387723376770737e-06
6245,2,2,2,6.205619865795597e-05,7.766063208691776e-05,0.9998601675033569
6246,3,2,2,0.000602874846663326,0.004441485274583101,0.9949555993080139
6247,0,0,0,0.9529504179954529,0.005277004558593035,0.041772667318582535
6248,2,2,2,0.001245267572812736,0.003615934867411852,0.9951387643814087
6249,2,0,0,0.9639990329742432,0.015397029928863049,0.020603984594345093
6250,1,0,0,0.9350247383117676,0.013671034947037697,0.05130428820848465
6251,1,2,2,2.02539285965031e-05,0.0013629868626594543,0.9986168146133423
6252,3,1,1,0.0002092492941301316,0.9997183680534363,7.231668860185891e-05
6253,3,0,0,0.6809932589530945,0.2283085286617279,0.09069819003343582
6254,4,1,1,3.315898356959224e-05,0.9999309778213501,3.587084938772023e-05
6256,3,2,2,9.642143595556263e-06,0.00011352964793331921,0.999876856803894
6257,3,1,1,2.3242630049935542e-05,0.999962568283081,1.4241725693864282e-05
6258,4,2,2,3.9914888475323096e-05,0.003906096098944545,0.99605393409729
6259,4,1,1,0.00016403164772782475,0.9992478489875793,0.0005880644894205034
6261,3,1,1,0.00019292053184472024,0.9996090531349182,0.00019803925533778965
6262,4,2,2,0.00032976901275105774,0.0003010706859640777,0.999369204044342
6263,4,0,0,0.7393403053283691,0.029494518414139748,0.23116521537303925
6265,0,1,1,1.698675987427123e-05,0.9999749660491943,7.988991455931682e-06
6266,2,1,1,3.570172702893615e-05,0.9999630451202393,1.3034377843723632e-06
6267,3,1,1,1.4283701602835208e-05,0.9999749660491943,1.0730983376561198e-05
6268,3,1,1,4.942493615089916e-05,0.9999444484710693,6.095849585108226e-06
6269,2,2,2,0.0003233778988942504,0.0002784816606435925,0.9993982315063477
6270,3,0,0,0.8067194819450378,0.016249239444732666,0.17703130841255188
6271,2,2,2,0.0024187101516872644,0.00022246815206017345,0.9973588585853577
6273,4,0,0,0.9072378873825073,0.011768358759582043,0.08099374175071716
6274,0,0,0,0.9035201072692871,0.04502016305923462,0.051459670066833496
6275,3,2,2,0.08057896047830582,0.2311074137687683,0.6883136034011841
6276,3,1,1,0.00012430245988070965,0.9996246099472046,0.0002510298800189048
6277,2,1,0,0.8129028677940369,0.12251650542020798,0.06458054482936859
6279,3,2,2,0.020839108154177666,0.0007743757450953126,0.9783865213394165
6280,3,1,1,0.00015490119403693825,0.9387539625167847,0.06109115853905678
6281,3,0,0,0.6267686486244202,0.0004543673130683601,0.3727770149707794
6282,3,1,1,0.0011959606781601906,0.9984319806098938,0.0003720263484865427
6283,2,1,1,3.179594568791799e-05,0.9999673366546631,8.817687557893805e-07
6284,0,1,1,2.2367987185134552e-05,0.9999725818634033,5.040360065322602e-06
6285,4,2,2,2.0434861653484404e-05,0.0006506009958684444,0.9993289709091187
6286,0,2,2,1.760916165949311e-05,0.00012458818673621863,0.9998577833175659
6287,1,1,1,3.6896079109283164e-05,0.9999626874923706,4.5763937350784545e-07
6288,1,2,0,0.5925484895706177,0.043255776166915894,0.36419564485549927
6289,2,1,1,1.9422583136474714e-05,0.9999802112579346,4.1479631818219787e-07
6290,1,0,0,0.7402151823043823,0.21100930869579315,0.048775460571050644
6291,3,0,0,0.7787447571754456,0.04602154344320297,0.17523373663425446
6292,3,2,2,8.598854947194923e-06,0.00024914226378314197,0.999742329120636
6293,2,1,1,1.5224021808535326e-05,0.9999839067459106,8.440010788035579e-07
6294,3,2,2,3.3064658055081964e-05,0.0023267697542905807,0.9976401329040527
6295,2,2,2,0.0001302922173636034,0.000265175272943452,0.9996046423912048
6296,3,2,0,0.7092729806900024,0.0011308188550174236,0.28959622979164124
6297,3,2,2,0.00014554343943018466,0.0002975202805828303,0.9995569586753845
6298,3,2,2,0.0001224166335305199,0.00028649676823988557,0.9995911717414856
6299,3,2,2,3.839149940176867e-05,0.00011167669435963035,0.9998499155044556
6301,3,2,2,1.0794747140607797e-05,0.0003276004281360656,0.9996615648269653
6302,3,0,0,0.7414207458496094,0.14870458841323853,0.10987474024295807
6303,3,0,1,0.08120666444301605,0.9066601991653442,0.012133072130382061
6304,0,2,2,4.623513086698949e-05,0.0003200890205334872,0.9996336698532104
6305,0,1,1,0.04581731557846069,0.8824660778045654,0.0717165470123291
6306,4,1,1,1.4896875654812902e-05,0.9999788999557495,6.169059815874789e-06
6309,3,2,2,2.1690153516829014e-05,0.000364396080840379,0.9996139407157898
6310,0,0,1,0.06772401183843613,0.9284186363220215,0.0038573204074054956
6311,3,2,2,1.0569619917077944e-05,0.00010717975965235382,0.9998822212219238
6313,2,2,2,4.9449481593910605e-06,0.0004565257695503533,0.9995385408401489
6314,4,2,2,4.130862726015039e-05,0.0026916954666376114,0.9972671270370483
6315,1,2,2,8.280960173578933e-06,0.0006716721691191196,0.9993200302124023
6316,2,1,1,2.2719206754118204e-05,0.9999665021896362,1.0719630154198967e-05
6317,1,2,2,3.999205546278972e-06,0.00013915276213083416,0.9998568296432495
6318,0,0,0,0.9370612502098083,0.013345088809728622,0.04959367215633392
6319,1,1,1,0.00012657068145927042,0.9997195601463318,0.00015383811842184514
6320,2,2,2,2.6160228117078077e-06,0.000302859436487779,0.9996945858001709
6322,0,1,1,0.08407703787088394,0.90191650390625,0.014006420038640499
6323,0,1,1,2.1135827410034835e-05,0.9999539852142334,2.4888540792744607e-05
6324,0,0,1,0.24215905368328094,0.7424280047416687,0.015412936918437481
6326,3,1,1,4.105475818505511e-05,0.9999315738677979,2.7310601581120864e-05
6327,0,2,0,0.7523127794265747,0.09289352595806122,0.15479369461536407
6328,0,2,2,5.804800821351819e-06,2.2358350179274566e-05,0.9999717473983765
6329,3,2,2,1.4775777344766539e-05,4.7205714508891106e-05,0.9999380111694336
6330,0,2,0,0.49461808800697327,0.019858544692397118,0.48552340269088745
6331,1,1,1,0.00026089459424838424,0.8872405290603638,0.11249861866235733
6332,0,2,2,1.203217379952548e-05,0.00011929735046578571,0.999868631362915
6333,2,1,1,8.15078237792477e-05,0.9998250603675842,9.345568105345592e-05
6334,0,1,1,8.661696483613923e-05,0.9998393058776855,7.401721086353064e-05
6336,0,2,2,7.368621936620912e-06,5.420779780251905e-05,0.9999383687973022
6337,2,2,2,3.84052100343979e-06,0.0001292390952585265,0.9998669624328613
6339,2,2,2,3.3220383102161577e-06,0.00012255737965460867,0.9998741149902344
6340,4,1,0,0.7535005211830139,0.06336028128862381,0.18313920497894287
6341,1,1,0,0.863711953163147,0.10211838036775589,0.03416964039206505
6342,0,1,1,0.00013406501966528594,0.9997512698173523,0.0001146573486039415
6343,3,2,2,1.3154531188774854e-05,0.0001160890533355996,0.999870777130127
6344,1,1,1,0.000729893334209919,0.9991304278373718,0.00013963929086457938
6346,2,1,1,1.2223013982293196e-05,0.999975323677063,1.2433533811417874e-05
6347,0,1,0,0.5454608201980591,0.42473864555358887,0.029800502583384514
6349,1,0,0,0.7360944747924805,0.20700402557849884,0.0569014810025692
6351,4,2,2,1.248866283276584e-05,0.0007708996417932212,0.9992165565490723
6352,0,0,0,0.4739769995212555,0.16618689894676208,0.3598361313343048
6353,2,1,2,0.022952325642108917,0.06552685797214508,0.9115208387374878
6354,4,1,1,0.009333508089184761,0.9900079965591431,0.0006585242808796465
6355,1,1,1,3.5847046092385426e-05,0.9999586343765259,5.50093682250008e-06
6356,1,0,0,0.8128005266189575,0.13991472125053406,0.047284726053476334
6358,1,2,2,6.610646778426599e-06,0.011308848857879639,0.9886845946311951
6359,4,2,2,1.368100038234843e-05,0.0006360903498716652,0.9993502497673035
6360,1,0,0,0.8512630462646484,0.07437146455049515,0.07436555624008179
6361,2,1,1,4.7057295887498185e-05,0.9999476671218872,5.320903710526181e-06
6362,3,0,0,0.7541494965553284,0.011281279847025871,0.23456917703151703
6363,2,2,2,6.441630102926865e-05,0.00010855161235667765,0.9998270869255066
6364,0,0,0,0.873047947883606,0.027507437393069267,0.09944462031126022
6365,1,1,1,0.0024937069974839687,0.9952357411384583,0.002270538592711091
6367,1,0,0,0.8578880429267883,0.13125550746917725,0.010856377892196178
6368,3,2,2,1.2802311175619252e-05,0.0001831741101341322,0.9998040795326233
6369,0,2,2,7.283304512384348e-06,0.0001209188558277674,0.9998718500137329
6370,3,1,1,5.873632471775636e-05,0.9999250173568726,1.628973586775828e-05
6371,1,2,2,7.292823738680454e-06,0.0010952973971143365,0.9988974332809448
6372,1,2,2,5.634179979097098e-05,0.002900423714891076,0.9970431923866272
6373,1,1,1,0.15228895843029022,0.8398792147636414,0.007831775583326817
6374,1,1,1,0.000880841922480613,0.9991046786308289,1.448331204301212e-05
6375,0,1,1,0.087528295814991,0.9015653729438782,0.010906283743679523
6376,4,1,1,4.831431942875497e-05,0.9989359974861145,0.0010156674543395638
6377,0,2,2,0.00016955306637100875,0.0002272760175401345,0.9996032118797302
6378,0,0,0,0.875405490398407,0.05507934093475342,0.0695151761174202
6379,4,2,2,1.4434071090363432e-05,0.004335514735430479,0.9956499934196472
6380,1,2,2,7.644262950634584e-06,0.00022690313926432282,0.9997654557228088
6381,1,2,2,7.164007547544315e-05,0.001839937875047326,0.9980884194374084
6382,4,0,0,0.8409704566001892,0.10767494142055511,0.05135462060570717
6383,4,0,0,0.9084955453872681,0.04868660867214203,0.042817845940589905
6384,2,1,1,3.396294414415024e-05,0.9999396800994873,2.6383153453934938e-05
6385,3,2,0,0.8447800278663635,0.0670795813202858,0.08814039826393127
6387,1,0,1,0.021374236792325974,0.5590327978134155,0.4195929765701294
6388,2,0,0,0.7897272706031799,0.027658695355057716,0.18261398375034332
6390,1,0,0,0.5147925615310669,0.41652342677116394,0.06868398934602737
6392,2,1,2,0.00037748334580101073,6.036356353433803e-06,0.9996163845062256
6393,2,2,1,0.26767444610595703,0.7196337580680847,0.012691815383732319
6394,1,1,0,0.8664396405220032,0.07911738753318787,0.0544428713619709
6396,3,0,0,0.8938865661621094,0.03687538951635361,0.0692380741238594
6397,3,0,0,0.8824160695075989,0.03243599832057953,0.08514789491891861
6398,2,0,0,0.7003183960914612,0.22046616673469543,0.07921536266803741
6399,0,1,1,0.00023708780645392835,0.999651312828064,0.0001116402490879409
6400,3,2,0,0.6363748908042908,0.25100430846214294,0.11262080818414688
6402,1,1,1,0.02148800529539585,0.9739625453948975,0.004549448378384113
6403,4,1,0,0.926474928855896,0.0070413690991699696,0.06648369133472443
6404,1,0,0,0.9198533296585083,0.04099000245332718,0.03915660083293915
6407,0,2,2,0.00020326359663158655,0.00017129624029621482,0.9996254444122314
6409,3,1,1,4.248660843586549e-05,0.9998748302459717,8.266839722637087e-05
6410,0,1,1,0.024057630449533463,0.9692761301994324,0.006666223518550396
6411,4,2,2,0.00011953995272051543,0.0008074631914496422,0.9990729093551636
6412,4,2,2,0.0001626380835659802,0.0006031697848811746,0.9992341995239258
6413,4,2,2,0.0002600177831482142,0.0011834579054266214,0.9985565543174744
6414,4,1,1,0.006297448184341192,0.992865800857544,0.0008367807022295892
6415,0,2,2,0.0003335788787808269,0.00041466124821454287,0.9992517828941345
6416,3,1,1,0.0023980855476111174,0.9974319338798523,0.00016992809833027422
6417,3,1,1,0.039322447031736374,0.9415374398231506,0.01914008893072605
6418,3,1,1,0.0015852486249059439,0.9981056451797485,0.00030910095665603876
6419,0,2,2,0.0017939667450264096,0.001584910205565393,0.9966211318969727
6420,2,1,1,5.345031695469515e-06,0.9999878406524658,6.8344247665663715e-06
6422,3,2,2,0.00023197635891847312,0.00011560018901946023,0.9996523857116699
6423,0,2,2,1.0273773114022333e-05,0.00024349696468561888,0.9997462630271912
6424,3,1,1,0.0024039389099925756,0.9973681569099426,0.00022790193906985223
6425,2,1,1,9.33878527575871e-06,0.9999873638153076,3.2568514143349603e-06
6426,3,2,2,0.003368357429280877,0.015505974180996418,0.9811257123947144
6427,4,2,2,0.0048194508999586105,1.6311369108734652e-05,0.9951642751693726
6428,4,2,2,0.00011038468801416457,0.005579534452408552,0.9943101406097412
6429,2,2,2,5.311789664119715e-06,0.0002363814419368282,0.9997583031654358
6431,4,2,2,2.813661194522865e-05,0.0015115546993911266,0.9984604120254517
6432,3,2,2,0.021402476355433464,0.010151553899049759,0.9684459567070007
6433,2,2,2,0.35349610447883606,0.0005952655919827521,0.6459085941314697
6434,1,2,2,5.6553661124780774e-05,0.0007685394957661629,0.9991748929023743
6435,2,1,1,0.04003206267952919,0.9437699913978577,0.016197912395000458
6436,0,1,1,8.3267739682924e-05,0.999904990196228,1.1706153600243852e-05
6437,1,1,1,0.25002679228782654,0.7464048862457275,0.0035683487076312304
6438,4,2,2,0.002016382059082389,9.008276720123831e-06,0.9979745745658875
6439,4,1,1,0.00016543841047678143,0.9997201561927795,0.00011442002869443968
6442,1,1,1,0.057009387761354446,0.9394205212593079,0.003570081666111946
6443,1,1,1,5.79596271563787e-05,0.9999200105667114,2.1985360945109278e-05
6444,3,1,1,0.00018838483083527535,0.9997346997261047,7.693793304497376e-05
6445,2,1,1,0.23318885266780853,0.5268673300743103,0.23994377255439758
6446,0,2,2,4.286948296794435e-06,0.0001709315401967615,0.9998248219490051
6447,2,1,1,1.3259104889584705e-05,0.9999803304672241,6.362091880873777e-06
6448,4,1,1,0.002150357933714986,0.997217059135437,0.0006326077855192125
6449,3,1,1,0.00015685666585341096,0.9998202919960022,2.2829357476439327e-05
6450,3,0,0,0.887200653553009,0.03966104984283447,0.07313830405473709
6451,4,0,0,0.8414448499679565,0.013743973337113857,0.14481110870838165
6452,3,1,1,0.03955245018005371,0.933312177658081,0.02713531255722046
6453,2,0,0,0.9192169904708862,0.06078474223613739,0.019998209550976753
6454,0,1,1,0.0005572281661443412,0.9993311166763306,0.00011164333409396932
6455,1,0,0,0.9135100841522217,0.040238358080387115,0.04625149071216583
6456,3,1,1,0.03726997599005699,0.9585522413253784,0.0041778115555644035
6457,2,2,2,3.330863546580076e-05,0.00036098386044614017,0.9996057152748108
6458,4,2,2,0.0004458523471839726,0.0005340585485100746,0.9990200996398926
6459,1,1,1,9.894990944303572e-05,0.9998997449874878,1.2469610055632074e-06
6461,4,0,0,0.9009015560150146,0.006495878100395203,0.09260255843400955
6462,4,2,2,8.881260146154091e-05,0.0015317295910790563,0.9983794689178467
6463,0,1,1,0.007891777902841568,0.9908150434494019,0.0012932001845911145
6464,3,1,1,9.621023491490632e-05,0.9998539686203003,4.9765432777348906e-05
6465,4,1,1,0.000299210223602131,0.9996867179870605,1.4139573977445252e-05
6466,3,2,2,7.791169991833158e-06,0.00040195969631895423,0.9995903372764587
6467,4,1,1,6.930442395969294e-06,0.9999792575836182,1.3809393749397714e-05
6468,3,0,0,0.8845070004463196,0.03640635684132576,0.07908657193183899
6469,4,1,1,0.0002671800903044641,0.999700665473938,3.215467950212769e-05
6470,1,1,1,0.14809457957744598,0.7999805212020874,0.05192490294575691
6471,0,2,0,0.9176535606384277,0.028163207694888115,0.054183296859264374
6472,0,0,0,0.8929008841514587,0.032212864607572556,0.07488629966974258
6474,3,1,1,3.8062182284193113e-05,0.9999430179595947,1.8937500499305315e-05
6476,0,1,0,0.5951624512672424,0.2947104573249817,0.11012709140777588
6477,2,1,1,0.00010386636131443083,0.9998891353607178,6.974371444812277e-06
6478,4,1,1,0.0009572770213708282,0.9982107877731323,0.0008318882319144905
6479,1,2,2,7.166442082962021e-05,0.00046515671419911087,0.9994632601737976
6480,3,1,1,7.28858431102708e-05,0.9999094009399414,1.7762953575584106e-05
6481,0,0,0,0.9778908491134644,0.0019498647889122367,0.02015928365290165
6482,2,2,2,1.9524757590261288e-05,0.00041437946492806077,0.9995660185813904
6483,3,1,1,0.00035314561682753265,0.9995806813240051,6.621546344831586e-05
6484,0,2,2,0.00018342924886383116,0.0002884451241698116,0.999528169631958
6485,2,2,2,3.058641232200898e-05,0.0006843159790150821,0.9992850422859192
6487,4,2,2,0.0005829093279317021,0.00042701337952166796,0.998989999294281
6488,0,1,1,0.0006022219895385206,0.999115526676178,0.0002822514798026532
6489,1,2,2,0.0002058092795778066,5.06419237353839e-05,0.9997435212135315
6491,0,2,2,0.00040869758231565356,0.0004531370068434626,0.9991382360458374
6492,1,2,2,2.466457044647541e-05,0.0001414142025168985,0.9998339414596558
6493,3,2,2,2.8336535251582973e-05,0.0007231765775941312,0.9992484450340271
6494,2,2,2,1.870180494734086e-05,0.00016262261488009244,0.999818742275238
6496,0,1,1,0.00016163605323527008,0.9997389912605286,9.936612332239747e-05
6498,1,0,0,0.8954403400421143,0.023235736414790154,0.08132389187812805
6500,2,2,2,4.699996134149842e-05,0.000514031620696187,0.9994390606880188
6501,4,2,2,0.00018868657934945077,0.020391415804624557,0.9794198870658875
6502,3,2,2,0.0067428527399897575,1.3269077498989645e-05,0.9932438731193542
6503,2,1,1,5.3620133257936686e-05,0.9998862743377686,6.008154741721228e-05
6504,3,2,2,3.089173696935177e-05,6.513079279102385e-05,0.9999040365219116
6505,2,2,2,4.9150680752063636e-06,2.021724321821239e-05,0.9999748468399048
6506,2,2,2,0.00015841223648749292,0.001357506262138486,0.9984840750694275
6507,0,2,2,0.004036187194287777,0.0023736166767776012,0.993590235710144
6508,1,2,2,0.003337274305522442,0.006647975649684668,0.9900147914886475
6509,1,1,1,0.0005340389325283468,0.9993646740913391,0.00010124415712198243
6510,2,1,1,0.0026573985815048218,0.9970255494117737,0.0003170426352880895
6511,4,1,1,0.00030583812622353435,0.9993663430213928,0.0003277983341831714
6512,4,2,2,0.002250473015010357,0.003955340478569269,0.9937942028045654
6513,1,1,1,9.227267582900822e-05,0.9998831748962402,2.4568895241827704e-05
6514,3,1,1,1.0305744581273757e-05,0.9999874830245972,2.206303861385095e-06
6515,2,2,2,0.0030029930640012026,0.0042814346961677074,0.9927155375480652
6516,2,2,2,2.770745413727127e-05,0.0001176337173092179,0.9998546838760376
6517,0,2,2,1.1918024938495364e-05,5.392979801399633e-05,0.999934196472168
6518,2,1,1,3.229234425816685e-05,0.9999434947967529,2.416526149318088e-05
6519,4,1,1,2.167714774259366e-05,0.9999715089797974,6.84336555423215e-06
6520,0,1,1,0.0001339003210887313,0.9998408555984497,2.518997462175321e-05
6521,4,1,1,0.03379659354686737,0.9525676369667053,0.01363569125533104
6522,4,2,2,8.532640640623868e-05,0.0021422405261546373,0.9977723956108093
6523,3,1,1,4.937623452860862e-05,0.999943733215332,6.9435859586519655e-06
6524,1,2,2,2.5183033358189277e-05,0.000550605938769877,0.9994243383407593
6525,4,1,1,0.06085282564163208,0.9362074732780457,0.002939671277999878
6526,2,1,1,0.013369963504374027,0.9849512577056885,0.0016788101056590676
6527,0,1,1,0.006892216857522726,0.9872353672981262,0.005872452165931463
6529,4,2,2,0.0002522769500501454,0.0009337725350633264,0.9988139867782593
6530,4,2,2,3.1535229936707765e-05,0.006636674515902996,0.9933318495750427
6531,2,0,0,0.8669179677963257,0.06553307920694351,0.067548967897892
6532,1,1,1,0.00013628022861666977,0.9997859597206116,7.77944442234002e-05
6533,0,0,0,0.8620280027389526,0.05785807967185974,0.08011394739151001
6534,4,2,2,0.000244420807575807,0.05018617585301399,0.9495694041252136
6537,4,1,1,1.549752414575778e-05,0.9999778270721436,6.656197456322843e-06
6538,1,2,2,0.0004988356376998127,0.0032617226243019104,0.996239423751831
6539,1,0,0,0.8986122012138367,0.017594216391444206,0.08379355818033218
6540,1,1,1,3.858962008962408e-05,0.9999425411224365,1.8835220544133335e-05
6541,2,0,1,0.010042021051049232,0.9893513321876526,0.0006066973437555134
6542,4,0,0,0.930239200592041,0.005081047769635916,0.06467974185943604
6543,0,2,2,1.8806265870807692e-05,9.697282803244889e-05,0.9998841285705566
6544,4,2,2,0.0005091255297884345,0.00034677679650485516,0.9991440773010254
6545,0,1,1,0.0005290602566674352,0.9990739822387695,0.0003969500248786062
6546,4,2,2,5.97960788581986e-05,0.0022409060038626194,0.9976993203163147
6547,1,2,2,6.106332875788212e-05,0.003802440594881773,0.996136486530304
6549,1,2,0,0.6528773903846741,0.2017071545124054,0.14541544020175934
6550,3,0,0,0.7581226825714111,0.2191784381866455,0.02269882708787918
6551,1,2,2,4.33736749982927e-05,0.002632591174915433,0.9973239898681641
6552,3,0,0,0.7910284399986267,0.010793527588248253,0.1981780230998993
6554,0,1,0,0.7146803736686707,0.07367531210184097,0.21164430677890778
6555,2,1,0,0.8835097551345825,0.0695495530962944,0.04694070294499397
6556,3,2,2,0.006459780503064394,0.0030603939667344093,0.9904798865318298
6557,0,2,2,0.00013979767390992492,0.002753023523837328,0.997107207775116
6559,4,0,0,0.8820068836212158,0.09494597464799881,0.023047154769301414
6560,2,1,1,1.4351154277392197e-05,0.9999854564666748,2.2915673980605789e-07
6561,1,0,0,0.8569375276565552,0.017178218811750412,0.12588417530059814
6562,2,0,0,0.5484288930892944,0.42454957962036133,0.027021480724215508
6563,1,2,2,6.795183708163677e-06,0.002444744575768709,0.997548520565033
6564,0,2,2,1.9342649466125295e-05,0.00011044334678445011,0.9998701810836792
6565,2,1,1,1.214350777445361e-05,0.9999792575836182,8.559962225263007e-06
6566,3,1,1,6.79361546644941e-05,0.9998748302459717,5.724787479266524e-05
6567,0,2,2,2.7748417778639123e-05,6.496673449873924e-05,0.9999072551727295
6568,2,1,1,0.0011282851919531822,0.9987605810165405,0.0001111046367441304
6569,4,2,2,2.6374606022727676e-05,0.006661118473857641,0.993312418460846
6571,2,1,1,0.00037672946928068995,0.9995995163917542,2.375022268097382e-05
6572,2,2,2,2.8024212952004746e-05,2.040545950876549e-05,0.9999516010284424
6573,1,0,0,0.9252849817276001,0.009355038404464722,0.06535989791154861
6574,1,1,1,5.1579540013335645e-05,0.9999232292175293,2.5211014872184023e-05
6575,3,2,2,0.002063872991129756,0.00023342101485468447,0.9977026581764221
6577,1,1,1,0.0024759608786553144,0.9973366856575012,0.00018733672914095223
6578,3,0,0,0.6370294690132141,0.27773183584213257,0.08523876219987869
6579,3,2,2,0.003793845186010003,0.0015449421480298042,0.994661271572113
6580,2,0,0,0.91257643699646,0.03041689470410347,0.05700666084885597
6581,2,0,0,0.8804075121879578,0.03937239944934845,0.08022009581327438
6582,1,0,0,0.9627475142478943,0.0053826868534088135,0.03186977282166481
6583,3,0,0,0.677401065826416,0.2674054503440857,0.05519350990653038
6584,3,1,1,0.0011519996915012598,0.9976366758346558,0.0012113802367821336
6585,4,1,1,0.003394046565517783,0.9932398796081543,0.0033660205081105232
6586,3,2,2,0.4296664297580719,0.04820077121257782,0.5221327543258667
6588,0,1,1,2.5699362595332786e-05,0.9999206066131592,5.365430115489289e-05
6589,0,0,0,0.8217400312423706,0.013535493984818459,0.16472452878952026
6590,2,1,1,6.509356353490148e-06,0.9999889135360718,4.526434622675879e-06
6591,4,0,0,0.5862952470779419,0.23946166038513184,0.17424309253692627
6592,1,2,2,9.731573663884774e-05,0.0004052746226079762,0.9994974136352539
6593,1,1,1,4.2313342419220135e-05,0.999948263168335,9.449679055251181e-06
6594,1,2,2,4.1562965634511784e-05,0.0021003801375627518,0.9978581070899963
6596,1,0,0,0.8549695611000061,0.01071886345744133,0.13431160151958466
6597,0,1,0,0.856265664100647,0.06030077114701271,0.08343354612588882
6598,2,1,1,9.525843779556453e-06,0.9999831914901733,7.260236998263281e-06
6599,2,1,1,4.8941569730232e-06,0.9999904632568359,4.641284249373712e-06
6600,0,0,0,0.8053163886070251,0.14585384726524353,0.04882974550127983
6601,4,1,1,0.0003172543365508318,0.9995388984680176,0.0001438216131646186
6603,0,0,0,0.7673344612121582,0.13109242916107178,0.10157310217618942
6605,3,0,0,0.8800998330116272,0.016205448657274246,0.10369477421045303
6606,2,0,0,0.9117195010185242,0.04293600469827652,0.045344505459070206
6607,4,1,1,0.005220672115683556,0.9944257736206055,0.00035351471160538495
6608,4,0,0,0.9585316777229309,0.005414686165750027,0.03605368360877037
6609,4,1,1,0.3536030650138855,0.5566055178642273,0.08979141712188721
6610,1,2,1,0.3712306618690491,0.4557833969593048,0.17298589646816254
6611,4,1,0,0.572240948677063,0.3896154463291168,0.03814362734556198
6613,4,1,1,0.001279813121072948,0.9985034465789795,0.0002168008213629946
6614,4,1,0,0.5595296025276184,0.35696157813072205,0.08350879698991776
6615,4,1,0,0.5187479257583618,0.45624813437461853,0.025003956630825996
6616,1,0,0,0.8649889230728149,0.01602860912680626,0.11898256093263626
6617,3,0,0,0.7065736651420593,0.056395962834358215,0.23703034222126007
6618,4,1,0,0.5118919014930725,0.0263227429240942,0.46178534626960754
6620,2,1,0,0.6822913289070129,0.1838306188583374,0.13387812674045563
6622,1,0,0,0.8946442604064941,0.06859014183282852,0.03676556795835495
6624,3,0,0,0.8334208130836487,0.11634518206119537,0.05023400858044624
6625,3,0,0,0.7709404230117798,0.1210048645734787,0.10805468261241913
6627,3,1,0,0.5983484983444214,0.07375896722078323,0.32789260149002075
6628,3,0,2,0.3052232265472412,0.28921493887901306,0.40556177496910095
6629,2,0,0,0.7967483401298523,0.05059950426220894,0.1526520699262619
6630,1,0,0,0.7115443348884583,0.28248071670532227,0.005974913015961647
6633,4,1,1,0.01938127540051937,0.978830099105835,0.0017887013964354992
6635,4,1,1,0.07592091709375381,0.9147387742996216,0.009340371936559677
6637,2,0,0,0.8155171275138855,0.11477512121200562,0.06970777362585068
6639,0,1,0,0.8952651023864746,0.0544707290828228,0.0502641499042511
6640,2,0,0,0.9160650968551636,0.05116620287299156,0.03276872634887695
6641,1,1,0,0.881949245929718,0.0762869343161583,0.04176383838057518
6642,2,1,0,0.4200812876224518,0.3071863651275635,0.27273231744766235
6643,3,1,0,0.4042026698589325,0.3773401975631714,0.2184571772813797
6645,3,0,0,0.8522168397903442,0.029015270993113518,0.11876799166202545
6646,1,2,0,0.921301007270813,0.04619055613875389,0.032508447766304016
6647,2,2,0,0.7715435028076172,0.009930944070219994,0.21852564811706543
6648,0,1,1,0.0071301544085145,0.9894067645072937,0.00346306967549026
6650,1,2,0,0.7566097974777222,0.11091386526823044,0.13247627019882202
6651,1,1,1,3.584922887966968e-05,0.9998925924301147,7.155811181291938e-05
6652,2,1,1,0.00024360882525797933,0.999721109867096,3.5290348023409024e-05
6654,3,0,0,0.8528560996055603,0.05142374709248543,0.09572011232376099
6655,1,1,0,0.5321529507637024,0.33110612630844116,0.13674087822437286
6656,0,1,1,0.014013849198818207,0.983709454536438,0.002276739338412881
6657,1,2,0,0.8968693017959595,0.015609042719006538,0.08752164989709854
6658,1,1,1,0.38800641894340515,0.5855265855789185,0.026467030867934227
6659,4,1,1,0.00013889253023080528,0.999848484992981,1.2613733815669548e-05
6660,2,0,0,0.6814224123954773,0.007165231741964817,0.31141233444213867
6661,2,1,0,0.875889003276825,0.04894381761550903,0.075167216360569
6662,4,2,0,0.7958134412765503,0.1765032410621643,0.02768334373831749
6663,4,2,0,0.4955228269100189,0.0680694431066513,0.4364076852798462
6664,0,0,0,0.5508365035057068,0.3587551414966583,0.0904083326458931
6665,0,1,1,0.0015803741989657283,0.9978505373001099,0.0005690931575372815
6666,4,1,1,0.0015452795196324587,0.9981619715690613,0.0002927885507233441
6667,0,2,0,0.8961021900177002,0.05812207609415054,0.04577577859163284
6668,1,2,0,0.7671511769294739,0.00690574012696743,0.22594305872917175
6669,0,1,1,0.0017825609538704157,0.997803270816803,0.00041417035390622914
6670,3,0,0,0.8992517590522766,0.020728660747408867,0.08001957833766937
6672,2,2,0,0.972892165184021,0.0057629747316241264,0.02134491130709648
6673,2,1,2,1.8203729268861935e-05,0.000379265722585842,0.9996024966239929
6675,3,1,1,0.0001606570731382817,0.9998217225074768,1.765540764608886e-05
6676,4,0,0,0.9316565990447998,0.008014892227947712,0.06032850593328476
6677,0,1,1,0.00011316366726532578,0.9997532963752747,0.00013352403766475618
6678,0,0,0,0.9487221837043762,0.00445858808234334,0.046819187700748444
6680,4,1,1,0.0012334320927038789,0.9983362555503845,0.000430292944656685
6681,3,1,0,0.6113420128822327,0.19938236474990845,0.1892755925655365
6682,2,1,0,0.8849782347679138,0.02403632178902626,0.09098542481660843
6683,3,0,0,0.7263628840446472,0.20649006962776184,0.06714706122875214
6685,2,0,1,0.4583717882633209,0.5258945226669312,0.015733683481812477
6686,4,0,0,0.9353837966918945,0.049486469477415085,0.015129744075238705
6687,2,2,0,0.7595638036727905,0.041178472340106964,0.1992577612400055
6689,4,2,2,0.11594092100858688,0.0003696591011248529,0.8836894035339355
6691,2,1,0,0.5156388878822327,0.44235190749168396,0.04200920835137367
6692,1,0,0,0.8736968636512756,0.07214247435331345,0.05416073650121689
6693,3,0,0,0.8505785465240479,0.0711195319890976,0.07830186188220978
6695,0,2,2,0.24550876021385193,0.06463668495416641,0.6898545622825623
6696,3,0,0,0.9400293827056885,0.007470875512808561,0.052499815821647644
6698,0,0,0,0.936828076839447,0.007940140552818775,0.05523175746202469
6699,0,2,0,0.9149582386016846,0.039777640253305435,0.045264117419719696
6700,1,1,1,4.573039404931478e-05,0.9998730421066284,8.117940160445869e-05
6701,2,1,1,0.10897254943847656,0.8857057690620422,0.0053216819651424885
6703,0,1,1,0.2256295084953308,0.7610716819763184,0.013298786245286465
6704,4,2,0,0.7923324704170227,0.008767109364271164,0.19890040159225464
6708,0,0,0,0.6587426662445068,0.12989303469657898,0.21136431396007538
6709,1,1,1,5.698684981325641e-05,0.9999234676361084,1.9587099814089015e-05
6711,2,0,0,0.8285045623779297,0.11311106383800507,0.058384399861097336
6712,4,1,1,3.285067214164883e-05,0.9999451637268066,2.1939667931292206e-05
6713,0,0,0,0.8765627145767212,0.04393935203552246,0.07949785143136978
6714,2,0,0,0.7207431793212891,0.06816330552101135,0.21109355986118317
6715,4,0,0,0.9500026702880859,0.011425560340285301,0.0385718010365963
6716,0,0,0,0.7978315949440002,0.05979425832629204,0.1423742175102234
6717,0,1,1,0.00011424322292441502,0.9997950196266174,9.076726564671844e-05
6719,3,2,2,0.014974466525018215,0.010380901396274567,0.9746446013450623
6720,4,1,1,0.08572643250226974,0.890113353729248,0.024160198867321014
6721,3,1,1,0.05936743691563606,0.9361644387245178,0.004468152299523354
6722,0,1,0,0.8810465335845947,0.08288980275392532,0.036063700914382935
6724,3,1,1,4.908737901132554e-05,0.9999358654022217,1.5090437045728322e-05
6726,2,1,1,2.7874661100213416e-05,0.9999642372131348,7.915343303466216e-06
6727,1,2,2,9.356528607895598e-05,0.0005647494690492749,0.9993416666984558
6728,2,0,0,0.8885277509689331,0.020238548517227173,0.09123371541500092
6729,1,2,2,1.695645369181875e-05,0.00017642123566474766,0.9998067021369934
6730,0,0,0,0.748399019241333,0.15208502113819122,0.09951592981815338
6731,4,1,1,2.0498015146586113e-05,0.9999520778656006,2.7441072234068997e-05
6732,2,0,0,0.9293501377105713,0.007988248020410538,0.06266171485185623
6733,0,0,0,0.8359096050262451,0.12089221179485321,0.043198175728321075
6734,3,2,2,0.00036134448600932956,0.0004913364537060261,0.9991472959518433
6735,1,1,1,0.14276014268398285,0.8108631372451782,0.04637671262025833
6736,2,1,1,7.110036222002236e-06,0.9999711513519287,2.1719230062444694e-05
6737,0,2,2,0.00015873964002821594,0.00047236180398613214,0.9993689656257629
6738,0,2,2,4.675299351220019e-06,0.00027392979245632887,0.999721348285675
6739,0,0,0,0.8470933437347412,0.019106663763523102,0.1337999403476715
6740,2,0,0,0.9094575047492981,0.03933757543563843,0.05120490491390228
6741,3,0,0,0.8125749826431274,0.009730546735227108,0.17769448459148407
6742,0,1,1,0.0010750730289146304,0.998781144618988,0.00014381376968231052
6744,3,0,1,0.10253477841615677,0.8793835043907166,0.018081704154610634
6745,0,1,1,8.278138557216153e-05,0.999882698059082,3.45364969689399e-05
6746,0,2,2,0.0007093064486980438,0.002162274206057191,0.997128427028656
6747,0,1,1,0.024328388273715973,0.9743116497993469,0.0013599678641185164
6749,2,1,1,6.313683570624562e-06,0.9999850988388062,8.575414540246129e-06
6751,4,1,1,8.094386430457234e-05,0.9989897608757019,0.0009292796021327376
6753,1,1,1,0.0006393057992681861,0.9991699457168579,0.00019078665354754776
6754,1,2,0,0.8330137133598328,0.022870054468512535,0.14411619305610657
6758,4,0,0,0.9311974048614502,0.001716323778964579,0.06708630919456482
6759,1,1,1,0.00012506230268627405,0.9998231530189514,5.1836061174981296e-05
6761,4,0,0,0.9172056913375854,0.006532537750899792,0.07626184076070786
6763,3,1,1,3.1062827474670485e-05,0.9999567270278931,1.2206083738419693e-05
6764,0,0,0,0.5918546319007874,0.24730396270751953,0.16084137558937073
6766,3,0,0,0.7962437868118286,0.13665208220481873,0.06710411608219147
6767,3,1,1,0.00013735964603256434,0.999784529209137,7.815565913915634e-05
6768,2,0,0,0.9258885979652405,0.029785722494125366,0.04432561248540878
6770,2,1,1,8.099889782897662e-06,0.9999774694442749,1.4370651115314104e-05
6772,1,1,0,0.8596808910369873,0.05350963771343231,0.08680947124958038
6774,0,2,2,4.879106199950911e-06,0.00012349449389148504,0.9998716115951538
6775,0,1,1,7.647799066035077e-05,0.9998878240585327,3.568413740140386e-05
6776,3,1,1,7.220388943096623e-05,0.999866247177124,6.156918971100822e-05
6777,4,2,2,0.00014433755131904036,0.005872066598385572,0.9939835667610168
6779,4,0,0,0.8299387097358704,0.05822542682290077,0.1118357926607132
6780,4,1,1,2.1962090613669716e-05,0.9999634027481079,1.4626262782257982e-05
6781,3,1,1,4.841454574489035e-05,0.999911904335022,3.9627782825846225e-05
6782,4,1,1,1.657373104535509e-05,0.9999758005142212,7.5772313721245155e-06
6784,1,0,0,0.8683767318725586,0.03264711797237396,0.09897603839635849
6785,3,1,1,0.00023964725551195443,0.9996370077133179,0.0001233352377312258
6786,1,2,2,0.0016219866229221225,0.07242149114608765,0.9259565472602844
6788,4,1,1,1.0666329217201564e-05,0.9999771118164062,1.2214040907565504e-05
6789,4,1,1,0.01430246327072382,0.9849787354469299,0.0007187866722233593
6790,1,1,1,2.9213821107987314e-05,0.9999673366546631,3.39184202857723e-06
6791,1,1,1,2.5432700567762367e-05,0.999972939491272,1.6257293964372366e-06
6792,4,1,1,4.866325616603717e-05,0.9999260902404785,2.526015850889962e-05
6793,0,1,0,0.9436408877372742,0.015535678714513779,0.04082340747117996
6794,0,1,1,3.959859168389812e-05,0.9999407529830933,1.9632303519756533e-05
6795,4,0,0,0.877478837966919,0.07294873893260956,0.049572378396987915
6797,0,1,1,0.00011396253830753267,0.9997612833976746,0.00012477472773753107
6798,1,0,0,0.8265560865402222,0.053090501576662064,0.12035340070724487
6799,2,1,1,3.34867654601112e-05,0.9999562501907349,1.0292673323419876e-05
6800,2,2,2,5.047184458817355e-06,2.7346248316462152e-05,0.9999676942825317
6801,0,0,0,0.8543156385421753,0.10164681077003479,0.04403755068778992
6802,2,2,2,0.006759755779057741,0.0007360293529927731,0.9925042390823364
6805,3,0,0,0.7526288032531738,0.1058787852525711,0.14149239659309387
6806,1,0,0,0.4734536409378052,0.24973836541175842,0.2768079936504364
6807,2,0,0,0.8673915863037109,0.10384596884250641,0.02876245602965355
6808,3,1,1,0.0006648239213973284,0.9990103244781494,0.000324847613228485
6809,4,1,1,8.55747020978015e-06,0.999974250793457,1.7207219570991583e-05
6810,1,1,0,0.7806661128997803,0.1986437439918518,0.02069018967449665
6811,1,0,0,0.9043388366699219,0.05216367170214653,0.04349752515554428
6815,0,2,2,0.0009096974390558898,0.0011524228611961007,0.9979378581047058
6816,3,2,2,0.0001861424680100754,0.0009599239565432072,0.9988539218902588
6817,3,0,0,0.8145912885665894,0.03810460865497589,0.14730411767959595
6818,4,1,0,0.7534030675888062,0.08430406451225281,0.16229286789894104
6819,1,0,0,0.8977332711219788,0.017286041751503944,0.08498075604438782
6820,0,0,0,0.8394593596458435,0.08644071966409683,0.07409993559122086
6821,0,0,1,0.3885205388069153,0.5676506757736206,0.04382879659533501
6822,3,1,1,0.0001417516905348748,0.9997866749763489,7.163765258155763e-05
6823,1,1,0,0.7042379975318909,0.1028418242931366,0.19292011857032776
6824,4,0,0,0.8416213393211365,0.029559031128883362,0.12881959974765778
6826,3,1,1,0.0008680892642587423,0.9989407658576965,0.00019115737813990563
6828,4,2,0,0.9419721961021423,0.039311062544584274,0.018716851249337196
6829,0,0,0,0.8574411869049072,0.028605762869119644,0.11395300179719925
6830,4,0,0,0.8751195669174194,0.0403749905526638,0.08450547605752945
6831,3,1,1,0.00018061634909827262,0.9996304512023926,0.00018892812659032643
6832,4,1,1,6.689903239021078e-05,0.9999079704284668,2.5155606635962613e-05
6835,4,2,2,3.845731771434657e-05,0.0012656558537855744,0.9986959099769592
6836,3,1,1,0.0002532891812734306,0.9996190071105957,0.0001276833500014618
6838,1,2,2,0.0006316527724266052,0.011517642065882683,0.9878507256507874
6839,2,1,1,2.731776658038143e-05,0.9999669790267944,5.70599968341412e-06
6840,0,2,2,0.0003922528703697026,0.0013411140535026789,0.9982665777206421
6841,3,1,0,0.5318220853805542,0.3135882318019867,0.1545896977186203
6842,1,2,2,2.124350658050389e-06,7.43661294109188e-05,0.9999234676361084
6843,3,1,1,5.230598617345095e-05,0.9999090433120728,3.8602382119279355e-05
6844,1,1,1,0.022889813408255577,0.976597785949707,0.0005123192677274346
6845,1,2,2,6.81318124406971e-05,0.0007370794774033129,0.9991948008537292
6847,2,2,2,1.2143955245846882e-05,0.00014156950055621564,0.9998462200164795
6849,4,2,2,0.0001834970316849649,0.0016645767027512193,0.998151957988739
6850,2,2,2,0.03550192713737488,0.030540933832526207,0.9339571595191956
6851,4,2,2,0.0001425142982043326,0.00031293625943362713,0.9995445609092712
6853,2,1,1,0.006030443124473095,0.9931324124336243,0.000837104395031929
6855,2,1,1,2.9104032364557497e-05,0.9999586343765259,1.2270532351976726e-05
6856,2,2,2,4.43110620835796e-05,0.00018208000983577222,0.9997735619544983
6857,3,0,0,0.5564498901367188,0.1996830701828003,0.24386705458164215
6858,1,0,0,0.7690211534500122,0.11785129457712173,0.11312753707170486
6861,4,2,2,0.0001347515790257603,0.0004551576275844127,0.9994101524353027
6862,2,2,2,5.139752829563804e-05,0.0005960827693343163,0.9993525147438049
6863,0,2,2,0.0001812030968721956,0.0005457829684019089,0.9992730021476746
6865,2,2,2,1.0357603059674148e-05,0.0007721184520050883,0.9992175102233887
6867,1,1,1,1.9823617549263872e-05,0.9999767541885376,3.4490751659177477e-06
6868,3,1,2,3.275237759226002e-05,6.617380131501704e-05,0.9999010562896729
6869,2,1,0,0.4657934308052063,0.44031721353530884,0.09388938546180725
6871,2,2,0,0.5409181714057922,0.008047046139836311,0.4510347843170166
6872,1,0,0,0.9287776947021484,0.00565439322963357,0.06556782871484756
6873,4,2,2,8.87456044438295e-05,0.000587235321290791,0.9993240833282471
6874,1,2,2,0.00012163717474322766,0.0013912994181737304,0.9984869956970215
6875,0,2,2,0.00022171201999299228,0.00019784066535066813,0.999580442905426
6877,2,2,2,2.0434892576304264e-05,0.00029931816970929503,0.9996802806854248
6878,4,2,2,6.52137168799527e-05,0.00030322643578983843,0.9996315240859985
6879,4,0,0,0.9647059440612793,0.0031712690833956003,0.03212277218699455
6881,3,0,1,0.4424738585948944,0.4531997740268707,0.10432636737823486
6882,4,2,2,9.927234350470826e-05,0.0003992687852587551,0.9995014667510986
6883,3,2,2,2.6291352696716785e-05,0.00026556034572422504,0.9997081160545349
6884,1,0,0,0.6989178657531738,0.2567659318447113,0.04431614279747009
6885,0,0,0,0.8954300284385681,0.044568292796611786,0.060001686215400696
6888,0,2,2,0.0006745764403603971,0.0007450068951584399,0.9985804557800293
6889,3,0,2,0.35972222685813904,0.08873066306114197,0.551547110080719
6891,3,1,1,0.03721541166305542,0.9528298377990723,0.009954806417226791
6892,0,2,2,0.00040509452810510993,0.0007235801895149052,0.9988712668418884
6894,0,2,2,0.00013860779290553182,0.0006666108383797109,0.9991948008537292
6895,3,0,1,0.4215870499610901,0.4259020686149597,0.1525108814239502
6896,1,1,1,0.10653389245271683,0.829804539680481,0.06366150826215744
6899,0,2,2,0.00015309659647755325,0.0004651970521081239,0.9993816614151001
6900,4,0,0,0.9046427011489868,0.001074549974873662,0.09428278356790543
6901,0,0,0,0.8780478239059448,0.0325486846268177,0.08940351009368896
6902,1,0,0,0.796493411064148,0.15611161291599274,0.04739490523934364
6903,0,0,0,0.8582755327224731,0.10406921058893204,0.037655264139175415
6904,3,0,0,0.8192938566207886,0.03548095375299454,0.14522519707679749
6905,0,2,0,0.6678751111030579,0.016625581309199333,0.31549933552742004
6906,2,1,0,0.901241660118103,0.015826290473341942,0.08293212205171585
6909,3,1,1,0.0840226337313652,0.9129388332366943,0.003038519760593772
6910,1,0,0,0.6375457048416138,0.048111576586961746,0.3143427073955536
6911,2,0,0,0.6314218044281006,0.3315790891647339,0.03699912130832672
6912,0,1,0,0.5987405180931091,0.349678099155426,0.051581382751464844
6913,3,1,1,0.13092145323753357,0.8584231734275818,0.010655378922820091
6914,3,1,1,0.002460834803059697,0.9967907071113586,0.0007484462112188339
6915,0,1,1,0.00221238168887794,0.997614860534668,0.0001727556373225525
6916,2,0,2,0.07433472573757172,0.013800745829939842,0.9118644595146179
6917,4,1,1,9.931993554346263e-05,0.9996640682220459,0.00023662530293222517
6918,3,0,0,0.864193856716156,0.010904042981564999,0.12490212172269821
6919,3,0,0,0.9039368629455566,0.003908385988324881,0.09215477854013443
6922,0,0,0,0.7881994247436523,0.0796399638056755,0.13216063380241394
6923,2,0,2,0.20720799267292023,0.00313863018527627,0.7896534204483032
6924,3,0,1,0.23864275217056274,0.7457009553909302,0.015656279399991035
6925,0,1,0,0.8115175366401672,0.09444872289896011,0.09403377026319504
6926,3,1,1,0.009088880382478237,0.9898340702056885,0.0010770547669380903
6928,1,1,0,0.5504611134529114,0.3876047730445862,0.06193414330482483
6929,1,1,1,0.08176451176404953,0.9105424284934998,0.007693014107644558
6931,2,2,0,0.8256245255470276,0.13881081342697144,0.03556465730071068
6932,0,2,0,0.9045817255973816,0.05626299977302551,0.0391552709043026
6933,3,1,1,0.15317824482917786,0.8265380263328552,0.02028377167880535
6934,1,0,0,0.8397822976112366,0.11414627730846405,0.04607146605849266
6935,0,0,0,0.5183911323547363,0.458446204662323,0.02316272258758545
6936,1,0,0,0.8321810364723206,0.13002903759479523,0.03778988495469093
6937,2,0,0,0.9709110260009766,0.006503076292574406,0.02258596383035183
6938,4,0,0,0.9348623752593994,0.00454290397465229,0.06059469282627106
6939,0,0,0,0.9038103222846985,0.03276190161705017,0.06342776119709015
6940,2,1,1,0.42092224955558777,0.5247775316238403,0.054300207644701004
6941,1,0,0,0.9074556231498718,0.018139833584427834,0.07440461218357086
6943,2,0,0,0.8449106812477112,0.053132545202970505,0.10195675492286682
6944,4,0,0,0.7989928722381592,0.006705287843942642,0.19430182874202728
6945,0,2,0,0.8146753907203674,0.025537880137562752,0.15978674590587616
6947,3,0,0,0.8661545515060425,0.04592594876885414,0.08791947364807129
6948,1,0,0,0.5470355749130249,0.411876916885376,0.04108750820159912
6950,2,0,0,0.9320935606956482,0.055873606353998184,0.012032940052449703
6951,1,1,1,0.0007285395404323936,0.9972586631774902,0.002012824872508645
6953,3,0,0,0.759706974029541,0.06347674131393433,0.17681625485420227
6954,1,2,2,0.0228780135512352,0.3228408396244049,0.6542811989784241
6955,1,1,0,0.8131034970283508,0.11076963692903519,0.07612686604261398
6956,3,0,0,0.8825768828392029,0.027738498523831367,0.08968473970890045
6958,4,1,1,0.009407785721123219,0.9898726940155029,0.0007195473299361765
6959,0,0,0,0.533626139163971,0.35063132643699646,0.11574254184961319
6960,4,1,2,0.2838220000267029,0.22398366034030914,0.49219435453414917
6961,4,0,0,0.9153858423233032,0.007075638510286808,0.07753852754831314
6962,4,1,1,0.001333278720267117,0.9980242252349854,0.0006425389437936246
6963,0,1,1,0.08535096049308777,0.8978549838066101,0.016794027760624886
6964,2,1,0,0.7789273262023926,0.16404107213020325,0.05703163146972656
6966,2,2,0,0.8606227040290833,0.03547337278723717,0.10390393435955048
6967,3,0,0,0.9138268828392029,0.008737819269299507,0.07743529975414276
6968,0,0,0,0.774241030216217,0.04871797189116478,0.17704099416732788
6969,0,0,0,0.7985815405845642,0.09056297689676285,0.11085552722215652
6970,2,1,1,0.3353922665119171,0.6323651075363159,0.032242607325315475
6971,3,1,1,0.03048938885331154,0.9561395645141602,0.013371022418141365
6973,4,2,0,0.5577455759048462,0.054885901510715485,0.3873685598373413
6974,1,0,0,0.9012834429740906,0.05177373066544533,0.0469428189098835
6976,4,0,0,0.7465375661849976,0.013879979029297829,0.23958249390125275
6977,1,2,0,0.6451424956321716,0.09953444451093674,0.25532299280166626
6978,3,1,0,0.5921679735183716,0.3334568738937378,0.07437505573034286
6980,3,2,0,0.8349084258079529,0.11377879232168198,0.051312755793333054
6981,3,0,0,0.8200204968452454,0.06781770288944244,0.11216185986995697
6982,0,1,1,0.00018733288743533194,0.9995996356010437,0.00021307083079591393
6983,0,0,0,0.7645232677459717,0.08365334570407867,0.15182332694530487
6985,2,2,2,0.026194216683506966,0.0011750523699447513,0.9726307988166809
6986,4,1,1,0.001645601587370038,0.9973243474960327,0.0010300592985004187
6987,3,0,0,0.8356643915176392,0.08416085690259933,0.08017468452453613
6988,2,1,1,0.00013230890908744186,0.9998303651809692,3.727999501279555e-05
6991,0,0,0,0.5909284949302673,0.023004285991191864,0.38606715202331543
6992,4,1,1,0.044882290065288544,0.9511102437973022,0.004007416311651468
6993,3,0,0,0.7818957567214966,0.050188761204481125,0.16791538894176483
6994,2,0,0,0.8683685660362244,0.0316072441637516,0.10002417117357254
6995,4,1,1,0.009769421070814133,0.989581823348999,0.0006487249047495425
6996,1,0,0,0.9461873173713684,0.008972112089395523,0.04484057426452637
6998,0,0,0,0.910968542098999,0.05990123376250267,0.029130203649401665
6999,2,0,0,0.9261502623558044,0.04384852573275566,0.030001262202858925
7000,2,0,0,0.9704466462135315,0.008037279359996319,0.021516047418117523
7001,4,2,0,0.7624895572662354,0.035623494535684586,0.2018868774175644
7002,2,2,2,2.79554496955825e-05,0.00011008616274921224,0.9998618364334106
7003,3,0,0,0.7989336848258972,0.12258658558130264,0.07847972214221954
7007,2,2,2,0.00012700859224423766,0.00027967419009655714,0.9995933175086975
7011,2,0,0,0.8363973498344421,0.031020397320389748,0.13258224725723267
7012,2,1,1,1.0338005267840344e-05,0.9999849796295166,4.674302999774227e-06
7013,1,1,2,0.0005697784945368767,0.02706156298518181,0.9723686575889587
7014,1,2,2,0.00014111273048911244,0.0005433030892163515,0.9993155002593994
7015,2,2,0,0.7777516841888428,0.016425058245658875,0.20582322776317596
7016,1,1,1,0.07874821126461029,0.9155310392379761,0.005720756947994232
7017,1,0,0,0.8924331068992615,0.050087153911590576,0.05747978761792183
7018,3,0,0,0.781895101070404,0.1615702211856842,0.05653464421629906
7019,0,0,0,0.6850662231445312,0.10677520185709,0.20815853774547577
7021,2,1,1,0.3676837980747223,0.5842258334159851,0.048090387135744095
7022,2,2,2,5.0790458772098646e-05,0.0004238951369188726,0.9995253086090088
7023,2,2,0,0.8162990808486938,0.0008032469777390361,0.18289770185947418
7024,4,0,0,0.9354900121688843,0.0037587180268019438,0.06075121462345123
7026,3,0,2,0.3283922076225281,0.10525782406330109,0.566349983215332
7027,0,0,0,0.8891456127166748,0.07000197470188141,0.04085233807563782
7029,1,1,1,5.390663500293158e-05,0.9999319314956665,1.4177910088619683e-05
7030,2,0,0,0.7769593596458435,0.018059514462947845,0.20498113334178925
7031,1,0,0,0.761106550693512,0.19111110270023346,0.047782354056835175
7032,0,0,0,0.9070646166801453,0.05679306760430336,0.0361422561109066
7033,4,0,2,0.015375831164419651,0.0015526070492342114,0.9830716252326965
7034,1,2,2,2.071640847134404e-05,0.0005555465468205512,0.9994237422943115
7036,3,0,0,0.8820210695266724,0.05364038795232773,0.0643385499715805
7037,4,0,0,0.8131492733955383,0.028354937210679054,0.15849581360816956
7039,1,1,0,0.7814751267433167,0.12230347841978073,0.09622141718864441
7040,0,2,2,0.0003809914051089436,0.00038135796785354614,0.9992376565933228
7041,3,1,1,1.4357861800817773e-05,0.9999778270721436,7.785580237396061e-06
7042,0,1,1,0.00031447087530978024,0.9996585845947266,2.6934219931717962e-05
7043,1,0,0,0.8501737117767334,0.07138174027204514,0.07844454050064087
7045,4,0,0,0.8015901446342468,0.061766576021909714,0.13664329051971436
7046,1,2,2,7.00695818522945e-05,0.0005200692685320973,0.9994099140167236
7047,3,2,2,3.151932833134197e-05,0.0001168325325124897,0.9998517036437988
7048,1,0,0,0.47966083884239197,0.23614728450775146,0.28419190645217896
7049,0,0,1,0.25443410873413086,0.7360963225364685,0.009469536133110523
7050,1,0,0,0.9191498160362244,0.0361471064388752,0.044703058898448944
7051,0,0,0,0.8719708323478699,0.026831286028027534,0.10119785368442535
7052,2,0,1,0.13464674353599548,0.8624601364135742,0.002893180586397648
7053,1,0,1,0.23861531913280487,0.569197952747345,0.19218672811985016
7054,2,1,1,5.772236363554839e-06,0.9999822378158569,1.2004335076198913e-05
7055,4,1,1,0.0009686435805633664,0.9988238215446472,0.0002074786607408896
7056,0,0,0,0.8580966591835022,0.030826659873127937,0.11107666790485382
7057,0,1,0,0.7249882817268372,0.10958040505647659,0.16543132066726685
7058,0,0,0,0.9126262068748474,0.040436580777168274,0.04693727567791939
7059,3,1,1,0.0007259335834532976,0.9991488456726074,0.00012525082274805754
7060,4,2,2,0.00011131800420116633,9.53725066210609e-06,0.9998791217803955
7061,3,2,2,1.0701417522795964e-05,0.00024214756558649242,0.999747097492218
7062,3,1,1,0.00032041495433077216,0.9995958209037781,8.381672523682937e-05
7063,1,2,2,8.459434184260317e-07,6.446938641602173e-05,0.9999346733093262
7064,4,0,0,0.7019445300102234,0.007420784793794155,0.29063472151756287
7065,2,0,0,0.9030922651290894,0.011176304891705513,0.08573149144649506
7067,3,2,2,9.593230970494915e-06,6.760469113942236e-05,0.9999228715896606
7069,4,0,0,0.8850332498550415,0.01622741110622883,0.0987393707036972
7072,2,2,2,3.4707156828517327e-06,0.0002358105411985889,0.9997606873512268
7073,2,1,1,5.249629612080753e-05,0.9999350309371948,1.2420114217093214e-05
7074,1,1,1,5.112665894557722e-05,0.9999438524246216,5.0190906222269405e-06
7075,0,1,1,0.0008448544540442526,0.9990012049674988,0.0001539031509310007
7076,2,0,0,0.6777545809745789,0.27036380767822266,0.05188163369894028
7077,3,2,2,2.5593279133317992e-05,0.00115300586912781,0.9988213181495667
7080,1,2,2,5.2119626161584165e-06,0.00033175823045894504,0.9996629953384399
7081,4,2,2,6.697713251924142e-05,0.006556997075676918,0.9933759570121765
7082,0,0,0,0.47653913497924805,0.12462501227855682,0.39883580803871155
7083,2,2,2,5.823014362249523e-06,0.00011867269495269284,0.9998754262924194
7084,2,0,0,0.8197832703590393,0.008474926464259624,0.17174172401428223
7085,4,0,0,0.8544439077377319,0.00290587916970253,0.14265024662017822
7086,2,2,2,3.6984338294132613e-06,8.443372644251212e-05,0.999911904335022
7087,3,0,0,0.7678105235099792,0.10705150663852692,0.12513794004917145
7088,0,0,0,0.8274078965187073,0.14410150051116943,0.028490660712122917
7089,4,1,1,3.693612597999163e-05,0.999935507774353,2.7608562959358096e-05
7090,1,1,0,0.8368605375289917,0.08172500878572464,0.08141445368528366
7091,2,1,1,0.002397639909759164,0.995067834854126,0.0025345399044454098
7092,4,1,0,0.7971562147140503,0.06483105570077896,0.13801269233226776
7094,3,2,2,2.0585619495250285e-05,0.00010379058949183673,0.999875545501709
7096,0,2,2,5.662845433107577e-05,5.7416695199208334e-05,0.9998859167098999
7097,3,2,2,1.5798026652191766e-05,7.62909185141325e-05,0.9999078512191772
7098,3,2,2,1.676322972343769e-05,5.961507122265175e-05,0.999923586845398
7099,0,1,1,0.0012324509443715215,0.9985658526420593,0.00020175351528450847
7101,4,0,0,0.9327192306518555,0.015486140735447407,0.0517946220934391
7102,2,1,1,0.005241479724645615,0.9938170313835144,0.000941525271628052
7103,4,2,2,1.5066975720401388e-05,0.0008265813812613487,0.9991583824157715
7104,0,1,1,5.539535413845442e-05,0.999919056892395,2.5494151486782357e-05
7105,4,1,0,0.8406772613525391,0.06610581278800964,0.09321694076061249
7106,2,2,2,3.3950325359910494e-06,0.0001409749238518998,0.999855637550354
7107,1,0,0,0.7346235513687134,0.04880904033780098,0.21656739711761475
7108,4,1,1,0.0002997807750944048,0.9996682405471802,3.197551268385723e-05
7109,4,1,1,1.8411994460620917e-05,0.9999728202819824,8.822669769870117e-06
7110,4,1,1,1.4316638043965213e-05,0.9998711347579956,0.00011456976790213957
7111,3,2,2,1.1232860742893536e-05,0.001054058433510363,0.9989346861839294
7112,4,1,1,0.037411049008369446,0.9578717947006226,0.0047171395272016525
7115,2,0,0,0.8998503088951111,0.046886637806892395,0.053263068199157715
7116,0,2,2,1.2856875400757417e-05,0.00025400996673852205,0.9997331500053406
7117,2,2,2,6.907706847414374e-06,0.005187873262912035,0.9948052763938904
7118,0,2,2,0.0013412656262516975,0.002180363517254591,0.9964783787727356
7119,2,2,2,5.123018127051182e-06,9.434572712052613e-05,0.9999004602432251
7120,1,1,1,0.018352244049310684,0.9697574973106384,0.01189030334353447
7121,3,2,2,1.2310882084420882e-05,0.00014298202586360276,0.9998446702957153
7122,1,1,1,0.181398406624794,0.8104411959648132,0.008160372264683247
7123,1,0,0,0.9025924801826477,0.04596811905503273,0.051439378410577774
7124,0,0,1,0.07004573196172714,0.9241244196891785,0.005829852074384689
7126,2,2,2,3.7154784422455123e-06,0.00024229870177805424,0.999754011631012
7127,1,1,1,1.3132841559126973e-05,0.9999829530715942,3.9442470551875886e-06
7128,3,2,0,0.6533409953117371,0.04666891321539879,0.29999005794525146
7129,0,1,1,7.823724445188418e-05,0.9998588562011719,6.284644769039005e-05
7131,3,0,0,0.9183952808380127,0.013627423904836178,0.06797722727060318
7133,0,1,1,2.7060666980105452e-05,0.999969482421875,3.489966275083134e-06
7134,4,1,1,0.1388191282749176,0.8486737608909607,0.012507090345025063
7135,0,0,0,0.951553225517273,0.017570853233337402,0.03087599016726017
7136,4,1,1,2.4093498723232187e-05,0.9998676776885986,0.0001082134767784737
7138,0,1,1,0.000864207511767745,0.9988381266593933,0.0002977216790895909
7140,4,2,2,0.1719297617673874,0.04114234820008278,0.7869278788566589
7141,3,2,1,0.06814910471439362,0.9147664904594421,0.017084406688809395
7142,1,0,0,0.8758237361907959,0.022832104936242104,0.10134421288967133
7144,1,1,1,0.025335701182484627,0.9682937860488892,0.00637051509693265
7147,2,0,1,0.2118159979581833,0.7634896636009216,0.024694392457604408
7148,0,0,0,0.9197213053703308,0.027784662321209908,0.052494000643491745
7150,1,2,2,0.00018433852528687567,0.002606852911412716,0.9972087740898132
7151,3,2,2,7.727055162831675e-06,0.0002481768315192312,0.9997441172599792
7154,4,1,1,0.12594881653785706,0.8234114646911621,0.05063977092504501
7155,3,1,0,0.7792084217071533,0.07140769064426422,0.14938390254974365
7156,4,0,0,0.8335033059120178,0.00885088462382555,0.1576458066701889
7158,3,0,0,0.866396427154541,0.0194181390106678,0.11418546736240387
7159,4,2,2,7.069807179505005e-05,0.0008840820519253612,0.999045193195343
7160,1,2,2,0.0010896639432758093,3.5397435567574576e-05,0.9988749623298645
7161,4,0,0,0.8811265826225281,0.003410939360037446,0.11546254903078079
7162,2,0,0,0.8050094842910767,0.1366080641746521,0.058382388204336166
7163,2,0,0,0.7410830855369568,0.0037914584390819073,0.2551254630088806
7164,1,1,1,4.9273865442955866e-05,0.9999207258224487,2.997145384142641e-05
7165,2,1,1,0.33423641324043274,0.6649149060249329,0.0008485959842801094
7166,4,1,1,0.0002519740955904126,0.999201238155365,0.000546845723874867
7167,4,0,0,0.8184797763824463,0.022095948457717896,0.15942423045635223
7170,4,0,0,0.8691112399101257,0.02558187022805214,0.10530680418014526
7171,4,0,0,0.8678301572799683,0.016118327155709267,0.11605148762464523
7172,2,0,0,0.8759685158729553,0.00805776845663786,0.1159738078713417
7173,2,1,0,0.5942913889884949,0.2507520616054535,0.15495657920837402
7175,1,0,0,0.8605842590332031,0.0038215077947825193,0.13559426367282867
7176,2,1,1,0.0019442046759650111,0.9969923496246338,0.0010634472128003836
7177,4,2,2,3.7491769035113975e-05,0.00011401660594856367,0.9998483657836914
7178,3,1,2,0.015099084936082363,0.1454702764749527,0.8394306898117065
7179,0,2,2,1.533473187009804e-05,4.767705104313791e-05,0.9999369382858276
7180,3,2,2,0.00020476951613090932,0.000941640289966017,0.9988535642623901
7182,0,1,1,0.011450611986219883,0.9852963089942932,0.003253005212172866
7183,0,0,0,0.9249947667121887,0.0067916675470769405,0.06821364164352417
7184,2,1,1,0.015048525296151638,0.9796797633171082,0.0052717518992722034
7185,3,0,1,0.3043392300605774,0.5983183979988098,0.09734233468770981
7186,2,1,0,0.5301753878593445,0.43139028549194336,0.038434334099292755
7187,4,0,0,0.8177085518836975,0.013857828453183174,0.16843362152576447
7188,1,0,0,0.8693081736564636,0.04509592801332474,0.08559589087963104
7190,0,1,1,0.0005201650783419609,0.999311089515686,0.00016875962319318205
7191,4,1,1,0.00012751537724398077,0.999758780002594,0.00011366995749995112
7192,1,2,2,2.2603091565542854e-05,0.0016830184031277895,0.9982944130897522
7193,0,0,0,0.9129204750061035,0.02179114520549774,0.06528835743665695
7194,4,0,0,0.8137833476066589,0.1366574466228485,0.04955916106700897
7195,4,0,0,0.7467620968818665,0.018475990742444992,0.23476192355155945
7196,3,1,1,0.00011747005919460207,0.9997175335884094,0.0001649925543460995
7197,0,0,0,0.8813145160675049,0.04165717586874962,0.07702834159135818
7199,0,0,0,0.7890297174453735,0.14315761625766754,0.06781274080276489
7200,3,0,0,0.5816001296043396,0.20311301946640015,0.21528691053390503
7201,4,2,2,7.15721253072843e-05,0.006374666467308998,0.9935537576675415
7202,2,0,0,0.8902245163917542,0.08502662181854248,0.024748889729380608
7203,1,1,1,0.3632866144180298,0.5247435569763184,0.11196980625391006
7204,2,0,0,0.8819769620895386,0.0732639878988266,0.04475906863808632
7207,2,1,1,0.0026868467684835196,0.9967327117919922,0.0005805186228826642
7208,0,1,1,5.3053525334689766e-05,0.9999127388000488,3.4166885598096997e-05
7209,1,0,0,0.887907862663269,0.04444759711623192,0.06764455139636993
7212,0,0,0,0.9743531942367554,0.004045492969453335,0.021601367741823196
7213,4,1,1,0.0023624508175998926,0.994708776473999,0.0029287224169820547
7214,4,0,0,0.7174721360206604,0.034597013145685196,0.2479308545589447
7215,3,1,1,4.4041509681846946e-05,0.9999336004257202,2.237110493297223e-05
7216,1,0,0,0.8434832692146301,0.015666866675019264,0.14084990322589874
7217,3,0,0,0.7268767356872559,0.20992879569530487,0.06319446116685867
7218,2,1,0,0.7759093642234802,0.05383436009287834,0.17025627195835114
7221,3,1,1,0.007524388842284679,0.9846785068511963,0.0077971769496798515
7224,2,1,1,0.0013818697771057487,0.9981805086135864,0.00043766110320575535
7226,4,1,1,2.6186164177488536e-05,0.9999649524688721,8.840346708893776e-06
7228,3,1,1,0.011364628560841084,0.9818927049636841,0.006742614787071943
7229,4,0,0,0.8781265616416931,0.0027825895231217146,0.11909078061580658
7230,2,0,0,0.8571302890777588,0.12363353371620178,0.019236229360103607
7231,2,1,1,0.000521157868206501,0.9990584254264832,0.00042044659494422376
7232,3,0,0,0.716884970664978,0.17959631979465485,0.10351872444152832
7234,4,0,0,0.9516642093658447,0.0056578475050628185,0.042677972465753555
7235,4,1,1,0.0006973597919568419,0.9988818764686584,0.00042077500256709754
7236,0,0,0,0.851104736328125,0.09546944499015808,0.053425922989845276
7237,1,0,0,0.6228126883506775,0.30681759119033813,0.07036969065666199
7238,3,0,0,0.827657163143158,0.05385924130678177,0.11848362535238266
7239,2,0,0,0.905265748500824,0.029671184718608856,0.0650629848241806
7240,4,2,0,0.5638108253479004,0.03244536370038986,0.4037438631057739
7242,4,1,1,0.00018049385107588023,0.9995700716972351,0.00024948565987870097
7244,3,1,1,0.357548326253891,0.5380401015281677,0.1044115424156189
7246,0,1,1,0.0004371588001959026,0.9989821314811707,0.0005806895205751061
7247,2,0,0,0.5559676885604858,0.1593763828277588,0.28465592861175537
7248,1,0,1,0.22112594544887543,0.7301000952720642,0.04877397418022156
7249,1,0,0,0.922808825969696,0.017161302268505096,0.06002989411354065
7250,0,1,1,0.17880676686763763,0.8076078295707703,0.013585352338850498
7252,1,0,1,0.03759627416729927,0.9608901143074036,0.0015135761350393295
7253,1,1,1,1.4670331438537687e-05,0.9999581575393677,2.7153913833899423e-05
7254,1,1,1,0.0002445747086312622,0.9992057681083679,0.0005497090751305223
7255,4,1,1,0.1645618975162506,0.8186703324317932,0.016767773777246475
7256,4,2,2,0.0014164039166644216,0.0002286183589603752,0.998354971408844
7257,3,0,0,0.7712958455085754,0.12760388851165771,0.10110031068325043
7258,1,0,0,0.8045826554298401,0.13382670283317566,0.06159061938524246
7259,2,0,0,0.917668342590332,0.03388914465904236,0.04844256862998009
7260,2,2,2,1.9280294509371743e-05,0.00022089255799073726,0.9997598528862
7261,3,1,1,0.139497771859169,0.8319825530052185,0.028519650921225548
7262,4,2,2,2.3196120309876278e-05,0.0016324884491041303,0.9983443021774292
7263,0,0,1,0.03100825659930706,0.9646744132041931,0.004317383747547865
7264,1,2,2,0.00015870900824666023,0.00028012270922772586,0.9995611310005188
7265,3,0,0,0.6147401928901672,0.341739296913147,0.04352046549320221
7266,1,2,2,3.460066000116058e-05,0.007715191692113876,0.9922502040863037
7267,2,0,0,0.902105450630188,0.018230777233839035,0.07966374605894089
7268,1,0,0,0.8892567753791809,0.06185304746031761,0.048890210688114166
7269,3,0,0,0.9186652302742004,0.008133715949952602,0.07320109009742737
7271,3,1,1,0.03465196490287781,0.9626948237419128,0.002653239294886589
7272,0,2,2,1.543707912787795e-05,0.00029620827990584075,0.9996882677078247
7273,3,0,1,0.37512534856796265,0.6131872534751892,0.011687305755913258
7274,0,1,1,0.0025945473462343216,0.9972959160804749,0.00010958030179608613
7276,0,0,0,0.9017361402511597,0.012980480678379536,0.08528336137533188
7277,2,1,1,1.2519773008534685e-05,0.9999713897705078,1.6050937119871378e-05
7279,0,0,0,0.9529629349708557,0.02455092780292034,0.022486118599772453
7280,4,1,1,0.0002522396680433303,0.9997174143791199,3.03633732983144e-05
7281,2,0,0,0.9135372638702393,0.019939875230193138,0.06652285158634186
7282,2,1,1,2.399356526439078e-05,0.9999656677246094,1.0350866432418115e-05
7286,1,2,2,4.91779537696857e-05,0.00020838979980908334,0.999742329120636
7288,4,1,1,0.0002443706034682691,0.9996312856674194,0.00012427993351593614
7289,2,0,0,0.8757614493370056,0.1151103600859642,0.009128258563578129
7290,3,2,2,0.004265153780579567,0.04343977943062782,0.9522950649261475
7291,3,0,2,0.006995401810854673,0.022841662168502808,0.9701629281044006
7292,3,0,0,0.8758701682090759,0.015841403976082802,0.10828842967748642
7293,3,2,2,0.00012057302228640765,5.639585288008675e-05,0.9998230338096619
7295,0,0,0,0.9336398243904114,0.00992493238300085,0.05643526837229729
7296,2,2,2,0.007067776285111904,0.00016899938054848462,0.9927632212638855
7298,4,0,0,0.8989645838737488,0.041828107088804245,0.05920739099383354
7299,1,2,2,5.8613681176211685e-05,9.045950719155371e-05,0.999850869178772
7300,1,1,1,3.2518801162950695e-05,0.9999631643295288,4.35866695625009e-06
7301,0,1,1,2.004742964345496e-05,0.9999607801437378,1.9155404515913688e-05
7302,3,2,2,5.983465234749019e-05,0.00016990159929264337,0.9997702240943909
7304,3,0,0,0.928083598613739,0.009128295816481113,0.06278815865516663
7305,2,0,0,0.7502683401107788,0.031678128987550735,0.21805354952812195
7306,4,1,1,0.0055365730077028275,0.9934247732162476,0.0010386966168880463
7307,4,0,0,0.6100030541419983,0.057470254600048065,0.3325267434120178
7309,1,0,0,0.8730288147926331,0.04615204781293869,0.08081913739442825
7311,3,2,2,5.172211240278557e-05,0.00022303109290078282,0.9997252821922302
7312,0,1,1,0.024328388273715973,0.9743116497993469,0.0013599678641185164
7313,3,2,2,2.771609251794871e-05,0.00016528354899492115,0.9998069405555725
7314,1,1,1,1.571615030115936e-05,0.9999825954437256,1.6946316918620141e-06
7315,1,0,1,0.007785240653902292,0.989841878414154,0.002372878370806575
7316,3,0,0,0.8319911360740662,0.024060383439064026,0.1439485251903534
7318,4,2,2,9.165950177703053e-05,2.3591552235302515e-05,0.9998847246170044
7319,4,1,1,5.138614596944535e-06,0.9999877214431763,7.197844297479605e-06
7320,3,1,1,0.0001952715392690152,0.9996329545974731,0.00017174179083667696
7321,4,0,0,0.978882372379303,0.005751775577664375,0.015365909785032272
7322,3,1,0,0.7702507376670837,0.09863853454589844,0.13111068308353424
7324,0,0,0,0.8738009333610535,0.08487742394208908,0.04132164269685745
7326,2,0,1,0.20215409994125366,0.7840391993522644,0.013806691393256187
7327,2,0,0,0.8913387060165405,0.008664584718644619,0.09999661892652512
7328,1,2,0,0.910025417804718,0.030494991689920425,0.05947958305478096
7329,1,2,2,7.068997365422547e-05,0.0007003298960626125,0.9992290735244751
7330,1,2,2,0.007613452151417732,0.0011569438502192497,0.9912296533584595
7331,2,0,0,0.7623026967048645,0.0928795114159584,0.14481785893440247
7332,4,0,0,0.9273805618286133,0.004383469000458717,0.06823596358299255
7333,4,0,0,0.9106084704399109,0.06206269562244415,0.027328860014677048
7334,2,0,0,0.8899614810943604,0.010481739416718483,0.09955672174692154
7335,0,2,2,0.0002773157029878348,0.000415434391470626,0.9993072748184204
7336,4,0,0,0.949856698513031,0.0032689988147467375,0.04687429964542389
7337,1,2,0,0.795886218547821,0.04234694689512253,0.1617668718099594
7338,2,1,1,4.3828196794493124e-05,0.9999516010284424,4.529919351625722e-06
7339,0,0,0,0.9629806280136108,0.021714763715863228,0.015304691158235073
7340,2,2,2,5.8600046031642705e-05,0.0002820339286699891,0.9996592998504639
7342,1,0,0,0.613324761390686,0.18032288551330566,0.2063523679971695
7343,1,0,0,0.9374164342880249,0.012221109122037888,0.0503624863922596
7344,2,0,0,0.9753528237342834,0.0029825717210769653,0.021664567291736603
7345,2,1,1,0.00021992532128933817,0.9990330934524536,0.0007469870033673942
7346,3,1,1,0.0003380218695383519,0.9996035695075989,5.847720240126364e-05
7347,3,2,2,6.760052929166704e-05,0.00010055412712972611,0.9998317956924438
7348,0,0,0,0.8216870427131653,0.11309117823839188,0.06522177159786224
7350,4,0,1,0.16895709931850433,0.8232301473617554,0.007812745869159698
7351,0,2,2,0.03336199000477791,0.01200629398226738,0.9546316266059875
7352,4,2,1,2.4006483727134764e-05,0.9999517202377319,2.4280154320877045e-05
7353,1,0,0,0.8711305856704712,0.009612614288926125,0.11925678700208664
7354,0,1,1,4.868113319389522e-05,0.999942421913147,8.947620699473191e-06
7355,0,0,0,0.9221975803375244,0.031567465513944626,0.04623493552207947
7356,2,0,0,0.9378517270088196,0.02919391170144081,0.03295439854264259
7357,4,1,2,0.05765671283006668,0.19951476156711578,0.7428285479545593
7359,4,0,0,0.8006848692893982,0.0816844180226326,0.11763069778680801
7360,4,0,0,0.7378557920455933,0.1837972104549408,0.07834701985120773
7363,0,0,2,0.46903806924819946,0.025560956448316574,0.5054009556770325
7364,2,1,1,0.4455563724040985,0.47399768233299255,0.08044593781232834
7366,4,0,0,0.5646982192993164,0.3817659020423889,0.05353586748242378
7367,2,0,0,0.8000250458717346,0.054970256984233856,0.14500468969345093
7369,3,1,0,0.6367934942245483,0.2667149603366852,0.09649159014225006
7370,1,0,0,0.9336199760437012,0.033444538712501526,0.032935552299022675
7371,2,1,2,0.0022891315165907145,6.706900603603572e-05,0.997643768787384
7372,3,0,0,0.80568927526474,0.11869857460260391,0.0756121426820755
7373,1,1,1,0.007686351891607046,0.9918655753135681,0.0004480282950680703
7374,2,2,0,0.8610090613365173,0.04028003290295601,0.09871093183755875
7375,3,1,1,0.0003186472167726606,0.9995880722999573,9.326927101938054e-05
7376,4,1,1,0.40462803840637207,0.5209931135177612,0.07437881827354431
7378,3,2,2,0.00022474433353636414,0.017240064218640327,0.9825351238250732
7379,3,0,0,0.9184967875480652,0.023464299738407135,0.05803890526294708
7380,4,1,0,0.6910659074783325,0.27141860127449036,0.037515491247177124
7381,0,0,0,0.8608944416046143,0.07675615698099136,0.062349338084459305
7382,0,2,0,0.5458877682685852,0.08594906330108643,0.3681631088256836
7383,0,0,1,0.11120681464672089,0.8779628872871399,0.01083030179142952
7384,1,0,2,0.027672015130519867,0.025471622124314308,0.9468563795089722
7385,2,1,1,0.00027556196437217295,0.9996473789215088,7.706529868301004e-05
7386,2,0,0,0.8716604113578796,0.059411514550447464,0.06892810761928558
7387,2,0,0,0.8429818749427795,0.08308229595422745,0.0739358440041542
7388,2,0,0,0.957193911075592,0.00694440770894289,0.03586171194911003
7389,4,1,0,0.9297002553939819,0.006838897243142128,0.06346084922552109
7390,3,0,1,0.017028670758008957,0.9684367775917053,0.014534582383930683
7391,0,2,2,0.0007936070905998349,0.0025503404904156923,0.9966559410095215
7392,4,1,0,0.6809350848197937,0.22127249836921692,0.09779244661331177
7393,1,2,2,4.437568350112997e-05,0.00020583295554388314,0.9997498393058777
7395,1,1,1,0.033912431448698044,0.8073022961616516,0.15878528356552124
7396,3,1,1,0.21239572763442993,0.48247581720352173,0.30512842535972595
7398,0,1,1,0.0005163335590623319,0.9992334842681885,0.0002502063871361315
7399,0,1,1,0.1788814663887024,0.8096271753311157,0.011491346172988415
7400,3,1,1,0.0016081318026408553,0.9972399473190308,0.0011519683757796884
7401,0,1,1,0.019726337864995003,0.9732153415679932,0.007058333605527878
7402,4,0,0,0.8565672636032104,0.06747003644704819,0.07596271485090256
7403,2,0,0,0.8949078917503357,0.06112409010529518,0.043967969715595245
7404,4,0,0,0.9494246244430542,0.0028536992613226175,0.04772164300084114
7405,1,1,0,0.9261635541915894,0.05153055489063263,0.02230587787926197
7406,0,0,0,0.9000053405761719,0.04501573368906975,0.054978903383016586
7407,4,0,0,0.8642024397850037,0.006448427680879831,0.1293492317199707
7408,4,2,0,0.8987326622009277,0.043373823165893555,0.0578935369849205
7409,0,0,0,0.9266495108604431,0.027774430811405182,0.04557608813047409
7410,1,2,0,0.696524977684021,0.0563567616045475,0.24711833894252777
7411,1,1,1,0.20213477313518524,0.7901939153671265,0.007671270985156298
7414,1,0,0,0.6288593411445618,0.27897778153419495,0.09216286987066269
7415,1,0,0,0.5911930799484253,0.38197261095046997,0.026834243908524513
7417,4,0,2,0.44469502568244934,0.0770462229847908,0.47825881838798523
7418,4,0,0,0.8338595032691956,0.12520191073417664,0.04093868285417557
7419,1,1,1,0.4844970703125,0.4970349669456482,0.01846795156598091
7421,2,0,0,0.7424834370613098,0.2387637197971344,0.01875293254852295
7422,3,2,2,4.2158357246080413e-05,0.0001037893453030847,0.9998539686203003
7423,1,1,1,0.14448077976703644,0.8532482981681824,0.002270985161885619
7424,0,1,0,0.7967281341552734,0.029712075367569923,0.17355984449386597
7426,2,0,0,0.9107855558395386,0.020239153876900673,0.06897524744272232
7427,2,1,1,0.29625657200813293,0.6897211670875549,0.014022232964634895
7429,2,0,1,0.03959228843450546,0.9580982327461243,0.0023094865027815104
7430,4,2,0,0.6447832584381104,0.0713684931397438,0.28384819626808167
7431,2,2,2,0.005419774446636438,0.00414317985996604,0.9904370903968811
7432,4,0,0,0.8003677725791931,0.007361918222159147,0.19227029383182526
7433,1,1,1,0.014982037246227264,0.980707049369812,0.004310900811105967
7434,1,2,0,0.7791934609413147,0.026830147951841354,0.19397643208503723
7435,0,1,1,0.00029335307772271335,0.9995429515838623,0.0001637543027754873
7437,4,1,0,0.9504434466362,0.02826429344713688,0.021292323246598244
7438,1,1,0,0.905303955078125,0.057730454951524734,0.03696557506918907
7440,4,0,0,0.9605700373649597,0.01911567896604538,0.02031429298222065
7441,2,0,0,0.8940949440002441,0.07919495552778244,0.026710089296102524
7442,2,0,0,0.6298366785049438,0.29124704003334045,0.07891623675823212
7443,4,1,1,0.015054706484079361,0.9845244288444519,0.00042086144094355404
7447,1,1,1,1.1635038390522823e-05,0.9999865293502808,1.7762857851266745e-06
7449,3,1,1,0.009455318562686443,0.989174485206604,0.0013702628202736378
7450,3,0,0,0.8149176239967346,0.06793899834156036,0.11714336276054382
7451,3,0,0,0.8465471863746643,0.040029991418123245,0.11342284828424454
7452,2,1,1,2.52244954026537e-05,0.9999676942825317,7.081502189976163e-06
7454,4,0,0,0.6345728039741516,0.005633332766592503,0.35979387164115906
7457,1,1,1,0.25158625841140747,0.7446244359016418,0.0037892977707087994
7459,4,0,0,0.7834388017654419,0.10251306742429733,0.11404810845851898
7460,1,0,0,0.667629599571228,0.1991034746170044,0.13326700031757355
7461,4,0,0,0.7986035943031311,0.16537007689476013,0.03602629527449608
7463,4,0,0,0.87782883644104,0.07184789329767227,0.05032317712903023
7466,1,0,0,0.8620414137840271,0.04003031179308891,0.0979282334446907
7468,2,1,0,0.9065184593200684,0.055974606424570084,0.037506960332393646
7469,4,1,0,0.8314396142959595,0.11752340942621231,0.05103692039847374
7470,3,2,0,0.6688290238380432,0.18722233176231384,0.14394865930080414
7471,1,0,0,0.8857226967811584,0.007556072901934385,0.10672123730182648
7473,1,1,1,0.0166816134005785,0.9674355983734131,0.01588272862136364
7476,4,1,0,0.6908695101737976,0.21607649326324463,0.09305399656295776
7477,2,2,0,0.8692206144332886,0.05613742023706436,0.07464201003313065
7478,0,1,1,0.0010027327807620168,0.9983184337615967,0.0006788699538446963
7479,3,1,1,0.06431875377893448,0.6878863573074341,0.24779486656188965
7480,3,2,2,0.03845662251114845,0.00025218763039447367,0.9612911343574524
7481,4,0,0,0.9805260300636292,0.004365261644124985,0.015108734369277954
7482,4,0,0,0.8960039019584656,0.08300475031137466,0.020991386845707893
7483,0,2,2,0.20235438644886017,0.1423916518688202,0.6552539467811584
7484,0,0,1,0.00738105271011591,0.992211103439331,0.00040789731428958476
7485,1,1,0,0.617449939250946,0.25546231865882874,0.1270877569913864
7486,4,0,0,0.8986409306526184,0.007841205224394798,0.09351783990859985
7487,4,0,0,0.8969464898109436,0.04692159965634346,0.056131817400455475
7489,0,0,0,0.8659194707870483,0.017344577237963676,0.11673588305711746
7490,0,1,1,0.0008448544540442526,0.9990012049674988,0.0001539031509310007
7491,4,1,1,0.06984515488147736,0.897836446762085,0.03231838718056679
7492,1,2,0,0.6982064843177795,0.11006870120763779,0.19172480702400208
7495,2,1,1,0.0009662857628427446,0.9989633560180664,7.039169577183202e-05
7496,4,0,0,0.9264513850212097,0.004692448768764734,0.06885619461536407
7497,0,0,0,0.77280193567276,0.04546598345041275,0.18173205852508545
7499,2,1,0,0.9262025356292725,0.01176776085048914,0.062029603868722916
7500,3,2,0,0.8086802959442139,0.053427617996931076,0.13789211213588715
7501,1,0,0,0.9453944563865662,0.026388680562376976,0.028216874226927757
7502,2,1,1,0.011387712322175503,0.9876813888549805,0.0009309557499364018
7503,0,1,1,0.003386881435289979,0.9608705043792725,0.03574265539646149
7505,4,2,0,0.5116941332817078,0.005239737685769796,0.4830661118030548
7506,2,0,0,0.5422524809837341,0.4399067759513855,0.017840731889009476
7507,4,2,0,0.8453400135040283,0.009134696796536446,0.14552532136440277
7508,3,2,2,0.00013037856842856854,0.00014787302643526345,0.9997217059135437
7509,2,1,1,5.417481588665396e-06,0.9997614026069641,0.0002332259900867939
7510,0,0,0,0.9584320783615112,0.011832037009298801,0.029735902324318886
7511,4,1,1,0.023376423865556717,0.9662777781486511,0.010345855727791786
7513,2,1,2,2.6868010536418296e-05,7.510324940085411e-05,0.9998980760574341
7515,4,1,1,5.6176202633650973e-05,0.9997106194496155,0.00023315010184887797
7517,1,1,1,0.00011903209087904543,0.9997751116752625,0.00010584026313154027
7518,4,1,1,0.019418425858020782,0.9607738852500916,0.019807718694210052
7519,2,1,1,2.5595927581889555e-05,0.9999722242355347,2.1433311303553637e-06
7521,0,0,0,0.9563615918159485,0.003090066835284233,0.0405484177172184
7522,0,0,0,0.908430278301239,0.028427716344594955,0.06314195692539215
7523,0,1,1,0.00020157071412540972,0.9997640252113342,3.440069122007117e-05
7524,4,1,0,0.803508996963501,0.06566694378852844,0.1308240443468094
7525,4,1,1,0.0037552884314209223,0.9956965446472168,0.0005481717525981367
7526,3,0,0,0.8063731789588928,0.12011893838644028,0.0735078752040863
7527,2,0,0,0.7960806488990784,0.0423193983733654,0.16159993410110474
7528,4,2,0,0.7853214144706726,0.13568447530269623,0.07899407297372818
7529,3,0,0,0.8766374588012695,0.04009174928069115,0.08327074348926544
7531,3,0,0,0.9186378121376038,0.006941426545381546,0.07442083954811096
7532,0,0,0,0.8880521655082703,0.08170858770608902,0.030239196494221687
7534,0,1,1,0.008201878517866135,0.9877926707267761,0.004005508031696081
7535,1,1,1,0.08867665380239487,0.7653549909591675,0.14596836268901825
7536,2,2,2,3.5804641811409965e-05,0.00039387194556184113,0.9995704293251038
7537,4,2,2,0.00023856210464145988,0.0033375064376741648,0.9964239001274109
7538,2,1,1,0.4123956859111786,0.556175708770752,0.03142861649394035
7539,3,1,1,3.0379273084690794e-05,0.9999557733535767,1.3857749763701577e-05
7540,0,1,1,0.09593750536441803,0.8936161398887634,0.010446329601109028
7542,4,1,1,0.04213480278849602,0.9567428827285767,0.0011222881730645895
7543,2,2,0,0.7933509349822998,0.003584949066862464,0.20306411385536194
7544,1,0,0,0.9287933707237244,0.054394036531448364,0.016812629997730255
7545,0,1,1,0.0012326771393418312,0.9985847473144531,0.0001826203806558624
7546,4,1,0,0.8334320783615112,0.06205549091100693,0.10451240092515945
7547,3,0,0,0.6674985885620117,0.1658104658126831,0.16669100522994995
7548,3,0,0,0.8870341181755066,0.021561497822403908,0.09140437096357346
7549,1,1,1,0.0003471326199360192,0.9995680451393127,8.48171766847372e-05
7550,3,0,0,0.8210930824279785,0.11128473281860352,0.06762219220399857
7551,4,1,1,1.0588882105366793e-05,0.9999815225601196,7.899539014033508e-06
7552,1,0,0,0.6552883386611938,0.2971433997154236,0.04756830632686615
7554,1,2,2,2.2920503397472203e-05,0.000262566318269819,0.9997145533561707
7556,0,1,1,0.00016715227684471756,0.9997286200523376,0.00010418149759061635
7557,4,2,2,0.0004088715650141239,0.005429326090961695,0.9941617846488953
7558,1,1,0,0.4531860947608948,0.11675933003425598,0.43005460500717163
7559,3,2,2,0.014702637679874897,0.0011040910612791777,0.9841932654380798
7561,3,1,0,0.8431848883628845,0.07506496459245682,0.08175010234117508
7562,3,2,0,0.505354642868042,0.022901173681020737,0.4717441499233246
7563,0,1,2,2.6615978640620597e-05,0.000319047860102728,0.9996544122695923
7564,3,0,0,0.7733648419380188,0.03737993165850639,0.18925520777702332
7565,3,2,0,0.6730122566223145,0.04388526454567909,0.283102422952652
7566,4,1,0,0.8025836944580078,0.10195163637399673,0.09546467661857605
7568,0,1,0,0.7672815918922424,0.163593590259552,0.06912489235401154
7569,0,1,0,0.8091689944267273,0.0661606416106224,0.12467033416032791
7570,4,1,0,0.7580139636993408,0.19331052899360657,0.04867544397711754
7572,2,2,0,0.9308076500892639,0.0019642801489681005,0.06722814589738846
7573,0,0,0,0.7845157980918884,0.08146777004003525,0.13401636481285095
7574,3,0,0,0.8520923256874084,0.050308603793382645,0.09759905934333801
7575,3,0,0,0.8368891477584839,0.03181420639157295,0.1312965750694275
7577,1,1,0,0.7252403497695923,0.06477338075637817,0.20998619496822357
7578,4,1,1,0.0003428513591643423,0.9995111227035522,0.00014604534953832626
7579,4,0,0,0.7471810579299927,0.004095809534192085,0.2487230747938156
7580,3,1,1,0.012866807170212269,0.9827378392219543,0.004395351745188236
7581,2,2,2,0.10348907113075256,0.06429018825292587,0.832220733165741
7582,2,0,0,0.7492759227752686,0.20580445230007172,0.044919632375240326
7583,4,0,0,0.8122984766960144,0.003626450663432479,0.18407508730888367
7584,0,2,1,0.00021501892479136586,0.9997431635856628,4.186418664176017e-05
7586,1,1,1,0.1332431137561798,0.8489441275596619,0.01781276986002922
7587,3,1,1,0.0019293539226055145,0.9972930550575256,0.0007776330458000302
7588,3,0,0,0.9282825589179993,0.02149163745343685,0.050225879997015
7590,0,1,1,0.0033060405403375626,0.9963129162788391,0.0003810770867858082
7591,2,2,2,4.660630111175124e-06,5.8696805353974923e-05,0.9999366998672485
7592,3,2,2,0.001019051531329751,0.0036442880518734455,0.9953367114067078
7593,1,1,0,0.6531900763511658,0.23046068847179413,0.11634919792413712
7594,1,2,0,0.5183048844337463,0.3883074223995209,0.09338773787021637
7595,3,0,0,0.8338528275489807,0.07830838114023209,0.08783873915672302
7597,0,2,0,0.4597887098789215,0.4299018383026123,0.11030953377485275
7598,4,1,1,0.05847465246915817,0.934563159942627,0.00696223508566618
7599,1,2,0,0.6307406425476074,0.007656135130673647,0.36160317063331604
7600,0,2,2,5.905641955905594e-05,0.0006221545627340674,0.9993187189102173
7601,4,2,2,0.0009056497947312891,0.00194932718295604,0.9971449971199036
7602,2,2,2,7.347994142037351e-06,5.4660496971337125e-05,0.999937891960144
7603,2,1,0,0.8017069101333618,0.15017537772655487,0.04811779409646988
7605,1,0,0,0.7333179712295532,0.2367132306098938,0.029968827962875366
7606,3,2,0,0.687727153301239,0.03178705275058746,0.2804858088493347
7607,1,0,0,0.81694096326828,0.09543059021234512,0.08762846142053604
7608,4,2,2,0.447086364030838,0.10303986817598343,0.4498737156391144
7609,2,1,1,0.0011214494006708264,0.9977911710739136,0.0010873439023271203
7610,3,1,0,0.7103325128555298,0.170212984085083,0.11945447325706482
7611,2,1,2,0.22249248623847961,0.008137151598930359,0.7693703174591064
7612,1,1,1,0.01169728022068739,0.9865238666534424,0.0017788303084671497
7613,0,2,0,0.8106237649917603,0.0035621975548565388,0.1858139932155609
7614,4,1,0,0.8209672570228577,0.03413214907050133,0.14490054547786713
7615,0,2,2,0.0005792441079393029,0.003883615368977189,0.9955371618270874
7617,2,0,0,0.9409504532814026,0.002435871632769704,0.056613676249980927
7618,3,0,1,0.0457761287689209,0.9493045806884766,0.004919237922877073
7619,0,0,2,0.0023933567572385073,8.297394379042089e-05,0.9975236058235168
7620,2,1,0,0.5560528039932251,0.42468923330307007,0.01925790309906006
7621,1,0,0,0.9063010215759277,0.010511631146073341,0.08318738639354706
7622,3,2,2,0.11567007005214691,0.08284449577331543,0.8014853596687317
7623,4,1,1,0.01653117686510086,0.9792521595954895,0.004216688219457865
7624,0,0,0,0.8345235586166382,0.13199450075626373,0.033482007682323456
7625,3,0,0,0.8157031536102295,0.011179354041814804,0.173117533326149
7626,2,1,2,0.1821761429309845,0.01762756146490574,0.8001963496208191
7628,4,2,2,0.09162042289972305,0.01106108259409666,0.8973184823989868
7630,1,0,1,0.2636716365814209,0.6640539169311523,0.07227438688278198
7632,1,0,0,0.9596155881881714,0.027547234669327736,0.01283723022788763
7634,3,2,1,0.11912307143211365,0.8622875213623047,0.018589438870549202
7635,1,0,0,0.7262025475502014,0.12200167775154114,0.15179584920406342
7636,1,0,0,0.6748509407043457,0.16366739571094513,0.1614816039800644
7638,2,0,0,0.9274424910545349,0.018920565024018288,0.05363692715764046
7639,0,1,1,0.0007067382684908807,0.9990346431732178,0.00025860450114123523
7640,2,1,0,0.8744699954986572,0.008128801360726357,0.11740114539861679
7641,3,0,2,0.315798819065094,0.03532987833023071,0.6488713026046753
7642,2,2,0,0.9026743769645691,0.019519980996847153,0.07780567556619644
7643,3,1,1,0.0002000862587010488,0.9997060894966125,9.375851368531585e-05
7644,0,0,0,0.9445835947990417,0.02462720312178135,0.030789203941822052
7645,3,0,0,0.7881047129631042,0.100229911506176,0.11166531592607498
7646,4,1,1,0.22512757778167725,0.584018886089325,0.190853551030159
7648,2,0,1,0.13779307901859283,0.8558177351951599,0.006389198359102011
7649,4,0,0,0.8749488592147827,0.004733698908239603,0.12031742185354233
7650,2,0,0,0.9463212490081787,0.013088881969451904,0.040589772164821625
7651,1,0,0,0.8707968592643738,0.020269062370061874,0.10893412679433823
7654,0,0,0,0.8532810807228088,0.08581570535898209,0.06090320646762848
7655,3,1,1,0.3067914843559265,0.6605425477027893,0.032666001468896866
7656,2,0,0,0.9194756150245667,0.008489550091326237,0.07203488796949387
7657,1,2,0,0.7437033653259277,0.027378607541322708,0.22891807556152344
7658,3,0,0,0.7689816951751709,0.04371843859553337,0.1872999221086502
7659,1,0,0,0.8670496940612793,0.023575665429234505,0.10937459766864777
7660,1,0,0,0.9459587335586548,0.013528184965252876,0.040513016283512115
7661,2,1,0,0.8361685276031494,0.12348935008049011,0.04034212976694107
7663,1,0,0,0.8171744346618652,0.027121640741825104,0.15570388734340668
7664,4,0,0,0.834796667098999,0.013335349969565868,0.15186794102191925
7667,1,0,0,0.882935643196106,0.10021065920591354,0.016853703185915947
7668,0,0,0,0.8753341436386108,0.019951259717345238,0.10471466183662415
7669,4,0,0,0.7992279529571533,0.025876587256789207,0.17489539086818695
7670,0,0,0,0.9326637387275696,0.020564274862408638,0.046772025525569916
7671,1,1,0,0.8607478141784668,0.04682525619864464,0.09242691844701767
7673,3,1,1,0.10244076699018478,0.8861536979675293,0.011405592784285545
7674,4,2,0,0.635336697101593,0.10631077736616135,0.25835251808166504
7675,0,1,0,0.5505589842796326,0.33026090264320374,0.11918008327484131
7676,2,2,0,0.7392063140869141,0.19933611154556274,0.06145753711462021
7677,1,2,1,0.3740905225276947,0.44936734437942505,0.17654217779636383
7678,0,2,0,0.8453718423843384,0.07843171060085297,0.07619649171829224
7679,1,2,0,0.9093355536460876,0.0477580688893795,0.042906325310468674
7680,2,0,0,0.8959607481956482,0.03102552890777588,0.07301369309425354
7681,2,1,1,0.0002640273596625775,0.9997285008430481,7.494802957808133e-06
7682,0,1,1,0.00247298670001328,0.9968438148498535,0.0006832688814029098
7683,1,0,0,0.6704103350639343,0.11310261487960815,0.2164870649576187
7684,3,0,0,0.8687793612480164,0.04695698618888855,0.08426358550786972
7685,3,1,0,0.7846978306770325,0.132704958319664,0.08259721100330353
7686,0,0,0,0.9738796949386597,0.0023211443331092596,0.02379918098449707
7687,3,0,0,0.8716343641281128,0.007903321646153927,0.12046230584383011
7688,2,0,0,0.9374053478240967,0.02233903668820858,0.040255557745695114
7690,3,2,2,0.0864846259355545,0.05463092401623726,0.8588843941688538
7691,2,2,0,0.7777692675590515,0.17020109295845032,0.052029628306627274
7693,3,0,0,0.7175620198249817,0.014009070582687855,0.26842889189720154
7694,0,2,0,0.5743491649627686,0.24601267278194427,0.17963820695877075
7695,2,1,0,0.8632075786590576,0.039124369621276855,0.09766799956560135
7697,4,0,0,0.9228297472000122,0.021482646465301514,0.05568770319223404
7698,2,0,0,0.9476835131645203,0.02530217170715332,0.027014419436454773
7699,1,2,0,0.5052235722541809,0.018510792404413223,0.47626563906669617
7700,0,0,0,0.4655994176864624,0.3096204400062561,0.2247801274061203
7701,0,0,0,0.9798778891563416,0.0019073692383244634,0.018214726820588112
7702,2,0,0,0.814963698387146,0.09641321748495102,0.0886230617761612
7703,1,0,0,0.8283646106719971,0.03391222655773163,0.13772320747375488
7704,3,1,1,0.22234046459197998,0.7372756004333496,0.0403839610517025
7706,0,1,1,6.244496034923941e-05,0.9998786449432373,5.889968451811001e-05
7707,2,1,1,0.171195849776268,0.7895711064338684,0.03923306241631508
7709,3,1,0,0.8049060106277466,0.030158495530486107,0.16493549942970276
7710,2,1,1,0.2573015093803406,0.7244118452072144,0.018286660313606262
7711,1,1,0,0.7907781600952148,0.0758136585354805,0.13340823352336884
7712,2,1,1,0.0010459573240950704,0.9983408451080322,0.0006131804548203945
7713,4,2,0,0.5346793532371521,0.02595392055809498,0.4393666982650757
7714,4,2,1,0.39803391695022583,0.44393739104270935,0.158028706908226
7715,3,2,2,0.009912742301821709,0.001003698562271893,0.989083468914032
7716,2,0,0,0.9724087119102478,0.015879079699516296,0.01171227265149355
7717,2,2,2,0.00018952798563987017,3.1174346077023074e-05,0.9997792840003967
7719,4,0,0,0.9615783095359802,0.021586811169981956,0.01683490350842476
7720,4,1,1,0.0007481824140995741,0.999174177646637,7.765510235913098e-05
7721,2,2,0,0.6275857090950012,0.2395479381084442,0.13286639750003815
7722,0,1,1,0.0826045423746109,0.9095736145973206,0.00782181229442358
7723,0,0,0,0.6463842988014221,0.180606409907341,0.17300927639007568
7724,3,0,0,0.8642861247062683,0.04795393347740173,0.08776003122329712
7726,1,2,0,0.8642091155052185,0.02924918197095394,0.10654165595769882
7727,4,1,0,0.676040768623352,0.10834801942110062,0.2156112790107727
7728,4,2,1,0.3163086175918579,0.6766849160194397,0.007006471045315266
7730,2,0,0,0.9679244160652161,0.0011587438639253378,0.03091692551970482
7731,0,0,1,0.10238086432218552,0.8545246720314026,0.043094452470541
7733,1,2,0,0.6800982356071472,0.23670515418052673,0.08319652080535889
7734,3,0,0,0.9086833000183105,0.05056813731789589,0.04074859991669655
7735,3,0,0,0.7864751815795898,0.12508362531661987,0.08844120800495148
7736,2,1,0,0.5403017401695251,0.44767269492149353,0.012025590054690838
7737,2,1,0,0.8627205491065979,0.07083835452795029,0.06644109636545181
7738,2,0,0,0.7829830646514893,0.003034994937479496,0.21398189663887024
7740,0,0,0,0.9130094051361084,0.030011644586920738,0.05697896331548691
7741,4,1,0,0.8019814491271973,0.05663729086518288,0.14138124883174896
7743,2,0,0,0.7773908972740173,0.03099692612886429,0.19161216914653778
7744,3,2,2,0.010231898166239262,0.0013253383804112673,0.9884427189826965
7746,0,0,0,0.7210770845413208,0.10249733179807663,0.17642554640769958
7747,0,0,0,0.8058299422264099,0.1286780685186386,0.06549198180437088
7748,1,1,0,0.7731598615646362,0.14000557363033295,0.08683456480503082
7749,1,1,0,0.5495883226394653,0.3918687105178833,0.05854295194149017
7750,1,0,0,0.9203977584838867,0.06817533075809479,0.011426941491663456
7751,0,0,0,0.7448996305465698,0.055592361837625504,0.19950798153877258
7752,0,1,0,0.8897300362586975,0.013644035905599594,0.0966259017586708
7753,2,0,0,0.830252468585968,0.01710318587720394,0.15264438092708588
7754,2,1,1,4.723322490463033e-06,0.9999909400939941,4.2878077692876104e-06
7755,4,1,0,0.7112952470779419,0.23786906898021698,0.05083569884300232
7757,4,0,0,0.9405366778373718,0.008712132461369038,0.05075123533606529
7758,4,0,0,0.9058578610420227,0.003676443826407194,0.09046576172113419
7759,4,2,0,0.834378182888031,0.037508197128772736,0.12811362743377686
7760,4,0,2,0.37929192185401917,0.006734436843544245,0.6139736175537109
7761,0,2,0,0.8680166006088257,0.06822971254587173,0.06375369429588318
7762,2,1,0,0.7824349403381348,0.1773061603307724,0.040258899331092834
7764,1,2,0,0.7164899706840515,0.04933452233672142,0.23417551815509796
7765,1,1,1,0.05051824450492859,0.937246561050415,0.012235184200108051
7766,2,0,0,0.91852867603302,0.022953221574425697,0.05851810798048973
7767,1,1,1,0.0006079592276364565,0.999248206615448,0.00014376553008332849
7769,2,1,0,0.5512809753417969,0.3179666996002197,0.13075226545333862
7770,0,1,0,0.9187294244766235,0.0633787214756012,0.01789178140461445
7771,1,1,1,0.18597623705863953,0.7908804416656494,0.023143328726291656
7773,4,1,0,0.8187044858932495,0.10398183763027191,0.07731366157531738
7774,3,1,1,0.17710871994495392,0.8123989105224609,0.010492298752069473
7775,0,1,1,0.02954140491783619,0.9676227569580078,0.0028359070420265198
7776,1,0,0,0.7092416286468506,0.24621741473674774,0.0445408821105957
7778,3,2,2,0.0016556814080104232,0.4181174039840698,0.5802269577980042
7779,2,2,2,0.014733262360095978,0.12045635282993317,0.8648104071617126
7781,4,0,0,0.9652901887893677,0.014523198828101158,0.020186610519886017
7782,2,0,0,0.9259751439094543,0.010614195838570595,0.06341070681810379
7783,0,0,0,0.7873015999794006,0.12245641648769379,0.09024201333522797
7784,0,0,0,0.8979493975639343,0.026253074407577515,0.07579759508371353
7785,0,2,0,0.8125134110450745,0.05629637837409973,0.13119018077850342
7787,1,0,0,0.9445161819458008,0.023858975619077682,0.03162478655576706
7788,4,2,0,0.6452059149742126,0.005345800891518593,0.3494482934474945
7789,1,0,0,0.5280094742774963,0.17641271650791168,0.2955777943134308
7790,4,2,2,0.43888071179389954,0.02580983191728592,0.5353094339370728
7791,3,1,0,0.869587242603302,0.06796491891145706,0.06244787201285362
7792,0,0,0,0.8529253602027893,0.016046779230237007,0.13102787733078003
7793,4,0,0,0.9070766568183899,0.05711822584271431,0.0358051061630249
7794,2,1,1,0.00016766722546890378,0.9997108578681946,0.00012140510079916567
7795,4,1,1,0.01010992843657732,0.9894880056381226,0.0004021104541607201
7796,3,2,0,0.895630419254303,0.044910747557878494,0.059458840638399124
7797,1,1,0,0.589453399181366,0.3683652877807617,0.042181286960840225
7800,2,1,0,0.5169903635978699,0.4440401494503021,0.03896947205066681
7801,3,1,2,0.3581562638282776,0.04210728779435158,0.5997364521026611
7802,1,2,0,0.4657633304595947,0.25350844860076904,0.2807282507419586
7804,1,1,0,0.8242677450180054,0.14239737391471863,0.03333494812250137
7806,3,1,1,0.013632483780384064,0.9844276309013367,0.0019399157026782632
7807,3,0,0,0.9291186332702637,0.04854162782430649,0.02233974263072014
7808,1,0,0,0.8482567667961121,0.030407967045903206,0.12133532017469406
7809,4,2,0,0.9065980911254883,0.04378732666373253,0.04961464926600456
7810,3,0,0,0.685502290725708,0.237235426902771,0.07726234197616577
7812,0,2,2,0.002356651471927762,0.009385459125041962,0.9882579445838928
7813,1,2,0,0.8174475431442261,0.022947974503040314,0.15960447490215302
7815,0,2,0,0.5823463201522827,0.2949778437614441,0.12267579883337021
7816,4,0,0,0.8015506863594055,0.020291153341531754,0.17815813422203064
7817,3,1,1,0.038932915776968,0.9492965340614319,0.011770489625632763
7818,4,0,0,0.8799720406532288,0.06606148928403854,0.05396648868918419
7819,4,2,0,0.5931906700134277,0.0076420060358941555,0.3991672992706299
7820,1,0,0,0.9332132339477539,0.011080404743552208,0.05570642650127411
7821,2,0,0,0.7159613966941833,0.19081081449985504,0.09322787821292877
7822,3,1,1,0.0058715976774692535,0.9923381805419922,0.0017902001272886992
7823,0,1,1,0.00817869883030653,0.9901692867279053,0.0016520344652235508
7824,0,1,0,0.8331124186515808,0.08182800561189651,0.08505959063768387
7825,2,0,0,0.8429719805717468,0.0956033244729042,0.061424680054187775
7826,4,0,0,0.7213194966316223,0.0037576695904135704,0.27492278814315796
7827,1,0,0,0.7860578894615173,0.056670524179935455,0.1572715789079666
7828,0,1,1,0.00019084657833445817,0.9975411891937256,0.002267984440550208
7829,2,1,1,0.0005559395649470389,0.9993594288825989,8.467526640743017e-05
7831,3,2,0,0.719401478767395,0.17349644005298615,0.10710213333368301
7832,3,0,0,0.6552953124046326,0.04159941151738167,0.3031052350997925
7833,2,0,0,0.8210632801055908,0.12570159137248993,0.05323515832424164
7835,2,1,1,0.0724414810538292,0.9245319962501526,0.003026501275599003
7836,2,0,0,0.9297171235084534,0.024853471666574478,0.045429378747940063
7838,1,1,0,0.6820685267448425,0.2717403471469879,0.04619111120700836
7839,2,0,0,0.885826826095581,0.06105262413620949,0.05312059819698334
7840,2,2,2,0.0028026250656694174,0.0012158304452896118,0.9959815740585327
7842,1,1,1,6.705065607093275e-05,0.9999194145202637,1.3565618246502709e-05
7843,1,1,0,0.7872722148895264,0.08926653116941452,0.1234612911939621
7844,0,1,0,0.5936896800994873,0.3734530210494995,0.032857295125722885
7845,2,2,0,0.7772578597068787,0.16886718571186066,0.05387493968009949
7846,1,1,1,1.4696383914269973e-05,0.999982476234436,2.7712114842870506e-06
7847,2,2,0,0.6035921573638916,0.2059701681137085,0.1904376596212387
7848,4,0,0,0.8831532597541809,0.046811990439891815,0.07003479450941086
7849,2,1,0,0.500023365020752,0.44366326928138733,0.056313320994377136
7850,2,0,0,0.892452597618103,0.040585413575172424,0.06696192175149918
7851,1,2,0,0.8058834075927734,0.07151509821414948,0.12260144203901291
7852,0,2,2,0.053611256182193756,0.26724085211753845,0.6791478991508484
7853,4,2,2,0.0009494757396169007,0.00045972687075845897,0.9985907673835754
7856,4,0,0,0.7421258687973022,0.17894116044044495,0.07893302291631699
7857,0,0,0,0.8086623549461365,0.0975797176361084,0.09375797212123871
7858,4,1,0,0.6995484828948975,0.21208128333091736,0.08837026357650757
7859,2,1,0,0.6116275787353516,0.348732054233551,0.03964031860232353
7860,3,1,1,0.19924648106098175,0.7851859331130981,0.015567503869533539
7862,1,1,1,0.4192070960998535,0.43309614062309265,0.14769671857357025
7863,1,1,1,0.14255306124687195,0.7906414866447449,0.06680550426244736
7864,1,1,0,0.757561445236206,0.1731322556734085,0.0693063735961914
7865,4,2,0,0.8994548916816711,0.017050480470061302,0.08349459618330002
7866,0,1,1,0.3762024939060211,0.6161764860153198,0.007621021941304207
7867,2,0,0,0.5075740814208984,0.0009966319194063544,0.49142929911613464
7868,2,2,2,0.17878827452659607,0.3649768531322479,0.4562349021434784
7869,3,1,1,0.0002342082589166239,0.9997518658638,1.3896289601689205e-05
7870,3,1,1,0.28802597522735596,0.6404625177383423,0.07151144742965698
7871,0,1,1,0.39200589060783386,0.5041535496711731,0.10384052246809006
7872,2,1,1,0.0010565120028331876,0.9989013671875,4.207166057312861e-05
7873,1,0,0,0.9166107773780823,0.01658012345433235,0.06680911779403687
7874,3,1,0,0.5591793060302734,0.31254616379737854,0.1282745599746704
7876,2,0,0,0.9359320402145386,0.027994278818368912,0.036073751747608185
7877,1,1,1,0.1229083463549614,0.8501871824264526,0.02690451219677925
7878,0,1,1,0.014013849198818207,0.983709454536438,0.002276739338412881
7879,1,0,0,0.8072609901428223,0.05643454194068909,0.13630454242229462
7880,1,1,0,0.8273459076881409,0.007812568917870522,0.16484159231185913
7881,3,2,0,0.8059919476509094,0.02917483262717724,0.1648331731557846
7882,2,0,0,0.8896642923355103,0.08113303780555725,0.029202695935964584
7883,3,1,1,0.0012821205891668797,0.9984651803970337,0.0002527402248233557
7884,3,1,1,0.01314480695873499,0.9855339527130127,0.0013211863115429878
7885,1,1,1,6.919926090631634e-05,0.9992710947990417,0.0006596635212190449
7886,3,2,0,0.6971940994262695,0.00989094190299511,0.2929150462150574
7887,4,1,0,0.8509979844093323,0.10290069133043289,0.04610128328204155
7888,2,1,1,0.0021362972911447287,0.985529363155365,0.012334376573562622
7889,1,2,0,0.6664120554924011,0.13135983049869537,0.20222803950309753
7890,1,0,1,0.32808175683021545,0.6583344340324402,0.013583852909505367
7893,0,0,0,0.9037624001502991,0.013063469901680946,0.08317417651414871
7895,3,0,0,0.7832334637641907,0.025758549571037292,0.19100801646709442
7896,1,0,0,0.8500901460647583,0.06710031628608704,0.08280953019857407
7897,2,0,0,0.9899867177009583,0.003014495363458991,0.0069988495670259
7899,4,1,1,0.00021364734857343137,0.9995390176773071,0.00024735048646107316
7900,1,1,0,0.5491085052490234,0.3658493161201477,0.08504215627908707
7901,3,0,0,0.8513259887695312,0.037831731140613556,0.11084228754043579
7902,0,0,0,0.853507399559021,0.03654257208108902,0.10995005071163177
7903,4,0,0,0.8494559526443481,0.03311247006058693,0.11743148416280746
7904,2,1,0,0.7053743004798889,0.17525726556777954,0.11936844885349274
7906,2,1,0,0.6365072131156921,0.3105095326900482,0.05298328027129173
7907,4,0,0,0.734869122505188,0.05469951778650284,0.21043138206005096
7908,0,2,0,0.9356462955474854,0.003178182989358902,0.06117548793554306
7909,4,0,0,0.940752387046814,0.011405907571315765,0.047841738909482956
7911,1,1,1,0.19392357766628265,0.7598159313201904,0.04626048356294632
7912,0,2,0,0.7687458992004395,0.10921614617109299,0.12203798443078995
7913,4,1,0,0.8227782845497131,0.14298488199710846,0.034236881881952286
7914,4,1,1,0.0002304830268258229,0.9997362494468689,3.3287516998825595e-05
7915,1,0,0,0.8857739567756653,0.03111218847334385,0.0831138864159584
7916,0,1,1,0.0003507646906655282,0.999183714389801,0.00046547743841074407
7917,4,1,0,0.875055730342865,0.0036734582390636206,0.12127078324556351
7919,2,1,1,0.29625657200813293,0.6897211670875549,0.014022232964634895
7920,4,0,0,0.8385318517684937,0.08683817088603973,0.074630007147789
7921,0,2,0,0.7600172162055969,0.18535116314888,0.05463160574436188
7922,4,2,0,0.7208187580108643,0.10603489726781845,0.1731463223695755
7923,4,0,0,0.49646398425102234,0.3655054271221161,0.13803061842918396
7924,0,2,0,0.7651068568229675,0.021477913483977318,0.2134152352809906
7925,3,1,1,0.1556245982646942,0.5541002154350281,0.2902751863002777
7927,2,0,0,0.5018394589424133,0.4259384572505951,0.07222206145524979
7928,0,1,1,4.7497112973360345e-05,0.9999246597290039,2.78406423603883e-05
7929,0,0,0,0.8423658013343811,0.032732054591178894,0.12490205466747284
7933,3,0,0,0.6818156838417053,0.12243632227182388,0.19574804604053497
7934,4,0,0,0.856648862361908,0.030831770971417427,0.1125192940235138
7935,1,1,1,0.2464582920074463,0.7372484803199768,0.01629326120018959
7936,4,1,0,0.5386771559715271,0.4041978418827057,0.05712500587105751
7937,4,1,0,0.8519624471664429,0.007846123538911343,0.14019142091274261
7938,3,1,1,6.448599742725492e-05,0.9999243021011353,1.1255553545197472e-05
7939,4,2,0,0.6775895953178406,0.013242851011455059,0.3091675937175751
7940,2,0,0,0.8117950558662415,0.1561119705438614,0.032092973589897156
7941,1,1,1,0.15487410128116608,0.810448408126831,0.03467746451497078
7942,1,0,0,0.9526165723800659,0.011498372070491314,0.035885028541088104
7943,3,0,0,0.6166377067565918,0.16017574071884155,0.22318649291992188
7945,4,0,0,0.8949993848800659,0.056519486010074615,0.048481207340955734
7946,1,2,0,0.8750975131988525,0.05215763673186302,0.07274483889341354
7947,2,0,0,0.843909502029419,0.09323418885469437,0.06285632401704788
7948,1,0,0,0.8776167035102844,0.07168849557638168,0.05069485306739807
7949,0,1,1,0.07774081826210022,0.9101136922836304,0.01214546523988247
7951,3,2,0,0.8321965932846069,0.07224433124065399,0.09555906802415848
7952,2,0,0,0.8248680830001831,0.019295096397399902,0.15583685040473938
7953,2,2,0,0.5178752541542053,0.11028067767620087,0.3718440532684326
7954,3,0,0,0.922010064125061,0.026396356523036957,0.05159353092312813
7955,3,2,0,0.9020078182220459,0.04404306039214134,0.053949177265167236
7957,2,0,1,0.009435109794139862,0.9846628904342651,0.005901990458369255
7958,2,0,0,0.9451186060905457,0.002219396410509944,0.052661996334791183
7960,4,1,0,0.57097989320755,0.3624342083930969,0.06658592820167542
7961,3,2,0,0.718985378742218,0.02922193333506584,0.25179266929626465
7963,3,1,1,0.0001393508428009227,0.9998555183410645,5.154332029633224e-06
7964,1,0,0,0.9435467720031738,0.008675448596477509,0.047777771949768066
7965,4,1,0,0.8457637429237366,0.03540901839733124,0.11882723122835159
7966,2,1,1,1.8768019799608737e-05,0.999963641166687,1.75800178112695e-05
7967,3,2,0,0.73293137550354,0.006528638303279877,0.2605399191379547
7968,3,2,2,0.3698875308036804,0.25102904438972473,0.37908342480659485
7969,1,1,0,0.8363854289054871,0.08922822028398514,0.07438632100820541
7970,1,2,0,0.683502197265625,0.005824272520840168,0.3106735050678253
7971,1,1,1,1.9068516849074513e-05,0.99981290102005,0.0001680950226727873
7972,4,2,2,0.3653719127178192,0.01500239409506321,0.6196256875991821
7973,0,0,0,0.906807005405426,0.06784665584564209,0.025346238166093826
7974,2,0,0,0.660414457321167,0.17984774708747864,0.15973778069019318
7977,1,2,1,0.3389201760292053,0.5816544890403748,0.07942532747983932
7979,3,1,1,0.0017656316049396992,0.9981820583343506,5.232312105363235e-05
7982,3,0,0,0.9593843221664429,0.011074515990912914,0.029541168361902237
7983,0,0,0,0.8696431517601013,0.06424938142299652,0.06610745936632156
7984,1,2,2,0.36564573645591736,0.021808944642543793,0.612545371055603
7986,1,0,0,0.9123340845108032,0.01848704181611538,0.06917889416217804
7988,0,2,0,0.7111144661903381,0.18716421723365784,0.10172127932310104
7989,4,0,0,0.9263538122177124,0.017330192029476166,0.056316033005714417
7990,4,0,0,0.9169230461120605,0.004644010215997696,0.07843295484781265
7991,2,2,0,0.5361371040344238,0.03840073570609093,0.42546215653419495
7992,0,0,1,0.03884515166282654,0.9413981437683105,0.019756728783249855
7994,4,0,0,0.9152752757072449,0.07522895187139511,0.00949583388864994
7995,2,0,0,0.6984620094299316,0.2355366349220276,0.06600134074687958
7997,4,1,1,0.06327364593744278,0.9348889589309692,0.001837444957345724
7998,1,0,0,0.7726184129714966,0.18426455557346344,0.04311704635620117
7999,2,0,0,0.9088005423545837,0.012205245904624462,0.07899414002895355
8001,0,2,2,0.2414703220129013,0.00413422891870141,0.7543954253196716
8002,3,0,0,0.7267469763755798,0.1926508992910385,0.08060204982757568
8003,4,0,0,0.8926151394844055,0.08093583583831787,0.026449039578437805
8004,4,2,0,0.6727931499481201,0.12111157923936844,0.20609526336193085
8005,3,1,2,0.0012211606372147799,0.010591416619718075,0.9881874918937683
8006,3,0,0,0.8063533902168274,0.013273286633193493,0.18037329614162445
8009,2,0,0,0.9119077920913696,0.053582508116960526,0.03450964391231537
8010,2,0,0,0.6371581554412842,0.3369921147823334,0.02584974467754364
8011,4,0,0,0.8153069019317627,0.1351180076599121,0.04957510903477669
8012,1,1,1,0.14255306124687195,0.7906414866447449,0.06680550426244736
8013,1,0,0,0.8466973900794983,0.08451206237077713,0.06879045814275742
8014,2,0,0,0.9237732291221619,0.0032593393698334694,0.07296748459339142
8015,2,0,0,0.8213735818862915,0.03348725661635399,0.14513912796974182
8016,2,0,0,0.8637361526489258,0.04893762245774269,0.08732622861862183
8017,3,1,1,0.0993012934923172,0.8824029564857483,0.01829569973051548
8018,1,2,2,0.0020748383831232786,0.0019562076777219772,0.9959690570831299
8019,2,2,0,0.9778463244438171,0.009417654946446419,0.012736083939671516
8020,1,0,0,0.8769497275352478,0.043872226029634476,0.07917802780866623
8021,4,0,0,0.7782419919967651,0.026001393795013428,0.19575659930706024
8022,1,0,0,0.5245160460472107,0.14489342272281647,0.33059045672416687
8023,1,2,2,0.002435246715322137,0.025453802198171616,0.9721109867095947
8024,2,2,0,0.9628129601478577,0.006159176118671894,0.031027894467115402
8025,4,0,0,0.7641693353652954,0.1632114052772522,0.0726192370057106
8026,0,1,0,0.8857189416885376,0.06672409921884537,0.047556936740875244
8027,0,0,1,0.14447084069252014,0.7505430579185486,0.10498616099357605
8028,2,0,0,0.9367145895957947,0.03995475172996521,0.023330682888627052
8029,4,0,0,0.901915431022644,0.022058619186282158,0.07602596282958984
8030,0,0,0,0.8913124799728394,0.061797697097063065,0.04688984900712967
8031,4,0,0,0.7875403165817261,0.18172989785671234,0.03072979301214218
8032,4,0,0,0.758852481842041,0.1261269897222519,0.1150204986333847
8033,2,1,0,0.8455554842948914,0.09479573369026184,0.05964874476194382
8034,2,0,1,0.04026965796947479,0.9485898613929749,0.01114047970622778
8035,0,2,0,0.8498945832252502,0.10236985981464386,0.04773561283946037
8037,2,0,0,0.555644154548645,0.155372753739357,0.2889830768108368
8038,2,1,1,0.02612275257706642,0.9722024202346802,0.0016747978515923023
8039,4,1,1,0.025695178657770157,0.9736139178276062,0.0006908477516844869
8040,2,1,1,0.0005714346189051867,0.9993194341659546,0.00010910786659223959
8041,2,2,2,0.4491412341594696,0.029686564579606056,0.5211722254753113
8042,0,0,0,0.883467435836792,0.0527237169444561,0.06380878388881683
8043,3,2,2,0.014750346541404724,0.011932880617678165,0.9733168482780457
8044,3,0,0,0.7180067300796509,0.16638819873332977,0.11560510098934174
8045,2,0,0,0.9041220545768738,0.07157804816961288,0.024299966171383858
8046,3,1,1,0.02044019103050232,0.9716129302978516,0.007946831174194813
8047,3,1,1,0.004744646139442921,0.9948515295982361,0.00040385930333286524
8048,3,0,0,0.8659496307373047,0.04197856783866882,0.09207185357809067
8049,0,0,0,0.8393686413764954,0.010172189213335514,0.15045924484729767
8050,1,1,0,0.8578086495399475,0.11696858704090118,0.02522275038063526
8051,1,1,1,0.031369782984256744,0.9490176439285278,0.019612615928053856
8052,3,1,1,0.0001852883433457464,0.9997732043266296,4.149719825363718e-05
8053,4,2,2,0.00018386924057267606,0.0006252260645851493,0.9991908669471741
8054,0,0,0,0.6730172634124756,0.21320167183876038,0.11378101259469986
8055,0,1,1,0.11782744526863098,0.8472092151641846,0.03496338054537773
8057,4,1,0,0.8012505173683167,0.01741158775985241,0.1813378632068634
8058,3,0,0,0.770256519317627,0.15206652879714966,0.07767698168754578
8059,1,0,1,0.1297370195388794,0.8675438761711121,0.0027190521359443665
8063,1,2,0,0.7381505370140076,0.03310641646385193,0.2287430763244629
8066,0,0,0,0.9342839121818542,0.026582704856991768,0.03913342207670212
8067,2,1,1,0.012979751452803612,0.9869028329849243,0.00011743389040930197
8069,2,2,0,0.8420017957687378,0.0086732292547822,0.1493249088525772
8070,1,1,1,0.14250785112380981,0.8469372987747192,0.010554900392889977
8071,3,2,0,0.8332396745681763,0.03723904490470886,0.1295212209224701
8072,2,0,0,0.9503191709518433,0.007661851588636637,0.04201905056834221
8073,0,0,0,0.8111841678619385,0.1059800386428833,0.08283580094575882
8074,2,2,1,0.014189382083714008,0.985628604888916,0.00018203738727606833
8075,1,1,1,0.28518959879875183,0.6734734773635864,0.04133690148591995
8076,4,2,2,0.3554500639438629,0.1744905412197113,0.47005942463874817
8078,2,2,2,0.24886885285377502,0.019652605056762695,0.7314785718917847
8079,1,0,0,0.7495229840278625,0.011825107969343662,0.23865188658237457
8080,3,1,0,0.6232551336288452,0.3136407732963562,0.0631040707230568
8081,4,1,1,0.45988181233406067,0.5246037244796753,0.015514438040554523
8083,4,2,0,0.7973369359970093,0.010049226693809032,0.19261381030082703
8085,4,0,0,0.7217223644256592,0.13956350088119507,0.13871414959430695
8088,0,1,1,0.0014631759840995073,0.9973613619804382,0.00117550662253052
8090,1,2,0,0.7013391852378845,0.09834717214107513,0.20031368732452393
8091,3,1,1,0.4441678524017334,0.49989333748817444,0.05593888461589813
8092,0,0,0,0.8463205099105835,0.10621190816164017,0.047467634081840515
8093,0,0,0,0.7147685289382935,0.2570348083972931,0.028196614235639572
8094,2,2,0,0.6967103481292725,0.03732375055551529,0.2659659683704376
8096,1,2,0,0.8564508557319641,0.06474454700946808,0.07880457490682602
8097,0,1,0,0.5718331336975098,0.29474595189094543,0.133420929312706
8099,3,1,0,0.781449556350708,0.07650624960660934,0.14204417169094086
8100,1,1,0,0.7974487543106079,0.05767516419291496,0.1448761224746704
8101,0,0,0,0.7671585083007812,0.06071458011865616,0.1721268594264984
8102,3,1,1,0.03951079770922661,0.9556313157081604,0.0048579140566289425
8103,3,1,1,0.01140426192432642,0.9821197390556335,0.006475931499153376
8104,1,1,0,0.4460512399673462,0.40927037596702576,0.14467835426330566
8106,1,0,0,0.9748191237449646,0.014114433899521828,0.011066424660384655
8107,2,1,1,0.00029891860322095454,0.9980906844139099,0.0016103290254250169
8108,3,1,0,0.8413891792297363,0.08592002093791962,0.07269085198640823
8109,3,1,1,0.0016756386030465364,0.9981164932250977,0.00020787041285075247
8110,1,2,0,0.49287503957748413,0.4605996012687683,0.046525370329618454
8111,0,0,0,0.8766024708747864,0.05139829218387604,0.071999192237854
8112,3,1,1,0.0005733908619731665,0.9993017911911011,0.00012484470789786428
8113,2,1,0,0.9036135673522949,0.04504743963479996,0.051338911056518555
8115,2,1,0,0.860855221748352,0.04459074139595032,0.09455402940511703
8117,4,0,0,0.963600754737854,0.003678968409076333,0.03272027522325516
8119,3,0,0,0.8605525493621826,0.016952360048890114,0.12249509990215302
8120,3,1,0,0.6686249375343323,0.25431516766548157,0.07705987989902496
8121,0,0,0,0.7794687151908875,0.19506876170635223,0.02546258457005024
8122,0,0,0,0.8512771129608154,0.09280943125486374,0.055913470685482025
8123,4,2,1,0.38297051191329956,0.5617133975028992,0.05531603470444679
8124,3,1,1,0.014957803301513195,0.982633650302887,0.002408552449196577
8125,3,0,0,0.8274505734443665,0.048172589391469955,0.1243768185377121
8126,1,2,2,0.00015370393521152437,0.0011910543544217944,0.9986552000045776
8128,3,0,0,0.6207029819488525,0.08581405133008957,0.2934829592704773
8130,1,0,0,0.810924232006073,0.10974479466676712,0.07933105528354645
8131,1,1,0,0.7637825608253479,0.12076715379953384,0.11545031517744064
8132,4,0,0,0.8234802484512329,0.08684953302145004,0.08967015892267227
8133,1,0,0,0.9194800853729248,0.020132390782237053,0.06038752198219299
8134,3,1,0,0.5043834447860718,0.4810485541820526,0.014568007551133633
8136,4,0,0,0.8674452304840088,0.002843954134732485,0.12971089780330658
8137,2,1,0,0.8767399191856384,0.042223308235406876,0.0810367539525032
8139,4,0,0,0.8062770366668701,0.016937486827373505,0.1767854392528534
8141,0,0,2,0.17391911149024963,0.02341657504439354,0.8026642799377441
8142,3,1,1,0.00025729721528477967,0.9996836185455322,5.914010398555547e-05
8145,0,0,0,0.7940553426742554,0.015139276161789894,0.19080540537834167
8146,2,0,0,0.9697808027267456,0.0021327082067728043,0.02808651700615883
8147,0,0,0,0.9649627208709717,0.005696723237633705,0.02934056892991066
8148,1,0,0,0.8913507461547852,0.04985439032316208,0.05879479646682739
8149,3,1,0,0.7563494443893433,0.09408657252788544,0.14956402778625488
8151,2,0,0,0.9483642578125,0.006830902304500341,0.04480477422475815
8153,1,0,1,0.0031849746592342854,0.9966292977333069,0.00018566289509180933
8154,4,1,0,0.6276508569717407,0.3209036886692047,0.051445432007312775
8155,3,0,0,0.7888337969779968,0.028238235041499138,0.18292787671089172
8156,2,0,0,0.9372909665107727,0.013288808986544609,0.04942023381590843
8157,2,1,0,0.7425888180732727,0.2083885222673416,0.04902259260416031
8158,1,0,0,0.7767408490180969,0.12567138671875,0.09758767485618591
8159,0,1,0,0.8842199444770813,0.06287520378828049,0.05290480703115463
8160,4,1,0,0.7980642914772034,0.048108506947755814,0.15382716059684753
8161,0,0,0,0.9328184723854065,0.012306617572903633,0.05487499758601189
8162,2,0,2,0.03989803045988083,0.006005571223795414,0.9540963768959045
8163,1,2,2,0.0007475536549463868,0.0008507636957801878,0.9984017014503479
8164,2,0,0,0.922487735748291,0.021886516362428665,0.05562581866979599
8166,0,0,0,0.8801807761192322,0.05857004597783089,0.06124908849596977
8167,1,1,1,0.00010778623254736885,0.9997444748878479,0.0001477234618505463
8168,2,0,0,0.9089532494544983,0.03385269269347191,0.05719398334622383
8170,1,0,0,0.6506418585777283,0.0857195109128952,0.2636387050151825
8171,3,0,0,0.796931803226471,0.09933112561702728,0.10373711585998535
8172,0,0,0,0.9679985642433167,0.007383095566183329,0.02461833693087101
8173,1,0,0,0.866150438785553,0.058559879660606384,0.0752897784113884
8174,3,0,0,0.6572979092597961,0.11916877329349518,0.22353333234786987
8175,0,0,0,0.5442653894424438,0.016648592427372932,0.43908601999282837
8176,0,0,0,0.9011033177375793,0.07183721661567688,0.027059409767389297
8177,1,0,0,0.664213240146637,0.2830367088317871,0.05275001749396324
8178,0,1,1,0.0017207614146173,0.9980411529541016,0.00023806813987903297
8179,3,0,0,0.864204466342926,0.04625668749213219,0.08953884989023209
8180,0,1,1,5.5852880905149505e-05,0.9998912811279297,5.289325417834334e-05
8181,0,1,1,0.0020356369204819202,0.9965779185295105,0.0013864722568541765
8183,3,2,2,0.01188498642295599,0.05512981861829758,0.9329851865768433
8184,1,0,0,0.6880651712417603,0.18838922679424286,0.12354561686515808
8185,1,1,1,6.654858589172363e-05,0.9999086856842041,2.47027837758651e-05
8186,2,0,0,0.711871325969696,0.16656999289989471,0.12155868858098984
8187,0,1,1,0.011740587651729584,0.9874010682106018,0.0008583586313761771
8188,4,0,0,0.5012508034706116,0.012335801497101784,0.4864133894443512
8189,3,0,0,0.8132766485214233,0.11737675964832306,0.06934657692909241
8190,0,1,1,7.354022091021761e-05,0.9998999834060669,2.6482381144887768e-05
8192,4,1,1,0.00017712311819195747,0.9998167157173157,6.228149231901625e-06
8194,3,1,0,0.8542954325675964,0.0589207261800766,0.08678384125232697
8195,1,1,0,0.9919614195823669,0.003473773133009672,0.004564810544252396
8196,0,0,0,0.9024779796600342,0.009012363851070404,0.08850955218076706
8197,1,0,0,0.8729347586631775,0.03215647116303444,0.09490878880023956
8199,0,0,0,0.9216257333755493,0.017004406079649925,0.061369817703962326
8200,4,0,0,0.6924635767936707,0.2916405498981476,0.015895910561084747
8201,4,0,0,0.8365545868873596,0.008092896081507206,0.15535248816013336
8203,2,1,0,0.7981278896331787,0.07315066456794739,0.12872149050235748
8204,2,0,0,0.9136149883270264,0.042941462248563766,0.04344356060028076
8205,0,1,0,0.9520161151885986,0.017678404226899147,0.0303054116666317
8206,4,2,2,0.008218085393309593,0.0031858428847044706,0.9885960221290588
8207,3,0,1,0.22266416251659393,0.7578771710395813,0.019458694383502007
8208,3,0,0,0.5095301866531372,0.1585569977760315,0.3319128751754761
8209,1,0,0,0.4134597182273865,0.40286606550216675,0.1836741715669632
8210,1,0,0,0.6778892278671265,0.16945971548557281,0.15265107154846191
8211,3,0,0,0.8702234625816345,0.01122848130762577,0.11854802072048187
8212,0,0,0,0.904000461101532,0.05292794853448868,0.04307165369391441
8214,3,2,0,0.8031967878341675,0.03883637115359306,0.15796683728694916
8215,1,1,0,0.8493546843528748,0.0769607201218605,0.07368463277816772
8216,1,0,0,0.7914561629295349,0.04845337197184563,0.16009049117565155
8218,4,1,1,0.0014886925928294659,0.998299777507782,0.00021155014110263437
8219,1,0,0,0.8232964873313904,0.08496467769145966,0.09173884242773056
8220,2,0,0,0.9252525568008423,0.04295951873064041,0.03178799897432327
8221,0,1,1,0.003938560374081135,0.9957785606384277,0.0002828935976140201
8222,3,1,0,0.7830072045326233,0.04248664528131485,0.17450615763664246
8223,4,1,1,0.0001685951865511015,0.9998008608818054,3.0514132959069684e-05
8224,0,0,0,0.6248914003372192,0.043940555304288864,0.3311680555343628
8226,4,2,2,0.19648189842700958,0.004195321351289749,0.799322783946991
8228,4,0,0,0.6199138164520264,0.32428494095802307,0.055801209062337875
8231,3,1,1,0.0889870896935463,0.9055007696151733,0.005512168165296316
8232,2,0,0,0.9271469712257385,0.0165265966206789,0.056326355785131454
8233,4,0,0,0.8735328912734985,0.014850533567368984,0.11161652207374573
8234,3,0,0,0.891825795173645,0.026201549917459488,0.08197259902954102
8235,1,0,0,0.5754968523979187,0.3272136449813843,0.09728946536779404
8237,3,0,0,0.794687032699585,0.06462062150239944,0.14069227874279022
8238,1,1,1,0.0004747041966766119,0.9988180994987488,0.0007071479922160506
8239,1,1,1,0.0018494809046387672,0.997337281703949,0.0008131660870276392
8240,2,0,0,0.796311616897583,0.09105844795703888,0.11262988299131393
8242,0,0,0,0.8347276449203491,0.08397995680570602,0.08129236102104187
8243,2,0,0,0.9376226663589478,0.013334949500858784,0.049042459577322006
8244,2,0,2,0.023115122690796852,0.0026584393344819546,0.9742263555526733
8245,4,0,0,0.8400728702545166,0.13711528480052948,0.022811904549598694
8246,0,1,0,0.3864786922931671,0.38119930028915405,0.23232205212116241
8250,4,0,0,0.9402238726615906,0.03266945853829384,0.02710662968456745
8254,1,0,1,0.21332338452339172,0.6772293448448181,0.10944733023643494
8255,0,0,0,0.7628390192985535,0.10633324086666107,0.13082776963710785
8256,1,0,1,0.42030811309814453,0.4808172583580017,0.09887465089559555
8257,2,0,0,0.8220639824867249,0.02529044635593891,0.1526455283164978
8258,2,1,2,0.062462128698825836,0.011669372208416462,0.9258684515953064
8259,2,1,1,0.0476284921169281,0.9471356272697449,0.005235819611698389
8260,1,0,0,0.5779822468757629,0.10863970220088959,0.31337806582450867
8261,1,1,1,0.05122100189328194,0.9460134506225586,0.0027655079029500484
8262,1,0,0,0.49903514981269836,0.4107610285282135,0.09020382910966873
8263,2,0,0,0.5306087732315063,0.011258129961788654,0.45813310146331787
8264,1,0,2,0.13593879342079163,0.028728559613227844,0.8353326916694641
8265,2,1,1,0.0003333240165375173,0.9994829893112183,0.000183668831596151
8267,4,1,1,0.004055370576679707,0.995492696762085,0.00045187436626292765
8268,4,0,0,0.5981283783912659,0.02121429517865181,0.3806573748588562
8269,3,0,0,0.8056277632713318,0.0501653254032135,0.1442069113254547
8270,0,0,1,0.34800729155540466,0.5892685651779175,0.06272413581609726
8272,2,0,0,0.7843395471572876,0.038591790944337845,0.17706863582134247
8273,3,0,0,0.6623465418815613,0.13998369872570038,0.19766974449157715
8274,1,0,0,0.6539456248283386,0.16483290493488312,0.18122145533561707
8275,2,0,0,0.37685883045196533,0.3095831274986267,0.31355807185173035
8276,3,0,0,0.916378915309906,0.006863923277705908,0.07675713300704956
8278,4,1,1,3.8535810745088384e-05,0.999932050704956,2.9448649002006277e-05
8279,2,1,1,6.710278830723837e-05,0.9999202489852905,1.2643617083085701e-05
8280,0,0,0,0.8127332925796509,0.007998770102858543,0.17926792800426483
8281,1,0,0,0.722700834274292,0.11588801443576813,0.16141122579574585
8282,3,0,0,0.5273775458335876,0.2192530781030655,0.2533693313598633
8283,4,0,0,0.8878337740898132,0.06842779368162155,0.04373840242624283
8285,3,1,1,0.008028684183955193,0.9905181527137756,0.0014531166525557637
8286,3,0,0,0.7538177967071533,0.09929687529802322,0.14688532054424286
8287,3,0,1,0.4118538498878479,0.4372655749320984,0.15088054537773132
8288,3,1,1,0.00990108959376812,0.9881134629249573,0.001985503127798438
8290,0,0,0,0.9367684721946716,0.04578792676329613,0.017443658784031868
8292,0,0,0,0.7629953622817993,0.22009116411209106,0.016913432627916336
8293,4,0,0,0.807927668094635,0.05264239385724068,0.1394299864768982
8294,4,0,0,0.9099968671798706,0.025392446666955948,0.06461063027381897
8295,0,0,0,0.6051185131072998,0.27569442987442017,0.11918698251247406
8296,2,0,0,0.9414117932319641,0.006324004847556353,0.05226415768265724
8297,1,1,1,0.012436183169484138,0.9850918650627136,0.002471991116181016
8299,4,1,0,0.7398027777671814,0.16026759147644043,0.09992963075637817
8301,2,0,0,0.9722191095352173,0.0030794173944741488,0.024701470509171486
8303,1,2,2,1.7783871953724883e-05,0.0013908128021284938,0.9985914826393127
8304,3,2,2,4.271285069989972e-05,0.0008021838148124516,0.9991550445556641
8305,2,2,2,4.019576863356633e-06,3.734808342414908e-05,0.9999586343765259
8306,3,2,2,7.345504400291247e-06,0.00028098016628064215,0.9997115731239319
8307,4,2,2,2.7417092496762052e-05,0.002272981684654951,0.9976995587348938
8309,3,2,2,1.1737795830413233e-05,0.00013908032269682735,0.9998492002487183
8311,3,2,2,0.18039986491203308,0.04279465228319168,0.7768054604530334
8312,0,0,0,0.8882408738136292,0.04648089036345482,0.06527817249298096
8313,1,2,2,0.0002365458640269935,0.0013618849916383624,0.9984015822410583
8314,4,2,2,0.00011867276043631136,0.00022845756029710174,0.9996528625488281
8315,1,2,2,0.00010237697279080749,8.270839316537604e-05,0.9998149275779724
8316,1,2,2,3.482511965557933e-05,0.0007799459854140878,0.9991852641105652
8317,2,2,2,0.047601163387298584,0.0022102799266576767,0.9501885771751404
8318,0,2,2,0.09881441295146942,0.043069932609796524,0.8581156134605408
8319,0,0,0,0.8408697247505188,0.0806913748383522,0.0784388929605484
8320,1,0,0,0.8679249286651611,0.06644759327173233,0.06562747806310654
8321,2,0,0,0.8690040111541748,0.01979055255651474,0.11120535433292389
8322,1,1,1,2.43197337113088e-05,0.9999706745147705,4.972553142579272e-06
8323,0,1,0,0.8483113050460815,0.08918935805559158,0.0624992735683918
8324,0,1,1,0.23778660595417023,0.748471736907959,0.013741687871515751
8325,1,0,0,0.917787492275238,0.05041051656007767,0.0318019799888134
8326,1,2,2,0.016488557681441307,0.23498407006263733,0.7485274076461792
8327,3,0,0,0.5891441106796265,0.05971859022974968,0.35113734006881714
8328,4,0,0,0.8727632761001587,0.0636642575263977,0.0635724663734436
8330,2,0,0,0.8858485221862793,0.07437202334403992,0.039779502898454666
8331,1,0,2,0.32486090064048767,0.3333212435245514,0.3418179154396057
8332,2,0,0,0.916958749294281,0.009331902489066124,0.07370932400226593
8333,1,1,1,0.00016265257727354765,0.9998131394386292,2.426632636343129e-05
8334,1,0,1,0.060888972133398056,0.9350746273994446,0.004036391619592905
8335,3,1,1,0.04369336739182472,0.9522791504859924,0.0040274728089571
8336,3,1,1,0.44888487458229065,0.48868486285209656,0.06243031844496727
8337,1,1,1,0.08884871006011963,0.8868609070777893,0.024290362372994423
8338,1,0,0,0.8616911172866821,0.09059128165245056,0.04771755263209343
8339,4,0,0,0.5144386887550354,0.48008665442466736,0.005474713630974293
8340,4,0,1,0.00040133160655386746,0.9993832111358643,0.0002154909452656284
8341,3,1,1,0.1016092598438263,0.8703490495681763,0.028041627258062363
8342,1,0,0,0.7985291481018066,0.10769741982221603,0.09377341717481613
8344,3,1,1,0.04684087634086609,0.9476746916770935,0.00548447435721755
8345,0,0,0,0.9246620535850525,0.0313163585960865,0.044021572917699814
8346,3,0,1,0.22405186295509338,0.7115312814712524,0.06441687047481537
8347,0,0,0,0.6523601412773132,0.30902570486068726,0.03861415013670921
8348,1,0,2,0.12770524621009827,0.002088017063215375,0.8702067732810974
8349,3,0,0,0.8941580653190613,0.02387762814760208,0.08196429163217545
8350,0,0,0,0.5114107131958008,0.28692561388015747,0.20166359841823578
8352,3,1,0,0.8229078054428101,0.120895616710186,0.056196536868810654
8353,0,0,0,0.920973002910614,0.007143579889088869,0.07188341021537781
8354,2,1,1,0.026981111615896225,0.9640160202980042,0.00900291744619608
8355,3,0,0,0.8825559020042419,0.054830558598041534,0.06261353194713593
8356,3,0,0,0.6402001976966858,0.04509502649307251,0.3147047460079193
8357,3,1,1,0.11734337359666824,0.8347667455673218,0.04788987711071968
8358,3,0,0,0.6907641887664795,0.0958591178059578,0.21337665617465973
8359,2,0,1,0.12048371136188507,0.8024761080741882,0.07704012840986252
8360,2,1,1,0.0012666808906942606,0.998464822769165,0.000268550036707893
8362,1,0,0,0.7626713514328003,0.08629754185676575,0.15103107690811157
8363,2,0,0,0.7385594844818115,0.2092900425195694,0.052150528877973557
8365,2,0,1,0.0662238672375679,0.8908466100692749,0.042929526418447495
8367,2,0,0,0.9402406215667725,0.02254759892821312,0.03721179440617561
8368,4,0,0,0.42228856682777405,0.3518657386302948,0.22584570944309235
8369,0,1,1,0.22240452468395233,0.7256237864494324,0.05197165533900261
8370,3,0,0,0.643531084060669,0.051561642438173294,0.30490732192993164
8372,2,0,0,0.7801740765571594,0.020949125289916992,0.1988767683506012
8373,1,1,1,0.14255306124687195,0.7906414866447449,0.06680550426244736
8374,3,0,1,0.38117820024490356,0.6020446419715881,0.016777142882347107
8375,0,0,0,0.9190546870231628,0.027871888130903244,0.053073447197675705
8376,2,0,0,0.8351559042930603,0.104759581387043,0.060084547847509384
8377,4,1,1,0.0039028278551995754,0.9955325126647949,0.000564606802072376
8378,0,0,0,0.5098561644554138,0.4027073383331299,0.0874364897608757
8379,2,1,1,0.0010110766161233187,0.998916745185852,7.214419019874185e-05
8381,4,1,1,0.3277263939380646,0.6649923324584961,0.007281256373971701
8382,2,1,1,0.0001442402572138235,0.9998075366020203,4.8196066927630454e-05
8383,4,0,0,0.8630374073982239,0.07635434716939926,0.060608286410570145
8384,3,0,2,0.29745620489120483,0.07398031651973724,0.6285634636878967
8385,1,0,0,0.7354538440704346,0.22930945456027985,0.03523673117160797
8386,4,0,0,0.9383249282836914,0.010745556093752384,0.05092955380678177
8387,4,2,2,0.00029200897552073,0.007519179489463568,0.9921888113021851
8388,2,2,0,0.9541826248168945,0.0216093547642231,0.02420791983604431
8389,3,2,2,5.014772614231333e-05,0.0008649451192468405,0.9990849494934082
8390,3,2,2,9.315522038377821e-05,4.135431481699925e-06,0.999902606010437
8391,2,2,2,2.3157454052125104e-05,0.0004163441190030426,0.999560534954071
8392,1,2,2,0.00014082998677622527,8.04657320259139e-05,0.999778687953949
8393,0,2,2,0.0007773537072353065,0.0008422328974120319,0.9983804225921631
8396,1,2,2,4.760547653859248e-06,1.6099043932626955e-05,0.9999791383743286
8398,0,1,1,0.010361120104789734,0.98893141746521,0.0007074769237078726
8399,2,1,1,1.4474240742856637e-05,0.9999769926071167,8.5705778474221e-06
8401,1,2,0,0.6398217678070068,0.08366240561008453,0.2765158712863922
8402,3,0,0,0.8858066201210022,0.027451084926724434,0.08674230426549911
8403,2,1,1,0.00727266538888216,0.8910911083221436,0.10163622349500656
8404,3,1,1,0.38684386014938354,0.560164749622345,0.05299137160181999
8405,2,1,1,0.02366025373339653,0.9744598269462585,0.001879977062344551
8406,0,1,1,0.22280791401863098,0.7649000287055969,0.012292064726352692
8407,3,1,1,0.08362473547458649,0.9125145077705383,0.0038607611786574125
8408,4,1,0,0.9489234685897827,0.006166112143546343,0.04491042345762253
8409,3,1,1,0.0001773638796294108,0.9997883439064026,3.4350945497862995e-05
8410,4,0,0,0.9697264432907104,0.006392096634954214,0.023881450295448303
8411,2,1,1,0.005214748904109001,0.9945961833000183,0.0001891224383143708
8412,4,0,0,0.9207469820976257,0.008444668725132942,0.07080836594104767
8413,1,0,0,0.9040855169296265,0.017930934205651283,0.07798362523317337
8414,0,0,0,0.9395544528961182,0.0308383796364069,0.029607180505990982
8415,0,0,0,0.5504112243652344,0.3199937641620636,0.129595085978508
8417,2,1,1,0.02733650431036949,0.971665620803833,0.000997919007204473
8418,1,2,0,0.8674623966217041,0.06155797094106674,0.07097961008548737
8419,4,2,0,0.5591592788696289,0.2340669333934784,0.2067737877368927
8420,0,2,0,0.8918278813362122,0.03440341725945473,0.073768749833107
8421,2,0,0,0.9523071646690369,0.014770974405109882,0.03292195871472359
8423,1,2,0,0.9014949798583984,0.022262785583734512,0.07624223828315735
8424,1,2,2,0.08317361027002335,0.029965681955218315,0.886860728263855
8425,0,1,0,0.8750356435775757,0.04783552885055542,0.07712876051664352
8426,3,0,0,0.6119275689125061,0.07809725403785706,0.30997514724731445
8427,4,0,0,0.7497712969779968,0.005296633578836918,0.24493208527565002
8429,3,2,0,0.6523940563201904,0.11547630280256271,0.23212958872318268
8431,4,1,0,0.6687965393066406,0.29026660323143005,0.040936872363090515
8432,2,2,0,0.7819700837135315,0.009889676235616207,0.20814022421836853
8433,1,0,0,0.8886764645576477,0.03212224319577217,0.0792013555765152
8434,4,0,0,0.8080070614814758,0.11637598276138306,0.07561694830656052
8435,4,0,0,0.965735137462616,0.002102701924741268,0.0321621336042881
8437,1,1,1,1.7844860849436373e-05,0.9999761581420898,5.9788249018311035e-06
8438,0,1,0,0.632148802280426,0.32630059123039246,0.04155069962143898
8439,3,1,0,0.8847050666809082,0.041476838290691376,0.07381804287433624
8441,2,0,0,0.9061729311943054,0.03825272619724274,0.05557437241077423
8442,3,2,0,0.8339479565620422,0.06973566114902496,0.096316397190094
8443,1,2,0,0.5259461402893066,0.31443357467651367,0.15962029993534088
8444,0,2,2,0.0014450936578214169,0.019505575299263,0.9790493249893188
8446,3,1,2,0.00016091178986243904,0.47594311833381653,0.5238959193229675
8447,4,2,2,0.0008973012445494533,0.0024644730146974325,0.996638298034668
8450,1,1,1,0.4050614833831787,0.5699318647384644,0.025006646290421486
8452,0,2,2,0.02232649177312851,6.38220808468759e-05,0.9776096343994141
8453,3,0,0,0.9353513717651367,0.021013839170336723,0.04363475367426872
8454,1,2,2,0.003387853968888521,0.02339523285627365,0.9732170104980469
8455,2,1,1,0.0020097766537219286,0.9977565407752991,0.0002336492034373805
8457,2,1,0,0.5126158595085144,0.46046677231788635,0.026917332783341408
8458,2,0,0,0.8098626136779785,0.1355496644973755,0.054587751626968384
8459,2,1,1,0.0036223498173058033,0.9960303902626038,0.0003472779644653201
8460,2,0,0,0.9712967276573181,0.008909757249057293,0.01979348622262478
8461,3,0,0,0.5573750138282776,0.33929115533828735,0.10333379358053207
8462,4,0,0,0.9332874417304993,0.0026741018518805504,0.06403845548629761
8463,1,0,0,0.5787783265113831,0.3898097276687622,0.031411994248628616
8464,2,0,0,0.7968762516975403,0.1609211564064026,0.04220259562134743
8465,4,0,0,0.9436337947845459,0.004716007504612207,0.05165022611618042
8466,2,0,0,0.8843479156494141,0.0666990727186203,0.04895305633544922
8467,0,1,1,0.0013750558719038963,0.9984487295150757,0.00017623590247239918
8468,2,1,1,0.0011077792150899768,0.9987173080444336,0.00017493314226157963
8469,3,0,1,0.3713196814060211,0.42594143748283386,0.20273888111114502
8470,1,0,0,0.6274512410163879,0.054026421159505844,0.3185223639011383
8471,4,0,0,0.8045928478240967,0.048935215920209885,0.14647190272808075
8473,1,2,0,0.938506007194519,0.015617262572050095,0.04587678238749504
8474,1,2,0,0.5307461619377136,0.14172524213790894,0.32752856612205505
8475,4,0,0,0.8866450190544128,0.028445368632674217,0.0849095955491066
8476,3,0,0,0.5502492189407349,0.4249148964881897,0.024835819378495216
8477,4,2,2,1.637404420762323e-05,0.0002749957493506372,0.9997085928916931
8478,1,0,0,0.7796233296394348,0.14572171866893768,0.0746549442410469
8479,0,1,1,0.15630939602851868,0.8096547722816467,0.03403586149215698
8480,0,0,0,0.9112500548362732,0.030598806217312813,0.05815105140209198
8481,3,1,1,0.0008179835858754814,0.9990457892417908,0.0001361756876576692
8482,0,2,0,0.8668966889381409,0.012720270082354546,0.12038303166627884
8483,2,0,0,0.9716721773147583,0.0024999778252094984,0.025827880948781967
8484,4,2,0,0.8445874452590942,0.004620971158146858,0.15079167485237122
8485,1,1,0,0.8103414177894592,0.15215961635112762,0.037498921155929565
8486,2,1,0,0.8199384808540344,0.10965421795845032,0.07040725648403168
8487,4,1,1,0.23975682258605957,0.7312521934509277,0.028990941122174263
8491,0,1,1,0.06005317345261574,0.9161397814750671,0.023807132616639137
8494,0,1,1,0.019455408677458763,0.9778452515602112,0.0026993569917976856
8495,3,0,0,0.7524614334106445,0.04094867780804634,0.20658983290195465
8496,3,1,0,0.5323701500892639,0.3775060176849365,0.09012386947870255
8498,3,0,0,0.5925846099853516,0.02260310761630535,0.3848123252391815
8499,0,0,0,0.8608117699623108,0.12121554464101791,0.017972717061638832
8500,0,0,0,0.7972361445426941,0.06000573933124542,0.14275816082954407
8502,4,0,0,0.9486899971961975,0.0016411764081567526,0.049668796360492706
8503,2,0,0,0.8346524834632874,0.08802933990955353,0.07731818407773972
8504,1,0,0,0.932830274105072,0.04140063747763634,0.025769067928195
8505,0,0,0,0.6280093193054199,0.33495381474494934,0.03703690692782402
8506,4,2,0,0.8012005090713501,0.14062510430812836,0.05817428603768349
8508,3,0,0,0.9147310853004456,0.03829461336135864,0.046974312514066696
8510,1,0,0,0.6728870272636414,0.06775648891925812,0.25935646891593933
8512,4,1,0,0.9463971853256226,0.01254196371883154,0.04106081649661064
8513,3,0,0,0.8174163699150085,0.0856432169675827,0.09694045037031174
8514,1,2,0,0.9106444716453552,0.062130723148584366,0.027224868535995483
8515,3,2,0,0.6541387438774109,0.1539725959300995,0.19188861548900604
8516,1,0,1,0.44340571761131287,0.44884783029556274,0.1077464371919632
8517,0,2,0,0.6913976669311523,0.03338177129626274,0.2752206325531006
8518,1,2,2,5.9015824263042305e-06,0.00537088792771101,0.9946231842041016
8521,4,1,0,0.909266471862793,0.03930659592151642,0.051426999270915985
8522,3,0,0,0.9387871026992798,0.017477205023169518,0.043735768646001816
8523,2,2,0,0.9565566778182983,0.013583799824118614,0.029859552159905434
8524,4,0,0,0.9472324252128601,0.016777250915765762,0.03599029406905174
8525,4,1,1,0.08851281553506851,0.9031670093536377,0.008320125751197338
8526,0,0,0,0.632843554019928,0.34975603222846985,0.017400424927473068
8527,4,1,0,0.47122669219970703,0.41657382249832153,0.11219950020313263
8528,2,0,1,0.24265465140342712,0.7447001934051514,0.012645229697227478
8529,1,0,0,0.7439295053482056,0.21047234535217285,0.04559808224439621
8530,4,2,2,4.546541822492145e-05,0.0002620549639686942,0.999692440032959
8531,0,2,2,0.00010738824494183064,1.5457851986866444e-05,0.9998770952224731
8532,4,2,2,0.2470751255750656,0.004574003163725138,0.7483509182929993
8533,4,2,2,7.609966996824369e-05,0.0007003226783126593,0.9992235898971558
8534,1,2,2,0.09100236743688583,0.15313374996185303,0.7558638453483582
8535,1,2,0,0.5402186512947083,0.28618866205215454,0.1735926866531372
8536,1,2,1,0.0038558607921004295,0.979568600654602,0.016575602814555168
8537,2,2,1,0.12435009330511093,0.8452607989311218,0.03038913570344448
8539,0,2,2,0.0007310925866477191,0.0013898848555982113,0.9978790283203125
8540,0,0,0,0.8402026295661926,0.04830419644713402,0.11149311810731888
8541,2,0,2,0.002290932694450021,0.0035303346812725067,0.9941787719726562
8542,4,1,1,0.0054796431213617325,0.9791101217269897,0.015410220250487328
8543,3,1,1,0.04500383138656616,0.9404208064079285,0.014575429260730743
8544,2,0,0,0.9729578495025635,0.0036696025636047125,0.02337256260216236
8545,0,0,0,0.8237844705581665,0.10750804096460342,0.06870745867490768
8547,2,0,0,0.8923225998878479,0.02174081653356552,0.0859365463256836
8548,4,0,0,0.9802145957946777,0.008478512056171894,0.011306878179311752
8549,0,0,0,0.6385372281074524,0.1740393340587616,0.18742340803146362
8550,1,0,0,0.8691598176956177,0.09084850549697876,0.03999166190624237
8551,3,0,1,0.015011206269264221,0.9839239716529846,0.0010648594470694661
8552,3,0,1,0.13419966399669647,0.840716540813446,0.02508382312953472
8555,3,2,1,0.14432533085346222,0.7856696844100952,0.07000493258237839
8556,2,1,1,7.701785943936557e-05,0.9999165534973145,6.455400125560118e-06
8557,2,0,0,0.8224144577980042,0.005059025250375271,0.1725265234708786
8558,4,0,0,0.8199089169502258,0.12499700486660004,0.05509402975440025
8559,1,0,0,0.8241567611694336,0.11396843194961548,0.061874743551015854
8560,4,0,1,0.20236217975616455,0.785341739654541,0.012296085245907307
8561,0,2,0,0.9714882969856262,0.0036394381895661354,0.02487230859696865
8562,4,2,2,0.014007296413183212,0.01213784608989954,0.9738548994064331
8563,4,1,0,0.6006184816360474,0.3758176267147064,0.023563912138342857
8564,1,2,0,0.6370692253112793,0.06921564042568207,0.2937151789665222
8565,1,0,0,0.651362955570221,0.0935056135058403,0.25513148307800293
8566,0,0,0,0.9402780532836914,0.026652885600924492,0.03306904435157776
8568,0,1,1,0.0002091125788865611,0.9996761083602905,0.00011476095096440986
8569,3,0,0,0.7212300896644592,0.041994959115982056,0.23677492141723633
8572,1,1,0,0.9208806753158569,0.0040589310228824615,0.07506042718887329
8573,4,1,1,0.00010631539771566167,0.9996108412742615,0.00028289921465329826
8575,2,0,0,0.9395480155944824,0.008677820675075054,0.05177406594157219
8579,4,0,0,0.9597070217132568,0.008342520333826542,0.03195047751069069
8581,3,0,0,0.7052114605903625,0.09335401654243469,0.20143447816371918
8582,3,0,0,0.8150521516799927,0.08478102833032608,0.10016679763793945
8583,4,1,1,0.0231934767216444,0.865979015827179,0.1108274757862091
8584,0,2,0,0.6401563882827759,0.026600923389196396,0.3332426846027374
8585,3,0,0,0.8345882296562195,0.05483493581414223,0.1105768159031868
8587,0,1,1,0.0009786615846678615,0.9967241883277893,0.002297172788530588
8589,1,1,1,0.2146390676498413,0.7800996899604797,0.005261205602437258
8591,2,0,0,0.9035338759422302,0.003772915108129382,0.09269319474697113
8592,1,1,1,0.0006019967840984464,0.9993259906768799,7.204947905847803e-05
8593,0,2,0,0.8619028329849243,0.07245075702667236,0.06564634293317795
8594,1,1,1,1.2128134585509542e-05,0.999984622001648,3.281040335423313e-06
8595,4,0,0,0.5802668929100037,0.3424392342567444,0.07729388028383255
8596,4,0,0,0.7899901866912842,0.12247855961322784,0.08753125369548798
8597,3,0,0,0.6226724982261658,0.2636107802391052,0.1137167364358902
8598,3,0,0,0.6244399547576904,0.0014592850347980857,0.37410077452659607
8599,1,0,0,0.8509003520011902,0.1021982729434967,0.04690127819776535
8600,0,1,1,0.0018605799414217472,0.9957975149154663,0.0023419714998453856
8601,1,2,0,0.7629086375236511,0.15249048173427582,0.08460091054439545
8602,1,1,2,0.0014235612470656633,0.1667061448097229,0.8318702578544617
8603,1,1,0,0.8524935245513916,0.07157721370458603,0.07592927664518356
8604,0,2,0,0.7143182754516602,0.18681800365447998,0.09886375069618225
8605,0,2,0,0.837250828742981,0.0968061238527298,0.06594304740428925
8606,0,2,0,0.6889569163322449,0.02054612524807453,0.29049691557884216
8607,3,2,0,0.49798640608787537,0.11365393549203873,0.3883597254753113
8608,3,1,0,0.8529171943664551,0.08701839298009872,0.06006438657641411
8609,3,2,2,0.22537104785442352,0.21807250380516052,0.5565565228462219
8610,2,2,2,0.2701417803764343,6.883921741973609e-05,0.7297894358634949
8611,2,0,0,0.8837890028953552,0.06707561761140823,0.04913537576794624
8612,4,0,0,0.9011290669441223,0.032210420817136765,0.06666050851345062
8613,3,0,1,0.1103496178984642,0.8824794888496399,0.00717086112126708
8614,2,0,0,0.8382212519645691,0.1074361726641655,0.05434258654713631
8615,4,0,0,0.8564093708992004,0.024933641776442528,0.11865700036287308
8616,0,1,1,0.003072188701480627,0.9963740706443787,0.0005537641700357199
8617,4,2,0,0.8011135458946228,0.11296509206295013,0.08592140674591064
8618,0,1,0,0.8670822381973267,0.05793004110455513,0.07498767971992493
8619,4,2,0,0.7413089275360107,0.13023969531059265,0.12845133244991302
8621,4,2,1,0.030709283426404,0.877951979637146,0.09133875370025635
8625,1,2,2,0.0004652076750062406,0.0010420449543744326,0.9984927177429199
8627,3,0,0,0.8614268898963928,0.008585620671510696,0.1299874484539032
8629,1,1,1,1.2903721653856337e-05,0.9999674558639526,1.9625098502729088e-05
8630,3,1,1,0.3532685339450836,0.6073537468910217,0.03937769681215286
8631,4,1,1,0.06815828382968903,0.9302273392677307,0.0016144097317010164
8632,2,0,0,0.734174907207489,0.25427713990211487,0.011548010632395744
8634,3,0,1,0.3789679706096649,0.5662484765052795,0.05478356033563614
8635,2,2,0,0.9345188140869141,0.011346783488988876,0.05413440987467766
8637,0,1,1,0.024328388273715973,0.9743116497993469,0.0013599678641185164
8638,2,1,1,0.11146513372659683,0.8811880350112915,0.007346767000854015
8640,0,1,1,0.019920188933610916,0.9785990715026855,0.0014807883417233825
8641,0,2,0,0.9081765413284302,0.01044737733900547,0.08137604594230652
8642,4,0,0,0.6710257530212402,0.0793810561299324,0.24959321320056915
8643,3,0,1,0.24321532249450684,0.732825756072998,0.02395893819630146
8645,2,0,0,0.8807953596115112,0.014687441289424896,0.10451716184616089
8646,0,1,0,0.5696716904640198,0.34825947880744934,0.0820687860250473
8647,0,0,0,0.4703235328197479,0.4697656035423279,0.05991083011031151
8648,1,0,1,0.13000628352165222,0.8120712041854858,0.05792244151234627
8650,2,1,0,0.6846118569374084,0.29775968194007874,0.017628483474254608
8651,1,2,0,0.6594979166984558,0.2283754199743271,0.11212664842605591
8652,1,2,0,0.9491604566574097,0.022204330191016197,0.028635265305638313
8653,4,2,0,0.84547358751297,0.008453888818621635,0.14607253670692444
8654,4,1,1,0.09317447245121002,0.8821731209754944,0.024652408435940742
8655,0,2,2,0.0013362254248932004,0.0006273282924667001,0.9980364441871643
8656,3,2,0,0.487444669008255,0.34755784273147583,0.16499750316143036
8657,0,0,2,0.12731748819351196,0.0072723147459328175,0.8654102087020874
8659,3,0,0,0.8049789667129517,0.10959924757480621,0.08542177826166153
8660,0,1,1,0.024328388273715973,0.9743116497993469,0.0013599678641185164
8661,0,0,1,0.18572880327701569,0.7932969331741333,0.020974304527044296
8663,2,2,0,0.9432361125946045,0.018566414713859558,0.03819748014211655
8665,2,2,2,0.33707401156425476,0.004188280086964369,0.6587377190589905
8666,3,1,1,0.0020400467328727245,0.9977344274520874,0.0002254696883028373
8667,2,2,0,0.9125415086746216,0.013997460715472698,0.07346104830503464
8668,1,2,0,0.8714108467102051,0.026940565556287766,0.10164858400821686
8669,2,0,0,0.8891671299934387,0.057091306895017624,0.05374151095747948
8671,0,1,0,0.7045354843139648,0.174765482544899,0.12069905549287796
8674,4,0,0,0.874557614326477,0.08489421010017395,0.040548138320446014
8675,4,1,1,0.004204521421343088,0.9950356483459473,0.0007598433294333518
8677,1,2,0,0.6836581230163574,0.11612576246261597,0.2002161741256714
8678,3,1,0,0.8285585045814514,0.1239398717880249,0.04750169813632965
8679,0,0,0,0.9068059325218201,0.05965025722980499,0.033543799072504044
8680,4,1,0,0.7994857430458069,0.11957250535488129,0.08094174414873123
8681,1,0,0,0.7905682921409607,0.058078184723854065,0.15135352313518524
8682,4,0,0,0.8711135983467102,0.0014540195697918534,0.12743231654167175
8683,4,0,0,0.4171212315559387,0.37014421820640564,0.2127346247434616
8685,1,0,0,0.7636359333992004,0.050706684589385986,0.18565744161605835
8686,4,2,0,0.8982641100883484,0.008750812150537968,0.092985138297081
8688,0,2,1,0.23869456350803375,0.6415761709213257,0.11972922831773758
8689,2,0,0,0.8975284695625305,0.059691235423088074,0.04278024658560753
8692,3,2,0,0.5476046800613403,0.006380490493029356,0.4460148513317108
8693,4,2,2,0.0001467963884351775,0.0028492568526417017,0.997003972530365
8694,1,2,0,0.7341382503509521,0.00410717586055398,0.26175451278686523
8696,3,1,1,0.00023069871531333774,0.99970942735672,5.9867772506549954e-05
8697,1,1,1,0.04911501333117485,0.9465160369873047,0.004369024187326431
8698,4,2,0,0.6546783447265625,0.06660310924053192,0.2787185311317444
8699,2,0,0,0.9566997289657593,0.008836734108626842,0.0344635434448719
8703,0,0,0,0.9113020300865173,0.028798574581742287,0.05989938974380493
8704,3,0,1,0.35789522528648376,0.6032909154891968,0.03881387412548065
8705,2,0,0,0.8459154963493347,0.039138175547122955,0.11494630575180054
8706,3,0,0,0.8524495959281921,0.06979663670063019,0.07775373011827469
8707,1,1,1,0.05012572556734085,0.9471380114555359,0.0027362899854779243
8708,3,2,0,0.7877858281135559,0.012071210891008377,0.20014305412769318
8709,1,0,0,0.8904187083244324,0.0529622957110405,0.056618984788656235
8710,0,0,0,0.8039538264274597,0.02286999300122261,0.17317615449428558
8711,2,0,0,0.826481282711029,0.03933287039399147,0.13418586552143097
8712,0,0,0,0.9302510619163513,0.046045783907175064,0.023703111335635185
8713,3,2,2,0.004759465344250202,0.025874629616737366,0.9693659543991089
8714,2,1,0,0.46416914463043213,0.4010070860385895,0.1348237246274948
8715,0,0,0,0.7883961200714111,0.14258353412151337,0.0690203458070755
8716,2,0,1,0.14596877992153168,0.8322271108627319,0.02180411107838154
8717,3,1,1,0.00028227895381860435,0.9996761083602905,4.1616378439357504e-05
8719,2,0,0,0.8685376644134521,0.030379215255379677,0.10108310729265213
8721,3,1,1,0.13092145323753357,0.8584231734275818,0.010655378922820091
8722,2,1,0,0.8117938041687012,0.15431609749794006,0.03389009088277817
8723,1,0,0,0.839336633682251,0.056367192417383194,0.10429619252681732
8724,1,1,1,0.09772616624832153,0.8882558941841125,0.014017925597727299
8725,2,1,1,0.005957688670605421,0.993523120880127,0.0005191702512092888
8726,0,0,0,0.9486900568008423,0.009038419462740421,0.04227155074477196
8728,1,1,1,0.0017182447481900454,0.9980689883232117,0.00021280541841406375
8729,3,0,2,0.30251750349998474,0.024393605068325996,0.6730889081954956
8730,0,2,2,0.12490928918123245,0.4344176650047302,0.4406730830669403
8731,3,0,0,0.7364327311515808,0.11847996711730957,0.14508728682994843
8732,1,2,0,0.7553349137306213,0.01825638674199581,0.22640874981880188
8733,0,1,0,0.7092062830924988,0.18363991379737854,0.10715385526418686
8734,2,1,0,0.5483783483505249,0.4104916751384735,0.041130032390356064
8735,4,1,1,0.00333284679800272,0.9956972599029541,0.0009699247893877327
8736,3,0,0,0.6231533885002136,0.17006666958332062,0.20678000152111053
8737,4,0,0,0.5774584412574768,0.23916171491146088,0.1833798885345459
8738,2,1,0,0.959369421005249,0.028187673538923264,0.012442863546311855
8739,4,1,0,0.7458699941635132,0.057595234364271164,0.19653472304344177
8740,0,1,1,0.3053128719329834,0.646656334400177,0.04803083837032318
8741,1,2,0,0.818421483039856,0.01619143597781658,0.1653871238231659
8742,2,2,0,0.7347481846809387,0.008009790442883968,0.25724196434020996
8743,2,0,0,0.9616658091545105,0.011648769490420818,0.02668539620935917
8744,3,1,1,0.00030455246451310813,0.9995272159576416,0.00016828691877890378
8746,3,1,0,0.743765115737915,0.13969740271568298,0.11653746664524078
8747,3,1,1,0.005781314801424742,0.9934078454971313,0.000810813216958195
8748,2,0,0,0.8924359679222107,0.054744940251111984,0.05281904339790344
8749,2,2,1,0.4180007576942444,0.5592581033706665,0.022741129621863365
8750,4,2,0,0.7533406615257263,0.19308985769748688,0.053569428622722626
8752,1,1,0,0.8519603610038757,0.04056962952017784,0.10746998339891434
8753,2,1,0,0.878295361995697,0.05139518156647682,0.07030937820672989
8754,2,2,0,0.8511723875999451,0.017000600695610046,0.1318269968032837
8755,4,0,0,0.7565279006958008,0.020092496648430824,0.22337959706783295
8756,0,0,1,0.011241738684475422,0.9619160294532776,0.02684229239821434
8757,3,1,1,0.00022607255959883332,0.9997051358222961,6.877421401441097e-05
8758,1,0,0,0.8475279808044434,0.11256168782711029,0.03991037979722023
8759,3,2,0,0.6570073366165161,0.128239706158638,0.2147529572248459
8761,3,1,0,0.8879601359367371,0.056562211364507675,0.05547771602869034
8762,2,0,0,0.7303623557090759,0.16476431488990784,0.10487329959869385
8763,2,0,0,0.8627452254295349,0.007402149960398674,0.12985262274742126
8764,3,0,0,0.4899705946445465,0.37388426065444946,0.13614515960216522
8765,1,0,0,0.8227611780166626,0.11162180453538895,0.06561706215143204
8766,3,0,0,0.8688300251960754,0.01871033012866974,0.112459696829319
8767,0,1,1,0.25007280707359314,0.7408542037010193,0.009072942659258842
8768,3,0,0,0.7098296284675598,0.2384544312953949,0.05171596631407738
8769,3,0,0,0.6419607996940613,0.10407271981239319,0.25396648049354553
8770,2,1,0,0.823993980884552,0.02652633562684059,0.1494797021150589
8772,2,0,0,0.9478850960731506,0.0143298814073205,0.03778502345085144
8773,1,0,1,0.04209529981017113,0.9305621385574341,0.02734256349503994
8774,0,2,0,0.8355292081832886,0.005711747333407402,0.15875905752182007
8778,1,1,1,0.4511541426181793,0.5275530815124512,0.021292762830853462
8779,1,1,0,0.7032783031463623,0.06328647583723068,0.2334352731704712
8780,2,1,0,0.9570152163505554,0.002645617350935936,0.040339145809412
8781,2,0,0,0.947422206401825,0.004475787747651339,0.0481019988656044
8782,3,1,1,0.00015685666585341096,0.9998202919960022,2.2829357476439327e-05
8783,0,0,0,0.9781596064567566,0.0012446594191715121,0.020595723763108253
8784,0,0,0,0.9023993015289307,0.04646054655313492,0.051140256226062775
8786,0,0,0,0.9752850532531738,0.00228232704102993,0.022432588040828705
8787,0,1,1,0.0001022383730742149,0.9995598196983337,0.00033798112417571247
8788,2,2,0,0.9278602004051208,0.020110998302698135,0.05202876031398773
8789,1,0,0,0.888001561164856,0.043592873960733414,0.06840556859970093
8790,4,1,0,0.8836778402328491,0.013768886215984821,0.10255327075719833
8791,4,1,1,0.004041682928800583,0.99587482213974,8.348051778739318e-05
8792,1,0,0,0.9603937268257141,0.017447402700781822,0.022158881649374962
8794,4,0,1,0.1812363862991333,0.7847926616668701,0.03397092595696449
8796,0,1,1,0.0001705962495179847,0.999751627445221,7.782153261359781e-05
8797,0,1,0,0.6482362747192383,0.28369924426078796,0.06806443631649017
8798,4,1,1,0.013149438425898552,0.9862169027328491,0.0006336626829579473
8799,3,2,0,0.8067674040794373,0.09877584874629974,0.09445670247077942
8800,1,2,0,0.5863571763038635,0.10509146004915237,0.3085514008998871
8801,0,2,0,0.8126268982887268,0.07833603769540787,0.10903704166412354
8803,4,1,1,0.37400078773498535,0.604508638381958,0.021490532904863358
8804,2,0,0,0.9547547698020935,0.032057419419288635,0.013187820091843605
8805,2,1,0,0.5710942149162292,0.11488638818264008,0.3140193521976471
8806,3,1,1,0.0042741005308926105,0.9954936504364014,0.00023217726266011596
8807,2,1,0,0.8284048438072205,0.14308381080627441,0.02851136028766632
8808,3,0,0,0.686409056186676,0.1772976666688919,0.1362932175397873
8809,1,0,0,0.880222737789154,0.03363020345568657,0.08614712208509445
8811,3,0,0,0.8486932516098022,0.06979593634605408,0.08151080459356308
8812,0,1,1,0.44876620173454285,0.5296431183815002,0.021590696647763252
8813,3,1,1,0.43833988904953003,0.4735525846481323,0.08810754865407944
8815,2,0,0,0.834322988986969,0.12941429018974304,0.03626265004277229
8817,3,0,0,0.7179550528526306,0.2223309427499771,0.05971398577094078
8818,2,1,1,0.02917235530912876,0.9664286971092224,0.004398982040584087
8819,3,1,1,0.0022529084235429764,0.9976420998573303,0.0001049333659466356
8820,4,0,0,0.9606884717941284,0.0028653121553361416,0.036446165293455124
8821,4,1,0,0.8416212201118469,0.0409114733338356,0.1174672320485115
8822,0,2,0,0.8699917197227478,0.06118646636605263,0.06882190704345703
8823,4,0,0,0.910558819770813,0.011917115189135075,0.07752396911382675
8825,2,0,0,0.8103818893432617,0.11901003122329712,0.07060817629098892
8827,3,0,0,0.7906233668327332,0.15974022448062897,0.049636393785476685
8828,0,0,0,0.7457764148712158,0.11497167497873306,0.13925188779830933
8829,3,0,0,0.6324735283851624,0.22184762358665466,0.14567892253398895
8831,3,0,0,0.5836236476898193,0.16913247108459473,0.24724391102790833
8832,4,1,1,0.13972589373588562,0.5256842374801636,0.3345898687839508
8835,0,2,0,0.6867058873176575,0.051281481981277466,0.26201266050338745
8836,2,0,0,0.7457094788551331,0.19530338048934937,0.05898715555667877
8837,0,0,0,0.9159396886825562,0.03216550871729851,0.05189475417137146
8838,4,1,1,0.008184544742107391,0.9900269508361816,0.0017884917324408889
8839,3,1,0,0.7504938840866089,0.19822262227535248,0.05128352344036102
8840,1,1,0,0.49486324191093445,0.25393790006637573,0.25119879841804504
8841,1,0,0,0.6165280342102051,0.03302222117781639,0.350449800491333
8842,4,0,0,0.8298553824424744,0.004188914783298969,0.16595572233200073
8844,1,0,0,0.9018757343292236,0.015735922381281853,0.08238840103149414
8845,4,0,0,0.9114733934402466,0.007965649478137493,0.08056086301803589
8846,2,2,0,0.8507529497146606,0.0073171816766262054,0.14192982017993927
8847,0,1,1,0.001848865649662912,0.9978844523429871,0.00026661891024559736
8848,2,2,2,0.04214940592646599,0.31567123532295227,0.6421793699264526
8849,4,0,1,0.06582414358854294,0.9083403944969177,0.025835448876023293
8850,3,2,0,0.6321426033973694,0.053642719984054565,0.31421470642089844
8851,1,0,1,0.4522721767425537,0.518390417098999,0.029337462037801743
8852,0,0,0,0.5678822994232178,0.1956702023744583,0.23644746840000153
8854,3,0,1,0.1602039486169815,0.7778459191322327,0.061950087547302246
8855,3,1,1,0.0002958103723358363,0.9994838237762451,0.0002203048497904092
8856,1,1,1,0.3388071656227112,0.641188383102417,0.020004449412226677
8857,3,1,1,0.038164738565683365,0.9523934125900269,0.009441805072128773
8860,2,0,0,0.9414846897125244,0.026967454701662064,0.03154786303639412
8861,1,0,0,0.7951146960258484,0.1045239269733429,0.10036134719848633
8862,0,2,1,0.004050966817885637,0.9896038770675659,0.006345144473016262
8863,4,0,0,0.7939837574958801,0.014020673930644989,0.19199566543102264
8865,1,0,0,0.8169785141944885,0.024668768048286438,0.15835273265838623
8866,4,2,0,0.774835467338562,0.01848946139216423,0.20667508244514465
8867,2,2,2,0.18609265983104706,0.008430790156126022,0.8054765462875366
8868,2,0,0,0.8429117202758789,0.045051321387290955,0.11203696578741074
8869,2,0,0,0.8455370664596558,0.10999145358800888,0.04447146877646446
8870,3,0,0,0.824363648891449,0.035312797874212265,0.14032354950904846
8871,1,1,1,0.0515623465180397,0.9471815228462219,0.0012561824405565858
8872,0,0,1,0.18859052658081055,0.7462482452392578,0.06516118347644806
8873,2,0,0,0.8457998037338257,0.030099255964159966,0.12410088628530502
8874,0,0,0,0.8230799436569214,0.015621581114828587,0.161298468708992
8875,3,2,2,0.24791288375854492,0.00398440333083272,0.7481027245521545
8876,2,1,0,0.7275339365005493,0.006090942304581404,0.2663751244544983
8877,2,1,0,0.5479559898376465,0.42677345871925354,0.025270503014326096
8878,0,0,0,0.6418198943138123,0.29378968477249146,0.0643903911113739
8879,0,1,1,0.00017089572793338448,0.9996763467788696,0.00015279685612767935
8880,1,1,0,0.7123872637748718,0.09094307571649551,0.19666963815689087
8881,0,0,0,0.915027379989624,0.039178721606731415,0.04579385370016098
8883,1,1,1,0.28518959879875183,0.6734734773635864,0.04133690148591995
8884,4,1,1,0.27818694710731506,0.6872284412384033,0.034584615379571915
8885,2,1,1,0.10272461175918579,0.8747129440307617,0.022562455385923386
8886,2,0,0,0.7836361527442932,0.11278382688760757,0.10357996821403503
8887,2,1,0,0.8636990785598755,0.07530276477336884,0.060998134315013885
8888,0,1,1,0.3451198637485504,0.5893548130989075,0.06552533805370331
8889,4,1,0,0.8795824646949768,0.017527276650071144,0.10289030522108078
8890,0,0,0,0.9094856381416321,0.01794569008052349,0.07256870716810226
8891,4,0,0,0.5153658390045166,0.11670380085706711,0.36793044209480286
8894,1,0,2,0.1448832005262375,0.04637470468878746,0.8087420463562012
8895,2,0,0,0.840492844581604,0.049891550093889236,0.10961554944515228
8897,1,0,0,0.9104257225990295,0.03421485796570778,0.05535932630300522
8901,3,1,0,0.9149619340896606,0.024707837030291557,0.06033017113804817
8902,1,1,1,0.1123991459608078,0.8778544068336487,0.00974652636796236
8903,0,0,0,0.7889418005943298,0.15783974528312683,0.05321846157312393
8904,1,0,0,0.9307202100753784,0.03607673943042755,0.03320300579071045
8906,1,0,0,0.8849855661392212,0.03137276694178581,0.08364174515008926
8907,0,0,0,0.983345091342926,0.0026444674003869295,0.014010501094162464
8908,4,0,2,0.13382597267627716,0.016820549964904785,0.8493534326553345
8909,2,0,0,0.9563854336738586,0.008021845482289791,0.035592660307884216
8910,1,0,0,0.7123247385025024,0.2774972915649414,0.010177990421652794
8911,1,0,0,0.7753798961639404,0.08754332363605499,0.1370767503976822
8912,3,0,0,0.9236515760421753,0.014840022660791874,0.061508435755968094
8913,2,0,0,0.8538982272148132,0.09446753561496735,0.0516342967748642
8914,3,1,0,0.7830344438552856,0.1625838726758957,0.054381683468818665
8915,0,1,0,0.7903886437416077,0.18334069848060608,0.02627074345946312
8916,0,1,0,0.5759508013725281,0.38523751497268677,0.038811665028333664
8917,0,0,1,0.0030455347150564194,0.9966843724250793,0.0002700492914300412
8918,0,0,0,0.9375587105751038,0.026819784194231033,0.0356215201318264
8919,0,1,0,0.718608558177948,0.12841404974460602,0.1529773771762848
8920,3,0,0,0.8900318741798401,0.051146529614925385,0.058821648359298706
8921,2,1,1,0.00915978942066431,0.9890332221984863,0.0018069733632728457
8922,1,2,1,0.2700159549713135,0.7280527949333191,0.0019312590593472123
8923,2,2,0,0.5281278491020203,0.2648211717605591,0.20705105364322662
8924,2,0,0,0.9002432823181152,0.0011049250606447458,0.09865177422761917
8925,2,1,1,0.01153498888015747,0.9873176217079163,0.0011473511112853885
8926,1,0,0,0.8404320478439331,0.07294410467147827,0.08662384748458862
8927,0,0,0,0.9624853134155273,0.012887449935078621,0.024627314880490303
8928,0,0,0,0.5950399041175842,0.13524207472801208,0.2697179615497589
8929,3,2,0,0.5634617805480957,0.1524049937725067,0.28413328528404236
8930,4,1,1,0.0018890452338382602,0.997403085231781,0.0007078949129208922
8931,4,2,0,0.8822983503341675,0.03216705098748207,0.08553458005189896
8932,3,2,0,0.9443991780281067,0.022036034613847733,0.0335647389292717
8934,0,1,0,0.637051522731781,0.2117411345243454,0.1512073576450348
8935,4,1,1,0.0013163454132154584,0.9969086050987244,0.0017750185215845704
8936,3,2,0,0.8537639379501343,0.01914311945438385,0.12709292769432068
8937,0,0,0,0.8960192799568176,0.01392763014882803,0.09005303680896759
8938,4,2,2,0.006698564160615206,0.020665548741817474,0.9726358652114868
8939,4,1,1,0.06815828382968903,0.9302273392677307,0.0016144097317010164
8940,1,1,1,2.3063474145601504e-05,0.9999704360961914,6.5156455093529075e-06
8942,1,0,1,0.26689523458480835,0.5137653946876526,0.21933934092521667
8945,1,2,2,0.004718064330518246,0.00021935795666649938,0.9950626492500305
8947,1,1,0,0.8159290552139282,0.07818450778722763,0.10588648915290833
8948,3,1,0,0.8152499198913574,0.10112867504358292,0.08362139761447906
8949,1,2,0,0.5654790997505188,0.043793097138404846,0.39072784781455994
8950,3,0,0,0.8247190117835999,0.04601255804300308,0.12926840782165527
8955,3,0,0,0.7419260144233704,0.1520100235939026,0.10606392472982407
8956,1,0,0,0.808079183101654,0.10875257849693298,0.08316821604967117
8958,3,0,0,0.8779593110084534,0.048588111996650696,0.07345262169837952
8959,2,1,1,0.42264360189437866,0.5668838620185852,0.010472500696778297
8960,4,0,0,0.8913828730583191,0.06620462238788605,0.042412493377923965
8961,4,2,2,0.00013058462354820222,0.002416301053017378,0.9974531531333923
8962,2,1,0,0.5528536438941956,0.05493270233273506,0.3922136425971985
8963,3,0,0,0.7818188071250916,0.15543949604034424,0.06274168938398361
8964,2,1,1,4.219358379486948e-05,0.9999349117279053,2.2846807041787542e-05
8965,4,0,0,0.869518518447876,0.026168784126639366,0.10431266576051712
8967,0,0,0,0.8465777039527893,0.07284675538539886,0.08057553321123123
8968,3,0,0,0.8547342419624329,0.05228955298662186,0.09297621250152588
8971,2,0,0,0.9375014305114746,0.00818186067044735,0.054316699504852295
8973,3,0,0,0.49732136726379395,0.42533692717552185,0.07734175771474838
8974,0,0,0,0.512583315372467,0.3984205722808838,0.08899614959955215
8975,2,1,1,0.30690643191337585,0.6727761626243591,0.020317349582910538
8976,0,0,0,0.8728154897689819,0.078163281083107,0.049021296203136444
8977,1,1,0,0.7630429863929749,0.1605280190706253,0.07642891258001328
8978,2,1,1,0.004597746301442385,0.9940556287765503,0.001346619799733162
8980,1,2,2,0.005567022133618593,0.007496492937207222,0.9869363903999329
8981,2,1,0,0.5712960958480835,0.2929947078227997,0.13570916652679443
8982,2,1,0,0.8298099637031555,0.15089824795722961,0.019291827455163002
8984,0,1,0,0.908574640750885,0.013994528912007809,0.0774308517575264
8985,1,2,0,0.4511864483356476,0.4110051989555359,0.1378083974123001
8986,0,2,0,0.8766356706619263,0.04458654299378395,0.07877777516841888
8987,2,2,0,0.8986804485321045,0.01294625736773014,0.08837324380874634
8988,0,0,0,0.8626417517662048,0.034138329327106476,0.1032199114561081
8989,0,2,0,0.699367344379425,0.1229046955704689,0.17772802710533142
8991,3,1,1,0.3361440598964691,0.5735988616943359,0.09025706350803375
8993,2,0,1,0.0004742928722407669,0.9962496161460876,0.003276043338701129
8994,0,0,1,0.025942593812942505,0.9615183472633362,0.012539103627204895
8995,3,0,1,0.4069194495677948,0.5423020720481873,0.05077848583459854
8996,4,1,1,0.0005739391199313104,0.9991913437843323,0.00023472319298889488
8998,4,1,0,0.41985777020454407,0.29871517419815063,0.2814270257949829
8999,3,1,1,0.023083599284291267,0.971541702747345,0.0053746397607028484
9000,4,2,2,0.10351034998893738,0.025650668889284134,0.8708388805389404
9001,1,2,0,0.7903776168823242,0.12874971330165863,0.08087272197008133
9002,4,2,0,0.8711774945259094,0.023694241419434547,0.10512824356555939
9003,3,2,0,0.7284073829650879,0.18627971410751343,0.08531289547681808
9004,1,0,0,0.738311767578125,0.03271013870835304,0.22897809743881226
9006,4,0,0,0.851183295249939,0.016647525131702423,0.1321692019701004
9008,2,0,0,0.8916606903076172,0.09417424350976944,0.014165100641548634
9009,4,0,2,0.013568882830440998,0.008689630776643753,0.977741539478302
9011,2,0,2,0.4290209412574768,0.0303000770509243,0.5406789779663086
9013,3,2,0,0.9642025232315063,0.009923932142555714,0.025873525068163872
9015,2,0,0,0.8372035622596741,0.12010454386472702,0.04269184172153473
9016,2,0,0,0.7380557656288147,0.020526262000203133,0.24141797423362732
9017,2,0,0,0.711690366268158,0.21031911671161652,0.07799054682254791
9018,2,0,0,0.9568032622337341,0.009207635186612606,0.03398918733000755
9020,3,0,0,0.9146620631217957,0.024643398821353912,0.060694620013237
9021,4,0,0,0.9440076947212219,0.0181138776242733,0.037878431379795074
9022,0,1,0,0.8591353893280029,0.10469526052474976,0.03616938367486
9023,2,0,0,0.8545005321502686,0.09133671224117279,0.054162684828042984
9024,3,0,0,0.8170803785324097,0.12981480360031128,0.053104836493730545
9025,4,1,0,0.5665608048439026,0.34317678213119507,0.09026239067316055
9027,4,0,0,0.7063168287277222,0.24456527829170227,0.049117863178253174
9029,1,0,0,0.9302261471748352,0.02195328287780285,0.047820523381233215
9030,1,1,0,0.810857355594635,0.06078131124377251,0.12836134433746338
9031,0,2,0,0.948986291885376,0.010358975268900394,0.0406547375023365
9032,0,2,1,0.14018195867538452,0.8258492350578308,0.033968809992074966
9033,2,1,1,0.0005101263523101807,0.9994231462478638,6.679615762550384e-05
9034,3,1,1,0.17524774372577667,0.8148208856582642,0.009931354783475399
9035,4,1,1,0.17877201735973358,0.8116904497146606,0.009537512436509132
9037,3,1,1,0.02082976885139942,0.9764997959136963,0.0026704445481300354
9038,0,0,0,0.8570883870124817,0.06372667104005814,0.07918490469455719
9039,3,1,1,0.00044832375715486705,0.9994297623634338,0.00012192923168186098
9040,3,0,1,0.4527725875377655,0.4657089114189148,0.08151855319738388
9041,2,0,0,0.5345595479011536,0.4486824572086334,0.016757922247052193
9044,2,0,0,0.7629903554916382,0.18491040170192719,0.05209924653172493
9046,3,1,0,0.7809953093528748,0.08541006594896317,0.1335946023464203
9047,4,1,1,0.05101896449923515,0.9405533075332642,0.008427664637565613
9050,0,0,0,0.81754469871521,0.007797770667821169,0.17465753853321075
9051,3,2,0,0.8314305543899536,0.034708429127931595,0.13386105000972748
9052,1,2,0,0.8572450280189514,0.01653148978948593,0.12622343003749847
9053,2,2,0,0.8083964586257935,0.023820046335458755,0.16778352856636047
9054,1,1,1,0.011438568122684956,0.9862933158874512,0.0022680957335978746
9055,4,1,1,0.007539701648056507,0.9890280961990356,0.003432162571698427
9056,2,0,0,0.8179909586906433,0.048565011471509933,0.13344398140907288
9057,4,1,0,0.8873665928840637,0.07883051037788391,0.033802930265665054
9059,4,2,0,0.848423182964325,0.10552623867988586,0.046050529927015305
9060,3,0,0,0.7069770097732544,0.23073633015155792,0.06228667125105858
9061,0,1,1,0.03686971217393875,0.9471116065979004,0.016018688678741455
9062,1,1,0,0.8267772793769836,0.11499233543872833,0.05823035165667534
9063,4,2,0,0.7441269755363464,0.025535153225064278,0.23033788800239563
9064,4,1,0,0.5997320413589478,0.3705417215824127,0.029726199805736542
9066,2,0,0,0.8665623068809509,0.007890605367720127,0.12554709613323212
9067,1,1,0,0.7592582106590271,0.13241231441497803,0.10832946002483368
9070,3,1,1,0.00039947350160218775,0.9995538592338562,4.6630488213850185e-05
9071,0,0,1,0.16730694472789764,0.6633638739585876,0.1693291813135147
9072,4,1,1,0.16817349195480347,0.8203399777412415,0.011486477218568325
9073,1,0,0,0.8789837956428528,0.07177385687828064,0.049242399632930756
9074,2,0,0,0.8869847655296326,0.05583733692765236,0.057177942246198654
9075,0,2,2,0.0015195333398878574,0.0034171068109571934,0.9950633645057678
9077,1,0,0,0.8181418776512146,0.09813039749860764,0.08372771739959717
9078,1,1,1,0.2255302220582962,0.7416231036186218,0.032846663147211075
9081,1,1,0,0.7544900178909302,0.13589903712272644,0.10961097478866577
9082,3,2,0,0.7878580689430237,0.07580713927745819,0.13633477687835693
9083,1,0,0,0.8870091438293457,0.05028611794114113,0.06270476430654526
9084,4,0,0,0.9212505221366882,0.039242301136255264,0.03950714319944382
9085,3,2,0,0.8395383358001709,0.011660460382699966,0.1488012820482254
9086,2,1,0,0.8941140174865723,0.08367612212896347,0.022209949791431427
9087,2,0,1,0.1610344797372818,0.8144551515579224,0.024510357528924942
9089,2,0,0,0.9139842987060547,0.033207520842552185,0.05280816927552223
9091,4,1,1,0.03952818363904953,0.7972885966300964,0.1631832867860794
9092,4,1,1,0.1679474115371704,0.6227138638496399,0.20933867990970612
9093,2,0,0,0.7049466371536255,0.00997697189450264,0.28507640957832336
9094,3,1,0,0.6196842193603516,0.20568051934242249,0.17463533580303192
9096,3,1,1,0.0002038778184214607,0.9990039467811584,0.0007922409567981958
9097,3,2,0,0.6637991666793823,0.10130859911441803,0.23489224910736084
9098,4,0,0,0.7257329821586609,0.04825100302696228,0.2260160893201828
9099,0,2,0,0.7526534795761108,0.017833340913057327,0.2295132875442505
9100,2,1,0,0.821601927280426,0.1025003045797348,0.075897715985775
9101,0,2,0,0.6739875674247742,0.042477987706661224,0.2835344672203064
9102,1,1,0,0.778784990310669,0.1567453294992447,0.06446968019008636
9103,2,2,0,0.8388635516166687,0.02455480955541134,0.13658159971237183
9104,0,1,1,0.23561063408851624,0.7425466179847717,0.021842699497938156
9105,2,2,2,0.04790429025888443,0.06681042164564133,0.8852852582931519
9106,0,2,0,0.7697132229804993,0.08534608781337738,0.14494064450263977
9107,2,0,0,0.7578139901161194,0.01959695667028427,0.2225891351699829
9108,4,2,2,0.3147053122520447,0.038354627788066864,0.6469400525093079
9109,4,1,1,0.005451406817883253,0.990429699420929,0.00411882484331727
9110,4,1,1,0.025738021358847618,0.967311680316925,0.006950268521904945
9111,1,1,1,0.024118075147271156,0.9731526374816895,0.0027292128652334213
9112,1,1,1,5.2901643357472494e-05,0.9999392032623291,7.885655577410944e-06
9113,4,0,0,0.919707715511322,0.0317780002951622,0.048514217138290405
9115,2,1,1,0.14779464900493622,0.8209439516067505,0.031261369585990906
9116,4,1,1,0.0009157680906355381,0.9989192485809326,0.00016505792154930532
9117,0,1,1,0.0076935142278671265,0.9912770986557007,0.0010294070234522223
9118,4,2,0,0.9025185704231262,0.01986965350806713,0.07761173695325851
9119,1,1,1,0.006720039993524551,0.9853447079658508,0.007935203611850739
9120,0,1,1,0.0385114923119545,0.9587265253067017,0.002761988202109933
9121,1,1,1,5.588947533397004e-05,0.9999397993087769,4.314084435463883e-06
9122,3,0,0,0.8416205644607544,0.03893440216779709,0.11944503337144852
9123,3,2,2,0.04042413458228111,0.015451392158865929,0.9441244602203369
9125,2,2,0,0.7778629660606384,0.006681652739644051,0.21545544266700745
9126,3,0,0,0.8852664828300476,0.051890455186367035,0.06284307688474655
9127,0,0,0,0.9145691990852356,0.03085028938949108,0.05458054319024086
9129,2,0,0,0.5983779430389404,0.3650745749473572,0.03654743358492851
9130,3,0,0,0.4781376123428345,0.3029736578464508,0.2188887596130371
9134,0,0,0,0.8262700438499451,0.049020830541849136,0.12470916658639908
9135,2,0,0,0.8855600357055664,0.016204213723540306,0.09823575615882874
9137,3,0,0,0.6069522500038147,0.19036981463432312,0.2026779055595398
9138,2,0,0,0.8576198816299438,0.00408258056268096,0.13829751312732697
9139,3,0,0,0.5370577573776245,0.41515591740608215,0.04778628051280975
9140,1,1,1,0.028037330135703087,0.9693083763122559,0.002654304262250662
9143,0,0,0,0.9549931287765503,0.002985882107168436,0.042020950466394424
9144,1,0,0,0.7703879475593567,0.053587090224027634,0.176024928689003
9145,1,0,0,0.8373777866363525,0.03515423461794853,0.12746791541576385
9146,2,1,0,0.7184350490570068,0.06233064830303192,0.21923425793647766
9148,0,1,1,0.14461420476436615,0.8271999955177307,0.028185822069644928
9149,0,2,0,0.8609575629234314,0.011025112122297287,0.12801741063594818
9150,2,0,0,0.6083395481109619,0.2981371283531189,0.0935233011841774
9152,4,1,1,0.0010560555383563042,0.9980095028877258,0.000934509327635169
9153,2,1,0,0.7720774412155151,0.08106754720211029,0.14685501158237457
9155,4,0,0,0.6377806067466736,0.06545069813728333,0.2967686653137207
9156,0,1,1,0.4054979383945465,0.5359446406364441,0.05855736508965492
9157,3,1,1,0.011317786760628223,0.984653890132904,0.00402836361899972
9158,3,2,0,0.6797778606414795,0.12530337274074554,0.19491875171661377
9159,0,1,0,0.7513076066970825,0.16236716508865356,0.0863252580165863
9160,3,1,0,0.7657233476638794,0.15730033814907074,0.07697636634111404
9161,1,0,0,0.8872443437576294,0.04841895401477814,0.0643366277217865
9162,3,1,1,0.00028500478947535157,0.9956353306770325,0.004079704638570547
9164,0,0,0,0.7709284424781799,0.14663495123386383,0.08243656903505325
9165,4,1,1,0.000865225971210748,0.9989281296730042,0.00020666907948907465
9166,2,2,0,0.6540846228599548,0.002198547590523958,0.3437168002128601
9167,1,2,0,0.832615852355957,0.03354167193174362,0.13384251296520233
9168,1,0,0,0.9117328524589539,0.04074816033244133,0.04751897230744362
9169,1,0,0,0.6560413837432861,0.29263079166412354,0.051327839493751526
9170,4,0,0,0.9260625839233398,0.010581308044493198,0.06335613131523132
9171,0,0,0,0.9102388024330139,0.006810842081904411,0.08295031636953354
9172,4,0,1,0.30077245831489563,0.6697975993156433,0.029429905116558075
9173,0,2,2,0.0003709426673594862,0.0004244865267537534,0.9992045760154724
9176,3,2,2,9.279435471398756e-05,0.0007051764405332506,0.9992020726203918
9177,3,2,2,9.153495193459094e-05,3.503419520711759e-06,0.999904990196228
9178,3,2,2,0.0006442141602747142,0.0016254510264843702,0.9977304339408875
9180,0,2,2,4.294191057852004e-06,6.974518328206614e-05,0.999925971031189
9182,3,2,2,4.362364416010678e-05,0.0003911921812687069,0.9995651841163635
9183,2,2,2,3.075454515055753e-05,0.0003951898543164134,0.9995740056037903
9184,4,0,0,0.8067807555198669,0.15536652505397797,0.03785267099738121
9185,1,1,0,0.8845502734184265,0.050171200186014175,0.06527852267026901
9186,2,0,0,0.8764044642448425,0.01954013668000698,0.10405540466308594
9187,0,0,0,0.8860791325569153,0.06068485975265503,0.05323601886630058
9189,1,0,0,0.9577884078025818,0.01031795609742403,0.03189357370138168
9190,0,0,0,0.799707293510437,0.13423769176006317,0.06605502218008041
9191,4,1,1,0.0008958021062426269,0.9988540410995483,0.00025019797612912953
9192,3,0,0,0.9503172636032104,0.004184449091553688,0.04549830034375191
9194,1,1,1,0.007983527146279812,0.9861787557601929,0.005837760400027037
9195,0,0,0,0.8472267985343933,0.10287065804004669,0.04990248382091522
9196,3,0,0,0.9249555468559265,0.024474097415804863,0.050570305436849594
9197,2,1,1,0.0005895537906326354,0.9993404746055603,6.992826092755422e-05
9198,3,0,0,0.7163643836975098,0.22176969051361084,0.06186600401997566
9199,0,0,0,0.8614796996116638,0.08049486577510834,0.05802540108561516
9200,0,1,1,0.0005306674283929169,0.9955392479896545,0.003930018749088049
9201,3,1,0,0.8870072960853577,0.0074883862398564816,0.10550431907176971
9202,0,0,0,0.9434646368026733,0.03662853688001633,0.01990675926208496
9203,3,0,0,0.5861380696296692,0.29831770062446594,0.11554417014122009
9204,3,0,0,0.696749746799469,0.038832832127809525,0.2644174098968506
9205,0,0,0,0.7898818254470825,0.1261100023984909,0.08400819450616837
9206,0,1,0,0.8476409912109375,0.0523875392973423,0.09997140616178513
9207,0,0,0,0.8192660808563232,0.013427097350358963,0.16730685532093048
9208,2,1,1,0.00109108944889158,0.9987857937812805,0.0001231790956808254
9209,3,1,0,0.6049083471298218,0.32768476009368896,0.06740688532590866
9210,1,0,0,0.8568235039710999,0.043443016707897186,0.09973341971635818
9211,4,0,0,0.7631677389144897,0.00598159758374095,0.23085056245326996
9212,4,2,0,0.7130452990531921,0.12261372804641724,0.16434098780155182
9213,0,0,0,0.9547748565673828,0.015423817560076714,0.02980133146047592
9214,1,1,1,9.434244566364214e-05,0.9998551607131958,5.053082713857293e-05
9215,3,1,1,0.13792146742343903,0.8190261125564575,0.04305247217416763
9217,3,1,1,0.08224419504404068,0.9112921357154846,0.006463649682700634
9218,3,1,1,0.00859798863530159,0.9888654351234436,0.0025365191977471113
9219,1,2,2,0.005556428339332342,0.008749967440962791,0.9856936931610107
9220,2,0,0,0.8705683946609497,0.03529186174273491,0.09413974732160568
9221,4,0,0,0.9740298390388489,0.004117121919989586,0.02185298688709736
9225,4,0,2,0.26693645119667053,0.10074809193611145,0.632315456867218
9226,3,0,0,0.6995241641998291,0.0724124163389206,0.22806337475776672
9227,4,0,0,0.9019290804862976,0.03595748171210289,0.062113404273986816
9230,2,0,1,0.2924865186214447,0.6856250166893005,0.02188842184841633
9231,0,0,0,0.8081222772598267,0.11869441717863083,0.0731833353638649
9233,0,0,0,0.9392696619033813,0.038000769913196564,0.02272951230406761
9234,2,1,1,0.022927649319171906,0.8744746446609497,0.10259773582220078
9235,1,1,1,0.16343538463115692,0.758112907409668,0.0784517377614975
9236,1,0,0,0.9380881786346436,0.008307941257953644,0.053603798151016235
9237,3,1,1,0.0029399727936834097,0.9946948885917664,0.002365106251090765
9238,1,0,0,0.9393436908721924,0.025515569373965263,0.03514079377055168
9239,0,2,2,0.43316641449928284,0.052395500242710114,0.5144380927085876
9240,4,1,1,0.12044558674097061,0.8646254539489746,0.014928989112377167
9241,4,0,0,0.8794021010398865,0.06739387661218643,0.05320402979850769
9242,4,0,0,0.7553659081459045,0.07706035673618317,0.16757376492023468
9243,0,0,0,0.8407807946205139,0.035545263439416885,0.12367390841245651
9244,1,0,0,0.7229169011116028,0.03979189693927765,0.2372911125421524
9246,3,1,0,0.7197386622428894,0.1068047359585762,0.17345665395259857
9247,2,1,1,0.019827980548143387,0.9795427322387695,0.0006292936741374433
9248,3,0,0,0.7806089520454407,0.05244710296392441,0.1669439822435379
9249,2,0,0,0.7659695148468018,0.2008708119392395,0.033159688115119934
9251,2,2,0,0.7242011427879333,0.03266206383705139,0.24313679337501526
9253,3,0,0,0.8226073980331421,0.010035663843154907,0.167356938123703
9255,1,1,0,0.6556748151779175,0.09831849485635757,0.24600674211978912
9256,3,0,0,0.8712033629417419,0.06900572031736374,0.059791021049022675
9257,0,0,0,0.7415949106216431,0.22923994064331055,0.029165135696530342
9258,3,1,2,4.852157144341618e-05,0.008872009813785553,0.9910793900489807
9259,4,1,1,0.01456963550299406,0.9848484396934509,0.0005818934878334403
9260,0,1,1,0.4302383363246918,0.5489152073860168,0.020846396684646606
9261,2,2,2,0.3435922861099243,0.0007166541763581336,0.6556909680366516
9262,0,0,0,0.8910136818885803,0.05579419434070587,0.053192175924777985
9263,3,0,0,0.8432531356811523,0.06774354726076126,0.08900327235460281
9266,1,0,0,0.973952054977417,0.015059500932693481,0.01098840031772852
9269,4,0,0,0.9483668208122253,0.02910887822508812,0.022524381056427956
9271,4,2,0,0.8504605889320374,0.0021011093631386757,0.14743830263614655
9273,1,0,0,0.9479820728302002,0.02803949825465679,0.023978421464562416
9274,4,0,0,0.6544310450553894,0.05875176191329956,0.28681716322898865
9275,0,2,0,0.4983113408088684,0.3747239112854004,0.12696470320224762
9276,3,0,0,0.7614415884017944,0.18893183767795563,0.049626510590314865
9277,0,1,1,4.8893143684836105e-05,0.9999364614486694,1.4584014934371226e-05
9278,1,0,0,0.9685336947441101,0.012886900454759598,0.01857944391667843
9281,3,0,0,0.8213213086128235,0.032898105680942535,0.145780548453331
9282,0,0,0,0.8986518979072571,0.026805885136127472,0.07454217970371246
9283,3,0,1,0.00322266505099833,0.99601811170578,0.0007591757457703352
9284,3,1,1,0.003199698170647025,0.9965400695800781,0.0002602041931822896
9285,0,1,1,0.044800013303756714,0.9058206081390381,0.04937942698597908
9287,3,0,0,0.7360315918922424,0.1861717402935028,0.07779660820960999
9288,0,0,1,0.4477124512195587,0.48262420296669006,0.06966331601142883
9289,0,1,1,0.0003977161832153797,0.9995471835136414,5.510140545084141e-05
9290,4,2,2,0.46643808484077454,0.002326749265193939,0.5312352180480957
9291,0,1,1,0.0008448544540442526,0.9990012049674988,0.0001539031509310007
9293,4,1,0,0.8013952374458313,0.1365058422088623,0.062098972499370575
9294,1,0,1,0.041927777230739594,0.7729992270469666,0.1850729137659073
9295,1,0,0,0.8470126390457153,0.1164361909031868,0.03655114769935608
9296,2,0,1,0.2814621925354004,0.6956926584243774,0.022845199331641197
9297,4,1,1,0.0019985265098512173,0.9959858059883118,0.0020156740210950375
9298,0,0,0,0.9565500020980835,0.0070684123784303665,0.03638158366084099
9299,0,0,0,0.8119572401046753,0.03487969934940338,0.15316303074359894
9300,3,1,0,0.8724486827850342,0.013526370748877525,0.11402498930692673
9301,2,0,0,0.9242703914642334,0.018733158707618713,0.05699635297060013
9302,0,1,0,0.8263769149780273,0.05292290449142456,0.1207001656293869
9304,1,1,1,0.04793830215930939,0.9332550764083862,0.018806613981723785
9305,2,0,0,0.8957710266113281,0.004327069967985153,0.09990184009075165
9306,4,1,1,0.23422680795192719,0.7511382102966309,0.014634939841926098
9307,4,1,1,0.003253212431445718,0.9953505992889404,0.0013962241355329752
9308,0,2,0,0.8047856688499451,0.04396430775523186,0.151249960064888
9310,0,0,0,0.6745231747627258,0.3018936216831207,0.023583197966217995
9311,2,2,2,0.28245919942855835,0.061732709407806396,0.6558080315589905
9314,0,0,0,0.5396048426628113,0.3128545582294464,0.14754056930541992
9315,4,0,0,0.6028904318809509,0.32747891545295715,0.06963063776493073
9316,1,0,0,0.8748185634613037,0.045772090554237366,0.07940936833620071
9317,0,0,0,0.9223129749298096,0.01225297898054123,0.06543401628732681
9318,0,1,1,0.016781629994511604,0.979710578918457,0.0035077854990959167
9319,2,1,1,0.004273607861250639,0.9953988194465637,0.00032757798908278346
9320,1,2,0,0.6733118295669556,0.04200683906674385,0.2846813201904297
9322,1,2,0,0.852257251739502,0.05861968919634819,0.08912298083305359
9323,0,0,0,0.8746947646141052,0.019770488142967224,0.10553473979234695
9324,1,1,1,0.3278444707393646,0.6436299085617065,0.02852562628686428
9325,4,2,0,0.710540771484375,0.14659835398197174,0.14286082983016968
9326,3,0,0,0.9337625503540039,0.017555303871631622,0.04868220165371895
9327,4,0,0,0.706506073474884,0.19301997125148773,0.1004740297794342
9328,1,0,0,0.7305893301963806,0.20350278913974762,0.0659077912569046
9330,3,0,0,0.8561749458312988,0.08115588128566742,0.06266909092664719
9333,2,1,1,0.13139928877353668,0.8608506917953491,0.007750031538307667
9336,4,0,0,0.8152880668640137,0.09638313204050064,0.0883287787437439
9337,1,0,0,0.8866610527038574,0.06264931708574295,0.05068960040807724
9338,2,0,1,0.20674194395542145,0.7679547071456909,0.02530333399772644
9340,0,0,1,0.1814597249031067,0.641602635383606,0.17693759500980377
9341,0,1,0,0.8307501077651978,0.10260108858346939,0.06664883345365524
9342,3,1,1,0.0017893112963065505,0.998018741607666,0.0001918919588206336
9343,1,0,0,0.8898018598556519,0.06854340434074402,0.041654765605926514
9344,1,1,1,0.0695658028125763,0.9239921569824219,0.006442048586905003
9345,4,2,0,0.939723789691925,0.010478612966835499,0.049797650426626205
9346,3,1,1,0.0010852210689336061,0.9987362027168274,0.00017859750369098037
9348,0,1,1,0.22747011482715607,0.7023510336875916,0.07017884403467178
9349,2,0,0,0.9034470319747925,0.006916936952620745,0.08963590860366821
9350,1,2,0,0.771032452583313,0.12897594273090363,0.09999153017997742
9353,3,1,1,0.00011176153930136934,0.9998693466186523,1.891495230665896e-05
9354,1,0,0,0.7485982179641724,0.1266704648733139,0.1247313916683197
9355,1,2,0,0.9216441512107849,0.0430825874209404,0.03527335077524185
9356,2,2,0,0.7314383387565613,0.06124449148774147,0.20731724798679352
9358,1,1,0,0.6401868462562561,0.24687431752681732,0.112938791513443
9359,0,1,0,0.8980967402458191,0.006778678856790066,0.09512458741664886
9360,4,2,0,0.8672515153884888,0.016121666878461838,0.11662686616182327
9361,1,1,0,0.7627273201942444,0.07394900172948837,0.16332364082336426
9362,1,0,0,0.601652979850769,0.32871729135513306,0.06962976604700089
9363,2,0,0,0.9754084348678589,0.01538544986397028,0.009206169284880161
9364,2,0,0,0.9496641159057617,0.0133383022621274,0.03699766471982002
9365,2,0,0,0.9096331000328064,0.030273526906967163,0.060093384236097336
9367,1,1,1,0.00858660601079464,0.9887823462486267,0.0026310093235224485
9368,2,0,0,0.7398672103881836,0.10927361249923706,0.15085914731025696
9369,1,1,1,0.29546672105789185,0.46201562881469727,0.24251767992973328
9370,2,0,0,0.746310293674469,0.049676086753606796,0.2040136158466339
9371,4,1,1,0.00010458550968905911,0.9998835325241089,1.1900044228241313e-05
9372,2,2,1,0.2587646543979645,0.700878381729126,0.04035698622465134
9373,0,1,1,0.0009819417027756572,0.9964861869812012,0.0025318895932286978
9375,4,0,0,0.8760556578636169,0.038740091025829315,0.08520418405532837
9376,1,2,0,0.6702637672424316,0.30351439118385315,0.02622177265584469
9377,3,0,0,0.826571524143219,0.023190813139081,0.15023773908615112
9380,4,2,0,0.7155269384384155,0.015878727659583092,0.26859432458877563
9382,3,2,0,0.8828232884407043,0.04729015380144119,0.06988657265901566
9387,0,2,0,0.8569794297218323,0.006451621651649475,0.13656894862651825
9389,0,0,0,0.889606237411499,0.08938495814800262,0.021008826792240143
9390,2,1,1,0.00046374090015888214,0.9990015625953674,0.0005346813122741878
9392,1,1,0,0.7455501556396484,0.17844989895820618,0.07600001245737076
9393,0,0,0,0.9760863184928894,0.0020241360180079937,0.02188950590789318
9394,3,0,0,0.9512712955474854,0.012674861587584019,0.036053795367479324
9395,1,1,0,0.5570899844169617,0.3561704754829407,0.08673954755067825
9398,0,1,1,0.2356041967868805,0.5174773335456848,0.2469184845685959
9399,3,2,0,0.8295655846595764,0.047162238508462906,0.1232721209526062
9400,3,1,2,0.0029758831951767206,0.0006172023713588715,0.9964068531990051
9401,1,1,1,0.4623330533504486,0.4893907606601715,0.04827624559402466
9402,2,1,1,0.4426589608192444,0.5455291867256165,0.011811899952590466
9403,0,1,1,0.18952079117298126,0.7919453978538513,0.018533777445554733
9404,4,0,0,0.8421226143836975,0.053019192069768906,0.10485828667879105
9405,2,0,0,0.9427990317344666,0.002283373847603798,0.054917652159929276
9406,4,0,0,0.9247912168502808,0.019032897427678108,0.05617593228816986
9408,3,0,0,0.8517013788223267,0.012915283441543579,0.1353832483291626
9409,1,2,0,0.8473174571990967,0.06201254576444626,0.09067003428936005
9410,3,0,0,0.8720349073410034,0.01028197817504406,0.11768317967653275
9411,0,2,0,0.8446831107139587,0.045720405876636505,0.10959649085998535
9413,0,0,0,0.7051138281822205,0.06875652074813843,0.2261296659708023
9414,1,0,0,0.6814542412757874,0.16631877422332764,0.15222693979740143
9415,3,1,2,0.1620500385761261,0.004054088611155748,0.8338958621025085
9416,3,0,0,0.7128360867500305,0.25424909591674805,0.03291482478380203
9417,3,2,2,0.00043916914728470147,0.012309341691434383,0.9872514009475708
9419,4,2,2,0.0005542938015423715,0.0066868821159005165,0.9927587509155273
9420,0,2,2,0.0015516369603574276,0.009119411930441856,0.9893290400505066
9421,4,1,1,0.008340378291904926,0.9909881949424744,0.0006714117480441928
9423,4,0,1,0.4747750461101532,0.49716970324516296,0.028055228292942047
9425,1,1,1,0.14255306124687195,0.7906414866447449,0.06680550426244736
9427,4,0,0,0.7670260667800903,0.17204730212688446,0.06092661991715431
9428,4,0,0,0.6159912347793579,0.2157347947359085,0.16827403008937836
9429,4,1,0,0.5595249533653259,0.12563741207122803,0.31483766436576843
9430,1,0,0,0.9952471852302551,0.000760169408749789,0.003992672543972731
9431,3,0,0,0.8788872361183167,0.07450174540281296,0.0466109924018383
9432,4,1,1,0.0014297727029770613,0.9915801286697388,0.006990073248744011
9433,1,0,0,0.9173315167427063,0.025795169174671173,0.056873247027397156
9434,1,1,1,7.575011113658547e-05,0.9990666508674622,0.0008575700339861214
9435,3,1,0,0.8602923154830933,0.029946519061923027,0.10976111888885498
9436,1,0,0,0.8571110963821411,0.07010291516780853,0.07278598099946976
9437,0,1,1,0.008153491653501987,0.9908018708229065,0.0010446918895468116
9438,4,1,1,0.0009695147164165974,0.9983439445495605,0.00068652507616207
9441,0,0,1,0.16665688157081604,0.8208581209182739,0.012485004961490631
9442,3,0,0,0.8651437759399414,0.004535526502877474,0.1303207278251648
9443,3,0,0,0.879544198513031,0.009615013375878334,0.110840804874897
9445,2,2,2,0.00606560381129384,0.11508376151323318,0.8788506388664246
9446,2,2,1,0.028078410774469376,0.83912193775177,0.13279969990253448
9447,0,1,1,4.1587307350710034e-05,0.9998937845230103,6.460300937760621e-05
9448,2,0,0,0.815815269947052,0.11744473874568939,0.066740021109581
9449,3,0,0,0.4361725449562073,0.17223183810710907,0.3915955722332001
9450,3,0,0,0.7507615089416504,0.20199815928936005,0.047240398824214935
9451,3,2,0,0.4933146834373474,0.254793643951416,0.2518916428089142
9452,4,1,1,0.2508174180984497,0.7362383604049683,0.012944220565259457
9453,0,0,0,0.8479518890380859,0.03707277402281761,0.11497540026903152
9454,2,0,0,0.861329972743988,0.12573784589767456,0.012932159006595612
9455,0,1,1,0.00024823728017508984,0.9995757937431335,0.00017591181676834822
9456,4,0,1,0.1450653374195099,0.8286973237991333,0.026237312704324722
9457,0,0,0,0.8276185393333435,0.008360663428902626,0.16402088105678558
9458,4,0,0,0.7452242374420166,0.14702312648296356,0.10775261372327805
9460,2,1,2,0.002290932694450021,0.0035303346812725067,0.9941787719726562
9462,1,0,0,0.9460124969482422,0.00337583408690989,0.05061155930161476
9463,3,0,0,0.9275367259979248,0.014331670477986336,0.05813155323266983
9464,3,0,0,0.9518279433250427,0.01045108214020729,0.03772103041410446
9465,3,0,0,0.6952197551727295,0.26388564705848694,0.04089454188942909
9466,2,1,1,0.00047134479973465204,0.9982325434684753,0.0012961135944351554
9468,2,0,0,0.9503478407859802,0.03601111099123955,0.013641096651554108
9469,0,0,0,0.9550571441650391,0.009379299357533455,0.03556351363658905
9470,4,2,2,0.000741031370125711,0.0016971275908872485,0.9975619316101074
9472,2,2,0,0.903793215751648,0.04994877800345421,0.04625808075070381
9473,4,1,0,0.5679997801780701,0.03845742344856262,0.3935428261756897
9474,0,2,0,0.8786051273345947,0.032696325331926346,0.08869849145412445
9475,0,0,0,0.9556525349617004,0.015455378219485283,0.02889200672507286
9476,3,0,0,0.5806677341461182,0.3333689272403717,0.08596333861351013
9477,2,0,0,0.845458447933197,0.032832954078912735,0.12170866876840591
9478,4,1,1,0.023592693731188774,0.9760847687721252,0.0003225811815354973
9479,1,0,1,0.32744458317756653,0.6027517914772034,0.06980360299348831
9480,4,0,0,0.9604714512825012,0.0035817294847220182,0.035946860909461975
9481,3,0,0,0.8089559078216553,0.04317834973335266,0.14786575734615326
9482,3,0,0,0.8644993305206299,0.006346379406750202,0.1291542500257492
9484,3,1,1,0.022440558299422264,0.9754716157913208,0.0020878510549664497
9485,3,2,0,0.8591076731681824,0.052229177206754684,0.08866316080093384
9487,0,0,0,0.8761539459228516,0.04782978072762489,0.07601630687713623
9489,2,2,0,0.8690870404243469,0.08441133797168732,0.046501610428094864
9490,2,2,0,0.948577880859375,0.0028998644556850195,0.04852220416069031
9491,1,2,2,0.0001686706964392215,0.00180089904461056,0.9980303645133972
9492,2,2,2,0.0002507336903363466,1.4991694570198888e-06,0.9997476935386658
9493,4,2,2,5.3394658607430756e-05,7.230479241115972e-05,0.9998742341995239
9494,4,2,2,1.2965962014277466e-05,0.0012503009056672454,0.9987366795539856
9495,0,2,2,6.133189162937924e-05,1.9223749404773116e-05,0.9999194145202637
9496,1,0,0,0.8778237104415894,0.027352582663297653,0.09482376277446747
9497,0,2,2,0.0003510808164719492,5.674955536960624e-05,0.9995922446250916
9498,0,0,0,0.7925372123718262,0.04334710165858269,0.16411568224430084
9499,1,2,2,0.00015102238103281707,0.0006584541988559067,0.9991905093193054
9500,0,0,1,0.09103573858737946,0.8810152411460876,0.027948962524533272
9501,0,2,2,0.00014897053188178688,0.0036966626066714525,0.9961543679237366
9502,3,2,2,0.00011809272109530866,4.595939572027419e-06,0.9998772144317627
9503,3,2,2,1.4504465980280656e-05,5.9580539527814835e-05,0.9999258518218994
9504,0,2,2,2.53671059908811e-05,0.0024276478216052055,0.9975469708442688
9505,2,2,2,0.00010424436186440289,8.942764543462545e-05,0.9998063445091248
9506,3,0,0,0.7979559898376465,0.12899895012378693,0.0730450302362442
9507,3,0,0,0.899818480014801,0.0041295611299574375,0.09605195373296738
9508,4,0,0,0.9785233736038208,0.0029874981846660376,0.018489083275198936
9509,3,1,1,0.14609597623348236,0.8084853291511536,0.04541870206594467
9510,3,2,0,0.8664143085479736,0.03988498076796532,0.0937005952000618
9511,1,1,1,0.29870617389678955,0.5872686505317688,0.11402515321969986
9512,1,1,0,0.7679612636566162,0.011436102911829948,0.22060264647006989
9513,1,0,0,0.7082005143165588,0.2418103963136673,0.04998909682035446
9514,2,0,0,0.8280572295188904,0.10241776704788208,0.06952497363090515
9515,3,0,0,0.7611886262893677,0.12686143815517426,0.1119498461484909
9516,3,0,0,0.6843056082725525,0.12591056525707245,0.18978379666805267
9517,4,1,1,0.17891038954257965,0.8148515224456787,0.006238043773919344
9518,1,1,1,1.7946977095562033e-05,0.9999393224716187,4.277924381312914e-05
9519,4,0,0,0.8506312370300293,0.07454359531402588,0.07482516020536423
9520,3,0,0,0.7840188145637512,0.11223309487104416,0.10374806821346283
9521,2,1,1,3.858007403323427e-05,0.9999508857727051,1.0496351933397818e-05
9522,4,1,0,0.7741619348526001,0.015251437202095985,0.21058672666549683
9523,1,2,2,0.020550554618239403,0.01723661832511425,0.9622129201889038
9524,1,1,1,0.015491868369281292,0.9820502996444702,0.0024577586445957422
9525,4,0,0,0.886282205581665,0.03885103389620781,0.07486668974161148
9526,0,2,0,0.869848906993866,0.08243661373853683,0.04771452024579048
9529,3,2,0,0.5993435382843018,0.10975494980812073,0.2909015417098999
9530,0,0,0,0.9435535669326782,0.0053785028867423534,0.05106796324253082
9531,2,0,0,0.7859631776809692,0.18745233118534088,0.026584481820464134
9532,1,0,0,0.7920291423797607,0.06011519953608513,0.1478557288646698
9533,1,0,0,0.7408382892608643,0.04621156305074692,0.21295017004013062
9536,0,0,0,0.8006851673126221,0.17599493265151978,0.023319927975535393
9537,0,0,0,0.9772826433181763,0.0053782337345182896,0.017339078709483147
9539,0,1,0,0.5873653292655945,0.25977328419685364,0.15286147594451904
9540,1,0,0,0.760775625705719,0.1846500188112259,0.0545743927359581
9541,3,0,0,0.7886274456977844,0.10397011786699295,0.10740244388580322
9543,2,1,1,0.00836687907576561,0.991050124168396,0.0005830345908179879
9544,1,0,0,0.9103188514709473,0.01634695939719677,0.07333416491746902
9546,0,2,0,0.8140436410903931,0.05392630398273468,0.13203012943267822
9547,2,2,0,0.9092690348625183,0.014811648987233639,0.07591932266950607
9548,1,0,0,0.8986173272132874,0.018611129373311996,0.08277156203985214
9550,4,0,2,0.1988597959280014,0.0009389250772073865,0.8002012372016907
9551,1,1,1,0.06280836462974548,0.9289283156394958,0.00826335046440363
9552,2,1,1,0.042827293276786804,0.9514642357826233,0.005708455573767424
9553,4,1,1,0.0009135190630331635,0.9986598491668701,0.00042660569306463003
9554,1,1,0,0.8204602599143982,0.025366177782416344,0.15417350828647614
9557,2,2,0,0.7544272541999817,0.09111242741346359,0.15446026623249054
9559,4,0,0,0.9189942479133606,0.00488969124853611,0.07611612975597382
9560,4,0,0,0.7287611365318298,0.17119939625263214,0.10003948956727982
9561,0,0,1,0.1875336915254593,0.7286252379417419,0.08384105563163757
9563,4,1,0,0.8674654960632324,0.0808190256357193,0.051715508103370667
9564,1,0,0,0.7519859671592712,0.0985480472445488,0.14946603775024414
9565,3,0,0,0.8926426768302917,0.024489453062415123,0.08286783844232559
9566,4,1,1,0.004593423567712307,0.9944426417350769,0.0009639796335250139
9567,1,1,0,0.9450891017913818,0.012769079767167568,0.042141836136579514
9568,3,2,0,0.6997008323669434,0.15073829889297485,0.14956089854240417
9569,1,1,1,0.00044824532233178616,0.9994912147521973,6.057261998648755e-05
9570,2,1,2,6.488725921371952e-05,0.00014673403347842395,0.9997884631156921
9571,0,0,0,0.9638433456420898,0.007817337289452553,0.028339246287941933
9573,0,0,0,0.8995007276535034,0.038316503167152405,0.062182728201150894
9574,2,0,0,0.8561580777168274,0.051526665687561035,0.0923151820898056
9576,4,0,0,0.8880178332328796,0.002750365762040019,0.1092318519949913
9578,3,0,0,0.8672370314598083,0.045096542686223984,0.0876663476228714
9579,4,2,0,0.5849055647850037,0.03930407017469406,0.3757902979850769
9580,2,0,0,0.9141724109649658,0.0051093511283397675,0.08071823418140411
9581,2,1,1,0.00014012024621479213,0.9998455047607422,1.4381189430423547e-05
9582,3,0,0,0.9448358416557312,0.004325868561863899,0.05083821713924408
9583,1,2,0,0.7552613019943237,0.06358388811349869,0.1811547577381134
9584,2,1,1,0.00026242894819006324,0.9996508359909058,8.670550596434623e-05
9585,4,0,0,0.8838610649108887,0.007034051697701216,0.10910491645336151
9586,2,2,0,0.7675129771232605,0.00645607803016901,0.22603102028369904
9587,4,2,0,0.7843331694602966,0.04205818846821785,0.17360864579677582
9588,1,0,0,0.7888892292976379,0.06135822460055351,0.14975255727767944
9589,0,0,0,0.8994930982589722,0.04044129699468613,0.06006554886698723
9590,1,1,0,0.7530394792556763,0.23036408424377441,0.01659649796783924
9591,0,1,1,0.0004998933873139322,0.9811536073684692,0.018346576020121574
9592,3,0,0,0.6426619291305542,0.11606454104185104,0.24127356708049774
9593,1,2,0,0.4575650691986084,0.33761078119277954,0.20482411980628967
9594,2,0,1,0.0003457536513451487,0.9995811581611633,7.314179674722254e-05
9596,4,0,0,0.6573790907859802,0.29528164863586426,0.04733922705054283
9597,1,0,0,0.9289937019348145,0.028035180643200874,0.042971156537532806
9598,4,0,2,0.23230110108852386,0.2119261622428894,0.5557727217674255
9599,0,0,0,0.7713243365287781,0.13955530524253845,0.08912035822868347
9600,0,1,0,0.853635847568512,0.11500057578086853,0.031363505870103836
9601,1,0,0,0.5544498562812805,0.3738117218017578,0.07173843681812286
9602,1,1,1,0.14291343092918396,0.8403167128562927,0.016769886016845703
9604,2,2,0,0.7656037211418152,0.020495623350143433,0.2139005810022354
9605,1,0,0,0.9044954180717468,0.028844144195318222,0.06666045635938644
9606,4,2,0,0.5568096041679382,0.01970904879271984,0.42348137497901917
9607,1,0,0,0.7258918285369873,0.02259434200823307,0.25151383876800537
9608,3,0,0,0.7222172617912292,0.21285699307918549,0.06492570787668228
9609,3,1,0,0.4280901551246643,0.27770742774009705,0.29420241713523865
9612,2,0,0,0.9416621327400208,0.00946569163352251,0.048872210085392
9613,2,0,0,0.9598032832145691,0.01813398115336895,0.022062715142965317
9614,3,1,0,0.381727010011673,0.24653410911560059,0.3717389404773712
9616,2,0,0,0.6329219341278076,0.23960980772972107,0.1274682730436325
9618,3,1,1,0.3230564594268799,0.6275352239608765,0.04940830543637276
9619,4,1,0,0.5933618545532227,0.2863537669181824,0.12028436362743378
9620,3,1,0,0.8226420879364014,0.12055959552526474,0.056798286736011505
9623,0,2,0,0.8459800481796265,0.06004716455936432,0.09397286176681519
9624,0,0,2,0.005649464670568705,0.0005901750992052257,0.9937602877616882
9625,1,0,0,0.8303016424179077,0.11511839181184769,0.05457999184727669
9627,0,0,0,0.8720592856407166,0.07879763096570969,0.049143049865961075
9628,1,2,0,0.760164737701416,0.20741267502307892,0.03242258355021477
9629,0,2,0,0.8618663549423218,0.010790093801915646,0.1273435354232788
9630,0,0,0,0.8208219408988953,0.09085942804813385,0.08831869065761566
9631,1,1,1,5.281329504214227e-05,0.9999346733093262,1.2479629731387831e-05
9632,0,0,0,0.8885853886604309,0.06756443530321121,0.04385007545351982
9633,0,1,0,0.8182026743888855,0.13474345207214355,0.04705391824245453
9634,3,0,0,0.7860162258148193,0.16849951446056366,0.04548429697751999
9635,4,2,2,0.0001202237035613507,0.0026331243570894003,0.9972467422485352
9636,3,0,0,0.7965468168258667,0.16141527891159058,0.0420379713177681
9637,2,2,0,0.701138436794281,0.011315901763737202,0.28754571080207825
9638,3,2,2,9.137755841948092e-05,0.0003846519102808088,0.9995239973068237
9639,4,2,2,6.254633626667783e-05,0.00415445864200592,0.9957829713821411
9640,3,2,2,5.225324639468454e-05,0.0027421126142144203,0.9972055554389954
9641,2,2,2,3.356632441864349e-05,2.7842248528031632e-05,0.9999384880065918
9642,1,2,2,0.004011198878288269,0.0004337330174166709,0.9955549836158752
9643,0,2,2,1.10861783468863e-05,0.0005051578627899289,0.9994837045669556
9644,3,2,2,0.000256035738857463,0.00017151469364762306,0.9995724558830261
9645,3,0,0,0.9481682777404785,0.011034966446459293,0.040796808898448944
9646,2,0,0,0.918917715549469,0.023036392405629158,0.058045919984579086
9647,3,0,0,0.8369632363319397,0.0035599442198872566,0.1594768762588501
9648,1,2,0,0.8348907828330994,0.013579980470240116,0.15152917802333832
9649,0,2,0,0.8683920502662659,0.06076004356145859,0.07084794342517853
9650,1,2,2,3.054625994991511e-05,0.00274222856387496,0.9972272515296936
9651,3,2,0,0.7120776772499084,0.2200412005186081,0.06788121908903122
9652,2,0,0,0.802140474319458,0.15000373125076294,0.047855738550424576
9653,4,2,0,0.7948575615882874,0.025941994041204453,0.17920047044754028
9654,4,0,0,0.9062281847000122,0.044326089322566986,0.04944572597742081
9655,0,0,1,0.03189922496676445,0.9616868495941162,0.0064138565212488174
9656,3,0,0,0.9200252294540405,0.02205340564250946,0.05792135372757912
9657,2,2,2,0.00018886000907514244,0.00034654614864848554,0.9994645714759827
9658,0,1,2,0.3984422981739044,0.13419277966022491,0.4673648774623871
9659,2,1,1,0.00021577716688625515,0.9997308850288391,5.327826147549786e-05
9661,2,2,0,0.7025206685066223,0.22868384420871735,0.06879548728466034
9662,1,1,0,0.914149820804596,0.013569959439337254,0.07228025794029236
9663,0,0,0,0.6467930674552917,0.18898826837539673,0.16421863436698914
9665,4,0,0,0.8811977505683899,0.008908158168196678,0.10989407449960709
9666,0,1,0,0.4146119952201843,0.3023741543292999,0.28301385045051575
9667,0,0,0,0.9430962204933167,0.025991858914494514,0.030911950394511223
9668,3,2,0,0.83058762550354,0.07124298065900803,0.09816932678222656
9669,2,2,0,0.6842664480209351,0.00722106546163559,0.30851244926452637
9670,0,2,2,0.0004903687513433397,0.0012439099373295903,0.9982656836509705
9671,0,0,0,0.7653719186782837,0.03248843178153038,0.20213961601257324
9675,2,0,0,0.9159083962440491,0.036425359547138214,0.04766623675823212
9676,4,1,0,0.8702578544616699,0.02429787814617157,0.10544420033693314
9679,3,1,1,0.40726137161254883,0.46917033195495605,0.1235683336853981
9681,3,1,1,0.00026425396208651364,0.9997156262397766,2.015155041590333e-05
9682,4,0,0,0.8221123218536377,0.12954913079738617,0.04833855852484703
9684,4,0,0,0.8356650471687317,0.022171951830387115,0.14216308295726776
9685,3,2,2,0.009849541820585728,0.06576328724622726,0.9243872165679932
9686,1,0,0,0.8339924812316895,0.09360578656196594,0.0724017396569252
9687,0,1,1,0.011768696829676628,0.9866913557052612,0.001540011609904468
9688,4,2,2,0.09652895480394363,0.008286183699965477,0.8951848745346069
9690,4,1,1,0.0001187153029604815,0.999772846698761,0.0001084022514987737
9692,3,0,0,0.6734541058540344,0.2438964992761612,0.08264942467212677
9693,3,0,0,0.6636346578598022,0.18646235764026642,0.14990295469760895
9694,0,0,0,0.9515032768249512,0.011929006315767765,0.036567699164152145
9695,1,0,0,0.7863355278968811,0.2028704583644867,0.010793976485729218
9696,0,0,0,0.7440715432167053,0.026085376739501953,0.22984302043914795
9698,1,0,0,0.9393553733825684,0.015762485563755035,0.04488210007548332
9701,4,1,0,0.935433030128479,0.004270217847079039,0.06029675900936127
9702,1,1,0,0.91267991065979,0.010347217321395874,0.07697291672229767
9703,1,1,0,0.7292051315307617,0.22612087428569794,0.04467393085360527
9704,3,0,0,0.8067988753318787,0.12060025334358215,0.07260087132453918
9705,0,0,0,0.9148134589195251,0.034148890525102615,0.05103761702775955
9706,1,0,0,0.7948701977729797,0.0617910735309124,0.1433386504650116
9707,0,1,0,0.6270891427993774,0.34952637553215027,0.023384472355246544
9708,1,2,0,0.8395900726318359,0.06869304180145264,0.09171685576438904
9710,3,1,1,0.4018467366695404,0.5546006560325623,0.04355263710021973
9711,1,0,0,0.8343775272369385,0.10262668132781982,0.06299581378698349
9712,3,0,0,0.6887568235397339,0.23888322710990906,0.07235991209745407
9713,0,0,0,0.9710609316825867,0.005115669686347246,0.023823391646146774
9715,0,1,1,0.00014399444626178592,0.9997574687004089,9.858310659183189e-05
9716,0,1,1,0.02960249036550522,0.9680359959602356,0.0023615204263478518
9717,3,2,0,0.6816579103469849,0.20751778781414032,0.11082432419061661
9718,2,2,2,0.006384547334164381,8.064079884206876e-05,0.9935348033905029
9720,1,1,1,0.0012472782982513309,0.9982990622520447,0.0004536898049991578
9721,0,1,1,0.0048888446763157845,0.9935185313224792,0.001592597458511591
9722,4,1,1,0.03309966251254082,0.9663614630699158,0.0005388222052715719
9723,2,0,0,0.8834137320518494,0.0636332705616951,0.05295296013355255
9724,2,0,0,0.8620315790176392,0.02491583488881588,0.11305258423089981
9725,3,0,0,0.9027592539787292,0.009619752876460552,0.08762086927890778
9726,1,0,0,0.658001184463501,0.04192403703927994,0.30007481575012207
9727,3,0,0,0.7738612294197083,0.17283716797828674,0.053301624953746796
9729,0,0,0,0.9399303793907166,0.02056766487658024,0.03950204327702522
9730,3,0,0,0.91153484582901,0.043867796659469604,0.04459742456674576
9731,4,0,0,0.8265682458877563,0.04477570578455925,0.1286560446023941
9732,4,1,1,0.001052228850312531,0.9987640380859375,0.00018379121320322156
9735,3,2,0,0.7789624929428101,0.020967528223991394,0.20007002353668213
9736,0,1,1,0.03182529658079147,0.9545531272888184,0.013621612451970577
9738,1,2,0,0.8967613577842712,0.054847728461027145,0.04839090630412102
9739,4,2,1,0.152757927775383,0.8397512435913086,0.007490850985050201
9742,0,1,0,0.8100090026855469,0.13013386726379395,0.05985715612769127
9743,2,0,0,0.6760597825050354,0.08692547678947449,0.23701471090316772
9745,2,0,0,0.956643283367157,0.013780090026557446,0.029576608911156654
9746,0,1,0,0.9370293617248535,0.022818641737103462,0.04015209525823593
9747,4,0,0,0.8374428153038025,0.1154429093003273,0.04711418226361275
9748,3,0,0,0.7434569001197815,0.12139147520065308,0.13515163958072662
9749,3,0,0,0.856410801410675,0.04628552868962288,0.09730374068021774
9750,2,0,0,0.974187970161438,0.004132866393774748,0.021679077297449112
9751,0,0,0,0.5407256484031677,0.4184156060218811,0.040858712047338486
9752,1,1,1,0.007873866707086563,0.9822745323181152,0.009851616807281971
9753,1,1,1,0.004630237352102995,0.9946696162223816,0.0007001552730798721
9754,4,0,0,0.8721666932106018,0.003234617877751589,0.12459868937730789
9755,3,1,0,0.7727031707763672,0.12946973741054535,0.09782707691192627
9756,0,0,0,0.3750624358654022,0.3346465826034546,0.2902909815311432
9758,4,0,2,0.37781113386154175,0.050401151180267334,0.5717877149581909
9759,1,2,2,0.0007145089912228286,0.019028780981898308,0.9802567362785339
9761,3,0,0,0.6106898784637451,0.0571904294192791,0.33211973309516907
9762,1,2,1,0.1074623242020607,0.6768040060997009,0.21573369204998016
9765,3,2,0,0.7757994532585144,0.02933574467897415,0.19486477971076965
9766,3,2,0,0.837702751159668,0.08321701735258102,0.07908020913600922
9767,4,0,0,0.9610347151756287,0.003989601973444223,0.03497570753097534
9768,2,1,1,0.0029968905728310347,0.9962900876998901,0.0007130326121114194
9770,1,0,0,0.9412958025932312,0.027382273226976395,0.031321994960308075
9772,1,1,0,0.5531392693519592,0.12728027999401093,0.31958046555519104
9773,1,1,1,0.0001647652534302324,0.9997569918632507,7.82626957516186e-05
9774,2,0,0,0.9386953711509705,0.010663137771189213,0.05064142495393753
9775,4,0,0,0.9149380922317505,0.0065382057800889015,0.078523650765419
9776,3,1,1,0.013750577345490456,0.9848175644874573,0.0014318599132820964
9777,0,0,0,0.8255414962768555,0.01477387547492981,0.1596846878528595
9779,2,1,1,0.045516643673181534,0.9532170295715332,0.0012663226807489991
9780,0,1,0,0.8130797743797302,0.0652935802936554,0.12162671238183975
9781,0,1,0,0.8026546835899353,0.1370396614074707,0.06030575931072235
9782,1,1,1,0.2528257966041565,0.6937849521636963,0.05338919162750244
9785,1,1,0,0.6689630746841431,0.26074880361557007,0.07028822600841522
9786,2,2,2,4.1003284422913566e-05,0.00020151404896751046,0.9997574687004089
9787,4,2,0,0.690998911857605,0.015905173495411873,0.2930959165096283
9788,4,0,2,0.33081501722335815,0.005537718068808317,0.6636471748352051
9789,4,2,2,0.4383499324321747,0.005951038561761379,0.5556990504264832
9791,3,1,1,0.0004090936854481697,0.9994138479232788,0.00017712607223074883
9792,1,1,1,7.739955435681622e-06,0.9999903440475464,1.969902086784714e-06
9793,1,1,1,0.041900474578142166,0.9560920000076294,0.0020074460189789534
9794,3,1,1,0.22040218114852905,0.7539166212081909,0.02568119950592518
9795,4,0,0,0.8636642098426819,0.07538661360740662,0.060949213802814484
9796,1,0,0,0.6611154079437256,0.11389420926570892,0.2249903827905655
9797,1,1,1,0.0018033557571470737,0.9973158240318298,0.0008807909907773137
9798,4,1,1,0.09829258918762207,0.8688518404960632,0.032855529338121414
9799,4,0,0,0.9352680444717407,0.007259477861225605,0.05747241526842117
9802,0,1,1,0.00014325036318041384,0.9997876286506653,6.912327080499381e-05
9803,1,1,0,0.8638997077941895,0.07039454579353333,0.06570573151111603
9804,4,1,1,0.00021462023141793907,0.9997602105140686,2.522241265978664e-05
9805,4,1,1,3.0357972718775272e-05,0.9999552965164185,1.4352500329550821e-05
9808,3,1,1,0.00015685666585341096,0.9998202919960022,2.2829357476439327e-05
9809,2,0,0,0.9434714913368225,0.03805292770266533,0.01847553253173828
9810,2,0,0,0.8754353523254395,0.051694776862859726,0.0728699341416359
9811,0,1,1,4.097596320207231e-05,0.9999340772628784,2.4917399059631862e-05
9812,0,1,1,3.886339982273057e-05,0.9999350309371948,2.61309487541439e-05
9813,4,0,0,0.7908477187156677,0.008867181837558746,0.2002851516008377
9814,4,1,0,0.6065483689308167,0.3686157464981079,0.024835772812366486
9816,2,1,1,0.00011141671711811796,0.9998672008514404,2.130590655724518e-05
9817,3,1,0,0.5863651037216187,0.34526512026786804,0.06836981326341629
9818,2,0,0,0.9465199708938599,0.009630938060581684,0.04384914040565491
9819,3,0,0,0.6604214906692505,0.12043487280607224,0.2191435694694519
9820,4,0,1,0.01145848073065281,0.9878487586975098,0.0006928342627361417
9821,0,1,1,0.0003637892659753561,0.9995504021644592,8.580490975873545e-05
9823,4,0,1,0.36067137122154236,0.5884037613868713,0.05092480778694153
9824,4,1,1,0.0011805333197116852,0.9980344176292419,0.0007850986439734697
9826,3,0,2,0.20026427507400513,0.0019265247974544764,0.7978091239929199
9827,4,1,1,0.02037852443754673,0.978453516960144,0.0011679877061396837
9828,3,2,0,0.7907286882400513,0.06047350913286209,0.14879773557186127
9829,0,0,0,0.7719280123710632,0.18863306939601898,0.03943890333175659
9830,2,1,1,0.058182090520858765,0.9141712188720703,0.02764664590358734
9831,0,1,1,0.002065915847197175,0.9964032173156738,0.0015308764996007085
9833,2,2,2,0.02009706199169159,0.0006954956334084272,0.979207456111908
9835,4,0,0,0.9298611879348755,0.04859629645943642,0.02154252864420414
9836,2,2,0,0.9529387354850769,0.010033249855041504,0.037028007209300995
9837,2,0,1,0.19719552993774414,0.7914087772369385,0.011395633220672607
9838,3,0,0,0.9056633710861206,0.03616439923644066,0.05817220360040665
9839,0,2,2,0.052564945071935654,0.35784560441970825,0.5895894765853882
9840,1,2,0,0.866568922996521,0.06189677491784096,0.07153427600860596
9841,1,2,1,0.11697060614824295,0.6116967797279358,0.27133265137672424
9843,2,0,0,0.9739066958427429,0.0017532274359837174,0.024340122938156128
9844,3,0,0,0.6226227879524231,0.3173707127571106,0.06000645458698273
9845,2,0,0,0.8735266327857971,0.09621559083461761,0.030257735401391983
9846,2,0,0,0.8836138844490051,0.03570808842778206,0.08067792654037476
9847,1,1,1,0.0003171488060615957,0.9996763467788696,6.485297944891499e-06
9848,1,1,1,0.10302487760782242,0.8713354468345642,0.025639615952968597
9850,3,1,1,3.507319706841372e-05,0.9999251365661621,3.973017737735063e-05
9851,0,0,0,0.888529896736145,0.014216864481568336,0.09725333750247955
9852,1,1,1,0.1736917942762375,0.7950658202171326,0.031242387369275093
9853,4,0,0,0.831871747970581,0.10177983343601227,0.06634842604398727
9854,3,0,0,0.7782317399978638,0.028877420350909233,0.19289076328277588
9855,4,0,0,0.8711663484573364,0.00991634652018547,0.11891728639602661
9856,4,2,0,0.8671681880950928,0.04589151591062546,0.08694019168615341
9857,3,0,0,0.9179477691650391,0.008258280344307423,0.0737939104437828
9859,0,1,1,0.00015270758012775332,0.8712491393089294,0.1285981386899948
9860,4,1,0,0.8764134645462036,0.08203215152025223,0.04155441001057625
9861,1,1,0,0.715704083442688,0.10095195472240448,0.1833440363407135
9862,0,0,0,0.651019811630249,0.2768076956272125,0.07217250764369965
9863,0,1,1,0.125016987323761,0.8570448756217957,0.017938075587153435
9864,4,1,1,0.4442026615142822,0.5098420977592468,0.04595528915524483
9865,1,0,1,0.3307684361934662,0.6367565393447876,0.032475005835294724
9866,4,0,0,0.9145705103874207,0.016590798273682594,0.06883872300386429
9867,2,1,0,0.7746748328208923,0.20773884654045105,0.0175863616168499
9869,2,0,2,0.28391706943511963,0.006358335725963116,0.7097245454788208
9870,0,0,0,0.7880436182022095,0.1226794421672821,0.08927693963050842
9871,0,2,0,0.7720949053764343,0.12370678037405014,0.10419829934835434
9872,2,0,0,0.6050141453742981,0.06472969055175781,0.3302561938762665
9873,4,1,0,0.8617029786109924,0.031123435124754906,0.1071736142039299
9874,0,0,0,0.8304241895675659,0.013723562471568584,0.15585219860076904
9875,3,0,0,0.8161733150482178,0.04774085059762001,0.1360858976840973
9876,0,1,1,0.017185233533382416,0.9814710021018982,0.0013437402667477727
9879,2,0,0,0.9619172215461731,0.018159491941332817,0.019923290237784386
9880,0,1,1,0.07100240886211395,0.907937228679657,0.021060360595583916
9881,1,1,0,0.8816171288490295,0.05487417057156563,0.06350870430469513
9882,1,1,1,0.01499979943037033,0.9824737906455994,0.0025263496208935976
9884,4,2,0,0.6628867983818054,0.07167795300483704,0.26543524861335754
9885,4,1,2,0.12539522349834442,0.37544968724250793,0.49915510416030884
9886,0,0,0,0.8790436387062073,0.06525831669569016,0.05569812282919884
9887,1,0,0,0.7726744413375854,0.029611073434352875,0.19771453738212585
9888,3,1,1,0.28966715931892395,0.6751604080200195,0.0351724848151207
9889,0,2,2,0.005039636045694351,0.010153031907975674,0.9848072528839111
9890,4,0,2,0.472275048494339,0.011566770263016224,0.5161581635475159
9893,4,0,0,0.7535858750343323,0.07160218805074692,0.1748119741678238
9894,0,0,0,0.7411451935768127,0.11870028078556061,0.14015454053878784
9897,1,1,0,0.9076677560806274,0.05641346052289009,0.035918816924095154
9898,1,1,0,0.7394419312477112,0.18962952494621277,0.07092856615781784
9900,1,0,0,0.9748796224594116,0.003689409699290991,0.021431030705571175
9902,2,0,0,0.8512888550758362,0.011393404565751553,0.13731765747070312
9903,4,0,0,0.7016424536705017,0.22510206699371338,0.07325545698404312
9904,0,0,0,0.8541299700737,0.05352979153394699,0.09234026074409485
9905,1,1,1,0.003889890154823661,0.9958285689353943,0.0002815819170791656
9906,3,0,0,0.854596734046936,0.021341286599636078,0.1240619644522667
9907,1,1,1,8.90767842065543e-05,0.9998854398727417,2.5416606149519794e-05
9908,1,1,0,0.861931324005127,0.07219155132770538,0.0658770427107811
9909,1,1,1,0.00014458829537034035,0.9998076558113098,4.780030940310098e-05
9910,1,0,0,0.7650961875915527,0.054202836006879807,0.18070104718208313
9911,4,1,1,0.39942893385887146,0.5801109671592712,0.020460089668631554
9912,1,0,0,0.881328284740448,0.041352786123752594,0.07731886953115463
9913,4,0,0,0.8478180766105652,0.06290650367736816,0.08927538245916367
9914,3,1,0,0.4645812511444092,0.4421074092388153,0.09331139922142029
9915,3,0,0,0.9534122347831726,0.009600699879229069,0.03698700666427612
9916,4,0,0,0.9725283980369568,0.00039025238947942853,0.02708139643073082
9919,0,0,0,0.9589869379997253,0.006634053774178028,0.034379057586193085
9920,2,1,1,2.7404177671996877e-05,0.9999675750732422,5.048262210038956e-06
9921,1,2,0,0.4766015112400055,0.2594160735607147,0.2639823853969574
9922,4,2,0,0.8668296933174133,0.043473485857248306,0.08969680219888687
9924,3,0,0,0.8146744966506958,0.03255029767751694,0.15277519822120667
9925,2,0,1,0.11254975944757462,0.8712949156761169,0.01615533046424389
9926,3,0,0,0.7610618472099304,0.06553073227405548,0.17340733110904694
9928,1,0,0,0.8134316802024841,0.07439279556274414,0.11217550188302994
9929,2,0,0,0.9530388712882996,0.024445567280054092,0.022515516728162766
9930,4,0,0,0.9118524789810181,0.011164149269461632,0.07698339223861694
9932,0,1,1,0.00013937981566414237,0.999786913394928,7.376529538305476e-05
9933,3,0,0,0.7932214736938477,0.07034891843795776,0.13642962276935577
9935,4,1,1,0.00015286255802493542,0.9997857213020325,6.145618681330234e-05
9936,4,0,0,0.8207331299781799,0.00736107025295496,0.17190580070018768
9937,0,0,0,0.9263337850570679,0.021680811420083046,0.05198546126484871
9938,1,0,0,0.7480034232139587,0.12759701907634735,0.12439951300621033
9940,4,0,0,0.9121580719947815,0.03305592015385628,0.054785944521427155
9941,4,1,1,0.27047330141067505,0.6795787215232849,0.049947939813137054
9942,3,1,0,0.8351314663887024,0.057106535881757736,0.10776196420192719
9943,4,1,1,0.0006206562975421548,0.9991346001625061,0.0002448151644784957
9944,4,2,0,0.5110547542572021,0.004239161033183336,0.4847060441970825
9946,0,0,0,0.732125997543335,0.2185545712709427,0.049319468438625336
9947,2,1,0,0.9209161996841431,0.06421197950839996,0.014871821738779545
9948,3,0,0,0.8297533988952637,0.07484603673219681,0.09540043771266937
9949,2,1,0,0.816592276096344,0.14375953376293182,0.03964819386601448
9950,3,1,1,0.00014141750580165535,0.9998371601104736,2.1427076717372984e-05
9951,2,2,2,0.0406055711209774,0.004896456841379404,0.9544979333877563
9952,4,2,0,0.6786123514175415,0.10211116075515747,0.2192765772342682
9953,2,2,0,0.9063435196876526,0.012433335185050964,0.08122318983078003
9956,2,0,0,0.96481853723526,0.001764100044965744,0.03341730684041977
9957,0,0,0,0.756986141204834,0.13465654850006104,0.10835728049278259
9958,4,0,0,0.921710729598999,0.04828425124287605,0.030005058273673058
9960,0,0,0,0.5787630081176758,0.23854850232601166,0.18268850445747375
9961,1,1,1,0.36107611656188965,0.6140397787094116,0.024884101003408432
9962,1,1,0,0.8823692798614502,0.071469746530056,0.04616096615791321
9963,1,2,0,0.7219138145446777,0.2202175110578537,0.05786868929862976
9964,3,0,0,0.7616954445838928,0.13574716448783875,0.10255750268697739
9965,1,2,1,0.13342741131782532,0.8495608568191528,0.017011694610118866
9966,0,0,0,0.5437393188476562,0.40161335468292236,0.05464735999703407
9967,0,1,0,0.8948193788528442,0.039041224867105484,0.06613942235708237
9968,3,0,0,0.7317503690719604,0.026028525084257126,0.24222107231616974
9969,0,0,0,0.9148920774459839,0.016272706910967827,0.06883513927459717
9970,3,1,1,0.13092145323753357,0.8584231734275818,0.010655378922820091
9972,3,0,0,0.9257412552833557,0.023445848375558853,0.050812847912311554
9973,3,1,1,0.00016105810937006027,0.9998038411140442,3.510066380840726e-05
9974,0,2,2,0.060765355825424194,0.07120375335216522,0.8680309653282166
9975,4,0,0,0.838130533695221,0.00486647617071867,0.15700304508209229
9976,4,0,0,0.8865157961845398,0.005183207802474499,0.10830097645521164
9977,0,1,1,0.0052934689447283745,0.9944711923599243,0.00023538735695183277
9979,2,0,0,0.8730291724205017,0.06984709203243256,0.057123780250549316
9981,1,1,1,0.3157673180103302,0.45356810092926025,0.23066456615924835
9982,3,2,0,0.7872898578643799,0.02472815103828907,0.18798194825649261
9983,1,0,0,0.5651019215583801,0.0955243706703186,0.3393736481666565
9984,3,1,1,0.0006420558202080429,0.999213457107544,0.00014445731358136982
9985,0,0,0,0.8952606916427612,0.011722883209586143,0.09301632642745972
9987,1,0,0,0.9153311252593994,0.040112465620040894,0.04455646499991417
9989,4,0,0,0.747103750705719,0.11263436079025269,0.14026187360286713
9990,2,0,0,0.8679880499839783,0.10150489211082458,0.030507078394293785
9991,0,1,1,0.00014569728227797896,0.9997512698173523,0.0001030006242217496
9992,2,2,0,0.607573926448822,0.005682986229658127,0.38674312829971313
9994,1,1,1,0.01769726350903511,0.9760540723800659,0.006248628254979849
9995,3,1,0,0.7976934909820557,0.12883426249027252,0.07347223162651062
9996,0,0,0,0.8766075968742371,0.022641416639089584,0.10075090080499649
9998,4,0,0,0.6645302176475525,0.008225982077419758,0.32724374532699585
9999,2,1,1,4.848177923122421e-05,0.9999444484710693,7.040624950604979e-06
10000,3,1,1,0.00015685666585341096,0.9998202919960022,2.2829357476439327e-05
10001,3,0,0,0.9442448616027832,0.017917945981025696,0.0378371924161911
10003,1,0,0,0.9628086686134338,0.015547829680144787,0.021643465384840965
10004,4,1,0,0.8357852697372437,0.15267865359783173,0.011536069214344025
10005,3,1,1,0.0014500378165394068,0.9979750514030457,0.0005748839466832578
10006,3,1,1,0.13092145323753357,0.8584231734275818,0.010655378922820091
10008,2,0,0,0.926794707775116,0.012586941011250019,0.0606183297932148
10009,4,1,1,0.03857361152768135,0.9589848518371582,0.00244153942912817
10010,4,0,0,0.8001800179481506,0.09911288321018219,0.10070712864398956
10011,2,0,0,0.9094536900520325,0.03185758739709854,0.05868866667151451
10012,4,1,1,0.01028192788362503,0.9890887141227722,0.0006292778998613358
10013,0,0,0,0.7159351706504822,0.18233272433280945,0.10173214972019196
10014,0,1,1,0.00016639016394037753,0.99943608045578,0.0003975119616370648
10016,0,2,0,0.8736311197280884,0.01919732615351677,0.10717146098613739
10017,1,1,1,1.9098706616205163e-05,0.9107896685600281,0.08919116854667664
10018,3,0,1,0.2828423082828522,0.6752715706825256,0.041886117309331894
10019,0,1,1,0.0011625596089288592,0.9983047246932983,0.0005327336257323623
10020,0,0,0,0.627787172794342,0.3073999285697937,0.06481288373470306
10022,3,0,0,0.8270991444587708,0.11366232484579086,0.05923862010240555
10023,2,0,0,0.9070339202880859,0.03343645855784416,0.05952958017587662
10025,3,0,0,0.8056277632713318,0.0501653254032135,0.1442069113254547
10027,3,0,0,0.6159235239028931,0.046251725405454636,0.3378247618675232
10028,3,0,2,0.14933224022388458,0.0010892850114032626,0.8495784997940063
10029,2,0,0,0.8712888360023499,0.028263909742236137,0.1004471629858017
10030,2,0,0,0.7243867516517639,0.07233143597841263,0.20328177511692047
10031,3,1,1,0.008081157691776752,0.9905216693878174,0.0013972283340990543
10032,1,0,0,0.7340459227561951,0.18670813739299774,0.07924588769674301
10034,4,0,0,0.8934730887413025,0.05512549728155136,0.05140140652656555
10035,0,2,0,0.5144324898719788,0.011436845175921917,0.47413066029548645
10037,4,0,1,0.08125567436218262,0.9090498089790344,0.009694565087556839
10039,3,1,1,0.00026675438857637346,0.9996501207351685,8.30736244097352e-05
10040,4,1,1,0.013798189349472523,0.9765523076057434,0.009649528190493584
10041,0,0,0,0.8110470771789551,0.018794938921928406,0.1701579988002777
10042,0,0,0,0.6067205667495728,0.11074744164943695,0.2825320065021515
10043,0,2,0,0.8978196978569031,0.027968132868409157,0.07421216368675232
10044,4,1,2,0.3505944013595581,0.2537061870098114,0.3956994116306305
10045,0,1,1,0.08709937334060669,0.8914158344268799,0.02148476056754589
10047,1,0,0,0.9142104983329773,0.05297962948679924,0.03280992805957794
10048,0,0,0,0.8772205114364624,0.01854846626520157,0.10423099249601364
10049,3,2,0,0.8252832293510437,0.06374050676822662,0.11097623407840729
10052,1,0,0,0.8701293468475342,0.054855868220329285,0.07501478493213654
10053,0,2,0,0.7853543162345886,0.08265094459056854,0.13199473917484283
10054,4,0,0,0.8217275142669678,0.027129488065838814,0.15114302933216095
10055,0,0,0,0.7915907502174377,0.16252198815345764,0.045887283980846405
10056,1,0,0,0.851441502571106,0.08874624967575073,0.05981219932436943
10057,2,0,0,0.5672637224197388,0.41254159808158875,0.020194685086607933
10058,4,0,0,0.848864734172821,0.017592474818229675,0.13354282081127167
10059,1,0,0,0.932068407535553,0.01883392035961151,0.0490976981818676
10060,1,0,0,0.6291457414627075,0.30282285809516907,0.06803138554096222
10063,3,0,0,0.8664947152137756,0.04317309334874153,0.09033220261335373
10065,3,1,1,0.0044957916252315044,0.9952002763748169,0.00030387527658604085
10066,0,1,1,0.04660995677113533,0.9466152191162109,0.006774789188057184
10067,2,1,1,0.028556913137435913,0.9444822669029236,0.026960792019963264
10068,2,0,0,0.8892496228218079,0.08344472944736481,0.027305658906698227
10069,3,2,2,0.0004575029597617686,0.0035784030333161354,0.9959641695022583
10070,1,2,0,0.6447089314460754,0.03722348436713219,0.31806766986846924
10071,1,0,0,0.9142770171165466,0.01829606667160988,0.06742687523365021
10072,0,0,0,0.6329957246780396,0.006801827810704708,0.36020246148109436
10073,1,1,0,0.7701131105422974,0.11924553662538528,0.11064139008522034
10074,4,1,1,0.0006130571127869189,0.9993058443069458,8.107587200356647e-05
10075,2,0,2,0.24503052234649658,0.1598750203847885,0.5950944423675537
10076,2,0,0,0.5814782381057739,0.3419908881187439,0.07653087377548218
10077,2,1,1,5.591467925114557e-06,0.9999915361404419,2.832529389706906e-06
10078,3,1,1,0.16876865923404694,0.8060718178749084,0.025159506127238274
10079,4,0,0,0.7193430662155151,0.15632198750972748,0.12433494627475739
10080,4,1,2,0.20604826509952545,0.0643492266535759,0.7296025156974792
10082,0,0,0,0.9470692276954651,0.014408381655812263,0.0385223813354969
10084,1,1,1,0.237247034907341,0.756602942943573,0.006149996537715197
10085,3,1,1,0.2893648147583008,0.6970607042312622,0.013574561104178429
10088,0,0,0,0.5934914946556091,0.22807523608207703,0.17843325436115265
10089,3,0,0,0.566818356513977,0.19392165541648865,0.23925992846488953
10090,0,0,2,0.07558050006628036,0.016944129019975662,0.9074753522872925
10091,2,0,0,0.9065932631492615,0.0657050684094429,0.02770165167748928
10092,0,0,2,0.07904986292123795,0.2588218152523041,0.6621282696723938
10094,4,1,1,0.026174651458859444,0.9722237586975098,0.0016016002045944333
10095,4,0,0,0.8958446979522705,0.007169040385633707,0.09698628634214401
10096,4,0,0,0.8813655972480774,0.04188871383666992,0.0767456591129303
10098,2,0,0,0.7031779289245605,0.19803929328918457,0.09878282994031906
10100,4,0,0,0.9216850996017456,0.014521896839141846,0.06379305571317673
10101,0,0,0,0.5917906761169434,0.3682097792625427,0.039999574422836304
10102,1,0,1,0.23609982430934906,0.7459099888801575,0.017990248277783394
10103,1,0,0,0.8538115620613098,0.09508080035448074,0.05110767111182213
10104,4,1,1,0.06909091770648956,0.9297260046005249,0.0011830785078927875
10105,3,2,0,0.7685173749923706,0.10708039253950119,0.12440217286348343
10106,1,1,1,0.040638476610183716,0.9420636892318726,0.01729784533381462
10107,0,1,1,3.736780854524113e-05,0.9999430179595947,1.9668892491608858e-05
10108,0,0,0,0.8806133270263672,0.011951819993555546,0.1074349507689476
10109,1,2,0,0.7516259551048279,0.027172138914465904,0.22120188176631927
10110,0,1,2,0.011097999289631844,0.039570871740579605,0.9493310451507568
10111,4,0,0,0.9262927174568176,0.033464085310697556,0.04024317115545273
10113,0,0,0,0.9084118008613586,0.015267660841345787,0.07632053643465042
10114,4,1,1,0.00026672545936889946,0.9995216131210327,0.00021169638785067946
10115,2,1,1,5.0037018809234723e-05,0.9999301433563232,1.9832486941595562e-05
10116,1,1,1,0.000589709379710257,0.9990566372871399,0.0003537000739015639
10117,2,0,1,0.31717535853385925,0.6397994160652161,0.043025191873311996
10118,3,0,0,0.8734267354011536,0.06814299523830414,0.05843031778931618
10119,1,1,1,0.009732755832374096,0.9845027327537537,0.005764544941484928
10120,1,1,1,0.3925883173942566,0.5958594083786011,0.011552231386303902
10121,2,0,0,0.8846914172172546,0.08894527703523636,0.026363305747509003
10122,4,0,0,0.8609315752983093,0.0021241072099655867,0.1369442641735077
10124,2,1,1,0.0001915118918986991,0.999457061290741,0.0003514674899633974
10125,0,1,0,0.6964731216430664,0.22868996858596802,0.074836865067482
10126,4,0,0,0.9454202651977539,0.022665960714221,0.031913772225379944
10127,3,0,0,0.4853363633155823,0.4641312062740326,0.050532419234514236
10128,2,0,0,0.5348220467567444,0.013307759538292885,0.4518702030181885
10129,0,0,0,0.8798108100891113,0.010042236186563969,0.11014696955680847
10130,0,0,0,0.8579649329185486,0.009135779924690723,0.132899209856987
10131,0,1,1,0.0010045613162219524,0.9989411234855652,5.4349511628970504e-05
10132,2,2,1,0.3536127805709839,0.6247666478157043,0.02162059396505356
10133,1,0,0,0.8095521926879883,0.05356602743268013,0.1368817538022995
10134,0,0,0,0.761038601398468,0.07356230914592743,0.16539913415908813
10135,1,0,0,0.773321807384491,0.04352736100554466,0.18315090239048004
10139,4,0,0,0.9426671266555786,0.0012989273527637124,0.056033968925476074
10140,3,0,0,0.5049664974212646,0.00723798293620348,0.48779550194740295
10141,4,0,0,0.8998687267303467,0.03829830139875412,0.061832964420318604
10143,2,1,1,0.00018293409084435552,0.9997794032096863,3.772920899791643e-05
10145,1,1,1,0.0010962996166199446,0.9987859129905701,0.00011780363274738193
10146,4,0,0,0.921798586845398,0.0058072772808372974,0.07239412516355515
10148,1,0,0,0.7330982685089111,0.04729013890028,0.21961161494255066
10149,0,0,0,0.8155139684677124,0.022022105753421783,0.16246388852596283
10150,2,0,0,0.8335598707199097,0.09335871040821075,0.07308147102594376
10152,4,2,2,0.2462022602558136,0.009913944639265537,0.7438838481903076
10154,0,1,1,0.011528783477842808,0.9881166219711304,0.00035460435901768506
10155,0,1,1,0.004421910271048546,0.9880585074424744,0.007519580889493227
10156,0,0,0,0.8312856554985046,0.010600847192108631,0.15811362862586975
10157,2,0,0,0.9029514789581299,0.04080389067530632,0.05624464154243469
10159,4,0,0,0.9452617168426514,0.023632140830159187,0.03110603243112564
10160,4,0,0,0.7779155969619751,0.018242163583636284,0.20384226739406586
10161,2,0,0,0.8001332879066467,0.030598310753703117,0.1692683845758438
10162,4,1,1,5.238190351519734e-05,0.9999308586120605,1.6735957615310326e-05
10163,3,0,0,0.8354630470275879,0.08382491767406464,0.08071203529834747
10165,1,1,0,0.8058782815933228,0.026441898196935654,0.1676798015832901
10166,3,0,0,0.518038272857666,0.05841251462697983,0.42354923486709595
10167,4,0,0,0.7477447390556335,0.0031796731054782867,0.24907559156417847
10168,2,1,0,0.6853154897689819,0.23006029427051544,0.0846242904663086
10170,1,0,0,0.7519660592079163,0.10571753233671188,0.14231634140014648
10171,0,1,1,0.02660941146314144,0.971648097038269,0.001742460997775197
10172,4,0,0,0.8113284707069397,0.023110156878829002,0.16556140780448914
10173,3,0,0,0.6556026935577393,0.06716346740722656,0.2772338390350342
10174,3,2,0,0.8657621145248413,0.041645728051662445,0.09259215742349625
10176,0,0,0,0.5356286764144897,0.24125789105892181,0.22311346232891083
10178,4,0,2,0.14020991325378418,0.0024231993593275547,0.8573669195175171
10179,2,2,0,0.8992199301719666,0.055565424263477325,0.045214615762233734
10180,3,0,0,0.8875747919082642,0.01747215911746025,0.09495300054550171
10181,1,1,1,1.132157467509387e-05,0.9999172687530518,7.141793321352452e-05
10183,4,1,1,0.07067017257213593,0.9261480569839478,0.0031818037386983633
10185,3,0,0,0.7428357005119324,0.047310877591371536,0.2098533809185028
10186,0,0,0,0.782247006893158,0.0841536670923233,0.1335993856191635
10187,2,0,1,0.36237236857414246,0.5507500171661377,0.08687756210565567
10188,4,0,0,0.9184606671333313,0.03445010259747505,0.04708922281861305
10189,2,1,1,0.0874529480934143,0.9104875922203064,0.002059508115053177
10190,0,0,0,0.8530005812644958,0.013742017559707165,0.13325747847557068
10191,2,2,2,0.0005798471393063664,0.004640726372599602,0.9947793483734131
10192,4,0,1,0.4173135459423065,0.4652631878852844,0.11742328852415085
10193,3,0,0,0.7503980994224548,0.1819719523191452,0.06762996315956116
10194,2,0,0,0.9636041522026062,0.0037509205285459757,0.03264492750167847
10196,0,1,1,0.0046043540351092815,0.9948018789291382,0.0005937567912042141
10197,0,0,0,0.9409844279289246,0.005764565896242857,0.053251080214977264
10198,4,0,0,0.800116240978241,0.027691848576068878,0.17219194769859314
10199,3,0,0,0.8697803616523743,0.034518711268901825,0.0957009345293045
10201,4,1,1,6.850545469205827e-05,0.9998161196708679,0.0001153983612312004
10202,1,0,0,0.8302342295646667,0.10094303637742996,0.06882274895906448
10204,4,0,0,0.8827438354492188,0.008937567472457886,0.1083185002207756
10205,0,0,0,0.6066706776618958,0.370498389005661,0.022830918431282043
10206,4,0,0,0.8724561333656311,0.009927088394761086,0.11761684715747833
10207,2,0,0,0.8682583570480347,0.07456357777118683,0.05717802047729492
10208,3,0,0,0.5669448375701904,0.33666861057281494,0.09638650715351105
10212,2,1,1,0.18770989775657654,0.8037549257278442,0.008535169064998627
10213,4,0,0,0.7655229568481445,0.196992889046669,0.037484198808670044
10214,1,1,1,0.0038959921803325415,0.9956889748573303,0.00041497679194435477
10215,2,0,0,0.6027460098266602,0.013765869662165642,0.38348811864852905
10218,4,0,0,0.8471939563751221,0.024225689470767975,0.12858036160469055
10220,3,2,0,0.8450614213943481,0.02954074926674366,0.12539778649806976
10221,2,1,1,1.6113212041091174e-05,0.9999737739562988,1.0109425602422561e-05
10222,3,0,0,0.7116068601608276,0.09574264287948608,0.19265051186084747
10223,1,0,0,0.9013161659240723,0.07959455251693726,0.01908927969634533
10225,2,0,0,0.705348551273346,0.006523936055600643,0.28812751173973083
10226,1,0,0,0.7870131134986877,0.07290306687355042,0.14008376002311707
10227,3,0,0,0.6901179552078247,0.20132598280906677,0.10855606198310852
10228,2,1,1,0.3985878825187683,0.5713016390800476,0.03011046163737774
10229,0,0,0,0.9023762941360474,0.01998378336429596,0.07763988524675369
10230,0,0,0,0.6820158362388611,0.21647754311561584,0.10150667279958725
10231,2,0,0,0.8072446584701538,0.0057456111535429955,0.1870097517967224
10232,1,1,1,0.031185155734419823,0.9631863832473755,0.0056284694001078606
10233,4,0,0,0.5969862937927246,0.026740873232483864,0.37627285718917847
10234,2,2,0,0.9145115613937378,0.0020864675752818584,0.08340191096067429
10236,1,0,0,0.947586178779602,0.023167790845036507,0.029246103018522263
10237,1,1,1,0.2534933090209961,0.7304568886756897,0.01604977436363697
10238,3,0,0,0.840785801410675,0.09349782764911652,0.06571640074253082
10239,3,0,0,0.7550749182701111,0.08751919865608215,0.157405823469162
10243,2,0,2,0.3401534855365753,0.021140363067388535,0.6387061476707458
10244,2,0,1,0.2095145583152771,0.7790482640266418,0.011437112465500832
10245,2,2,2,0.0008971831412054598,0.03445987403392792,0.9646428823471069
10246,1,1,1,0.16942571103572845,0.8051012754440308,0.025472961366176605
10247,3,0,0,0.8887765407562256,0.0553462840616703,0.055877137929201126
10248,4,0,0,0.8207308650016785,0.038947902619838715,0.14032119512557983
10250,3,1,1,0.04980911687016487,0.9071929454803467,0.042997896671295166
10251,0,0,0,0.8749650120735168,0.04976833984255791,0.07526667416095734
10253,0,1,1,0.0012398696271702647,0.9984581470489502,0.00030200378387235105
10254,2,0,0,0.9229044318199158,0.029754353687167168,0.047341201454401016
10255,1,1,1,0.4067936837673187,0.49129945039749146,0.10190689563751221
10256,3,0,0,0.4787982106208801,0.42372721433639526,0.09747457504272461
10257,4,0,0,0.8249234557151794,0.027733294293284416,0.1473432332277298
10260,0,1,1,0.057733435183763504,0.9296278953552246,0.012638622894883156
10261,2,0,0,0.8128957748413086,0.10304423421621323,0.08406002074480057
10262,3,0,0,0.9117392301559448,0.04241698980331421,0.04584376886487007
10263,0,1,1,0.008281202986836433,0.986047625541687,0.005671149585396051
10264,0,2,0,0.8116500973701477,0.028758946806192398,0.15959098935127258
10265,1,0,0,0.42363086342811584,0.3757653534412384,0.20060381293296814
10267,3,2,2,0.015160967595875263,0.0020737263839691877,0.982765257358551
10268,4,2,2,0.4031432569026947,0.028929101303219795,0.5679276585578918
10269,1,0,0,0.6594060659408569,0.30286410450935364,0.03772978484630585
10270,0,0,0,0.8765971660614014,0.04455416277050972,0.07884863018989563
10271,2,0,0,0.965850293636322,0.0033223021309822798,0.03082735277712345
10272,3,1,1,0.33808568120002747,0.6228550672531128,0.039059270173311234
10273,3,0,0,0.938914954662323,0.0016370844095945358,0.05944799259305
10274,3,2,2,8.705455547897145e-05,0.00406842352822423,0.9958445429801941
10275,2,0,0,0.872628390789032,0.09301657229661942,0.03435496613383293
10276,3,0,1,0.006069900933653116,0.9926141500473022,0.0013159012887626886
10277,3,0,0,0.9116451144218445,0.009446749463677406,0.07890816032886505
10279,0,0,0,0.7973456978797913,0.10617638379335403,0.0964779332280159
10280,3,0,0,0.8917725086212158,0.051951970905065536,0.05627552419900894
10281,1,1,1,0.017812473699450493,0.9775987863540649,0.004588712938129902
10282,4,0,0,0.9116774797439575,0.018877051770687103,0.06944545358419418
10283,4,0,0,0.4810270667076111,0.4652279317378998,0.05374504625797272
10284,1,1,1,0.10851296037435532,0.8899939656257629,0.0014930698089301586
10285,3,0,0,0.9139864444732666,0.002086588181555271,0.08392688632011414
10286,4,0,0,0.8954857587814331,0.03218165785074234,0.07233251631259918
10287,4,0,0,0.8562761545181274,0.07364433258771896,0.07007948309183121
10288,0,1,1,0.06853146851062775,0.9120965003967285,0.01937202922999859
10289,4,0,0,0.858249843120575,0.042053524404764175,0.09969660639762878
10290,2,1,2,0.034932587295770645,0.00914694182574749,0.9559205174446106
10292,3,0,0,0.940722644329071,0.0036274087615311146,0.055650003254413605
10295,1,0,0,0.7357255220413208,0.2055446058511734,0.05872983857989311
10296,4,1,0,0.603283703327179,0.0958644449710846,0.30085185170173645
10297,0,2,0,0.622162401676178,0.004320749081671238,0.37351682782173157
10298,0,0,0,0.9118560552597046,0.05001695826649666,0.03812706843018532
10299,1,0,0,0.8510420322418213,0.06447070837020874,0.08448732644319534
10300,4,1,0,0.8849020600318909,0.06204849109053612,0.0530494786798954
10301,2,0,2,0.3596872389316559,0.05057808756828308,0.589734673500061
10302,3,0,0,0.5365566611289978,0.19580169022083282,0.26764166355133057
10303,1,0,0,0.5782439708709717,0.2607468068599701,0.16100923717021942
10305,1,0,0,0.6611179113388062,0.03495161980390549,0.30393049120903015
10307,4,0,0,0.7830505967140198,0.2015390694141388,0.015410390682518482
10308,3,0,0,0.5558362007141113,0.231348916888237,0.21281488239765167
10309,4,0,0,0.785844087600708,0.04255758970975876,0.1715983748435974
10310,3,0,0,0.7338933944702148,0.14094805717468262,0.12515848875045776
10311,3,0,0,0.8040344715118408,0.0927821472287178,0.10318336635828018
10312,1,1,0,0.8156946897506714,0.09158976376056671,0.09271551668643951
10313,2,1,0,0.8163717985153198,0.025215229019522667,0.15841299295425415
10314,4,2,2,0.08968312293291092,0.03059396520256996,0.8797229528427124
10315,3,2,0,0.9154190421104431,0.005686518736183643,0.07889445126056671
10316,4,2,0,0.8506117463111877,0.12815603613853455,0.021232251077890396
10317,2,2,1,0.4606286585330963,0.5128631591796875,0.026508236303925514
10318,1,2,0,0.70777428150177,0.1451508104801178,0.14707490801811218
10320,4,1,0,0.5088353753089905,0.46948716044425964,0.021677525714039803
10321,4,0,0,0.7416746616363525,0.027098143473267555,0.23122717440128326
10323,0,1,1,2.3748963940306567e-05,0.9999622106552124,1.401492136210436e-05
10324,3,1,1,0.07400386780500412,0.9231175184249878,0.002878565574064851
10325,0,1,0,0.7875006198883057,0.11753790825605392,0.09496147930622101
10327,0,0,0,0.869976282119751,0.06502905488014221,0.06499466300010681
10328,2,1,1,0.04871058091521263,0.9412130117416382,0.010076413862407207
10329,2,0,0,0.8409671783447266,0.020504051819443703,0.13852877914905548
10330,3,0,0,0.836512565612793,0.09566998481750488,0.06781750917434692
10331,2,2,0,0.7530107498168945,0.0435379222035408,0.20345140993595123
10333,2,1,1,0.10724490880966187,0.8649429678916931,0.027812151238322258
10334,1,1,1,6.660960934823379e-05,0.9999210834503174,1.2274555047042668e-05
10337,2,0,1,0.2922075092792511,0.7006710171699524,0.007121482864022255
10339,2,0,0,0.6618063449859619,0.2933806777000427,0.04481296241283417
10340,2,0,0,0.8711113333702087,0.0683262050151825,0.06056248024106026
10341,0,2,0,0.6818737983703613,0.06930501759052277,0.2488211989402771
10342,3,2,0,0.810019850730896,0.06395545601844788,0.12602464854717255
10343,3,1,1,0.20689348876476288,0.7641023397445679,0.029004203155636787
10344,2,0,0,0.8361614346504211,0.11310558766126633,0.05073298513889313
10345,0,2,0,0.8756934404373169,0.05147997662425041,0.0728265717625618
10347,4,2,2,0.001951067242771387,0.0015303479740396142,0.996518611907959
10348,3,2,0,0.5031804442405701,0.08444845676422119,0.41237112879753113
10350,4,1,1,0.017028477042913437,0.9814385771751404,0.001532871276140213
10352,0,2,0,0.6378247141838074,0.16859884560108185,0.19357648491859436
10353,4,0,1,0.2184775173664093,0.7456927299499512,0.03582976013422012
10354,4,2,0,0.8859431147575378,0.030568983405828476,0.08348795026540756
10355,4,1,1,0.2519626021385193,0.7351118326187134,0.012925567105412483
10356,3,1,0,0.5386211276054382,0.30643776059150696,0.15494118630886078
10358,3,0,0,0.8962790369987488,0.014182760380208492,0.08953821659088135
10359,4,0,0,0.8195704221725464,0.10016582161188126,0.08026383817195892
10360,0,1,0,0.8145756721496582,0.06886373460292816,0.11656060814857483
10361,2,2,0,0.7117337584495544,0.257824569940567,0.03044162318110466
10362,3,2,0,0.6896631717681885,0.06009930372238159,0.25023746490478516
10363,0,0,1,0.327650785446167,0.5585111975669861,0.11383800953626633
10364,0,0,0,0.9596552848815918,0.014173435047268867,0.026171281933784485
10365,2,0,0,0.6750006079673767,0.011937796138226986,0.31306150555610657
10366,1,1,0,0.8976973295211792,0.04067513346672058,0.06162761524319649
10367,4,0,0,0.9373295903205872,0.030379023402929306,0.03229136765003204
10368,3,0,0,0.8657143712043762,0.04259809851646423,0.09168759733438492
10370,3,1,1,0.038836777210235596,0.9578447341918945,0.003318478586152196
10371,3,0,0,0.6782670021057129,0.14645439386367798,0.17527863383293152
10372,1,2,0,0.5075175762176514,0.017220046371221542,0.47526243329048157
10373,2,0,0,0.729330837726593,0.014385719783604145,0.2562834918498993
10374,4,0,1,0.4258648753166199,0.5341036319732666,0.04003145918250084
10375,2,0,0,0.8972377777099609,0.013451868668198586,0.0893104076385498
10376,4,0,0,0.8848987817764282,0.03808595612645149,0.07701526582241058
10377,2,0,0,0.9808845520019531,0.006593893747776747,0.012521486729383469
10378,4,1,1,0.011462236754596233,0.9819853901863098,0.006552380509674549
10379,2,1,1,0.0021879111882299185,0.9976084232330322,0.0002036367222899571
10380,0,1,1,0.000809305754955858,0.9984885454177856,0.0007020817138254642
10382,2,2,0,0.9724528789520264,0.008562891744077206,0.018984166905283928
10384,3,0,0,0.5988191366195679,0.2398301512002945,0.16135071218013763
10385,1,0,0,0.5699193477630615,0.055079977959394455,0.3750006854534149
10386,3,1,0,0.5360060930252075,0.19473855197429657,0.2692553699016571
10387,2,2,0,0.7852097153663635,0.011580109596252441,0.20321020483970642
10388,3,0,0,0.7441900372505188,0.19549334049224854,0.060316622257232666
10389,1,2,0,0.4552108943462372,0.38289007544517517,0.16189907491207123
10391,4,0,0,0.9662195444107056,0.006203633267432451,0.027576865628361702
10392,3,0,0,0.8520244359970093,0.022868648171424866,0.12510697543621063
10395,3,1,1,0.14322911202907562,0.842708945274353,0.014061975292861462
10396,0,1,1,0.0685940608382225,0.9004970192909241,0.030908893793821335
10397,0,1,0,0.5676673650741577,0.33204221725463867,0.100290447473526
10398,2,1,0,0.9758074879646301,0.004396014381200075,0.019796529784798622
10399,0,0,0,0.968646764755249,0.0017676051938906312,0.029585568234324455
10400,0,1,0,0.8305407166481018,0.10074774920940399,0.0687115341424942
10401,2,2,0,0.8110209703445435,0.058159004896879196,0.13082008063793182
10403,4,1,1,0.00019051400886382908,0.9996515512466431,0.0001579871604917571
10405,3,1,0,0.7182080149650574,0.1728890985250473,0.10890285670757294
10406,1,1,1,0.14255306124687195,0.7906414866447449,0.06680550426244736
10408,0,1,1,0.0005004347185604274,0.9990242719650269,0.0004752882814500481
10409,4,2,2,0.30709603428840637,0.015962805598974228,0.6769411563873291
10410,1,0,0,0.45474833250045776,0.2809029221534729,0.2643486559391022
10411,0,2,0,0.6879673600196838,0.13963063061237335,0.172402024269104
10412,3,0,0,0.6751059889793396,0.07918886840343475,0.24570515751838684
10413,2,1,1,0.0018598558381199837,0.9972023963928223,0.0009377534152008593
10414,1,1,0,0.8004446029663086,0.1209905743598938,0.07856485992670059
10415,0,1,0,0.6081327795982361,0.3497515618801117,0.042115651071071625
10416,4,2,1,0.02417348511517048,0.8885328769683838,0.08729357272386551
10418,3,0,0,0.7645049095153809,0.04968483746051788,0.18581023812294006
10419,3,0,0,0.6608105301856995,0.1948428601026535,0.14434657990932465
10420,4,1,1,2.019114799622912e-05,0.9999639987945557,1.5796425941516645e-05
10421,4,0,0,0.767770528793335,0.029773840680718422,0.20245562493801117
10422,4,1,0,0.9155400991439819,0.03897138684988022,0.04548848792910576
10424,4,0,0,0.8381187915802002,0.10950406640768051,0.05237715691328049
10425,1,0,0,0.8931791186332703,0.03943675011396408,0.06738411635160446
10426,1,1,0,0.6806924343109131,0.2538321912288666,0.06547538191080093
10427,0,0,0,0.9126297831535339,0.03270344063639641,0.05466673523187637
10428,0,1,1,0.05255654454231262,0.944007158279419,0.003436282044276595
10429,2,0,0,0.9519028663635254,0.0018285257974639535,0.0462685152888298
10430,0,1,1,0.05835342034697533,0.9298262596130371,0.011820287443697453
10432,4,2,2,0.011575999669730663,0.00015224004164338112,0.9882717728614807
10433,4,0,0,0.69410240650177,0.26958781480789185,0.036309726536273956
10434,1,0,0,0.8865489959716797,0.0979529470205307,0.015498092398047447
10435,3,0,0,0.8615801334381104,0.07314896583557129,0.06527082622051239
10436,1,2,2,0.0073416223749518394,0.003747510490939021,0.9889107942581177
10439,2,0,0,0.6511861085891724,0.07260995358228683,0.2762039005756378
10441,2,1,1,0.11800737679004669,0.8794620633125305,0.002530578523874283
10442,1,2,2,0.4656226336956024,0.06089097261428833,0.47348639369010925
10443,2,2,0,0.8231228590011597,0.024229684844613075,0.15264737606048584
10444,0,0,0,0.8596866130828857,0.02228504605591297,0.11802832782268524
10445,0,0,0,0.9570282101631165,0.009186971001327038,0.03378480300307274
10447,2,1,0,0.7530320882797241,0.1898321807384491,0.05713573098182678
10448,4,0,0,0.89998859167099,0.00027685638633556664,0.09973452985286713
10449,0,0,0,0.7803868055343628,0.09661072492599487,0.12300244718790054
10450,2,1,0,0.7026176452636719,0.1464526653289795,0.15092971920967102
10451,2,0,0,0.831763505935669,0.06695294380187988,0.10128355026245117
10453,1,2,2,0.01787155121564865,0.0013476191088557243,0.9807808995246887
10454,1,0,0,0.6984291672706604,0.23389017581939697,0.06768059730529785
10455,4,1,1,0.12359350919723511,0.8637492060661316,0.012657295912504196
10456,3,1,1,0.046886805444955826,0.9452657699584961,0.007847387343645096
10457,1,2,0,0.8339512348175049,0.05458061024546623,0.11146813631057739
10458,2,1,1,0.032102879136800766,0.965732216835022,0.0021648607216775417
10459,1,2,0,0.6870681047439575,0.03680986166000366,0.2761220335960388
10460,4,0,0,0.8747745156288147,0.005986510310322046,0.11923907697200775
10461,1,1,1,0.25457391142845154,0.6810680031776428,0.06435813009738922
10462,1,0,1,0.4619283378124237,0.5283520817756653,0.009719599038362503
10463,3,2,0,0.5895887017250061,0.3591817319393158,0.0512295626103878
10464,1,1,0,0.604306161403656,0.37607207894325256,0.019621819257736206
10465,3,0,0,0.9497255086898804,0.014709536917507648,0.03556505963206291
10466,2,0,0,0.8337985873222351,0.015694428235292435,0.15050700306892395
10467,2,0,0,0.8066613674163818,0.1682843714952469,0.025054173544049263
10468,0,2,0,0.8409233093261719,0.02449876070022583,0.1345779150724411
10469,1,1,0,0.7620223760604858,0.14380550384521484,0.09417220205068588
10470,4,2,0,0.5664517879486084,0.12349333614110947,0.3100549280643463
10471,4,1,1,0.019221797585487366,0.9795520901679993,0.0012260614894330502
10472,2,0,0,0.739913284778595,0.014116725884377956,0.2459699511528015
10473,1,0,1,0.014441093429923058,0.9837611317634583,0.0017977129900828004
10474,3,1,1,0.002177440095692873,0.9973260164260864,0.0004965381813235581
10475,2,1,0,0.6087870597839355,0.2829532027244568,0.10825974494218826
10476,0,0,0,0.9794852137565613,0.0020412099547684193,0.01847352646291256
10477,4,0,0,0.8678418397903442,0.10844418406486511,0.023713907226920128
10478,1,0,0,0.7126610279083252,0.03511631116271019,0.2522226870059967
10480,0,1,1,0.21305064857006073,0.7789774537086487,0.007971921935677528
10481,0,2,0,0.8573210835456848,0.03818875551223755,0.10449017584323883
10483,2,2,2,1.7560420019435696e-05,0.0033628647215664387,0.9966195821762085
10486,2,0,0,0.8560087084770203,0.024873925372958183,0.11911744624376297
10487,2,1,0,0.946304202079773,0.018237166106700897,0.03545865789055824
10488,2,1,1,0.0041290586814284325,0.9629058837890625,0.032965037971735
10489,1,2,0,0.8231726288795471,0.06632757931947708,0.11049973964691162
10490,1,1,1,0.21628360450267792,0.7090891003608704,0.07462729513645172
10491,4,1,1,0.0022269964683800936,0.9973061084747314,0.000466875295387581
10492,0,0,0,0.8919312357902527,0.004442114848643541,0.10362666845321655
10493,4,2,2,0.020590761676430702,0.00028796694823540747,0.9791212677955627
10494,1,0,0,0.5983397960662842,0.24879403412342072,0.1528661549091339
10495,1,0,0,0.9429808855056763,0.02352190390229225,0.03349721059203148
10496,2,2,0,0.9344716668128967,0.0037813144735991955,0.06174710392951965
10498,1,0,0,0.5359905958175659,0.1988239884376526,0.26518547534942627
10499,3,0,0,0.7324198484420776,0.2284359484910965,0.03914414718747139
10500,4,2,0,0.6376498937606812,0.013592400588095188,0.34875771403312683
10501,0,1,0,0.7755224704742432,0.09251873195171356,0.1319587528705597
10502,3,0,0,0.7074671387672424,0.22300414741039276,0.06952865421772003
10503,0,0,0,0.8243802189826965,0.1406695693731308,0.03495015576481819
10504,4,0,1,0.37016627192497253,0.524928867816925,0.1049048975110054
10505,3,1,1,0.0002362862869631499,0.9997294545173645,3.4261018299730495e-05
10507,2,1,1,0.00040575824095867574,0.9994183778762817,0.00017590053903404623
10509,1,0,0,0.8828932642936707,0.005174026358872652,0.11193270981311798
10511,2,0,1,0.2058892846107483,0.7767596244812012,0.017351122573018074
10512,1,0,0,0.822201669216156,0.16789771616458893,0.009900620207190514
10514,1,0,0,0.8103982210159302,0.13894589245319366,0.05065583065152168
10515,3,0,1,0.04568540304899216,0.9526149034500122,0.0016996680060401559
10517,4,1,1,0.00011549324699444696,0.9998712539672852,1.3294921700435225e-05
10518,3,0,0,0.7590603232383728,0.07429652661085129,0.1666431427001953
10519,1,0,0,0.7864964008331299,0.12473444640636444,0.08876914530992508
10520,1,0,0,0.9204321503639221,0.03336157277226448,0.04620622843503952
10521,4,0,0,0.8112305402755737,0.028659097850322723,0.16011042892932892
10522,2,0,0,0.6928890943527222,0.001011526444926858,0.30609941482543945
10523,0,0,0,0.5310068130493164,0.39920416474342346,0.06978904455900192
10525,1,0,0,0.4617571234703064,0.10823021829128265,0.43001264333724976
10526,2,0,0,0.7247217893600464,0.18640820682048798,0.08887000381946564
10527,0,0,0,0.8365781903266907,0.10621506720781326,0.05720669403672218
10528,0,2,0,0.6102547645568848,0.318820983171463,0.0709242969751358
10529,2,0,0,0.8953933119773865,0.02189921960234642,0.08270744234323502
10530,3,1,0,0.8062905073165894,0.14522571861743927,0.04848374426364899
10531,4,1,0,0.8052049875259399,0.10934242606163025,0.08545257151126862
10532,1,0,0,0.8150854110717773,0.07481364905834198,0.11010093241930008
10533,3,1,1,0.008528608828783035,0.9910494089126587,0.00042202824261039495
10534,0,0,0,0.6147448420524597,0.33320942521095276,0.052045729011297226
10535,0,2,1,0.2479298710823059,0.7188886404037476,0.033181507140398026
10536,2,0,0,0.9021198749542236,0.06006064638495445,0.037819549441337585
10537,0,0,0,0.8698864579200745,0.03743202984333038,0.09268146008253098
10538,1,0,0,0.9544942378997803,0.005376036744564772,0.04012978449463844
10539,0,1,1,3.3395681384718046e-05,0.9999390840530396,2.7507450795383193e-05
10540,4,0,1,0.3140764832496643,0.6645936965942383,0.021329835057258606
10543,4,2,0,0.6621370911598206,0.0682385265827179,0.26962441205978394
10545,2,0,1,0.4553929567337036,0.5153855085372925,0.029221516102552414
10546,2,1,2,0.45146071910858154,0.058277569711208344,0.4902617633342743
10547,3,1,1,0.057385340332984924,0.9408490061759949,0.001765600754879415
10548,4,1,0,0.7660039663314819,0.06791853904724121,0.16607753932476044
10549,0,0,1,8.792708104010671e-05,0.9998605251312256,5.156194674782455e-05
10550,2,0,0,0.9532775282859802,0.0301828570663929,0.016539519652724266
10551,0,0,0,0.8267372846603394,0.07434915006160736,0.09891362488269806
10552,4,2,2,0.10511613637208939,0.0009341163095086813,0.8939497470855713
10553,4,2,2,0.0002959985868074,0.0017917260993272066,0.9979122281074524
10555,4,0,2,0.2285766750574112,0.007435626816004515,0.7639877796173096
10556,4,0,0,0.8547306060791016,0.04250359907746315,0.10276583582162857
10557,0,1,1,0.03346641734242439,0.9654690027236938,0.0010645869188010693
10558,2,1,1,0.2423352599143982,0.7225239276885986,0.03514082729816437
10560,2,0,1,0.40018755197525024,0.5412806868553162,0.058531809598207474
10561,4,1,0,0.5994083881378174,0.028777344152331352,0.37181422114372253
10562,3,0,0,0.9438772201538086,0.02829975262284279,0.027823004871606827
10563,0,2,1,0.00027072368538938463,0.9994593262672424,0.00026992554194293916
10564,3,0,0,0.7062516212463379,0.1066705510020256,0.18707787990570068
10566,3,0,1,0.0659085214138031,0.9096817970275879,0.024409718811511993
10567,4,1,0,0.5169664621353149,0.4198239743709564,0.06320963054895401
10568,3,2,0,0.74171382188797,0.03132759779691696,0.22695858776569366
10570,1,1,1,0.003916551824659109,0.9953954815864563,0.0006878991844132543
10571,2,0,0,0.8826705813407898,0.074077308177948,0.04325217753648758
10572,0,0,0,0.7818484902381897,0.18306928873062134,0.03508218005299568
10573,2,2,2,0.00018946191994473338,4.421698395162821e-05,0.9997662901878357
10574,4,0,0,0.8506192564964294,0.05673651024699211,0.09264427423477173
10575,4,0,0,0.8284012675285339,0.009217159822583199,0.1623816192150116
10576,0,0,0,0.8761544823646545,0.05594110116362572,0.06790439784526825
10580,3,0,0,0.7860384583473206,0.1465471088886261,0.06741437315940857
10582,2,0,0,0.9190772175788879,0.05602176487445831,0.02490108087658882
10583,1,1,1,0.007336917798966169,0.9923688769340515,0.0002942844294011593
10584,3,1,1,0.0030466821044683456,0.9963698387145996,0.0005834653275087476
10585,4,0,0,0.8150061964988708,0.09024108201265335,0.09475261718034744
10587,4,0,0,0.8543132543563843,0.013531547039747238,0.1321551501750946
10588,2,0,0,0.8713386654853821,0.02907571569085121,0.09958556294441223
10589,1,1,0,0.7245290875434875,0.20955869555473328,0.06591228395700455
10591,1,0,1,0.37983837723731995,0.6013535857200623,0.01880810409784317
10592,2,0,0,0.7317759990692139,0.09187468141317368,0.17634935677051544
10593,0,2,2,0.0011557696852833033,0.002862799447029829,0.9959814548492432
10594,2,0,0,0.9389545917510986,0.02308054454624653,0.03796489164233208
10595,0,1,0,0.5249205231666565,0.4161102771759033,0.05896918848156929
10596,1,0,0,0.9182419180870056,0.019357817247509956,0.062400251626968384
10597,0,1,1,0.3893771171569824,0.5209456086158752,0.08967728912830353
10598,0,1,0,0.7588763236999512,0.22816039621829987,0.012963289394974709
10599,1,1,1,0.0035746251232922077,0.9933868050575256,0.003038551425561309
10600,1,1,1,0.04831010103225708,0.9496016502380371,0.0020882957614958286
10601,3,1,1,0.0002826671698130667,0.9996713399887085,4.6025390474824235e-05
10602,1,0,0,0.9610680937767029,0.009481978602707386,0.029449861496686935
10603,4,2,0,0.8524274230003357,0.0061443522572517395,0.1414281278848648
10604,3,0,0,0.7307863831520081,0.06476867944002151,0.20444485545158386
10606,2,0,0,0.5528795719146729,0.056185439229011536,0.3909350037574768
10607,4,1,0,0.8007466793060303,0.16874103248119354,0.030512291938066483
10610,1,1,1,0.018352244049310684,0.9697574973106384,0.01189030334353447
10611,0,1,1,0.2427872270345688,0.7380248308181763,0.019187934696674347
10612,1,0,0,0.9572410583496094,0.012609670870006084,0.03014923632144928
10613,4,1,1,0.01666731759905815,0.9802775979042053,0.0030550379306077957
10614,2,1,1,0.410369873046875,0.524647057056427,0.0649830549955368
10615,0,0,0,0.8021671175956726,0.018026424571871758,0.17980647087097168
10617,0,1,2,0.15645386278629303,0.01953609101474285,0.8240100145339966
10618,0,2,2,0.13300131261348724,0.0013045996893197298,0.8656940460205078
10619,3,0,0,0.7527160048484802,0.07539347559213638,0.17189054191112518
10620,3,1,0,0.6161161661148071,0.33639124035835266,0.04749257490038872
10621,4,0,0,0.971560537815094,0.006781498435884714,0.021657930687069893
10622,2,0,0,0.8555446863174438,0.10720381140708923,0.03725149855017662
10623,2,2,0,0.6353538036346436,0.1615641713142395,0.20308198034763336
10624,3,1,0,0.6785682439804077,0.16621381044387817,0.1552179604768753
10625,4,1,0,0.8764134645462036,0.08203215152025223,0.04155441001057625
10626,0,1,0,0.6017979383468628,0.386381596326828,0.011820532381534576
10628,4,2,2,0.012720486149191856,0.00015831345808692276,0.9871212840080261
10629,0,0,0,0.914318323135376,0.016302764415740967,0.06937898695468903
10630,0,0,0,0.8556737899780273,0.04966474696993828,0.09466146677732468
10633,4,0,0,0.8816391825675964,0.10873313993215561,0.00962764024734497
10635,1,1,0,0.8981775045394897,0.04933459311723709,0.05248788744211197
10638,2,1,1,0.00034736815723590553,0.9996131062507629,3.955463398597203e-05
10639,0,1,1,0.02174495905637741,0.9735219478607178,0.004733038134872913
10640,3,1,0,0.8292123079299927,0.08613612502813339,0.08465152978897095
10641,4,1,1,0.02855953574180603,0.9708660840988159,0.0005744449445046484
10642,2,0,0,0.8987117409706116,0.0027041202411055565,0.0985841378569603
10643,2,2,0,0.7393735647201538,0.017152195796370506,0.24347423017024994
10645,1,0,0,0.8797529339790344,0.08434978872537613,0.03589724004268646
10646,2,1,1,6.823481271567289e-06,0.9999912977218628,1.8508854964238708e-06
10649,3,2,0,0.5388645529747009,0.023034607991576195,0.4381008446216583
10651,4,0,0,0.987095057964325,0.004315622616559267,0.008589371107518673
10652,2,0,0,0.9231583476066589,0.04815985634922981,0.028681743890047073
10654,4,0,0,0.650530993938446,0.3139115571975708,0.03555741906166077
10655,4,1,0,0.7523579001426697,0.025524325668811798,0.22211773693561554
10656,0,1,0,0.7062284350395203,0.23565739393234253,0.058114152401685715
10657,1,1,1,0.35190215706825256,0.6042652130126953,0.043832626193761826
10658,2,0,0,0.9765580296516418,0.0083808908239007,0.015060992911458015
10660,0,2,0,0.9009366631507874,0.03226499632000923,0.06679827719926834
10661,0,0,0,0.9263786673545837,0.020402899011969566,0.053218357264995575
10662,1,1,1,0.020535897463560104,0.9762044548988342,0.0032595759257674217
10663,3,1,1,8.77189013408497e-05,0.9998400211334229,7.225386070786044e-05
10664,3,0,0,0.7699373960494995,0.20380811393260956,0.02625443786382675
10665,4,1,1,0.02037852443754673,0.978453516960144,0.0011679877061396837
10666,3,1,1,0.13092145323753357,0.8584231734275818,0.010655378922820091
10667,4,2,0,0.6350165605545044,0.02555355429649353,0.3394298553466797
10669,3,1,0,0.7870071530342102,0.024029439315199852,0.18896332383155823
10670,4,0,0,0.8897438049316406,0.08464006334543228,0.02561619132757187
10671,1,1,1,0.00023393887386191636,0.9996777772903442,8.834197069518268e-05
10672,0,1,0,0.911035418510437,0.03495892882347107,0.05400567129254341
10675,3,1,1,0.0014413207536563277,0.9979812502861023,0.0005774569581262767
10676,2,1,0,0.8422555923461914,0.02874649316072464,0.12899790704250336
10677,0,1,1,0.0008201078744605184,0.9988930821418762,0.0002868418814614415
10678,3,1,1,0.00010820050374604762,0.999466598033905,0.00042516979738138616
10679,1,1,0,0.8937857151031494,0.01710548624396324,0.08910881727933884
10680,2,1,0,0.7486830353736877,0.23927170038223267,0.012045283801853657
10681,3,1,0,0.7192956209182739,0.14352282881736755,0.13718150556087494
10682,0,2,2,0.009359380230307579,0.003191037569195032,0.9874495267868042
10683,2,0,0,0.8299159407615662,0.021212946623563766,0.14887110888957977
10684,2,1,2,0.03017236851155758,0.005565614439547062,0.9642620086669922
10685,3,2,0,0.8244620561599731,0.048615261912345886,0.12692265212535858
10686,3,0,0,0.7302623987197876,0.08337074518203735,0.18636690080165863
10687,4,1,1,3.9054772059898823e-05,0.9999510049819946,9.949060768121853e-06
10688,4,0,0,0.9325354695320129,0.005380680784583092,0.06208376958966255
10689,3,0,0,0.7729803323745728,0.052631035447120667,0.17438872158527374
10690,0,1,0,0.6244122385978699,0.055160362273454666,0.3204273581504822
10691,3,1,0,0.6607237458229065,0.28671470284461975,0.05256164073944092
10692,1,0,0,0.8732517957687378,0.04428050294518471,0.08246768265962601
10693,1,1,1,0.0036717364564538,0.9954071044921875,0.0009212319855578244
10694,3,0,0,0.5848697423934937,0.042544178664684296,0.37258604168891907
10695,2,1,1,0.0012765299761667848,0.9981726408004761,0.0005507802125066519
10696,1,0,0,0.8645433783531189,0.0960194319486618,0.03943721577525139
10697,3,0,0,0.543857216835022,0.3817805349826813,0.07436221092939377
10699,0,1,1,0.46619629859924316,0.5036301016807556,0.030173588544130325
10700,0,0,0,0.8232704401016235,0.11951091885566711,0.05721868947148323
10701,0,0,0,0.8873267769813538,0.0074798897840082645,0.10519342869520187
10702,3,2,0,0.718985378742218,0.02922193333506584,0.25179266929626465
10703,1,0,0,0.5479234457015991,0.3146781027317047,0.13739842176437378
10704,1,0,0,0.9305980205535889,0.00919301901012659,0.06020897999405861
10705,4,0,0,0.8589609861373901,0.06391369551420212,0.07712525129318237
10706,0,2,2,0.02251683920621872,0.13152725994586945,0.8459559082984924
10707,1,1,1,0.13188226521015167,0.8564065098762512,0.01171117089688778
10709,2,0,0,0.8469159603118896,0.021374670788645744,0.1317092925310135
10710,3,1,1,0.00036235261359252036,0.9995893836021423,4.828003511647694e-05
10711,2,0,0,0.6534793972969055,0.061978697776794434,0.28454187512397766
10712,0,0,0,0.8906666040420532,0.004002812318503857,0.10533054918050766
10713,0,0,0,0.9632405638694763,0.004898365121334791,0.03186095133423805
10714,0,1,1,0.0017403645906597376,0.9977760910987854,0.00048352545127272606
10715,4,1,2,0.4931758642196655,0.0069441781379282475,0.49987998604774475
10716,4,1,1,0.0057617062702775,0.9917701482772827,0.002468155464157462
10717,0,0,1,0.09326658397912979,0.8185408711433411,0.08819251507520676
10718,0,0,0,0.9003626108169556,0.06720083206892014,0.03243659809231758
10719,1,1,1,0.00038541120011359453,0.9958284497261047,0.0037860930897295475
10720,3,0,0,0.5167640447616577,0.1374756097793579,0.345760315656662
10721,1,1,0,0.6816189885139465,0.15186713635921478,0.1665138453245163
10722,1,2,2,0.08104116469621658,0.019145339727401733,0.8998135328292847
10723,4,2,2,0.2958827316761017,0.12327656149864197,0.5808407068252563
10725,2,1,0,0.4886157512664795,0.10903345048427582,0.4023507535457611
10726,3,0,1,0.3935335874557495,0.4387034773826599,0.16776292026042938
10727,3,0,0,0.6771793961524963,0.20906788110733032,0.11375270038843155
10729,0,2,0,0.855444610118866,0.01599263772368431,0.12856274843215942
10730,1,0,0,0.7748368382453918,0.046042341738939285,0.17912080883979797
10731,2,1,1,1.3527376722777262e-05,0.9999812841415405,5.227243491390254e-06
10733,1,1,2,4.059413186041638e-05,0.33949002623558044,0.6604693531990051
10734,3,1,1,0.002057823818176985,0.9974654912948608,0.00047672761138528585
10736,3,1,0,0.833273708820343,0.07374317944049835,0.09298315644264221
10737,1,0,0,0.8851836323738098,0.05017707124352455,0.06463935971260071
10738,1,1,1,3.4582186344778165e-05,0.99994957447052,1.581615833856631e-05
10739,4,0,0,0.8557262420654297,0.03918861970305443,0.10508515685796738
10741,3,1,0,0.7606638669967651,0.042170360684394836,0.19716572761535645
10744,4,2,2,0.00014278896560426801,0.18156862258911133,0.8182885646820068
10746,3,2,0,0.8607802391052246,0.07406323403120041,0.06515656411647797
10747,2,0,0,0.9400147795677185,0.019566968083381653,0.040418244898319244
10748,1,1,1,0.0034837464336305857,0.9963298439979553,0.00018647506658453494
10749,2,0,0,0.90122389793396,0.07105498015880585,0.027721114456653595
10750,0,0,0,0.7786262035369873,0.07302328944206238,0.14835046231746674
10751,3,2,0,0.9029853940010071,0.025485046207904816,0.07152945548295975
10752,3,1,1,0.04037192463874817,0.9509322643280029,0.008695846423506737
10753,4,2,0,0.6824467182159424,0.12703654170036316,0.19051672518253326
10754,0,0,0,0.9689980149269104,0.0036394023336470127,0.027362670749425888
10755,3,0,0,0.8846175670623779,0.05199572816491127,0.06338661909103394
10757,2,0,0,0.7597136497497559,0.18727608025074005,0.0530102401971817
10759,0,0,0,0.7996245622634888,0.132756769657135,0.06761866807937622
10761,2,0,0,0.7567313313484192,0.15497638285160065,0.08829224109649658
10762,0,1,1,8.112635259749368e-05,0.9998383522033691,8.052228076849133e-05
10764,4,2,2,0.02609558217227459,0.0006240156944841146,0.9732804894447327
10765,1,0,0,0.762511670589447,0.0686940997838974,0.16879422962665558
10767,3,0,0,0.570275068283081,0.3470238149166107,0.08270114660263062
10768,0,0,0,0.9174371957778931,0.05218784511089325,0.030374964699149132
10769,0,0,0,0.8712302446365356,0.04049788787961006,0.08827189356088638
10770,2,1,1,0.0060255443677306175,0.9933856129646301,0.0005887974984943867
10771,1,0,0,0.9416638612747192,0.04337663948535919,0.014959574677050114
10772,3,2,2,0.1007390171289444,0.03917364403605461,0.8600873351097107
10774,3,1,0,0.540971577167511,0.4116356074810028,0.04739281162619591
10775,4,0,0,0.8500794768333435,0.09788409620523453,0.05203641951084137
10776,2,1,0,0.9441910982131958,0.008220722898840904,0.04758818447589874
10777,1,1,1,0.00013257800310384482,0.9997850060462952,8.237617294071242e-05
10778,0,1,1,0.0004627831222023815,0.9989020824432373,0.0006351339397951961
10779,1,1,0,0.5315775871276855,0.3532947301864624,0.11512762308120728
10781,1,1,1,0.0006286283605732024,0.9989113807678223,0.00046001022565178573
10782,4,2,2,0.00015175122825894505,0.008161832578480244,0.9916864037513733
10783,2,1,1,0.0006915170815773308,0.9992388486862183,6.96375936968252e-05
10785,0,1,1,0.009583507664501667,0.9893984794616699,0.0010180193930864334
10786,3,0,0,0.764127790927887,0.12608207762241364,0.10979016870260239
10787,2,0,0,0.8875669240951538,0.010828468017280102,0.1016046404838562
10788,2,0,0,0.8724091053009033,0.06174757331609726,0.06584326177835464
10789,0,0,0,0.8362349271774292,0.014233282767236233,0.14953173696994781
10790,0,0,0,0.47846662998199463,0.4261252284049988,0.09540808945894241
10792,3,2,0,0.5393887758255005,0.26873892545700073,0.1918722689151764
10793,1,0,0,0.9205731749534607,0.007929784245789051,0.07149706780910492
10795,1,0,0,0.8205138444900513,0.10653165727853775,0.07295449823141098
10796,1,0,0,0.9713919758796692,0.005159375723451376,0.02344861999154091
10798,3,1,1,0.00026381993666291237,0.9994451403617859,0.00029101449763402343
10799,3,1,0,0.5456269979476929,0.3891804814338684,0.06519248336553574
10800,3,1,0,0.4694201648235321,0.34453997015953064,0.18603980541229248
10801,2,0,0,0.7621012330055237,0.09915650635957718,0.13874228298664093
10802,0,1,0,0.9393772482872009,0.008199685253202915,0.05242307856678963
10803,0,0,0,0.8842437267303467,0.01419045589864254,0.10156586021184921
10805,4,0,0,0.7814987301826477,0.05603891983628273,0.16246235370635986
10806,0,0,0,0.9288129806518555,0.019111551344394684,0.05207538232207298
10807,2,1,1,0.006446145474910736,0.9891917109489441,0.004362168721854687
10808,2,0,0,0.9749026298522949,0.007537171244621277,0.01756027527153492
10809,0,2,2,0.0005959263071417809,0.021289529278874397,0.9781146049499512
10810,4,0,0,0.8222240805625916,0.0060162595473229885,0.1717596799135208
10811,2,2,0,0.5563337802886963,0.030345048755407333,0.41332119703292847
10813,3,1,1,0.016690151765942574,0.9806910753250122,0.002618701197206974
10814,4,0,0,0.6574540138244629,0.3241945207118988,0.018351400271058083
10815,4,2,2,0.00272927968762815,0.005065626930445433,0.9922050833702087
10816,0,1,1,0.050264474004507065,0.9478404521942139,0.0018951015081256628
10817,4,0,2,0.3964443802833557,0.00824836827814579,0.5953072905540466
10818,1,0,0,0.8723689913749695,0.07332386076450348,0.05430718511343002
10819,0,0,0,0.8381074070930481,0.04953852668404579,0.11235403269529343
10820,4,1,1,0.0045873685739934444,0.9951146841049194,0.00029790628468617797
10821,1,1,1,0.019704118371009827,0.9745457172393799,0.005750126671046019
10822,1,1,1,0.0024759608786553144,0.9973366856575012,0.00018733672914095223
10824,0,2,2,0.22079940140247345,0.08625621348619461,0.6929444074630737
10825,4,0,0,0.9090948104858398,0.008939492516219616,0.08196557313203812
10826,3,1,1,0.00206052721478045,0.9964309930801392,0.0015085090417414904
10828,2,0,0,0.8937025666236877,0.0058046672493219376,0.10049275308847427
10829,3,1,1,0.021828021854162216,0.975753664970398,0.002418343909084797
10830,4,0,0,0.790805995464325,0.14280636608600616,0.06638764590024948
10831,2,0,0,0.9292347431182861,0.020205000415444374,0.05056032910943031
10833,4,0,0,0.8571751117706299,0.029145529493689537,0.11367938667535782
10834,3,1,1,0.0013869806425645947,0.9983294606208801,0.0002835623163264245
10835,4,0,0,0.5776723027229309,0.16160646080970764,0.26072120666503906
10838,0,1,1,0.0006527085788547993,0.9987460374832153,0.0006011846126057208
10839,2,2,0,0.8798367977142334,0.0215752013027668,0.09858796745538712
10840,1,0,1,0.03537697717547417,0.9590709209442139,0.0055520981550216675
10841,3,2,2,0.4193524420261383,0.03936532139778137,0.5412822961807251
10842,3,2,0,0.7308457493782043,0.059661876410245895,0.20949238538742065
10845,1,0,0,0.9033076167106628,0.012247583828866482,0.08444478362798691
10846,2,1,1,0.009373817592859268,0.9891570806503296,0.001469042501412332
10847,3,2,2,0.05483359843492508,0.0014204980107024312,0.9437459111213684
10848,2,2,2,0.3869449496269226,0.1821729689836502,0.43088212609291077
10849,0,0,0,0.5054504871368408,0.2269778698682785,0.2675716280937195
10850,4,0,0,0.6183617115020752,0.02521011047065258,0.3564281463623047
10851,3,1,1,0.011328818276524544,0.9878038167953491,0.0008673780830577016
10852,1,2,0,0.9090138673782349,0.0037751796189695597,0.08721098303794861
10854,3,2,2,0.21190853416919708,0.05643182620406151,0.7316596508026123
10855,0,1,0,0.7911859750747681,0.12838271260261536,0.08043133467435837
10856,1,0,0,0.73481285572052,0.15867049992084503,0.10651667416095734
10858,1,0,0,0.9337308406829834,0.013811844401061535,0.052457381039857864
10859,2,0,0,0.9037598967552185,0.0012850414495915174,0.09495498985052109
10860,1,0,0,0.8558917045593262,0.11040102690458298,0.03370735049247742
10862,1,1,0,0.8873610496520996,0.03142436966300011,0.08121457695960999
10863,4,0,1,0.30856093764305115,0.6093880534172058,0.08205101639032364
10864,1,2,0,0.6301966309547424,0.014032229781150818,0.35577118396759033
10865,4,1,1,0.008071855641901493,0.9911792874336243,0.0007488048286177218
10866,1,2,2,8.041707042139024e-05,0.009155266918241978,0.9907642602920532
10868,4,0,0,0.49239382147789,0.33829471468925476,0.16931141912937164
10869,4,0,0,0.9339438676834106,0.015244781039655209,0.05081142112612724
10870,4,0,0,0.8223681449890137,0.1145571693778038,0.06307472288608551
10871,1,0,0,0.8971766829490662,0.019064396619796753,0.08375898748636246
10872,2,1,1,0.0002910915936809033,0.9996708631515503,3.803321305895224e-05
10873,0,2,0,0.49628040194511414,0.466577410697937,0.037142183631658554
10874,3,2,2,0.20219169557094574,0.030214831233024597,0.767593502998352
10875,4,1,1,0.01668146811425686,0.9820970892906189,0.001221421523950994
10876,4,1,1,0.004520456772297621,0.9931001663208008,0.0023793024010956287
10877,0,1,1,0.12752778828144073,0.8652135729789734,0.007258683443069458
10878,1,0,0,0.8366197347640991,0.1331031769514084,0.030277062207460403
10881,4,0,0,0.5282512903213501,0.12502630054950714,0.34672248363494873
10882,2,2,0,0.8892233967781067,0.028980553150177002,0.08179602771997452
10883,0,0,0,0.7455632090568542,0.13513144850730896,0.11930540204048157
10884,1,1,1,0.05605024844408035,0.9348022937774658,0.009147495962679386
10885,3,0,0,0.8086451888084412,0.014934641309082508,0.17642010748386383
10886,4,0,0,0.8635914921760559,0.06675798445940018,0.06965059041976929
10887,4,0,0,0.9053242802619934,0.03889228776097298,0.05578349158167839
10888,0,0,0,0.7462278008460999,0.14464160799980164,0.10913058370351791
10889,4,0,0,0.9046443700790405,0.01781681552529335,0.07753886282444
10891,1,0,0,0.7885822653770447,0.0982183888554573,0.11319933831691742
10892,2,1,0,0.958257794380188,0.020624810829758644,0.021117422729730606
10893,3,0,0,0.5535523891448975,0.31675413250923157,0.12969349324703217
10894,4,0,0,0.9515349268913269,0.012672517448663712,0.03579261153936386
10895,1,1,1,0.0001802732003852725,0.9997887015342712,3.09936331177596e-05
10896,3,1,1,0.1349339485168457,0.82183837890625,0.04322761297225952
10897,0,1,1,0.05988374352455139,0.9338796734809875,0.006236557383090258
10898,3,2,2,0.15575096011161804,0.056076016277074814,0.7881730198860168
10899,1,2,0,0.6909164190292358,0.1409924328327179,0.16809116303920746
10900,0,0,0,0.9498556852340698,0.007411302533000708,0.042732950299978256
10901,0,2,0,0.8699139356613159,0.05409839749336243,0.07598765939474106
10902,2,0,0,0.9618062973022461,0.003898381255567074,0.03429531306028366
10903,1,2,2,0.20304931700229645,0.3028387725353241,0.49411189556121826
10904,1,0,0,0.7506822347640991,0.20830115675926208,0.041016582399606705
10905,3,0,0,0.6578433513641357,0.25896725058555603,0.08318933099508286
10906,4,0,0,0.9575977325439453,0.007750473916530609,0.034651678055524826
10907,1,0,1,0.38787856698036194,0.5976865291595459,0.014434886164963245
10908,3,1,1,0.000824100396130234,0.999030590057373,0.00014531121996697038
10910,4,1,1,0.003253212431445718,0.9953505992889404,0.0013962241355329752
10911,1,1,1,0.003570148255676031,0.9932370781898499,0.00319277192465961
10913,1,0,0,0.861227810382843,0.019437424838542938,0.11933475732803345
10914,2,0,0,0.8295075297355652,0.15550246834754944,0.014990001916885376
10917,4,1,0,0.571151077747345,0.21775445342063904,0.2110944390296936
10918,2,0,2,0.09729430079460144,0.028743231669068336,0.8739624619483948
10919,0,1,0,0.8553174734115601,0.047769103199243546,0.09691350162029266
10920,3,0,0,0.7915734052658081,0.05806523934006691,0.1503613144159317
10922,4,2,0,0.9391819834709167,0.0203678160905838,0.04045017436146736
10925,1,2,2,0.00014211471716407686,0.004599438980221748,0.9952583909034729
10926,2,0,0,0.7209632396697998,0.2504422664642334,0.028594382107257843
10927,2,0,0,0.8875868320465088,0.011603686027228832,0.1008094847202301
10929,4,1,0,0.8582295775413513,0.13672177493572235,0.0050486549735069275
10930,4,2,0,0.8408017754554749,0.015420300886034966,0.14377792179584503
10931,4,0,0,0.8877398371696472,0.049679841846227646,0.06258030235767365
10934,0,1,1,2.5333005396532826e-05,0.9998475313186646,0.00012714829063042998
10935,0,2,0,0.6887844204902649,0.0034425838384777308,0.30777299404144287
10936,3,1,0,0.9095061421394348,0.01620527356863022,0.07428864389657974
10938,1,1,2,0.35648638010025024,0.2721273601055145,0.37138622999191284
10939,1,2,0,0.6136108040809631,0.33694931864738464,0.04943990707397461
10940,3,0,0,0.7034950256347656,0.23985788226127625,0.056647107005119324
10942,4,0,0,0.8436070084571838,0.11210809648036957,0.04428480565547943
10943,0,1,1,0.3872261941432953,0.5615568161010742,0.0512169674038887
10946,2,2,2,0.32801827788352966,0.014469248242676258,0.6575125455856323
10947,0,0,0,0.8121708631515503,0.12723210453987122,0.060597013682127
10948,0,0,0,0.9712274670600891,0.002545074326917529,0.026227449998259544
10949,1,0,1,0.008467483334243298,0.9705889225006104,0.020943567156791687
10950,4,1,0,0.5705510973930359,0.013868045061826706,0.4155808687210083
10951,0,2,0,0.9690497517585754,0.003996443934738636,0.026953907683491707
10952,0,0,2,0.005330653861165047,0.006572147831320763,0.9880973100662231
10953,3,2,0,0.898496150970459,0.06659799814224243,0.034905895590782166
10954,2,0,1,0.0015585946384817362,0.998308539390564,0.00013290478091221303
10955,4,1,0,0.880944550037384,0.0731385126709938,0.04591693356633186
10956,1,0,0,0.5718887448310852,0.3232932388782501,0.10481801629066467
10957,0,1,1,0.4720504581928253,0.48061907291412354,0.04733053967356682
10959,0,0,1,0.019526977092027664,0.97917240858078,0.0013006046647205949
10960,3,1,0,0.6778073906898499,0.10168688744306564,0.2205057591199875
10962,0,1,1,0.00020372729341033846,0.9996944665908813,0.00010184320126427338
10963,4,1,1,0.00022775089018978179,0.998828113079071,0.000944111030548811
10964,4,1,0,0.8508500456809998,0.047469355165958405,0.10168062150478363
10965,2,1,0,0.8796250820159912,0.07429233938455582,0.046082619577646255
10966,0,1,0,0.8382684588432312,0.0811588242650032,0.08057267963886261
10967,1,0,0,0.7729080319404602,0.14051206409931183,0.08657991886138916
10968,3,0,0,0.952583909034729,0.012385829351842403,0.03503018617630005
10969,3,1,0,0.9588688015937805,0.005852291826158762,0.03527897596359253
10971,2,0,0,0.9479459524154663,0.030152935534715652,0.021901099011301994
10972,3,0,0,0.7756905555725098,0.11868851631879807,0.10562087595462799
10973,3,1,0,0.8081468343734741,0.08793548494577408,0.1039176657795906
10974,4,0,0,0.7246139049530029,0.2589849829673767,0.016401125118136406
10975,1,0,1,0.1955472081899643,0.7414244413375854,0.06302831321954727
10976,3,1,1,0.052198488265275955,0.9373230338096619,0.010478456504642963
10977,3,1,1,0.03951585665345192,0.9514787793159485,0.009005352854728699
10978,2,0,0,0.8866312503814697,0.036998409777879715,0.07637032866477966
10979,2,2,0,0.629331648349762,0.25899794697761536,0.11167038977146149
10980,2,0,0,0.9614551663398743,0.025302967056632042,0.013241850771009922
10981,0,1,0,0.45030665397644043,0.17999504506587982,0.36969828605651855
10982,1,2,2,0.15652865171432495,0.338340699672699,0.5051306486129761
10983,4,1,0,0.7496023774147034,0.024184102192521095,0.22621360421180725
10984,2,2,0,0.9621055722236633,0.005686318967491388,0.032208118587732315
10985,2,0,1,0.002586563117802143,0.9964091181755066,0.0010043566580861807
10987,4,0,0,0.8847578763961792,0.015289373695850372,0.0999528095126152
10988,3,0,0,0.7522515058517456,0.11578882485628128,0.13195963203907013
10989,0,0,0,0.8727994561195374,0.023070750758051872,0.10412973910570145
10990,2,0,0,0.9778159856796265,0.0015032707015052438,0.020680833607912064
10992,0,0,0,0.836120069026947,0.030889466404914856,0.13299043476581573
10993,2,0,0,0.8966153860092163,0.010053133592009544,0.09333150833845139
10995,2,1,0,0.8919242024421692,0.07325837016105652,0.0348174050450325
10997,0,0,0,0.861881673336029,0.1062798872590065,0.031838420778512955
10998,1,1,0,0.6978148818016052,0.205457404255867,0.09672770649194717
10999,2,1,1,1.1391965927032288e-05,0.9999852180480957,3.433365009186673e-06
11000,3,1,0,0.6442176103591919,0.2533743977546692,0.10240793973207474
11001,3,1,1,0.002695175353437662,0.9965766072273254,0.0007282530423253775
11002,0,1,1,0.32498711347579956,0.6094144582748413,0.0655984878540039
11005,2,1,0,0.4808509945869446,0.44061699509620667,0.07853196561336517
11006,4,0,1,0.23056980967521667,0.7456300258636475,0.0238001961261034
11007,4,0,0,0.9276092648506165,0.010207468643784523,0.06218321621417999
11010,0,0,0,0.8590898513793945,0.0958191454410553,0.0450909398496151
11011,4,0,0,0.8572856783866882,0.00030210890690796077,0.1424122303724289
11012,0,0,0,0.9448001980781555,0.006120162084698677,0.04907964542508125
11014,1,0,0,0.6734306216239929,0.2982953190803528,0.02827412076294422
11015,4,0,0,0.9065701961517334,0.03407684341073036,0.059353057295084
11016,0,2,2,0.00206494377925992,0.0008726453525014222,0.9970623850822449
11017,2,2,2,0.27181294560432434,0.003415672341361642,0.7247714400291443
11018,0,0,0,0.9631593823432922,0.005760132800787687,0.031080396845936775
11019,3,2,2,5.631432031805161e-06,0.00010133876639883965,0.999893069267273
11020,3,1,0,0.6844247579574585,0.1563296616077423,0.159245565533638
11021,2,2,2,0.024327116087079048,0.014037640765309334,0.9616352915763855
11022,4,0,0,0.9275392293930054,0.0053037358447909355,0.06715704500675201
11023,0,0,0,0.9230384230613708,0.015079759061336517,0.06188186630606651
11024,1,1,1,0.0006364821456372738,0.9992994070053101,6.409522029571235e-05
11025,0,1,1,0.0013766902266070247,0.9972712397575378,0.0013520997017621994
11026,4,1,1,0.38630637526512146,0.5528666377067566,0.06082692742347717
11027,0,1,1,0.00012232734297867864,0.9998446702957153,3.2985150028252974e-05
11028,3,2,0,0.8099831342697144,0.07399453967809677,0.11602232605218887
11029,3,0,0,0.8302513360977173,0.031029334291815758,0.13871929049491882
11030,0,1,0,0.6876152753829956,0.15823273360729218,0.15415196120738983
11031,1,0,0,0.650692880153656,0.2869527339935303,0.062354378402233124
11032,2,1,1,1.9277324099675752e-05,0.9999786615371704,2.0146233055129414e-06
11033,0,0,1,0.10533130168914795,0.8882612586021423,0.006407430861145258
11034,2,0,0,0.8338606953620911,0.03754957765340805,0.1285897195339203
11035,4,2,2,0.0010861250339075923,0.0010248294565826654,0.9978891015052795
11036,4,0,0,0.9143177270889282,0.0009470157674513757,0.08473527431488037
11037,2,0,0,0.6762516498565674,0.1743011623620987,0.1494472622871399
11039,0,0,1,0.0013120718067511916,0.9969858527183533,0.0017020439263433218
11040,3,0,1,0.0001283351593883708,0.9998195767402649,5.2134877478238195e-05
11042,4,1,1,0.0003667009877972305,0.9992514252662659,0.00038180960109457374
11044,3,1,0,0.7705684900283813,0.12784454226493835,0.1015869528055191
11045,4,0,0,0.8926798701286316,0.028656627982854843,0.07866353541612625
11046,3,0,0,0.6389830112457275,0.28744781017303467,0.07356918603181839
11047,4,1,1,0.010744734667241573,0.9743105173110962,0.014944726601243019
11049,3,0,0,0.8177528977394104,0.03554868325591087,0.14669840037822723
11050,4,1,0,0.7360813617706299,0.20250754058361053,0.0614110492169857
11051,2,0,0,0.9541910290718079,0.0017788158729672432,0.04403023421764374
11052,3,0,1,0.2900879383087158,0.600046694278717,0.10986539721488953
11053,1,1,1,9.073237742995843e-05,0.9998816251754761,2.767439764284063e-05
11054,4,0,0,0.9053245782852173,0.03870794549584389,0.05596756562590599
11055,0,1,1,0.007786735892295837,0.9791801571846008,0.013033099472522736
11056,3,0,0,0.9429879784584045,0.004658860620111227,0.05235318839550018
11057,1,1,1,0.0004211946506984532,0.9994124174118042,0.00016639812383800745
11058,4,0,0,0.9244765639305115,0.0021502238232642412,0.0733732134103775
11059,3,0,1,0.25772708654403687,0.7306429147720337,0.011629926040768623
11060,0,0,0,0.8241036534309387,0.0177301038056612,0.15816619992256165
11062,2,0,0,0.8060173392295837,0.09038306027650833,0.10359949618577957
11063,2,0,0,0.7201284766197205,0.18792614340782166,0.09194532036781311
11064,2,1,0,0.7461872696876526,0.113892562687397,0.13992014527320862
11065,3,1,1,8.64166286191903e-05,0.9998936653137207,1.9887200323864818e-05
11066,2,0,0,0.7461461424827576,0.05470484867691994,0.19914890825748444
11068,3,0,0,0.8822031021118164,0.03362870216369629,0.08416827768087387
11069,4,0,0,0.8205528855323792,0.06547265499830246,0.1139744371175766
11070,2,0,0,0.8458400964736938,0.026693055406212807,0.12746687233448029
11071,4,0,0,0.7528681755065918,0.19012482464313507,0.05700699985027313
11072,3,0,0,0.7354249954223633,0.0879037007689476,0.17667129635810852
11073,4,1,0,0.756628155708313,0.04805281385779381,0.1953190416097641
11074,3,2,0,0.6442748308181763,0.014789984561502934,0.3409351706504822
11075,4,1,1,0.00017127209866885096,0.9994179010391235,0.00041082632378675044
11077,3,0,0,0.7142173051834106,0.16378344595432281,0.12199924886226654
11078,4,0,0,0.8902879953384399,0.032083701342344284,0.0776282250881195
11079,4,1,0,0.8270246982574463,0.1266440749168396,0.0463312603533268
11080,0,1,1,1.9897186575690284e-05,0.9999626874923706,1.7462432879256085e-05
11081,2,0,0,0.9622078537940979,0.01277124509215355,0.025020835921168327
11082,0,0,0,0.9532396197319031,0.006764520425349474,0.03999587148427963
11083,0,0,0,0.9485998749732971,0.021669892594218254,0.029730280861258507
11084,3,1,1,0.06410041451454163,0.9152922630310059,0.020607328042387962
11085,4,1,1,0.06296007335186005,0.9319140911102295,0.00512579595670104
11086,0,1,0,0.6800951957702637,0.25363022089004517,0.06627455353736877
11087,0,1,0,0.750799298286438,0.1943473219871521,0.05485336482524872
11088,2,0,0,0.9350747466087341,0.019509373232722282,0.04541577771306038
11089,2,1,1,7.404027201118879e-06,0.9999862909317017,6.318998202914372e-06
11090,0,1,1,0.00016516842879354954,0.9997939467430115,4.090010770596564e-05
11091,4,0,2,0.33044588565826416,0.028689207509160042,0.640864908695221
11092,4,0,0,0.8973696827888489,0.06471648067235947,0.037913933396339417
11093,3,2,0,0.7117704749107361,0.12929987907409668,0.1589297205209732
11094,1,0,2,0.4451535940170288,0.02214052900671959,0.5327058434486389
11095,2,0,0,0.9394539594650269,0.014094039797782898,0.04645197093486786
11096,2,1,1,0.3984764516353607,0.5913710594177246,0.010152463801205158
11097,0,0,0,0.5296012759208679,0.4247206747531891,0.04567806422710419
11098,4,1,0,0.6652197241783142,0.0628323033452034,0.2719480097293854
11099,4,2,0,0.7582554817199707,0.1613311469554901,0.0804133489727974
11100,3,1,1,0.00017713296983856708,0.9998007416725159,2.2138634449220262e-05
11101,3,0,0,0.7943126559257507,0.1414346843957901,0.06425268203020096
11103,0,1,1,0.0005565144820138812,0.9983553290367126,0.0010881393682211637
11104,2,0,0,0.9539778828620911,0.00684129074215889,0.039180923253297806
11106,0,0,0,0.7912658452987671,0.03528425842523575,0.17344996333122253
11107,4,1,1,0.16636838018894196,0.8266202807426453,0.007011301349848509
11110,4,2,0,0.821726381778717,0.04363128915429115,0.13464225828647614
11111,3,0,0,0.8104842901229858,0.10769446939229965,0.08182115852832794
11112,0,1,0,0.6916351914405823,0.24758625030517578,0.060778629034757614
11113,3,2,0,0.8191843032836914,0.09982670098543167,0.08098901063203812
11114,0,1,0,0.5481638312339783,0.3873147964477539,0.0645214393734932
11115,2,1,0,0.7671143412590027,0.15834146738052368,0.07454413920640945
11116,3,1,1,0.023250611498951912,0.9685469269752502,0.008202507160604
11117,0,0,0,0.7381730675697327,0.05154427886009216,0.21028266847133636
11118,1,2,0,0.9201760292053223,0.030873648822307587,0.04895033314824104
11121,2,0,0,0.7180792689323425,0.19950348138809204,0.08241727948188782
11123,1,1,1,0.07291285693645477,0.9239354133605957,0.0031517145689576864
11124,1,1,1,3.1641404348192737e-05,0.9999645948410034,3.81711333830026e-06
11125,0,0,0,0.690136194229126,0.2620525360107422,0.047811251133680344
11128,2,1,1,0.0064660473726689816,0.9934350252151489,9.894532558973879e-05
11129,4,1,1,0.0009948044316843152,0.9989233613014221,8.184478792827576e-05
11130,1,0,0,0.7003645896911621,0.09159856289625168,0.20803675055503845
11131,1,0,0,0.9116246700286865,0.015705427154898643,0.07266984134912491
11132,2,1,1,0.005621389020234346,0.9938361048698425,0.0005424264236353338
11133,0,1,1,0.002105734311044216,0.9977001547813416,0.00019407972285989672
11134,1,2,0,0.8979044556617737,0.05313980206847191,0.04895566403865814
11135,3,1,0,0.5886849164962769,0.11934579908847809,0.2919692099094391
11136,1,1,0,0.8969703316688538,0.03570086508989334,0.06732888519763947
11137,4,0,0,0.8264734745025635,0.030819298699498177,0.1427072286605835
11139,2,2,2,0.058900944888591766,0.36378753185272217,0.5773115158081055
11140,1,1,1,0.07991509139537811,0.9163910746574402,0.0036939026322215796
11141,2,0,0,0.7439076900482178,0.22220870852470398,0.03388356417417526
11142,1,1,1,0.0002178629656555131,0.9996091723442078,0.00017298993770964444
11143,4,0,0,0.9348517656326294,0.01878526248037815,0.046362921595573425
11144,3,1,0,0.8115041851997375,0.09570739418268204,0.09278839826583862
11145,0,1,0,0.7278468012809753,0.04569581523537636,0.2264574021100998
11146,3,0,0,0.8503211140632629,0.09459955990314484,0.05507935583591461
11147,4,0,0,0.9662836790084839,0.010021758265793324,0.023694589734077454
11148,3,0,0,0.7796875834465027,0.03609699010848999,0.18421539664268494
11150,4,0,0,0.6757825613021851,0.1346987932920456,0.18951861560344696
11151,0,0,0,0.6817653775215149,0.2541024684906006,0.0641322135925293
11152,0,0,0,0.7815901637077332,0.12603531777858734,0.09237450361251831
11154,4,1,1,7.973521132953465e-05,0.9999072551727295,1.2941874956595711e-05
11155,4,1,1,0.11840828508138657,0.870197594165802,0.011394132860004902
11157,1,0,0,0.584587574005127,0.08224314451217651,0.33316925168037415
11158,0,1,1,0.014013849198818207,0.983709454536438,0.002276739338412881
11159,1,1,1,1.7804080925998278e-05,0.9999723434448242,9.817272257350851e-06
11160,4,0,0,0.5791234374046326,0.3788154423236847,0.04206108674407005
11161,4,2,0,0.9105825424194336,0.033286068588495255,0.05613141506910324
11162,4,1,1,0.022489702329039574,0.9740990400314331,0.003411201061680913
11164,3,1,1,0.47462841868400574,0.48033952713012695,0.04503205418586731
11166,0,0,1,0.3887196183204651,0.5907377004623413,0.020542684942483902
11167,0,1,0,0.708373486995697,0.23351584374904633,0.058110639452934265
11169,1,2,0,0.9053707718849182,0.02907087840139866,0.0655582994222641
11170,3,2,0,0.7738209962844849,0.11398999392986298,0.11218899488449097
11171,1,1,0,0.6393824219703674,0.0680723562836647,0.2925451695919037
11172,4,1,1,0.04002794623374939,0.9460011124610901,0.013970993459224701
11173,0,1,1,0.00022322079166769981,0.9995531439781189,0.0002235812571598217
11174,0,1,0,0.7835198640823364,0.10124088823795319,0.11523930728435516
11175,1,0,0,0.9007803797721863,0.020741760730743408,0.0784778967499733
11176,0,1,1,0.0018020347924903035,0.9975922107696533,0.0006058242288418114
11178,0,0,0,0.8077998161315918,0.020761122927069664,0.1714390069246292
11180,0,0,1,0.27117404341697693,0.389057993888855,0.3397679626941681
11181,1,0,0,0.9474837183952332,0.003162454580888152,0.04935383051633835
11182,3,1,1,0.06174565106630325,0.9276964664459229,0.010557875968515873
11184,1,0,2,0.4676468074321747,0.04332740604877472,0.4890257716178894
11185,3,0,0,0.6824566721916199,0.06172150745987892,0.2558217942714691
11186,3,0,0,0.5603578686714172,0.41227269172668457,0.027369366958737373
11188,0,2,0,0.7909524440765381,0.1575355976819992,0.05151195824146271
11190,0,0,1,0.2021915167570114,0.783828616142273,0.013979879207909107
11191,3,1,1,0.0002748646948020905,0.9996658563613892,5.9272191720083356e-05
11192,1,1,1,0.007034156005829573,0.9918369650840759,0.0011288661044090986
11193,2,1,1,0.010437016375362873,0.9888530969619751,0.0007098501082509756
11194,2,0,0,0.9380663633346558,0.01456855796277523,0.047365035861730576
11195,1,1,1,7.732704943919089e-06,0.9999897480010986,2.460292080286308e-06
11196,1,2,0,0.8363534808158875,0.14077205955982208,0.022874392569065094
11197,4,1,0,0.521405816078186,0.4495323598384857,0.029061848297715187
11198,2,0,0,0.8649588823318481,0.11579366028308868,0.019247442483901978
11199,4,0,0,0.9340779185295105,0.024091241881251335,0.04183084890246391
11200,4,0,0,0.9569436311721802,0.0064082457683980465,0.03664812445640564
11204,2,1,1,0.0005678563029505312,0.9988297820091248,0.0006023193709552288
11205,4,0,0,0.6185488700866699,0.19369813799858093,0.18775303661823273
11206,1,0,0,0.9703781008720398,0.0025812722742557526,0.0270406324416399
11208,2,2,0,0.8560768365859985,0.09951924532651901,0.04440389201045036
11209,2,0,2,0.09019283950328827,0.0037102627102285624,0.906096875667572
11210,4,1,0,0.7385971546173096,0.19957520067691803,0.061827629804611206
11211,2,0,0,0.9539849162101746,0.0055204033851623535,0.040494710206985474
11212,0,0,0,0.9367796778678894,0.017642691731452942,0.045577578246593475
11214,1,0,0,0.9420422315597534,0.012720802798867226,0.04523694887757301
11215,4,2,2,0.014401045627892017,0.0006698654033243656,0.9849291443824768
11216,0,1,1,0.061914000660181046,0.9362611770629883,0.0018247824627906084
11217,2,1,1,0.14542469382286072,0.8492065072059631,0.0053687491454184055
11218,4,0,0,0.8801136612892151,0.05285654962062836,0.06702983379364014
11219,0,0,0,0.8776764869689941,0.03993707522749901,0.08238648623228073
11220,2,0,0,0.6454147100448608,0.07381024211645126,0.2807750701904297
11221,2,1,1,0.10077563673257828,0.88241046667099,0.0168138574808836
11222,3,1,1,0.0158475823700428,0.983482837677002,0.0006696156924590468
11224,4,0,0,0.8537755012512207,0.060478225350379944,0.08574633300304413
11225,3,1,1,0.00011383031960576773,0.9990147352218628,0.0008713664719834924
11226,0,1,0,0.6900129318237305,0.18581430613994598,0.12417278438806534
11227,4,0,0,0.9060454964637756,0.020638467743992805,0.07331597059965134
11228,0,0,0,0.7753197550773621,0.12770655751228333,0.09697364270687103
11229,0,2,2,0.001217893324792385,0.003359252819791436,0.995422899723053
11231,1,0,0,0.9170986413955688,0.01114767137914896,0.07175363600254059
11232,1,0,0,0.6487973928451538,0.20015747845172882,0.15104511380195618
11234,4,0,0,0.9610524773597717,0.00702775688841939,0.03191976249217987
11235,0,1,1,0.345481276512146,0.6164659857749939,0.0380527526140213
11237,3,0,0,0.7618905901908875,0.16065429151058197,0.07745514810085297
11238,1,0,0,0.7549523115158081,0.13287124037742615,0.11217646300792694
11239,4,0,0,0.6162452101707458,0.3222896456718445,0.061465173959732056
11242,1,0,0,0.832481324672699,0.10134552419185638,0.06617312133312225
11243,3,0,1,0.01028863899409771,0.989128053188324,0.000583339249715209
11244,3,0,0,0.8468428254127502,0.0904109925031662,0.06274626404047012
11245,2,0,0,0.9405277967453003,0.030636221170425415,0.02883598767220974
11246,1,0,0,0.9544588327407837,0.004757890477776527,0.04078333079814911
11247,4,0,0,0.8905066251754761,0.0773417130112648,0.03215168043971062
11248,1,1,1,0.00026023536338470876,0.9997151494026184,2.455431967973709e-05
11249,3,0,0,0.8696928024291992,0.07104536890983582,0.05926178768277168
11250,2,0,0,0.9176540374755859,0.020200470462441444,0.062145430594682693
11251,4,1,1,0.01945287175476551,0.9749406576156616,0.0056064194068312645
11256,3,2,0,0.6879333853721619,0.03985104337334633,0.27221551537513733
11257,2,0,0,0.6454126238822937,0.013069766573607922,0.34151768684387207
11259,0,0,0,0.7807260751724243,0.049941953271627426,0.16933193802833557
11260,1,0,0,0.8481540083885193,0.035493217408657074,0.11635280400514603
11262,4,1,1,0.005529151298105717,0.9940294027328491,0.00044142521801404655
11263,3,0,0,0.9206445217132568,0.0032254245597869158,0.07613011449575424
11264,2,1,1,0.39804044365882874,0.5771821141242981,0.024777386337518692
11265,3,0,0,0.8357235193252563,0.12688446044921875,0.03739197924733162
11266,4,1,1,0.0007847711094655097,0.999068558216095,0.00014674112026114017
11267,0,0,0,0.8867430686950684,0.04541700333356857,0.06783994287252426
11268,1,0,0,0.5677147507667542,0.06564123928546906,0.3666440546512604
11269,4,0,0,0.5261572003364563,0.006678549572825432,0.4671642482280731
11271,4,1,1,0.29929211735725403,0.672224223613739,0.02848368138074875
11272,4,0,0,0.7137393355369568,0.025677785277366638,0.2605828642845154
11273,3,2,0,0.8593301177024841,0.03144294023513794,0.10922689735889435
11274,4,0,0,0.922635555267334,0.01908620074391365,0.05827820673584938
11275,1,1,1,0.06750231981277466,0.9020102620124817,0.030487414449453354
11276,3,0,0,0.7875602841377258,0.12217362970113754,0.09026611596345901
11277,4,0,0,0.7993209362030029,0.028399435803294182,0.17227959632873535
11278,0,0,0,0.8424342274665833,0.10837997496128082,0.049185801297426224
11280,2,0,0,0.8530018925666809,0.022135809063911438,0.12486236542463303
11281,1,1,1,0.0010287525365129113,0.9988805651664734,9.071157546713948e-05
11282,3,1,1,0.00019469136896077543,0.9997902512550354,1.5114494090084918e-05
11284,3,0,0,0.5959171652793884,0.06213020160794258,0.3419525921344757
11285,0,0,0,0.7086532711982727,0.2194804847240448,0.0718662440776825
11286,0,0,0,0.877067506313324,0.016159946098923683,0.10677249729633331
11287,2,0,0,0.8351614475250244,0.03958985209465027,0.12524868547916412
11289,4,0,0,0.9270607829093933,0.013483844697475433,0.05945533886551857
11290,0,0,0,0.8836902976036072,0.025816434994339943,0.09049319475889206
11291,0,0,0,0.8466021418571472,0.07674815505743027,0.07664965838193893
11292,0,1,1,0.060136716812849045,0.9170099496841431,0.022853313013911247
11293,3,0,0,0.580153226852417,0.11416564881801605,0.30568113923072815
11294,2,1,1,0.13207152485847473,0.849790632724762,0.018137851729989052
11295,0,0,0,0.9168455600738525,0.005658023525029421,0.07749637961387634
11297,0,0,0,0.7403430342674255,0.22295759618282318,0.036699410527944565
11298,3,0,0,0.8810041546821594,0.004198410548269749,0.11479735374450684
11299,3,2,2,0.01023415569216013,0.0015632071299478412,0.9882026314735413
11300,3,0,0,0.718985378742218,0.02922193333506584,0.25179266929626465
11301,0,1,0,0.8854435682296753,0.0922045037150383,0.022351881489157677
11302,3,1,1,0.06198687106370926,0.9376195073127747,0.00039358643698506057
11303,1,0,0,0.6677629351615906,0.19557227194309235,0.13666483759880066
11304,0,0,2,0.05411962419748306,0.37542179226875305,0.5704585909843445
11305,2,0,0,0.9565364122390747,0.02510039508342743,0.018363194540143013
11306,2,0,0,0.8731610774993896,0.05032210797071457,0.07651679217815399
11307,2,0,0,0.8646503686904907,0.05985606461763382,0.0754934623837471
11308,1,0,2,0.3983561098575592,0.13664968311786652,0.46499425172805786
11309,2,0,0,0.739936351776123,0.17293068766593933,0.08713304251432419
11310,1,0,0,0.635564386844635,0.05383990705013275,0.31059569120407104
11311,4,1,1,0.014974987134337425,0.984104573726654,0.0009204668458551168
11314,3,1,1,0.17124001681804657,0.8095507025718689,0.019209256395697594
11315,4,1,1,0.0001784414198482409,0.9998123049736023,9.279377991333604e-06
11316,3,1,1,0.006295620929449797,0.9910516738891602,0.002652692375704646
11317,0,0,0,0.8900545239448547,0.07048053294420242,0.03946492075920105
11321,2,0,0,0.8878865242004395,0.007593684364110231,0.10451976954936981
11323,4,0,0,0.844976544380188,0.048893414437770844,0.10613003373146057
11324,2,0,0,0.8811823129653931,0.012563692405819893,0.1062539592385292
11327,2,2,0,0.8883756399154663,0.0402461513876915,0.07137815654277802
11329,0,1,1,0.0022101346403360367,0.9942672848701477,0.003522558370605111
11331,2,1,1,0.30653417110443115,0.6829339861869812,0.01053184550255537
11332,2,1,1,0.05930430814623833,0.937283456325531,0.0034123030491173267
11334,3,1,1,0.02282785065472126,0.9748348593711853,0.002337235026061535
11335,4,0,0,0.8511401414871216,0.027975037693977356,0.12088486552238464
11337,3,0,0,0.7891868352890015,0.03258327767252922,0.17822982370853424
11338,1,0,0,0.9291166067123413,0.009057500399649143,0.0618259459733963
11340,1,0,0,0.824035108089447,0.04689934104681015,0.129065603017807
11341,3,0,0,0.8201864957809448,0.13352593779563904,0.04628761112689972
11342,2,1,2,0.29783326387405396,0.04189653322100639,0.6602702736854553
11344,3,1,1,0.0011121128918603063,0.9985452890396118,0.00034259699168615043
11345,3,0,0,0.740049421787262,0.1352294236421585,0.12472124397754669
11346,4,0,1,0.3661889135837555,0.6115376949310303,0.022273443639278412
11347,4,1,1,0.017995664849877357,0.9814809560775757,0.0005233044503256679
11349,2,0,0,0.9016856551170349,0.04933985695242882,0.04897451028227806
11350,1,0,0,0.47403469681739807,0.3009692430496216,0.22499604523181915
11351,4,1,1,1.7268745068577118e-05,0.9999758005142212,6.871011009934591e-06
11352,4,0,0,0.7529438138008118,0.20681412518024445,0.04024210199713707
11354,1,0,0,0.5588148832321167,0.4047451317310333,0.03643999248743057
11357,3,1,1,0.006551805417984724,0.9927659034729004,0.0006822246359661222
11358,2,1,0,0.5545786023139954,0.3732419013977051,0.07217948138713837
11360,4,0,0,0.7481865882873535,0.0617908276617527,0.1900225579738617
11361,4,1,1,0.0017072793561965227,0.9978803396224976,0.00041242936276830733
11363,1,2,2,0.0016758813289925456,0.0009457313572056592,0.9973784685134888
11364,1,1,1,0.0012681976659223437,0.998589813709259,0.0001419672043994069
11365,1,0,0,0.7957441806793213,0.12554743885993958,0.07870836555957794
11366,4,0,0,0.9356210231781006,0.02889409288764,0.03548485413193703
11367,4,0,0,0.9011241793632507,0.044703394174575806,0.054172445088624954
11368,1,0,0,0.7883617281913757,0.11073706299066544,0.10090120136737823
11370,1,0,0,0.857833743095398,0.07182661443948746,0.07033959031105042
11371,1,1,0,0.7862831950187683,0.17772604525089264,0.03599078953266144
11372,1,0,0,0.8893190026283264,0.016613587737083435,0.09406737238168716
11373,0,0,0,0.9569920897483826,0.008081129752099514,0.03492676839232445
11374,3,1,0,0.48348572850227356,0.4751032888889313,0.04141097143292427
11375,1,0,0,0.864152729511261,0.05406032130122185,0.08178691565990448
11376,4,0,0,0.9479970932006836,0.006512763909995556,0.04549013450741768
11377,4,1,0,0.7679205536842346,0.1543905884027481,0.07768893986940384
11380,3,0,0,0.7808892726898193,0.09742692857980728,0.12168379127979279
11381,2,1,1,0.1496969759464264,0.8461423516273499,0.004160612355917692
11382,1,1,0,0.7984147071838379,0.09628350287675858,0.1053018569946289
11384,3,1,0,0.863505482673645,0.06808400899171829,0.0684104710817337
11385,1,0,0,0.8288081288337708,0.025068650022149086,0.1461232304573059
11386,3,0,0,0.7246348857879639,0.05020560324192047,0.22515954077243805
11387,4,1,1,0.0873926654458046,0.8823148012161255,0.030292483046650887
11388,4,0,0,0.9482722878456116,0.024847280234098434,0.026880480349063873
11389,2,0,2,0.2902239263057709,0.027367684990167618,0.6824084520339966
11390,0,0,0,0.763574481010437,0.14497509598731995,0.09145041555166245
11391,2,1,1,0.07243599742650986,0.9177914261817932,0.009772601537406445
11392,3,0,0,0.8538608551025391,0.034502021968364716,0.11163721233606339
11393,2,0,0,0.8686491250991821,0.017732733860611916,0.11361817270517349
11395,1,1,1,0.0003601436619646847,0.9994221925735474,0.00021766230929642916
11396,0,0,2,0.28433746099472046,0.2839279770851135,0.43173450231552124
11397,3,0,0,0.5890257358551025,0.23173390328884125,0.17924030125141144
11398,0,0,0,0.8569315075874329,0.09669618308544159,0.04637225344777107
11399,4,0,0,0.6714777946472168,0.007913141511380672,0.32060906291007996
11401,1,0,1,0.15256072580814362,0.7481034994125366,0.09933575987815857
11402,0,0,0,0.9391873478889465,0.007322843186557293,0.053489793092012405
11403,3,0,0,0.8439440727233887,0.07851722091436386,0.07753872126340866
11404,1,0,0,0.8416944742202759,0.022093957290053368,0.13621152937412262
11405,0,0,0,0.6902286410331726,0.19582240283489227,0.11394897848367691
11406,0,0,0,0.7112221121788025,0.2501443326473236,0.038633592426776886
11407,1,0,0,0.7543712258338928,0.23169630765914917,0.013932423666119576
11409,1,0,0,0.9057062864303589,0.02411777898669243,0.0701758936047554
11410,0,1,1,0.33181971311569214,0.6451916694641113,0.02298862300813198
11411,2,1,1,0.3378845751285553,0.6446051001548767,0.017510315403342247
11412,4,0,0,0.8718487620353699,0.09967111796140671,0.028480075299739838
11413,3,1,1,0.0029046633280813694,0.9970157146453857,7.967579585965723e-05
11414,3,1,1,0.18205749988555908,0.8006683588027954,0.017274096608161926
11415,1,0,0,0.6068973541259766,0.05891730636358261,0.33418530225753784
11416,3,2,2,0.1272069215774536,0.17519229650497437,0.697600781917572
11417,0,0,0,0.8673958778381348,0.0501951202750206,0.08240904659032822
11418,0,1,1,0.12330878525972366,0.8645955920219421,0.012095662765204906
11419,2,1,1,0.0057853227481245995,0.9938870072364807,0.00032770863617770374
11421,3,0,0,0.807195246219635,0.136356920003891,0.05644781515002251
11423,3,2,2,0.01786746457219124,0.031230991706252098,0.9509015083312988
11425,3,1,1,0.003981239162385464,0.9932251572608948,0.002793611027300358
11427,0,1,1,0.20930984616279602,0.7525837421417236,0.038106366991996765
11428,2,0,0,0.8504129648208618,0.12056630849838257,0.029020678251981735
11429,2,1,1,9.479071013629436e-05,0.9997678399085999,0.00013733349624089897
11430,2,0,0,0.5129509568214417,0.4482302963733673,0.038818713277578354
11431,4,2,2,0.1414184868335724,0.03081485629081726,0.8277665972709656
11432,0,1,1,0.00019986971165053546,0.9997448325157166,5.523848449229263e-05
11433,4,2,0,0.8937090635299683,0.016393687576055527,0.08989721536636353
11435,1,1,1,0.2660644054412842,0.6918027997016907,0.042132746428251266
11437,4,2,1,1.8973747501149774e-05,0.9888808727264404,0.011100159026682377
11438,2,0,0,0.9400656223297119,0.0007934198365546763,0.05914092808961868
11439,3,0,0,0.5642364025115967,0.3860130310058594,0.04975058510899544
11440,1,1,1,0.44404157996177673,0.5073757171630859,0.048582762479782104
11442,1,1,1,0.1785324364900589,0.7927432060241699,0.02872433327138424
11443,2,0,0,0.8750966191291809,0.02991299331188202,0.09499035775661469
11444,1,1,1,0.007555246818810701,0.9916374087333679,0.0008072975906543434
11445,2,0,1,0.25054067373275757,0.721770703792572,0.02768862061202526
11446,4,0,0,0.7850708961486816,0.021788550540804863,0.19314055144786835
11448,4,0,0,0.8172206282615662,0.08355395495891571,0.09922536462545395
11449,2,0,1,0.0578763410449028,0.9408453106880188,0.0012783516431227326
11451,1,1,1,9.156915621133521e-05,0.9998761415481567,3.222065060981549e-05
11452,4,0,0,0.8838942646980286,0.003191236173734069,0.1129145696759224
11453,2,1,1,0.026673516258597374,0.9718337059020996,0.0014928097371011972
11454,4,0,0,0.8047806024551392,0.013560004532337189,0.18165947496891022
11455,2,0,0,0.8494598269462585,0.022273333743214607,0.12826679646968842
11456,3,0,0,0.8722472786903381,0.08126892894506454,0.04648381844162941
11458,2,1,1,0.042544182389974594,0.938129723072052,0.019326094537973404
11459,0,0,0,0.9115580320358276,0.02210937812924385,0.06633264571428299
11460,3,1,1,0.024173695594072342,0.9667114019393921,0.009114881977438927
11461,0,0,0,0.7935143113136292,0.08490487188100815,0.12158075720071793
11463,0,0,0,0.862064003944397,0.06590032577514648,0.07203559577465057
11464,4,0,0,0.9355966448783875,0.0003605508536566049,0.06404275447130203
11465,4,0,0,0.7220243811607361,0.08582917600870132,0.19214637577533722
11467,1,0,0,0.8755075335502625,0.02837718464434147,0.09611521661281586
11468,2,0,0,0.8853217959403992,0.03227992728352547,0.08239834010601044
11469,0,0,0,0.9184302687644958,0.02040546014904976,0.061164263635873795
11470,4,1,0,0.7339193820953369,0.10982902348041534,0.15625163912773132
11471,1,0,0,0.9018840789794922,0.01783350482583046,0.08028238266706467
11472,0,1,1,0.026522483676671982,0.9711930155754089,0.0022845137864351273
11473,1,1,1,0.03589469939470291,0.9615887403488159,0.0025165576953440905
11474,0,0,1,0.13110947608947754,0.8479846715927124,0.020905815064907074
11475,0,0,0,0.531944990158081,0.023954221978783607,0.4441007375717163
11476,0,0,0,0.840384304523468,0.07461077719926834,0.08500493317842484
11477,2,1,1,0.20077025890350342,0.7876161336898804,0.01161356084048748
11478,0,0,0,0.8252767324447632,0.03998975455760956,0.13473352789878845
11479,1,0,0,0.8298399448394775,0.10744859278202057,0.06271152198314667
11480,3,0,0,0.9380885362625122,0.013353629969060421,0.048557933419942856
11481,1,0,0,0.7639769911766052,0.099843330681324,0.13617970049381256
11482,2,0,0,0.6589773893356323,0.32780441641807556,0.01321826595813036
11483,4,0,0,0.9001256823539734,0.007404263596981764,0.09247004240751266
11484,0,0,0,0.9030970335006714,0.012782561592757702,0.08412035554647446
11485,0,1,1,0.08034572750329971,0.9108420014381409,0.008812318556010723
11486,3,0,0,0.7601011395454407,0.15278536081314087,0.08711346983909607
11487,4,0,0,0.6998381614685059,0.006534066516906023,0.2936277389526367
11488,3,0,2,0.00024172173289116472,0.0011114069493487477,0.9986469149589539
11489,1,0,0,0.9130698442459106,0.051112957298755646,0.03581717237830162
11490,3,0,0,0.7344157099723816,0.0967741534113884,0.16881011426448822
11492,3,0,0,0.9413610696792603,0.007524943444877863,0.05111396685242653
11493,0,1,1,0.00018260680371895432,0.9997023940086365,0.00011497068771859631
11494,1,0,0,0.7036998867988586,0.050168029963970184,0.24613207578659058
11498,4,0,0,0.7579706311225891,0.014340369962155819,0.2276889681816101
11499,1,0,0,0.5765122771263123,0.38982510566711426,0.03366262838244438
11501,4,0,0,0.7639990448951721,0.03900017589330673,0.19700074195861816
11502,2,1,1,0.0009527408983558416,0.9989282488822937,0.00011896847718162462
11503,4,0,2,0.27321934700012207,0.08429253846406937,0.6424881219863892
11504,4,0,2,0.41983339190483093,0.011583003215491772,0.5685835480690002
11505,3,0,0,0.8544588685035706,0.008167766965925694,0.13737332820892334
11506,0,0,0,0.7901114821434021,0.17266930639743805,0.037219155579805374
11507,2,0,0,0.8731826543807983,0.0011961768614128232,0.12562109529972076
11508,2,0,0,0.6696644425392151,0.015754088759422302,0.31458142399787903
11509,2,2,2,0.009030981920659542,0.011786452494561672,0.9791825413703918
11510,4,0,0,0.7642863988876343,0.025636235252022743,0.21007736027240753
11511,1,0,0,0.8548394441604614,0.023267725482583046,0.12189283221960068
11512,2,1,1,0.21842896938323975,0.7567334175109863,0.024837598204612732
11513,2,0,0,0.8978666067123413,0.04458649829030037,0.05754684656858444
11514,4,1,1,0.0010564003605395555,0.997994065284729,0.0009495840640738606
11517,4,0,0,0.8237228393554688,0.02082003839313984,0.15545709431171417
11519,1,0,0,0.7881751656532288,0.0708795040845871,0.14094536006450653
11520,1,0,0,0.8580197691917419,0.012126917950809002,0.12985338270664215
11521,2,1,1,0.21940888464450836,0.7654207944869995,0.015170357190072536
11522,1,1,1,0.027148205786943436,0.9639498591423035,0.0089019276201725
11523,3,0,0,0.7816542387008667,0.07088752090930939,0.1474582999944687
11524,3,1,1,0.0022690766490995884,0.9973445534706116,0.00038634048542007804
11525,2,1,0,0.8758460879325867,0.07605966925621033,0.048094190657138824
11526,3,0,0,0.8581161499023438,0.012385192327201366,0.12949858605861664
11527,4,0,0,0.9091190695762634,0.03521845117211342,0.05566246807575226
11528,2,0,0,0.5659016966819763,0.41399627923965454,0.02010194957256317
11529,4,0,2,0.3938731849193573,0.019786568358540535,0.5863402485847473
11530,0,0,1,0.31047219038009644,0.6116833090782166,0.0778445154428482
11531,0,1,1,0.0001280399737879634,0.9997493624687195,0.00012255131150595844
11532,0,0,0,0.5522921681404114,0.3076426088809967,0.14006517827510834
11533,4,0,0,0.8845027089118958,0.026131542399525642,0.08936568349599838
11534,2,0,0,0.8261290192604065,0.045127421617507935,0.12874357402324677
11535,3,0,1,0.02070804499089718,0.959955096244812,0.019336897879838943
11536,1,1,1,0.002249716315418482,0.9976431727409363,0.00010703586303861812
11537,3,0,0,0.8280283808708191,0.07664503902196884,0.09532660245895386
11539,3,0,0,0.5226084589958191,0.4011624753475189,0.076229028403759
11540,0,0,0,0.48249635100364685,0.4685444235801697,0.04895918816328049
11543,2,0,0,0.8261194229125977,0.0131837734952569,0.160696879029274
11544,0,0,0,0.6318721175193787,0.03735756129026413,0.33077022433280945
11546,2,0,0,0.8895987868309021,0.010079368948936462,0.10032186657190323
11547,0,0,0,0.8724734783172607,0.03365210071206093,0.09387444704771042
11548,1,0,2,0.3446522355079651,0.18013152480125427,0.475216269493103
11549,0,0,0,0.7250622510910034,0.01831711456179619,0.2566206157207489
11550,0,1,1,0.0049691516906023026,0.9947943091392517,0.0002365586260566488
11551,4,0,0,0.8748242855072021,0.03713629022240639,0.08803947269916534
11552,2,1,1,9.46531945373863e-05,0.9998886585235596,1.665529271122068e-05
11553,4,0,0,0.6741476655006409,0.041227880865335464,0.28462448716163635
11554,3,0,0,0.5853297114372253,0.2950783669948578,0.11959192901849747
11555,1,0,0,0.7604078650474548,0.18660300970077515,0.05298909917473793
11556,1,0,0,0.8889093995094299,0.05061094090342522,0.06047956645488739
11557,0,1,1,0.00014748274406883866,0.9998339414596558,1.857170536823105e-05
11559,3,0,0,0.7269580960273743,0.2167833298444748,0.05625857412815094
11560,3,1,0,0.7952677011489868,0.13337087631225586,0.07136141508817673
11561,0,0,2,0.31817108392715454,0.014958620071411133,0.6668702363967896
11563,1,1,1,1.8369426470599137e-05,0.9999785423278809,3.1213389775075484e-06
11564,1,0,0,0.9287750720977783,0.009836968034505844,0.06138797104358673
11565,1,1,1,0.4283590018749237,0.5225183963775635,0.04912259802222252
11566,2,0,0,0.9810265302658081,0.004586454015225172,0.014387036673724651
11568,3,1,1,0.25142794847488403,0.6574065685272217,0.09116543084383011
11569,3,1,1,0.0005199546576477587,0.9993265867233276,0.0001534415641799569
11570,2,0,0,0.7699481844902039,0.06303118169307709,0.16702058911323547
11572,2,0,2,0.1204587072134018,0.015000930055975914,0.8645403385162354
11573,1,0,0,0.4974665939807892,0.021348988637328148,0.4811844825744629
11574,0,1,0,0.6148980855941772,0.3540537655353546,0.03104822151362896
11575,3,1,0,0.7802545428276062,0.12192822247743607,0.09781713783740997
11577,1,0,0,0.8308115601539612,0.014118434861302376,0.15507006645202637
11578,2,0,0,0.9207046031951904,0.005447356961667538,0.07384802401065826
11579,3,1,1,0.170320525765419,0.8095629811286926,0.020116545259952545
11581,1,1,1,0.0555865578353405,0.9396227598190308,0.004790672566741705
11583,4,0,0,0.9481191039085388,0.008023134432733059,0.04385775700211525
11584,2,0,0,0.9632781147956848,0.01504695788025856,0.021674957126379013
11585,0,0,0,0.8693227171897888,0.05385003983974457,0.07682722806930542
11586,1,0,0,0.8394263386726379,0.05074324831366539,0.1098303571343422
11590,3,0,0,0.7585257291793823,0.18441423773765564,0.057060014456510544
11591,1,0,0,0.9470323324203491,0.005194780416786671,0.047772906720638275
11593,1,0,0,0.37003326416015625,0.31811049580574036,0.3118562698364258
11594,1,0,0,0.8461320996284485,0.08377575129270554,0.07009217888116837
11595,1,0,0,0.9319015741348267,0.014936830848455429,0.05316169932484627
11596,2,0,1,0.4610726237297058,0.5182068943977356,0.02072048746049404
11597,3,2,0,0.7537627220153809,0.020139768719673157,0.22609750926494598
11598,3,1,1,0.007753381039947271,0.9915254712104797,0.0007210855837911367
11599,4,0,0,0.8046849966049194,0.02216632477939129,0.17314870655536652
11600,2,0,0,0.8766993284225464,0.09402792155742645,0.02927268110215664
11601,1,0,0,0.7755874395370483,0.19185183942317963,0.03256068751215935
11602,1,0,0,0.6132827401161194,0.2625732123851776,0.12414402514696121
11604,3,0,0,0.8169951438903809,0.08618428558111191,0.09682050347328186
11605,4,1,2,0.028399107977747917,0.03842034563422203,0.9331805109977722
11607,4,0,0,0.9267559051513672,0.02370302379131317,0.04954107478260994
11608,1,0,0,0.8767319321632385,0.07046161592006683,0.05280645191669464
11609,2,1,1,0.0005436111241579056,0.9993901252746582,6.62289239699021e-05
11610,4,0,0,0.8430290818214417,0.036737363785505295,0.12023358047008514
11611,4,1,1,0.001885060453787446,0.9976311922073364,0.0004837730375584215
11612,2,1,0,0.7691394090652466,0.10238158702850342,0.12847906351089478
11615,2,1,1,9.09635127754882e-06,0.9999868869781494,4.032126525999047e-06
11616,2,0,1,0.07442024350166321,0.8963655233383179,0.029214253649115562
11617,2,1,1,0.010484146885573864,0.9883773922920227,0.0011384048266336322
11619,2,1,1,0.2831805944442749,0.6608264446258545,0.05599299445748329
11620,0,0,0,0.6676740646362305,0.07940129935741425,0.2529246509075165
11621,1,0,0,0.7283275723457336,0.25097137689590454,0.02070102095603943
11622,3,0,0,0.7911792993545532,0.06540466845035553,0.14341606199741364
11624,4,0,0,0.8611860275268555,0.006919612176716328,0.13189436495304108
11625,3,1,0,0.5854961276054382,0.37513473629951477,0.039369117468595505
11626,3,0,0,0.7697252631187439,0.15827880799770355,0.07199590653181076
11627,3,1,1,0.002588568953797221,0.9970524311065674,0.0003590351843740791
11628,1,1,1,0.0039912620559334755,0.9952652454376221,0.0007435333682224154
11629,2,1,1,0.005247536581009626,0.9938283562660217,0.0009241407387889922
11630,2,0,1,0.041808679699897766,0.9432179927825928,0.014973379671573639
11631,1,0,1,0.409168004989624,0.5616029500961304,0.029229016974568367
11633,4,0,1,0.46708548069000244,0.4723539650440216,0.06056057661771774
11634,2,0,0,0.9872742891311646,0.004695559851825237,0.008030092343688011
11637,1,0,0,0.7805128693580627,0.17315621674060822,0.046330902725458145
11638,2,0,0,0.9299454092979431,0.00669820886105299,0.06335639208555222
11639,2,0,0,0.889804482460022,0.008326136507093906,0.10186944156885147
11641,1,1,1,0.037848468869924545,0.9438104629516602,0.018341073766350746
11643,2,0,0,0.9296697378158569,0.02053549513220787,0.049794744700193405
11644,2,0,0,0.589452862739563,0.29243704676628113,0.11811014264822006
11646,3,1,1,0.015663685277104378,0.9832915663719177,0.0010447473032400012
11648,3,0,0,0.7334369421005249,0.046994514763355255,0.21956850588321686
11649,2,0,0,0.9609572291374207,0.004545634612441063,0.03449704870581627
11650,2,0,0,0.5312858819961548,0.0067769247107207775,0.46193715929985046
11651,0,0,0,0.6077755689620972,0.3612428307533264,0.03098159469664097
11652,4,0,0,0.7872294783592224,0.001657168846577406,0.21111327409744263
11653,1,1,1,0.010794175788760185,0.9835739135742188,0.0056319404393434525
11654,2,0,1,0.010568676516413689,0.9871982932090759,0.0022330465726554394
11655,4,0,1,0.4541016221046448,0.45558279752731323,0.09031562507152557
11656,3,1,1,0.0025593757163733244,0.9969504475593567,0.0004901507054455578
11657,1,1,1,2.756395042524673e-05,0.9999681711196899,4.243968760420103e-06
11658,3,1,1,0.008777100592851639,0.9879745244979858,0.003248444525524974
11659,4,1,1,0.01996091566979885,0.9782254695892334,0.001813621842302382
11660,0,1,1,6.3443134422414e-05,0.9999270439147949,9.468576536164619e-06
11662,2,1,0,0.5963744521141052,0.3839453160762787,0.01968017965555191
11663,3,1,1,0.022370466962456703,0.9720926284790039,0.005536967888474464
11664,4,0,0,0.761844277381897,0.030318740755319595,0.2078370302915573
11665,2,0,0,0.9321691393852234,0.052592042833566666,0.015238786116242409
11666,2,0,2,0.4836752712726593,0.007019251585006714,0.509305477142334
11667,3,0,0,0.8282141089439392,0.09387962520122528,0.07790627330541611
11668,3,0,0,0.831568717956543,0.07360155135393143,0.09482976794242859
11669,4,0,0,0.5926084518432617,0.3923175632953644,0.015073972754180431
11671,1,0,0,0.49334684014320374,0.11293918639421463,0.39371398091316223
11673,3,0,0,0.9438751339912415,0.0212187971919775,0.034906066954135895
11674,3,0,0,0.8715521097183228,0.06322507560253143,0.06522281467914581
11675,3,0,0,0.6847792863845825,0.2787289023399353,0.03649180755019188
11679,2,0,0,0.6523292660713196,0.04244229942560196,0.30522850155830383
11680,0,0,0,0.9824466705322266,0.002606181427836418,0.014947129413485527
11681,0,0,0,0.9572821259498596,0.01437157578766346,0.028346296399831772
11683,4,1,1,0.00012280812370590866,0.9992021918296814,0.000674985523801297
11685,3,0,0,0.6781771183013916,0.09733535349369049,0.2244875133037567
11687,1,0,0,0.9005981683731079,0.042061466723680496,0.057340409606695175
11689,0,0,0,0.8681147694587708,0.07899893075227737,0.052886296063661575
11690,3,0,0,0.5884250998497009,0.10738079249858856,0.3041941523551941
11691,0,1,0,0.8874654173851013,0.06775446236133575,0.04478013515472412
11692,1,0,0,0.8010097742080688,0.11318226158618927,0.0858079269528389
11693,1,1,1,0.00034874601988121867,0.9995054006576538,0.0001458160113543272
11694,2,1,1,0.0019235479412600398,0.9962843060493469,0.001792196766473353
11695,0,0,1,0.09350892901420593,0.8928627371788025,0.013628378510475159
11696,4,0,0,0.811224639415741,0.06430833041667938,0.12446708977222443
11699,2,1,1,5.729867916670628e-05,0.9999293088912964,1.3444057003653143e-05
11700,0,0,0,0.8623122572898865,0.0380118191242218,0.0996759906411171
11702,3,0,0,0.6190041303634644,0.13586121797561646,0.24513468146324158
11703,3,0,0,0.701053261756897,0.08469673991203308,0.21424995362758636
11704,3,0,0,0.8435320258140564,0.07565285265445709,0.08081512153148651
11705,4,0,0,0.8231084942817688,0.11844533681869507,0.058446142822504044
11706,4,0,1,0.21353264153003693,0.5120223164558411,0.2744450569152832
11707,2,0,0,0.9075857400894165,0.05166558548808098,0.040748726576566696
11708,2,1,1,0.024474438279867172,0.9745014905929565,0.0010240515694022179
11709,4,1,0,0.7526928782463074,0.13844425976276398,0.10886279493570328
11710,2,0,0,0.870142936706543,0.10734189301729202,0.02251516841351986
11717,0,0,0,0.5799435973167419,0.3810766637325287,0.03897974267601967
11718,3,1,1,0.020807739347219467,0.9756829738616943,0.003509342670440674
11719,2,0,0,0.7479885220527649,0.07446040958166122,0.17755107581615448
11720,3,0,0,0.8944815397262573,0.06023603305220604,0.045282408595085144
11721,0,1,1,0.00016449989925604314,0.9997711777687073,6.432380905607715e-05
11722,0,1,1,0.018366942182183266,0.9788413643836975,0.002791666891425848
11723,1,0,0,0.7883701324462891,0.05956806242465973,0.15206176042556763
11724,3,0,0,0.8222718834877014,0.07462706416845322,0.10310111194849014
11725,1,0,0,0.8453372716903687,0.07076230645179749,0.08390035480260849
11726,3,0,0,0.7216305136680603,0.16776975989341736,0.11059977859258652
11727,0,0,0,0.5339536666870117,0.41343310475349426,0.05261324718594551
11730,3,0,1,0.2074354737997055,0.7321064472198486,0.060458097606897354
11731,2,0,2,0.4576262831687927,0.0035786451771855354,0.538794994354248
11732,3,0,0,0.6528202295303345,0.12988945841789246,0.21729034185409546
11733,3,1,1,0.00046735446085222065,0.9994505047798157,8.208562940126285e-05
11734,2,1,1,0.00010142901010112837,0.9998267292976379,7.192872726591304e-05
11735,3,0,0,0.807727038860321,0.08261289447546005,0.10966005176305771
11736,0,0,1,0.34954679012298584,0.6102350354194641,0.040218207985162735
11737,1,0,0,0.8798204064369202,0.022434305399656296,0.09774528443813324
11739,3,1,1,0.0017768442630767822,0.9980733394622803,0.00014983625442255288
11741,3,0,1,0.07444291561841965,0.4860278367996216,0.4395292401313782
11743,2,0,0,0.951330840587616,0.00945823360234499,0.03921101242303848
11744,0,0,0,0.9293165802955627,0.014343246817588806,0.056340184062719345
11746,0,0,0,0.832843005657196,0.07593271136283875,0.09122420102357864
11747,0,0,0,0.735030472278595,0.09542656689882278,0.16954298317432404
11748,0,0,0,0.7966463565826416,0.13982267677783966,0.06353098899126053
11749,1,0,0,0.770461916923523,0.10086406767368317,0.12867408990859985
11750,1,0,0,0.8738446235656738,0.03059549815952778,0.09555985778570175
11751,0,0,0,0.6302642822265625,0.048085328191518784,0.3216504454612732
11752,0,0,0,0.8956701159477234,0.031074633821845055,0.07325524091720581
11753,0,0,0,0.907772958278656,0.013562583364546299,0.07866448163986206
11755,4,1,1,3.1456922442885116e-05,0.999966025352478,2.470534354870324e-06
11756,4,0,0,0.9723523259162903,0.0036415199283510447,0.024006078019738197
11757,1,1,0,0.7268434762954712,0.24955181777477264,0.023604735732078552
11758,1,1,1,1.8729228031588718e-05,0.9999773502349854,3.920883045793744e-06
11759,3,0,0,0.8023204803466797,0.13260917365550995,0.06507036089897156
11761,1,0,0,0.8495627641677856,0.13235989212989807,0.018077438697218895
11762,3,2,2,0.04236572980880737,0.0002705986553337425,0.9573636651039124
11763,2,0,1,0.17072419822216034,0.7643895149230957,0.06488629430532455
11764,4,0,0,0.8459264636039734,0.04852760210633278,0.10554590821266174
11765,1,0,0,0.5217875242233276,0.36148035526275635,0.116732157766819
11768,2,0,0,0.789810061454773,0.14761851727962494,0.0625714361667633
11769,1,0,0,0.835279107093811,0.07190266251564026,0.09281817078590393
11772,1,1,0,0.8074391484260559,0.12421179562807083,0.06834904849529266
11773,2,1,1,0.00022080745839048177,0.9997236132621765,5.558491466217674e-05
11774,3,0,0,0.7925639748573303,0.022796927019953728,0.18463914096355438
11775,1,0,0,0.7322441339492798,0.0777798518538475,0.18997600674629211
11777,1,0,0,0.8580282330513,0.029488375410437584,0.1124834343791008
11778,1,0,0,0.6549471020698547,0.11305001378059387,0.232002854347229
11780,3,1,1,0.24321532249450684,0.732825756072998,0.02395893819630146
11781,3,0,0,0.8647234439849854,0.07109170407056808,0.06418490409851074
11782,1,0,0,0.7549511790275574,0.042634427547454834,0.2024143636226654
11784,3,0,0,0.7901423573493958,0.035679515451192856,0.1741781085729599
11785,1,0,1,0.0013762055896222591,0.960615336894989,0.038008492439985275
11789,1,1,1,0.2964403033256531,0.6872672438621521,0.01629249006509781
11790,1,1,1,0.17262527346611023,0.809881329536438,0.017493460327386856
11791,4,1,1,0.0009407388279214501,0.9985622763633728,0.000496996974106878
11792,1,1,1,0.002633902011439204,0.9960427284240723,0.001323324628174305
11793,3,0,0,0.7266711592674255,0.11383648961782455,0.1594923734664917
11794,3,0,0,0.6095253825187683,0.35246872901916504,0.03800582513213158
11796,0,1,1,0.06510729342699051,0.9307604432106018,0.0041322847828269005
11798,2,1,1,0.01401949767023325,0.8159894943237305,0.16999095678329468
11799,2,0,0,0.9008414149284363,0.015910349786281586,0.08324819058179855
11801,4,0,0,0.5441174507141113,0.13535691797733307,0.3205256760120392
11802,3,1,1,0.0007666950696147978,0.9991968274116516,3.64589795935899e-05
11803,0,0,0,0.9096753001213074,0.07054232805967331,0.0197824165225029
11804,2,0,2,0.14516161382198334,0.10189458727836609,0.7529438138008118
11805,4,1,1,0.0025130808353424072,0.9961842894554138,0.0013026114320382476
11806,1,1,1,0.19475612044334412,0.796146810054779,0.009097043424844742
11807,4,2,0,0.7301918864250183,0.011724517680704594,0.25808361172676086
11808,3,0,0,0.7963912487030029,0.013673675246536732,0.18993501365184784
11809,0,0,0,0.5617349147796631,0.36348170042037964,0.07478336989879608
11810,0,2,2,0.19619454443454742,0.1782657951116562,0.6255397200584412
11812,0,0,0,0.8942726254463196,0.062478531152009964,0.043248847126960754
11813,1,1,1,0.011303650215268135,0.9882498979568481,0.00044647956383414567
11814,0,1,0,0.6474735736846924,0.23310205340385437,0.11942433565855026
11815,0,0,0,0.5521933436393738,0.031945738941431046,0.4158608317375183
11816,1,0,0,0.5713685750961304,0.35782715678215027,0.07080423831939697
11817,1,0,0,0.5897320508956909,0.22202199697494507,0.1882460117340088
11818,0,1,1,0.007016192656010389,0.9926676154136658,0.00031623325776308775
11819,0,0,0,0.6559751629829407,0.24224413931369781,0.1017807126045227
11820,0,0,1,0.30820444226264954,0.6630682945251465,0.028727324679493904
11823,2,1,0,0.5785532593727112,0.40058720111846924,0.020859558135271072
11824,1,0,0,0.9238168597221375,0.030241472646594048,0.04594169184565544
11825,2,0,0,0.7642362117767334,0.022128675132989883,0.21363507211208344
11826,4,1,0,0.8655989766120911,0.11993078887462616,0.014470148831605911
11828,0,1,1,0.01612832583487034,0.9827933311462402,0.0010783845791593194
11829,3,0,0,0.5110176205635071,0.06457968056201935,0.4244026839733124
11830,4,1,1,0.04163737595081329,0.953886091709137,0.004476520698517561
11831,4,0,1,0.4230104088783264,0.5243497490882874,0.05263984575867653
11832,2,0,0,0.5474491715431213,0.2748902142047882,0.17766062915325165
11833,0,0,0,0.9088440537452698,0.030649561434984207,0.060506340116262436
11834,3,0,0,0.9190710783004761,0.04108935967087746,0.03983950987458229
11837,2,1,1,0.30308178067207336,0.5141154527664185,0.1828027218580246
11840,0,0,0,0.838813066482544,0.05960232764482498,0.10158459842205048
11841,2,0,0,0.9576789736747742,0.021840304136276245,0.020480753853917122
11843,1,0,1,0.18179069459438324,0.7995398044586182,0.018669476732611656
11844,0,0,0,0.8114984631538391,0.04169132187962532,0.14681020379066467
11845,3,0,0,0.6422326564788818,0.07180843502283096,0.285958856344223
11846,4,0,0,0.7754323482513428,0.17971108853816986,0.044856566935777664
11848,4,0,0,0.8894230127334595,0.051117826253175735,0.05945916473865509
11849,0,0,0,0.9164016842842102,0.020208856090903282,0.06338945776224136
11850,1,1,1,0.0006502587930299342,0.9984285235404968,0.000921168364584446
11852,1,0,0,0.8477714657783508,0.07191237807273865,0.08031614869832993
11853,3,1,1,0.0001640904083615169,0.9997507929801941,8.513969805790111e-05
11855,3,0,0,0.8432511687278748,0.027997072786092758,0.128751739859581
11856,2,0,2,0.17097897827625275,0.20359192788600922,0.625429093837738
11857,3,0,0,0.6054949760437012,0.15135076642036438,0.24315424263477325
11858,1,1,1,0.008343989960849285,0.9904817938804626,0.001174227218143642
11859,2,1,1,3.0468665499938652e-05,0.9998965263366699,7.298590207938105e-05
11861,0,0,0,0.8275841474533081,0.023905741050839424,0.14851009845733643
11862,1,0,0,0.8079416751861572,0.12208135426044464,0.06997695565223694
11863,0,0,0,0.9006434082984924,0.0399392805993557,0.059417348355054855
11864,3,0,0,0.6991580128669739,0.2509487271308899,0.0498933307826519
11865,1,0,2,0.3177781403064728,0.1262354552745819,0.5559864044189453
11866,0,0,0,0.8979355096817017,0.03884459286928177,0.06321993470191956
11867,3,1,1,0.4413144588470459,0.5148822069168091,0.043803293257951736
11868,1,0,0,0.7449896931648254,0.2163395881652832,0.03867066279053688
11869,3,0,0,0.5155987739562988,0.4344289004802704,0.049972351640462875
11871,3,1,1,0.0004893990117125213,0.9993728995323181,0.0001376809668727219
11872,1,0,0,0.9005431532859802,0.032227013260126114,0.06722988933324814
11873,0,0,0,0.7909865975379944,0.04197932407259941,0.1670341044664383
11875,0,1,1,0.10206035524606705,0.871202826499939,0.026736855506896973
11876,0,0,0,0.7807703614234924,0.12844057381153107,0.09078904241323471
11877,1,0,0,0.6437280178070068,0.3140859007835388,0.042186085134744644
11878,2,1,0,0.42295223474502563,0.3230881690979004,0.25395962595939636
11879,2,1,1,1.5364068531198427e-05,0.9999788999557495,5.79193556404789e-06
11880,0,1,0,0.5802831649780273,0.2579811215400696,0.16173569858074188
11881,1,1,1,0.006008773110806942,0.9924599528312683,0.0015312533359974623
11882,4,1,1,0.09752274304628372,0.8907323479652405,0.011744918301701546
11883,0,0,1,0.23319637775421143,0.5563561916351318,0.21044741570949554
11884,2,0,1,0.44005778431892395,0.5447845458984375,0.015157675370573997
11885,1,0,0,0.6217821836471558,0.3466837406158447,0.03153412044048309
11886,3,0,0,0.8541102409362793,0.05230744928121567,0.09358236193656921
11887,4,0,0,0.8763151168823242,0.035776712000370026,0.08790811151266098
11888,3,0,0,0.5305142998695374,0.0621626190841198,0.40732312202453613
11889,4,0,0,0.86469966173172,0.05990711972117424,0.07539322227239609
11890,4,0,1,0.4765123426914215,0.5172999501228333,0.006187678314745426
11892,3,0,0,0.6410427689552307,0.24927876889705658,0.10967845469713211
11893,4,1,1,0.000536118692252785,0.9994381070137024,2.5732297217473388e-05
11894,2,1,1,0.007632252294570208,0.9870113134384155,0.005356454290449619
11895,3,0,0,0.8250666856765747,0.019297081977128983,0.1556362509727478
11896,1,0,0,0.8336026072502136,0.012924548238515854,0.15347282588481903
11897,4,0,0,0.7767066359519958,0.0061816321685910225,0.21711178123950958
11899,1,1,0,0.8433524370193481,0.09196607023477554,0.0646815299987793
11900,0,0,0,0.9500255584716797,0.0029516033828258514,0.04702287167310715
11902,2,0,0,0.8320090174674988,0.05912495031952858,0.10886597633361816
11903,0,0,0,0.9300185441970825,0.021415960043668747,0.04856559634208679
11904,2,0,0,0.782060980796814,0.041592199355363846,0.1763468086719513
11905,3,0,0,0.9159535765647888,0.029822736978530884,0.05422356724739075
11906,3,0,0,0.8941810727119446,0.011632627807557583,0.0941862016916275
11907,2,1,1,5.753294772148365e-06,0.99998939037323,4.804990567208733e-06
11908,1,0,0,0.9050850868225098,0.03754762187600136,0.05736730247735977
11909,3,0,0,0.8589411377906799,0.01144922710955143,0.1296095848083496
11910,2,0,0,0.5062972903251648,0.41186463832855225,0.08183812350034714
11911,2,0,1,0.05521323159337044,0.935584545135498,0.009202266111969948
11912,2,2,2,0.00012432452058419585,3.841585203190334e-05,0.9998372793197632
11913,1,1,1,0.026761841028928757,0.9725452065467834,0.0006929357186891139
11914,0,0,0,0.8603501915931702,0.030701005831360817,0.10894878208637238
11915,4,0,0,0.8646833300590515,0.04647223278880119,0.08884445577859879
11917,2,0,0,0.8667124509811401,0.07717583328485489,0.056111712008714676
11919,0,1,1,0.0036728824488818645,0.9959869980812073,0.0003401449357625097
11920,1,1,1,0.0006509239901788533,0.9981434345245361,0.0012055883416906
11921,1,0,0,0.749545693397522,0.09840571880340576,0.15204858779907227
11922,0,0,0,0.6121506094932556,0.10820688307285309,0.2796425521373749
11923,1,0,0,0.8278635144233704,0.07178438454866409,0.10035198926925659
11924,2,0,0,0.8008673191070557,0.025037817656993866,0.17409487068653107
11925,2,0,1,0.0219330545514822,0.9719131588935852,0.006153699941933155
11926,4,0,0,0.8739569783210754,0.07725173979997635,0.04879121482372284
11927,2,0,0,0.8217786550521851,0.14402762055397034,0.03419375419616699
11928,2,0,0,0.728755533695221,0.005692447070032358,0.26555201411247253
11929,0,1,1,0.023880286142230034,0.9749095439910889,0.0012102100299671292
11930,4,0,0,0.9165155291557312,0.005044398829340935,0.0784401074051857
11931,3,0,2,0.2757968604564667,0.31109753251075745,0.4131055772304535
11932,3,0,1,0.38150739669799805,0.49167874455451965,0.12681378424167633
11933,0,0,0,0.9101018309593201,0.04893398657441139,0.04096423089504242
11934,1,1,1,0.17262527346611023,0.809881329536438,0.017493460327386856
11935,4,0,0,0.7202377319335938,0.08769305050373077,0.1920691728591919
11936,4,0,0,0.7452329397201538,0.09765506535768509,0.1571120172739029
11937,3,0,2,0.20153069496154785,0.059008464217185974,0.739460825920105
11938,1,0,2,0.0015111793763935566,0.00032057618955150247,0.9981682300567627
11939,1,0,0,0.6988723278045654,0.2523421049118042,0.04878554493188858
11940,1,0,2,0.030610429123044014,6.685547123197466e-05,0.9693226218223572
11941,0,1,1,0.00037160853389650583,0.9994491934776306,0.00017914017371367663
11942,1,1,1,0.14255306124687195,0.7906414866447449,0.06680550426244736
11943,1,0,0,0.6917506456375122,0.20214198529720306,0.10610745847225189
11945,1,1,1,0.14707022905349731,0.8248598575592041,0.028069887310266495
11946,2,0,0,0.9355703592300415,0.03273145109415054,0.03169829025864601
11947,1,0,0,0.9179209470748901,0.05627411603927612,0.025804877281188965
11948,3,1,1,0.023834869265556335,0.9727066159248352,0.0034585678949952126
11949,2,0,0,0.9142566323280334,0.02053506299853325,0.06520834565162659
11950,1,0,0,0.8937044143676758,0.015400434844195843,0.0908951610326767
11951,0,1,1,0.0001707130140857771,0.9998025298118591,2.675307769095525e-05
11952,2,0,0,0.9216919541358948,0.007853931747376919,0.07045407593250275
11953,4,1,1,0.014167547225952148,0.9836342334747314,0.0021982239559292793
11954,3,1,1,0.0005147007759660482,0.9994582533836365,2.7043555746786296e-05
11955,0,0,0,0.7908604741096497,0.05250956490635872,0.15662993490695953
11956,1,1,1,4.378323137643747e-05,0.9999370574951172,1.9197561414330266e-05
11957,1,0,2,0.07170795649290085,0.0038577369414269924,0.9244343042373657
11960,0,0,1,0.003565841820091009,0.9961734414100647,0.000260765926213935
11961,1,0,2,0.3405912518501282,0.01016961969435215,0.649239182472229
11962,0,0,1,0.4505350887775421,0.4967493414878845,0.05271553993225098
11963,4,0,0,0.7747675180435181,0.02134343609213829,0.20388904213905334
11964,4,1,0,0.9183109402656555,0.055961888283491135,0.02572719007730484
11965,4,2,2,0.14232413470745087,0.031572699546813965,0.826103150844574
11967,2,0,0,0.6280418038368225,0.089452363550663,0.2825058698654175
11968,0,0,0,0.7965514063835144,0.05746834725141525,0.14598025381565094
11969,2,0,0,0.9744771122932434,0.011763891205191612,0.013759061694145203
11970,4,2,2,0.001228627865202725,0.0041941022500395775,0.994577169418335
11971,2,0,0,0.9103537201881409,0.01419183798134327,0.07545445114374161
11973,4,0,0,0.7808980345726013,0.07121140509843826,0.14789064228534698
11974,0,0,0,0.8907881379127502,0.04043890908360481,0.06877291947603226
11976,1,1,1,0.017920546233654022,0.9583454728126526,0.02373398095369339
11978,1,2,2,0.006171269342303276,0.0008853839244693518,0.9929433465003967
11979,2,1,1,0.0011020598467439413,0.9959772229194641,0.0029207055922597647
11980,2,1,1,0.007450890727341175,0.9925023317337036,4.675594755099155e-05
11981,0,1,0,0.5066797733306885,0.4732920229434967,0.02002817578613758
11982,4,0,1,0.11606486886739731,0.6417930126190186,0.24214217066764832
11984,2,0,0,0.7611137628555298,0.18629398941993713,0.05259225517511368
11985,0,0,0,0.8467946648597717,0.11627298593521118,0.0369323268532753
11986,2,0,0,0.98091721534729,0.0034199373330920935,0.015662752091884613
11987,2,0,0,0.739984393119812,0.04025817662477493,0.21975737810134888
11988,2,0,0,0.9640198945999146,0.004835810977965593,0.03114422596991062
11989,3,1,1,0.0020971191115677357,0.9964442849159241,0.0014586623292416334
11990,1,0,0,0.5078838467597961,0.34700095653533936,0.1451152265071869
11991,4,0,0,0.7487219572067261,0.03908931463956833,0.2121887505054474
11992,3,0,0,0.6072977781295776,0.20136281847953796,0.19133935868740082
11993,3,1,1,0.44015368819236755,0.5365580320358276,0.023288317024707794
11994,0,0,0,0.7751902937889099,0.15207158029079437,0.07273808866739273
11995,4,0,0,0.8727990388870239,0.08984135836362839,0.03735960274934769
11996,2,0,0,0.9609369039535522,0.0028154500760138035,0.036247655749320984
11997,3,1,1,0.002447183011099696,0.9971018433570862,0.0004509804130066186
11998,0,2,0,0.7521479725837708,0.0746162012219429,0.17323577404022217
11999,1,1,1,0.006879658903926611,0.9887865781784058,0.004333798307925463
12000,0,1,1,0.05992867425084114,0.935188889503479,0.004882441833615303
12001,3,0,0,0.9474356174468994,0.006270661484450102,0.046293746680021286
12002,4,1,1,0.05771284177899361,0.9391024708747864,0.0031846549827605486
12004,3,1,1,0.0013800866436213255,0.9983423948287964,0.0002775459142867476
12006,4,0,0,0.9259044528007507,0.013862966559827328,0.06023264676332474
12007,3,1,0,0.6049168109893799,0.3085634410381317,0.0865197479724884
12009,4,0,0,0.9175736904144287,0.011117184534668922,0.0713091641664505
12010,4,0,0,0.7541462182998657,0.18140047788619995,0.06445330381393433
12011,4,0,0,0.7687935829162598,0.008130747824907303,0.22307561337947845
12012,1,0,0,0.5438001751899719,0.3187066614627838,0.13749323785305023
12013,2,0,0,0.674656331539154,0.12196045368909836,0.203383207321167
12014,3,1,1,0.0008013013866730034,0.9990496039390564,0.00014911682228557765
12015,4,1,1,0.059312041848897934,0.8843151330947876,0.05637281388044357
12016,4,0,0,0.8723456859588623,0.033734843134880066,0.09391947090625763
12017,1,0,0,0.7449307441711426,0.19469040632247925,0.06037876009941101
12019,3,1,1,0.13092145323753357,0.8584231734275818,0.010655378922820091
12020,2,0,0,0.8302831649780273,0.02950366958975792,0.14021311700344086
12021,2,0,0,0.9666607975959778,0.010016962885856628,0.023322300985455513
12022,1,0,0,0.8544691205024719,0.05098097398877144,0.09454994648694992
12023,3,1,1,0.018751736730337143,0.9779050350189209,0.0033432738855481148
12024,2,1,1,0.0005853314069099724,0.9984488487243652,0.0009658391936682165
12025,4,0,0,0.5987884402275085,0.37813445925712585,0.023077111691236496
12027,0,1,1,0.36451902985572815,0.588528037071228,0.04695292189717293
12028,0,1,1,0.010052396915853024,0.981504499912262,0.008443130180239677
12031,3,1,1,0.03365946561098099,0.9657647013664246,0.0005757859325967729
12032,3,0,0,0.8596594929695129,0.023147407919168472,0.1171930804848671
12033,1,2,2,0.0008278299937956035,5.231966497376561e-05,0.9991199374198914
12034,4,1,1,0.049701958894729614,0.9362580180168152,0.01403998676687479
12035,1,0,0,0.7559922337532043,0.04192589223384857,0.20208190381526947
12036,3,1,1,0.09552960842847824,0.8789295554161072,0.025540830567479134
12037,4,0,0,0.877769947052002,0.026527896523475647,0.0957021489739418
12039,3,0,0,0.8343544602394104,0.1325552612543106,0.03309024125337601
12040,3,1,1,0.00012094205158064142,0.9998595714569092,1.9430151951382868e-05
12041,3,0,0,0.7623670697212219,0.09557643532752991,0.14205646514892578
12042,3,0,0,0.6088190078735352,0.22016389667987823,0.1710170954465866
12043,0,0,0,0.9310422539710999,0.0069672539830207825,0.061990540474653244
12044,1,1,1,4.496092151384801e-05,0.9999256134033203,2.9475604605977423e-05
12045,4,0,0,0.8038010597229004,0.11380460113286972,0.08239426463842392
12046,0,0,0,0.9679639339447021,0.014667659066617489,0.01736847124993801
12047,2,1,1,7.674061635043472e-06,0.9999881982803345,4.14104624724132e-06
12049,1,0,1,0.06366775929927826,0.9335249066352844,0.0028073948342353106
12050,1,0,0,0.814992368221283,0.046536415815353394,0.13847124576568604
12051,4,0,0,0.9077792167663574,0.036102697253227234,0.05611803010106087
12054,4,1,1,9.288303408538923e-05,0.9999014139175415,5.637055892293574e-06
12055,4,0,0,0.5922406315803528,0.005085524171590805,0.4026738405227661
12056,0,1,1,0.00975437555462122,0.9898096323013306,0.00043593216105364263
12057,3,0,0,0.790062665939331,0.11692356318235397,0.09301383793354034
12058,0,0,0,0.8126932382583618,0.07686376571655273,0.11044301092624664
12059,2,0,0,0.9088447690010071,0.024303216487169266,0.06685207039117813
12060,3,1,1,0.00021286170522216707,0.9945317506790161,0.0052553811110556126
12061,0,0,0,0.8750110268592834,0.04740247130393982,0.07758653163909912
12062,1,0,0,0.6368627548217773,0.2869965136051178,0.07614075392484665
12065,3,0,0,0.8522472977638245,0.039690352976322174,0.10806239396333694
12069,1,0,0,0.8403293490409851,0.02887410670518875,0.13079655170440674
12072,3,0,0,0.5676091909408569,0.24976515769958496,0.1826256811618805
12073,2,0,0,0.7607842087745667,0.136786550283432,0.10242924839258194
12075,1,0,0,0.9068433046340942,0.017514728009700775,0.0756419450044632
12076,3,0,0,0.7811056971549988,0.04345580190420151,0.1754385232925415
12077,3,0,0,0.8800857067108154,0.045146506279706955,0.07476774603128433
12078,4,1,1,5.844262341270223e-05,0.9998531341552734,8.840130612952635e-05
12079,1,1,1,1.9377890566829592e-05,0.9999786615371704,1.903478391795943e-06
12080,0,0,0,0.8285378813743591,0.06943988054990768,0.10202227532863617
12081,0,0,0,0.7347896099090576,0.1822996735572815,0.08291075378656387
12082,4,0,0,0.9244363307952881,0.04507393017411232,0.030489733442664146
12083,2,0,0,0.9503501653671265,0.012125512585043907,0.0375242717564106
12084,0,0,0,0.6052185893058777,0.3764631152153015,0.018318267539143562
12085,1,0,0,0.7399703860282898,0.2071983814239502,0.05283120274543762
12086,3,0,0,0.9453572630882263,0.026132749393582344,0.028509989380836487
12087,0,1,0,0.48212918639183044,0.4212930202484131,0.09657778590917587
12088,4,1,1,0.00032794266007840633,0.999565064907074,0.00010694118827814236
12089,1,0,1,0.2679440379142761,0.709042489528656,0.02301344834268093
12090,0,1,1,0.04209861531853676,0.8601728677749634,0.09772854298353195
12092,1,0,0,0.7573543190956116,0.016940997913479805,0.225704625248909
12093,2,1,1,0.01325846929103136,0.9857251644134521,0.0010163410333916545
12094,0,0,1,0.005714183673262596,0.9939478635787964,0.00033792530302889645
12095,3,0,0,0.670068085193634,0.03725988790392876,0.29267197847366333
12096,2,1,0,0.745972752571106,0.07809075713157654,0.1759365350008011
12097,1,1,1,4.187142985756509e-05,0.9999562501907349,1.8466579376763548e-06
12101,0,0,2,0.42851823568344116,0.05593767389655113,0.515544056892395
12102,3,0,0,0.8672108054161072,0.020060429349541664,0.11272884160280228
12103,4,0,0,0.9310138821601868,0.0006267940043471754,0.06835924834012985
12104,1,0,0,0.691807746887207,0.1334315836429596,0.17476069927215576
12105,1,0,0,0.8763787746429443,0.05221981182694435,0.07140138000249863
12106,3,0,0,0.7828505635261536,0.05653700605034828,0.16061247885227203
12108,1,0,0,0.45621535181999207,0.3063129186630249,0.23747171461582184
12110,0,0,0,0.786649763584137,0.021448887884616852,0.19190135598182678
12111,0,0,0,0.9628006815910339,0.005045044235885143,0.03215423598885536
12112,0,1,0,0.5534260869026184,0.40249332785606384,0.04408055543899536
12113,2,1,1,0.23170621693134308,0.7304304838180542,0.03786328807473183
12114,4,1,1,0.00011391706357244402,0.9998779296875,8.079142389760818e-06
12115,1,0,0,0.57073575258255,0.34253743290901184,0.0867268368601799
12116,3,2,2,0.032349877059459686,0.003734884550794959,0.9639152884483337
12117,4,0,0,0.882745623588562,0.046522725373506546,0.07073161751031876
12118,3,0,0,0.9660388231277466,0.00878048688173294,0.025180712342262268
12119,1,2,0,0.5972774028778076,0.22119565308094025,0.1815270036458969
12121,1,0,0,0.7683002352714539,0.06719457358121872,0.16450518369674683
12122,0,1,1,0.03714433312416077,0.9591901302337646,0.003665553405880928
12123,3,0,0,0.9194357395172119,0.05958897992968559,0.020975271239876747
12127,0,1,1,0.017422636970877647,0.979387104511261,0.0031903416384011507
12128,4,0,1,0.37146469950675964,0.3733576238155365,0.25517764687538147
12129,4,0,0,0.9002518653869629,0.0022866823710501194,0.09746155887842178
12132,0,0,0,0.9038888216018677,0.06093994900584221,0.03517119213938713
12133,1,1,0,0.6151870489120483,0.26121097803115845,0.1236020103096962
12134,3,0,0,0.835598349571228,0.09449674934148788,0.06990489363670349
12135,1,0,0,0.7677938342094421,0.16873528063297272,0.06347088515758514
12136,4,0,2,0.33437132835388184,0.02322567068040371,0.6424030065536499
12137,3,0,0,0.768669068813324,0.013393314555287361,0.2179376780986786
12139,1,0,0,0.7797762751579285,0.04385417699813843,0.17636944353580475
12140,0,0,0,0.9039118885993958,0.01856522262096405,0.07752281427383423
12142,2,0,2,0.046970780938863754,0.009779823012650013,0.9432493448257446
12143,4,0,0,0.8944046497344971,0.012628966942429543,0.09296634048223495
12144,0,1,1,0.024501172825694084,0.9711222052574158,0.004376655910164118
12145,1,0,0,0.8820987939834595,0.06118942052125931,0.056711744517087936
12146,2,0,0,0.8895869255065918,0.016301395371556282,0.09411168843507767
12148,1,0,0,0.8283839225769043,0.0327778123319149,0.1388382762670517
12149,0,0,0,0.7213857173919678,0.005291683133691549,0.27332261204719543
12150,1,0,0,0.9311268925666809,0.05158132687211037,0.017291726544499397
12151,2,0,0,0.9678842425346375,0.0082736536860466,0.023842135444283485
12152,2,0,0,0.9703697562217712,0.015135937370359898,0.014494306407868862
12154,1,1,1,5.357933696359396e-05,0.9992893934249878,0.0006569603574462235
12155,1,1,1,0.0017765985103324056,0.9980143308639526,0.00020904428674839437
12157,1,0,0,0.8789887428283691,0.07723831385374069,0.043772898614406586
12158,2,0,0,0.8220003247261047,0.019655276089906693,0.15834438800811768
12159,3,1,1,0.000509288627654314,0.9992272853851318,0.00026336501468904316
12160,1,0,0,0.8067551851272583,0.15704482793807983,0.03619999811053276
12161,2,1,1,0.2963464558124542,0.690085232257843,0.013568291440606117
12162,1,0,0,0.9040069580078125,0.01730898767709732,0.07868405431509018
12163,2,1,1,0.12288174778223038,0.8741137385368347,0.00300453114323318
12164,3,1,0,0.7973173260688782,0.11204134672880173,0.0906413123011589
12165,1,1,1,0.23407341539859772,0.7449167370796204,0.021009862422943115
12166,4,1,1,0.11552320420742035,0.7712327837944031,0.11324403434991837
12167,0,0,0,0.8312551379203796,0.14895352721214294,0.019791310653090477
12168,2,0,0,0.6653410792350769,0.2776110768318176,0.05704784393310547
12169,1,1,0,0.8970889449119568,0.044816434383392334,0.058094605803489685
12171,1,1,1,0.00022604322293773293,0.9981093406677246,0.0016646573785692453
12172,2,0,0,0.9730253219604492,0.01888212375342846,0.008092514239251614
12173,0,0,0,0.665744960308075,0.28210046887397766,0.05215458571910858
12174,3,0,0,0.8373286724090576,0.05354457348585129,0.10912682861089706
12175,3,0,0,0.7911633849143982,0.011762570589780807,0.1970740407705307
12176,1,0,0,0.8075565695762634,0.16634449362754822,0.02609892748296261
12177,2,0,0,0.5094051361083984,0.09939954429864883,0.39119526743888855
12179,0,1,1,0.0073151118122041225,0.9917703866958618,0.0009145071380771697
12180,0,0,0,0.889401376247406,0.09565292298793793,0.014945680275559425
12181,4,0,0,0.930648922920227,0.01228614803403616,0.05706486478447914
12186,1,0,0,0.8542223572731018,0.10008554905653,0.04569212719798088
12187,2,0,0,0.9175058007240295,0.049312774091959,0.03318137675523758
12188,1,0,0,0.6940279603004456,0.07855044305324554,0.22742155194282532
12189,0,0,0,0.5348131060600281,0.37071266770362854,0.0944741889834404
12190,3,0,0,0.8756388425827026,0.07261810451745987,0.05174311622977257
12191,3,0,1,0.3556545376777649,0.6125416159629822,0.03180389478802681
12193,4,1,1,0.11074411123991013,0.885806143283844,0.0034497124142944813
12194,3,0,0,0.9512621164321899,0.019383547827601433,0.029354341328144073
12195,2,1,1,0.4470645487308502,0.5150506496429443,0.03788480907678604
12196,0,0,0,0.8736943602561951,0.015080271288752556,0.11122538149356842
12198,1,0,0,0.8422302007675171,0.05781727284193039,0.09995248913764954
12199,3,0,0,0.43297278881073,0.18595686554908752,0.3810703158378601
12200,3,0,0,0.6157592535018921,0.04747757688164711,0.3367631435394287
12201,3,0,0,0.8721117377281189,0.08196046203374863,0.04592781141400337
12202,1,0,0,0.9030440449714661,0.021629631519317627,0.0753263309597969
12203,4,0,1,0.028776919469237328,0.9694443941116333,0.0017787405522540212
12204,1,0,0,0.8566043972969055,0.09783384203910828,0.045561712235212326
12205,1,0,0,0.797626256942749,0.11596392095088959,0.0864098072052002
12206,4,1,1,5.050492109148763e-05,0.9990424513816833,0.000907021458260715
12208,3,0,1,0.1204351857304573,0.8754506707191467,0.004114069044589996
12209,1,0,0,0.7774118185043335,0.14736154675483704,0.07522662729024887
12210,3,0,0,0.9132452607154846,0.018615921959280968,0.06813886761665344
12212,2,1,1,0.023389657959342003,0.9743955135345459,0.0022147907875478268
12215,3,0,1,0.0047021228820085526,0.9913061261177063,0.00399176636710763
12216,2,0,0,0.7087630033493042,0.2206135243177414,0.070623479783535
12217,3,0,0,0.8425840735435486,0.08595114946365356,0.07146477699279785
12218,3,1,1,0.0014309866819530725,0.998387336730957,0.00018174848810303956
12219,0,2,0,0.8919320106506348,0.03676031529903412,0.07130775600671768
12220,3,1,1,0.0019214991480112076,0.9978456497192383,0.00023286342911887914
12221,0,0,2,0.07020814716815948,0.07794518768787384,0.8518465757369995
12223,4,1,0,0.6089850068092346,0.34271425008773804,0.04830075055360794
12224,3,1,1,0.11271657794713974,0.8693665862083435,0.01791682466864586
12225,2,0,0,0.8343720436096191,0.02656414918601513,0.139063760638237
12226,2,0,2,0.1605929434299469,0.0023146795574575663,0.8370923399925232
12227,4,0,1,0.004389031324535608,0.8300851583480835,0.16552583873271942
12228,4,0,0,0.9409782290458679,0.0029147919267416,0.05610698089003563
12230,0,0,0,0.9457663297653198,0.0224404726177454,0.03179314732551575
12231,1,0,0,0.7733234763145447,0.09663114696741104,0.1300453394651413
12234,1,1,2,0.005456462036818266,0.45739465951919556,0.5371488928794861
12235,3,0,0,0.9661656022071838,0.004804050084203482,0.029030336067080498
12236,1,2,2,0.0010682003339752555,0.0010061088250949979,0.9979257583618164
12238,4,0,0,0.8739347457885742,0.05596049875020981,0.07010472565889359
12239,3,2,2,0.015091397799551487,0.0005986354663036764,0.9843099117279053
12240,0,0,0,0.7125054597854614,0.20290358364582062,0.08459097146987915
12241,0,0,0,0.7048018574714661,0.07818115502595901,0.2170170694589615
12242,4,1,1,0.27632617950439453,0.7127898931503296,0.010883942246437073
12243,4,1,1,0.24359360337257385,0.6931585669517517,0.06324779242277145
12244,3,0,0,0.8056277632713318,0.0501653328537941,0.1442069113254547
12245,4,0,0,0.8328315019607544,0.07769326865673065,0.08947529643774033
12248,2,0,0,0.962001621723175,0.001695622457191348,0.036302730441093445
12249,4,1,1,0.09828644245862961,0.8974359035491943,0.004277617204934359
12250,4,0,1,0.13690775632858276,0.8501797318458557,0.012912505306303501
12251,2,0,0,0.9175757765769958,0.01477554440498352,0.06764872372150421
12253,4,1,1,0.010114147327840328,0.9897290468215942,0.00015675212489441037
12255,2,0,0,0.8827676177024841,0.01930289715528488,0.0979294553399086
12256,4,1,1,0.00021576572908088565,0.999714195728302,7.004868530202657e-05
12257,1,0,2,0.0037523566279560328,0.00010463878425071016,0.9961430430412292
12258,2,0,0,0.7880150079727173,0.16661912202835083,0.04536591097712517
12260,1,1,1,1.2267313650227152e-05,0.9999852180480957,2.4601636141596828e-06
12261,3,1,1,0.36837607622146606,0.5608161091804504,0.07080783694982529
12263,0,0,0,0.9298511147499084,0.014467505738139153,0.05568137764930725
12264,2,1,1,0.0005139745189808309,0.9982150793075562,0.0012710107257589698
12265,3,0,0,0.5384528040885925,0.3490356504917145,0.11251156777143478
12266,0,0,0,0.8014917969703674,0.1005951464176178,0.09791310131549835
12267,4,0,0,0.6779058575630188,0.08623670041561127,0.2358575016260147
12269,2,0,0,0.9585041403770447,0.014772833324968815,0.02672302909195423
12270,0,1,1,0.0017226097406819463,0.6297369003295898,0.368540495634079
12271,2,1,1,0.0008192560635507107,0.9991410970687866,3.964866482419893e-05
12273,4,0,0,0.5694788098335266,0.406225323677063,0.024295872077345848
12274,3,1,1,0.00471363915130496,0.9945058226585388,0.0007804700289852917
12275,4,1,1,0.03595856577157974,0.949997067451477,0.014044412411749363
12276,1,1,1,0.0004280847788322717,0.9990335702896118,0.0005383933312259614
12277,1,1,1,0.14255306124687195,0.7906414866447449,0.06680550426244736
12279,4,1,1,0.039685554802417755,0.9576942920684814,0.002620172221213579
12280,2,1,0,0.825575053691864,0.14366836845874786,0.03075655736029148
12281,0,1,1,0.0009175012819468975,0.9985184073448181,0.0005641085444949567
12282,0,0,0,0.9265286922454834,0.020841727033257484,0.05262964218854904
12283,1,0,0,0.9347397685050964,0.025628579780459404,0.039631616324186325
12284,4,1,0,0.7387663722038269,0.2290651798248291,0.03216845169663429
12285,1,1,1,0.010489012114703655,0.9875872731208801,0.0019236577209085226
12286,1,0,1,0.4418794512748718,0.5181727409362793,0.03994785621762276
12287,4,0,1,0.4403153359889984,0.49996137619018555,0.05972323194146156
12288,0,0,0,0.9207055568695068,0.04872773587703705,0.030566642060875893
12289,0,0,0,0.8201940655708313,0.04801463335752487,0.13179129362106323
12290,3,0,0,0.7494176626205444,0.1254022866487503,0.12518006563186646
12291,0,0,0,0.6525863409042358,0.17218464612960815,0.17522895336151123
12292,2,0,0,0.4342576861381531,0.42808613181114197,0.13765621185302734
12295,2,1,1,0.0003603370569180697,0.9995604157447815,7.928904960863292e-05
12296,0,0,2,0.4218258261680603,0.14556506276130676,0.4326091408729553
12298,1,0,0,0.7138102054595947,0.266476571559906,0.019713319838047028
12299,0,0,2,0.16895636916160583,0.013281140476465225,0.8177624344825745
12300,2,0,0,0.7676083445549011,0.19738660752773285,0.035005077719688416
12302,2,0,0,0.9644307494163513,0.00865940097719431,0.02690986543893814
12303,4,0,2,0.004363792948424816,0.00043007644126191735,0.9952061772346497
12305,4,0,0,0.7509874105453491,0.05218372121453285,0.19682887196540833
