row_id,fold,label,pred,p0,p1,p2
0,2,1,1,0.0008768900879658759,0.9828532338142395,0.016269857063889503
1,4,2,2,2.512614992156159e-05,0.0010615705978125334,0.9989132881164551
2,1,2,2,7.8623226727359e-05,1.4427624591917265e-05,0.9999068975448608
3,0,2,2,1.0941298711486525e-07,8.496784289491188e-07,0.9999990463256836
4,3,1,1,0.00021019464475102723,0.9997847676277161,5.0947428462677635e-06
5,3,2,2,3.271590003350866e-07,2.8341486540739425e-05,0.9999712705612183
6,3,2,2,1.011586050481128e-06,6.591097303498827e-07,0.9999983310699463
8,3,1,1,0.00019309572235215455,0.9993333220481873,0.0004735280526801944
9,4,1,1,7.264919258886948e-05,0.9993810653686523,0.0005462503177113831
10,2,1,1,1.959157543751644e-06,0.9999978542327881,1.631179884498124e-07
11,3,2,2,9.841257906373357e-07,2.5041010758286575e-06,0.999996542930603
12,3,1,1,6.133678834885359e-05,0.9999372959136963,1.3400865555013297e-06
13,2,2,2,2.4016067982302047e-05,2.8470980396377854e-05,0.9999475479125977
15,3,1,1,1.900230550688775e-08,1.0,4.881340220919128e-09
17,4,1,1,0.00325386063195765,0.996012806892395,0.0007333271787501872
18,2,1,1,9.092534310184419e-05,0.9999080896377563,1.0235039553663228e-06
19,3,2,2,1.6481290288083983e-07,5.607102593785385e-06,0.9999942779541016
20,2,1,0,0.7847891449928284,0.05378372222185135,0.16142714023590088
22,2,1,1,5.6741123444226105e-06,0.9924461245536804,0.007548169232904911
23,4,1,1,0.0004211529449094087,0.9993896484375,0.00018918313435278833
26,2,2,2,0.0001370865647913888,2.6401168724987656e-05,0.9998364448547363
27,1,1,1,0.00010564064723439515,0.9998823404312134,1.1991156497970223e-05
28,2,2,2,1.3677690731128678e-06,0.0004161186807323247,0.9995825886726379
29,3,2,0,0.49723705649375916,0.38143298029899597,0.1213298961520195
30,2,1,0,0.841938853263855,0.13448795676231384,0.023573197424411774
31,2,1,1,0.0003639858041424304,0.999182403087616,0.00045362941455096006
32,4,1,1,5.036446850681386e-07,0.9999994039535522,1.3244178376226046e-07
33,0,2,2,1.168870130641153e-05,0.00015804085705894977,0.9998302459716797
34,1,1,1,2.7568475502448564e-07,0.9999979734420776,1.7150244957520044e-06
35,2,2,2,6.811685011598456e-07,1.346809455071707e-07,0.9999991655349731
37,4,1,1,3.501286482787691e-05,0.9999516010284424,1.3396105714491569e-05
38,4,1,1,9.28900902863461e-08,0.9999998807907104,5.3759119822416324e-08
39,0,1,1,6.993292345214286e-07,0.9999991655349731,9.678472423502171e-08
40,2,2,1,0.1381937563419342,0.7949541807174683,0.06685206294059753
41,0,1,1,8.514256819580623e-07,0.9999990463256836,5.316875473226901e-08
42,1,1,1,9.588834473106544e-06,0.9999871253967285,3.2541061045776587e-06
43,4,2,2,2.0689783468696987e-06,2.2155445549287833e-06,0.9999957084655762
44,3,2,2,7.5286596401547e-11,4.824029620209558e-09,1.0
45,1,2,2,1.1842374988191295e-05,1.6156494666574872e-06,0.9999865293502808
46,4,1,1,1.9278792024124414e-05,0.9999423027038574,3.8408528780564666e-05
47,3,1,1,1.4450052958636661e-06,0.9999977350234985,8.012784746824764e-07
48,2,2,2,4.843392889597453e-05,3.039992952835746e-05,0.9999212026596069
49,3,2,2,5.222011168370955e-05,0.00010634124919306487,0.9998414516448975
50,1,2,2,0.00046433458919636905,6.0799352468166035e-06,0.9995296001434326
52,4,1,1,4.561503601507866e-07,0.9999995231628418,1.623323164778867e-08
53,1,2,2,0.007206145208328962,0.0005569059285335243,0.9922370314598083
54,2,1,1,5.987314466437965e-07,0.9999994039535522,3.9828556452903285e-08
55,4,1,1,7.4576682891347446e-06,0.999969482421875,2.3018910724204034e-05
56,0,1,1,0.003198749152943492,0.9967623949050903,3.886550621245988e-05
57,0,1,1,5.050246181781404e-05,0.9999269247055054,2.2622225515078753e-05
60,2,1,1,1.4877105968480464e-05,0.9999803304672241,4.734275989903836e-06
61,2,1,1,0.010563801042735577,0.5154955983161926,0.4739406704902649
62,1,2,2,1.2471103900679736e-06,1.6542000594199635e-05,0.9999822378158569
63,0,2,2,1.0873645805986598e-06,6.815682809246937e-06,0.9999921321868896
64,0,2,2,1.327039313991918e-07,8.778048140811734e-06,0.9999910593032837
67,0,1,0,0.6052526235580444,0.2999890446662903,0.09475830942392349
68,1,1,1,6.249901161936577e-06,0.9999842643737793,9.474140824750066e-06
69,0,1,1,9.826531822909601e-06,0.9999405145645142,4.967533459421247e-05
70,1,1,1,2.4379795959816875e-09,1.0,3.146196192460593e-08
71,3,1,1,3.56373419663214e-08,1.0,7.752924524595528e-09
72,4,1,1,0.0010758190182968974,0.9986523985862732,0.00027175917057320476
73,0,2,2,3.768580427276902e-06,3.6987094063078985e-05,0.9999592304229736
74,2,1,1,1.2798528814528254e-07,0.9999997615814209,1.3673464138719282e-07
76,0,1,1,7.720992471149657e-06,0.9999644756317139,2.7785119527834468e-05
77,2,1,1,0.00044389747199602425,0.9995384216308594,1.7692400433588773e-05
78,1,2,2,6.064881290512858e-06,1.4596611208617105e-06,0.9999924898147583
79,3,1,1,2.2289188564172946e-05,0.9999616146087646,1.604118187970016e-05
80,3,2,2,0.00027610891265794635,1.5307125067920424e-05,0.9997085928916931
81,2,2,2,3.506389703034074e-07,1.219264333940373e-07,0.9999995231628418
82,2,1,1,0.0016349033685401082,0.9978945851325989,0.0004704852181021124
83,0,2,2,0.006577230524271727,0.011302330531179905,0.9821204543113708
84,1,2,2,4.606222958614126e-08,2.024291916313814e-06,0.9999979734420776
85,1,1,1,0.19070319831371307,0.794087290763855,0.015209467150270939
86,2,1,2,0.09402582049369812,0.297672301530838,0.6083018779754639
87,4,2,2,0.0001311889645876363,0.0007596600335091352,0.9991092085838318
88,3,2,2,9.326346805949015e-09,1.142087626249122e-06,0.9999988079071045
89,3,1,1,0.2994561195373535,0.5757555961608887,0.12478826195001602
90,4,1,1,2.138911895599449e-06,0.9999977350234985,1.4821496563399705e-07
91,4,1,1,2.573869096522685e-05,0.9999381303787231,3.6159584851702675e-05
92,0,2,2,7.272301445482299e-05,8.489355241181329e-05,0.9998424053192139
95,4,2,2,7.506580912419736e-10,5.323435914306174e-08,1.0
96,3,2,2,1.1615973562584259e-05,4.429822183737997e-06,0.9999840259552002
97,1,2,2,5.4912175073695835e-06,5.61024990020087e-06,0.9999889135360718
98,3,1,1,0.07206510752439499,0.566365659236908,0.36156925559043884
99,4,1,1,2.0531083464447875e-06,0.9999899864196777,7.915788955870084e-06
100,4,2,2,3.0601972067501038e-09,6.505114811261592e-07,0.9999994039535522
101,1,1,1,1.2738137229462154e-05,0.9998799562454224,0.0001072323793778196
102,1,1,0,0.6395187973976135,0.30536845326423645,0.055112775415182114
104,2,1,1,8.306492236442864e-05,0.9999154806137085,1.3964418030809611e-06
105,3,2,2,3.0498574687953806e-07,2.3100837154288456e-07,0.9999994039535522
106,3,2,2,5.327536634069929e-09,6.563840138085197e-09,1.0
107,4,2,2,8.479548228024214e-07,3.186236062902026e-05,0.9999673366546631
108,0,2,2,1.8152226175516262e-06,2.135661998181604e-05,0.9999768733978271
109,3,1,1,5.888862730785149e-09,1.0,2.409832611238727e-10
110,1,1,1,0.0008746710955165327,0.9956374764442444,0.0034878537990152836
111,0,1,1,0.00039279775228351355,0.999605119228363,2.1106150143168634e-06
113,0,2,2,3.1702242608844244e-08,3.838871407424449e-07,0.9999996423721313
114,0,1,1,0.13675740361213684,0.8419520258903503,0.021290602162480354
115,2,1,1,5.033806260712481e-08,1.0,6.169297961378106e-09
116,4,2,2,0.003878008108586073,0.006226008292287588,0.9898959398269653
117,0,1,1,8.71211014441542e-09,1.0,2.161662493449512e-08
118,4,1,1,4.926396741211647e-06,0.9999901056289673,5.0219464355905075e-06
120,0,1,1,0.00017219010624103248,0.9998108744621277,1.6907404642552137e-05
121,4,1,1,6.91581008140929e-05,0.9998337030410767,9.706083073979244e-05
122,4,1,1,1.6763879102654755e-06,0.9999971389770508,1.195531240227865e-06
123,3,1,1,1.520211935712723e-05,0.99920254945755,0.0007822433253750205
124,3,1,1,0.0011046216823160648,0.9986019730567932,0.00029336882289499044
125,1,1,1,1.3027553222855204e-06,0.9999963045120239,2.338779950150638e-06
126,4,1,1,1.1132209820630123e-08,1.0,1.983013753203977e-08
127,3,1,1,3.683924887809553e-06,0.9999942779541016,2.018527993641328e-06
129,1,1,1,8.96806814125739e-05,0.9998995065689087,1.0775991540867835e-05
130,0,1,1,8.170841283572372e-06,0.9999890327453613,2.8095896595914382e-06
131,3,1,1,8.243723641498946e-06,0.9999904632568359,1.3448013760353206e-06
132,1,2,2,0.08694985508918762,0.01692928373813629,0.8961208462715149
133,1,1,1,7.877249572629808e-07,0.9999984502792358,7.796510317348293e-07
134,3,1,1,5.857765700056916e-06,0.9999918937683105,2.3036259335640352e-06
135,1,2,2,8.712610906513873e-06,0.00011263356282142922,0.9998786449432373
136,0,1,1,6.908507657499285e-06,0.9999887943267822,4.272356818546541e-06
137,1,1,1,7.594173467850851e-08,0.9999997615814209,1.9472425094591017e-07
139,0,2,2,1.415204176069551e-09,1.0951078621701527e-07,0.9999998807907104
140,1,1,1,6.316991516541748e-07,0.9999991655349731,2.1642524927756313e-07
141,4,1,1,5.503865395439789e-06,0.999927282333374,6.720149394823238e-05
142,0,2,2,8.448240862435341e-08,2.7822153469969635e-07,0.9999996423721313
143,4,2,2,0.0001939658832270652,0.00034524925285950303,0.999460756778717
144,3,1,1,4.408924780818779e-08,0.9999998807907104,1.3390378228450572e-07
145,1,1,1,1.3145562661520671e-05,0.9999812841415405,5.596569735644152e-06
146,2,2,2,1.926020922837779e-05,1.3682577446161304e-05,0.9999669790267944
147,4,2,2,2.200119730844108e-08,1.1638305750238942e-06,0.9999988079071045
148,0,2,2,1.0134786343485302e-09,2.939875685115112e-07,0.9999997615814209
149,3,2,2,1.5813525067187584e-07,1.2032569429720752e-07,0.9999997615814209
150,0,2,2,9.347385798719188e-07,6.145679890323663e-06,0.999992847442627
152,4,2,2,1.1850603698349005e-07,4.264970527856349e-07,0.9999994039535522
153,2,1,1,1.576109934831038e-05,0.9999756813049316,8.568106750317384e-06
154,2,2,2,0.00044184739817865193,3.2472627935931087e-05,0.9995256662368774
155,4,1,1,0.00014348911645356566,0.999656081199646,0.00020038062939420342
156,2,2,2,1.8350832533542416e-06,7.043090732850033e-08,0.9999980926513672
157,2,2,2,1.2022946066281293e-05,6.070287054171786e-05,0.999927282333374
158,2,1,1,6.407408363884315e-06,0.9999932050704956,3.697755630582833e-07
161,1,1,0,0.8615818619728088,0.012329813092947006,0.12608832120895386
162,4,2,2,1.0833422265932313e-06,1.8567359916232817e-07,0.9999986886978149
163,1,2,2,1.5659095353726116e-08,2.432449832667771e-07,0.9999997615814209
167,1,1,1,0.00012898558634333313,0.9997431635856628,0.00012782920384779572
168,0,1,1,4.631427685808376e-08,0.9999998807907104,3.1753867091310894e-08
169,4,2,2,1.5237044692639756e-07,1.4712750839862565e-07,0.9999997615814209
171,2,2,2,4.936732693749946e-06,1.0027147254731972e-05,0.9999850988388062
172,0,1,0,0.535315752029419,0.13754922151565552,0.32713502645492554
173,0,1,1,4.856704194367012e-08,0.9999998807907104,3.518522007084357e-08
176,2,1,1,1.4007122217662982e-07,0.9999997615814209,1.1758027085306821e-07
178,0,2,2,2.2956609946334083e-09,6.794285809519351e-07,0.9999992847442627
179,1,2,2,2.0714549009426264e-07,2.0295381546020508e-05,0.9999794960021973
181,1,1,1,9.897818381432444e-05,0.9997143149375916,0.00018672810983844101
182,1,1,1,2.240032472400344e-06,0.9999929666519165,4.818558863917133e-06
183,3,2,2,4.424864528118633e-06,2.236690306745004e-06,0.9999933242797852
184,2,1,1,0.0013310889480635524,0.9985072016716003,0.00016163902182597667
186,4,1,0,0.700502336025238,0.19685755670070648,0.10264015197753906
187,4,2,2,5.3996067435946316e-05,1.10694036266068e-05,0.9999349117279053
188,0,2,2,9.970304745365866e-06,8.13314545666799e-05,0.9999086856842041
190,1,2,2,5.180734206078341e-07,0.000192740757483989,0.999806821346283
191,3,1,1,3.2407240269094473e-06,0.9999947547912598,1.992652642002213e-06
193,1,1,1,1.7433696086754935e-07,0.9999980926513672,1.7759742831913172e-06
194,3,2,2,4.532357706921175e-05,3.769422255572863e-05,0.9999170303344727
195,4,1,1,0.00016928948753047734,0.9993159770965576,0.00051474804058671
197,2,1,1,1.8600586599859525e-06,0.9999979734420776,2.178804408003998e-07
198,1,2,2,3.233749794162577e-06,3.0963039989728713e-06,0.9999936819076538
199,3,1,1,3.626503894338384e-05,0.999947190284729,1.651952334214002e-05
200,0,2,2,0.01942618563771248,0.002126633422449231,0.9784472584724426
201,1,2,0,0.8583152890205383,0.007922697812318802,0.13376200199127197
202,3,2,2,5.486280315381009e-06,2.9937650651845615e-06,0.9999915361404419
203,0,2,2,1.494751131758676e-07,2.801075424940791e-06,0.9999971389770508
204,3,2,2,1.5247773887949734e-07,5.531707358841231e-08,0.9999998807907104
206,4,1,2,0.0013036978198215365,0.13948564231395721,0.8592106699943542
207,1,1,1,0.00011251029354752973,0.9997220635414124,0.00016544204845558852
208,0,1,1,7.671515049878508e-05,0.9998769760131836,4.627682574209757e-05
210,1,2,2,2.14313422475243e-06,1.167166465165792e-05,0.9999861717224121
212,4,1,1,1.2005260714431643e-06,0.9999816417694092,1.7138007024186663e-05
213,2,2,2,3.3275674127253296e-07,2.4605350290585193e-07,0.9999994039535522
214,3,2,2,6.050803676771466e-06,6.0291138652246445e-05,0.9999336004257202
215,3,1,1,2.219149450866098e-07,0.9999455213546753,5.420673551270738e-05
216,2,2,2,0.0005343399243429303,8.745524246478453e-05,0.9993782043457031
217,2,1,1,0.0020563434809446335,0.9978126287460327,0.0001310040825046599
218,2,1,1,0.004212977364659309,0.9946790933609009,0.001107962103560567
219,4,2,2,0.0001683554582996294,0.00012995564611628652,0.9997016787528992
220,0,2,2,5.465604431265092e-07,3.2271309464704245e-05,0.999967098236084
221,1,2,2,1.604433350621548e-07,2.1090893369546393e-06,0.9999977350234985
222,2,2,2,3.523599190202731e-08,7.803100743331015e-08,0.9999998807907104
223,0,2,2,4.56122597825015e-06,2.3006954506854527e-05,0.9999724626541138
224,4,2,2,2.1341633328120224e-05,1.8671174757400877e-06,0.9999767541885376
227,1,2,2,4.5187160139903426e-05,8.61689040903002e-05,0.999868631362915
228,3,2,2,0.00015536043792963028,8.744335355004296e-05,0.9997571110725403
229,2,1,1,0.001049106940627098,0.9989344477653503,1.644811527512502e-05
230,4,2,2,1.9815935003997254e-10,6.862310186761533e-08,0.9999998807907104
231,3,1,1,1.3041802082724985e-09,1.0,5.915438139325602e-10
232,1,1,1,9.926515076585929e-08,0.9999998807907104,3.144378268871151e-08
233,0,1,1,4.108308075956302e-07,0.9999995231628418,3.8168568750052145e-08
234,1,1,1,8.242058591179102e-09,0.9999998807907104,5.71777363234105e-08
235,2,2,2,3.00320834867307e-09,1.1579553316209967e-08,1.0
236,1,1,1,3.22882151522208e-05,0.9999376535415649,3.0085853722994216e-05
237,2,1,1,3.7913199776085094e-05,0.9999511241912842,1.0905294402618892e-05
239,3,2,2,1.5818407916867727e-07,1.4599260111936019e-06,0.9999984502792358
240,0,1,1,0.0002266881347168237,0.9997664093971252,6.9622187766071875e-06
241,0,1,1,5.720578337786719e-05,0.9999403953552246,2.3886489088909e-06
242,2,2,2,3.6229170063961647e-07,4.440380791947973e-07,0.9999991655349731
243,2,1,1,0.00010668735922081396,0.9998846054077148,8.646468813822139e-06
244,3,2,2,2.2501571095290274e-07,2.3754817448207177e-05,0.9999760389328003
245,2,2,2,1.4828832718194462e-05,0.0005845042178407311,0.9994007349014282
246,2,2,2,7.351999329330283e-07,3.993703501237178e-07,0.999998927116394
247,3,2,2,1.0132655916095246e-05,0.00037769527989439666,0.9996121525764465
248,2,2,2,0.00015893220552243292,4.965262996847741e-05,0.9997914433479309
250,2,1,1,4.424823146109702e-06,0.9999953508377075,1.6906345479128504e-07
251,4,1,1,1.357682776870206e-06,0.9998094439506531,0.00018924579489976168
252,4,1,1,2.556858760272007e-07,0.9999992847442627,4.2534020394668914e-07
253,2,2,2,0.00031874660635367036,5.3099360229680315e-05,0.9996280670166016
254,0,1,1,1.113568714572466e-06,0.9999985694885254,2.574999200533057e-07
255,3,1,1,0.0017771791899576783,0.9980473518371582,0.00017545482842251658
256,1,2,2,4.849795459449524e-06,2.5483834633632796e-06,0.9999926090240479
257,4,2,2,5.763684498560906e-07,2.1134246708243154e-05,0.9999783039093018
258,1,2,2,2.0394345767726918e-07,1.0081193977384828e-05,0.9999896287918091
259,0,1,1,4.5433775085257366e-05,0.9998983144760132,5.620143565465696e-05
260,2,2,2,4.085938144271495e-06,9.974089607567294e-07,0.9999949932098389
262,2,2,2,3.5409946974596096e-08,2.6568227440293413e-07,0.9999997615814209
269,2,1,1,0.2529523968696594,0.7014907002449036,0.045556940138339996
271,4,2,2,0.00034570813295431435,0.0003209702845197171,0.9993333220481873
272,0,2,2,3.4338904697506223e-06,0.00040561219793744385,0.9995909333229065
273,0,2,2,4.123944745515473e-05,2.857564868463669e-05,0.9999301433563232
274,1,1,1,3.1319926652173535e-09,1.0,2.449520586367271e-09
276,1,2,2,9.684260476205964e-06,2.6042896479339106e-06,0.9999877214431763
279,1,2,2,7.653777061022993e-07,1.7593598386156373e-05,0.9999816417694092
280,0,1,1,0.00037054516724310815,0.999626636505127,2.8470271900005173e-06
281,3,1,1,1.126910592574859e-05,0.9999871253967285,1.5746413737360854e-06
283,1,2,2,1.1529780294949887e-06,8.184408216038719e-06,0.9999905824661255
284,3,1,1,0.00024892285000532866,0.9996976852416992,5.336150570656173e-05
285,2,1,1,3.0080409487709403e-05,0.999963641166687,6.280518846324412e-06
286,3,2,2,5.117768068885198e-06,7.626521437487099e-06,0.9999872446060181
287,3,2,2,7.753387194497918e-07,6.452406523749232e-05,0.9999346733093262
289,2,2,2,1.5509865534113487e-06,3.998284796580265e-07,0.9999980926513672
290,1,2,2,2.2347556694057857e-08,1.8709239668623923e-07,0.9999997615814209
291,4,2,2,1.2614797924470622e-05,9.619189768272918e-06,0.999977707862854
292,1,2,2,4.6545966370103997e-07,1.545720806461759e-06,0.9999979734420776
293,4,2,2,1.411577272847353e-06,1.108995661525114e-06,0.9999974966049194
295,2,2,2,0.0005001402460038662,1.688796874077525e-05,0.9994828701019287
296,2,2,2,1.8902410374721512e-05,6.547301745740697e-05,0.999915599822998
297,3,2,2,1.7028172806021757e-05,4.915229055768577e-06,0.9999780654907227
300,1,2,2,7.775769717000003e-08,1.083012762137514e-06,0.9999988079071045
301,1,2,2,2.89077263460058e-07,3.4561892334750155e-06,0.9999963045120239
302,4,1,1,1.917382519422972e-07,0.9999997615814209,1.7622287629137645e-08
303,4,2,2,2.7620278615358984e-06,3.162967914249748e-06,0.9999940395355225
304,4,2,2,4.1212661017198116e-06,5.814674750581617e-07,0.999995231628418
305,1,1,2,0.007934020832180977,0.011343256570398808,0.9807226061820984
306,0,2,2,1.2472986554712406e-07,7.227300375234336e-05,0.9999276399612427
307,1,1,1,3.5739566328629735e-07,0.9999990463256836,5.98845986132801e-07
309,3,2,2,1.0565205229795538e-05,2.3310325559577905e-05,0.999966025352478
310,0,2,2,7.735512674855727e-09,1.582935738042579e-06,0.9999984502792358
311,0,2,2,3.984412444424379e-08,1.8031811123364605e-05,0.9999819993972778
312,3,2,2,6.703311555611435e-06,4.224327767587965e-06,0.9999891519546509
314,3,1,1,3.4366970794508234e-05,0.9999514818191528,1.4116314559942111e-05
315,1,2,2,8.2234373621759e-06,7.135545843084401e-07,0.9999910593032837
316,2,2,2,0.00043877039570361376,0.00010737431148299947,0.9994538426399231
317,2,2,2,2.0473873973969603e-06,2.9790549888275564e-05,0.9999681711196899
318,0,1,1,8.369060822133179e-08,0.9999997615814209,1.1103076502649856e-07
320,0,2,2,9.363877211399085e-07,2.024643208642374e-06,0.9999970197677612
321,0,2,2,4.818229626835091e-06,9.529215390102763e-07,0.9999942779541016
322,0,1,1,1.1515223263813823e-07,0.9999998807907104,1.8334629814376058e-08
323,3,1,1,5.7523695431882516e-05,0.9998985528945923,4.3871037632925436e-05
324,1,1,1,0.00038018834311515093,0.9994716048240662,0.0001482458901591599
325,2,2,2,0.0025376894045621157,7.225347508210689e-05,0.99739009141922
327,0,1,1,1.3891032722312957e-05,0.9999828338623047,3.2730342809372814e-06
328,3,2,2,2.237963599327486e-05,7.860880577936769e-05,0.9998990297317505
329,2,2,2,3.80391938961111e-05,0.00032078821095637977,0.9996411800384521
330,0,2,2,1.196280585702425e-08,8.054090585574158e-07,0.9999991655349731
332,2,1,1,0.00019852515833918005,0.999796450138092,5.0309340622334275e-06
333,3,1,1,0.0013208275195211172,0.9985417127609253,0.00013745839532930404
334,4,2,2,2.1545326944760745e-07,1.4817471765127266e-06,0.9999983310699463
336,1,2,2,1.6893075098778354e-06,1.438005256204633e-05,0.9999839067459106
339,3,1,1,0.001108017168007791,0.9987383484840393,0.00015369459288194776
341,2,2,2,5.4218176956055686e-05,1.7203974493895657e-05,0.9999285936355591
342,1,2,2,5.406037234934047e-05,0.009728468023240566,0.990217387676239
343,0,2,2,1.3067740667338512e-07,3.95474344259128e-05,0.9999603033065796
345,0,1,1,0.002276308834552765,0.9976221919059753,0.00010146465501748025
346,1,1,1,3.879386895278003e-06,0.9999940395355225,2.1137975636520423e-06
347,1,2,2,5.015358510718215e-06,4.406525476952083e-06,0.9999905824661255
348,0,2,2,8.235306836468226e-07,3.506147550069727e-06,0.9999957084655762
349,4,2,2,2.9605433155666105e-05,0.0016659307293593884,0.9983043670654297
350,1,1,1,2.77626867273284e-07,0.999998927116394,7.846812195566599e-07
352,3,2,2,8.729687579034362e-06,1.4251727407099679e-05,0.9999769926071167
353,4,1,1,2.891546779792975e-09,1.0,9.817430202119226e-10
354,2,2,2,5.9276859246892855e-05,9.286399290431291e-06,0.9999314546585083
355,1,2,2,2.0549798591673607e-06,9.138314567280759e-07,0.9999970197677612
356,4,2,2,1.7850361473392695e-06,4.144995182286948e-05,0.9999567270278931
357,3,1,1,8.907017763704062e-05,0.9998836517333984,2.721434248087462e-05
358,4,1,1,8.56608858157415e-06,0.9999833106994629,8.144538696797099e-06
359,3,2,2,1.3789588138024556e-08,1.0866996547065355e-07,0.9999998807907104
360,4,2,2,4.4454548486783096e-08,0.00011246111535001546,0.9998875856399536
361,3,1,1,0.005120122339576483,0.9930469393730164,0.001832983922213316
362,4,2,2,0.00012442599108908325,8.455743227386847e-05,0.9997910857200623
363,4,2,2,3.502441131786327e-06,8.460950766675523e-07,0.9999957084655762
365,1,2,2,0.00010257244866807014,0.010094139724969864,0.9898033142089844
366,1,2,2,5.210708877712023e-07,4.376229298941325e-06,0.9999951124191284
369,1,2,2,3.70900977486599e-07,4.965738753526239e-06,0.9999946355819702
370,3,2,2,4.2552625245662057e-07,3.0174534913385287e-05,0.9999693632125854
371,0,2,2,2.2209244221471636e-08,4.105778543816996e-07,0.9999996423721313
372,3,2,2,0.00031487992964684963,9.806403977563605e-05,0.9995871186256409
373,1,1,1,1.6298479749821126e-05,0.9999772310256958,6.524183845613152e-06
374,0,2,2,3.3343070526825613e-09,5.885890175250097e-08,1.0
375,0,2,2,4.28696102972026e-06,0.00035663333255797625,0.9996390342712402
376,2,1,1,1.8459446437191218e-05,0.9999747276306152,6.866765488666715e-06
377,4,2,2,5.662558032781817e-05,7.671595813008025e-05,0.9998666048049927
378,2,2,2,6.178078706398082e-07,8.693360541656148e-06,0.999990701675415
379,2,2,2,8.065862857620232e-06,2.3163406694948208e-06,0.9999896287918091
380,3,2,2,1.1407181546019274e-06,4.482864824240096e-05,0.9999539852142334
381,0,2,2,2.0131712119564327e-07,0.0010691526113077998,0.9989306330680847
382,3,1,1,8.374340665362467e-10,1.0,5.657492530009023e-11
383,2,2,2,2.6884831640927587e-06,2.867550961127563e-07,0.9999970197677612
384,0,2,2,1.9429007807048038e-06,3.599211879645736e-07,0.9999977350234985
385,2,2,2,7.728716445853934e-05,1.0791573004098609e-05,0.999911904335022
386,3,2,2,6.1080081650288776e-06,4.665160986405681e-07,0.9999934434890747
387,4,2,2,2.852788725249411e-07,5.3314353863243014e-05,0.9999464750289917
388,2,1,1,2.5806925805227365e-06,0.9999884366989136,8.975107448350172e-06
389,0,1,1,0.0001951204176293686,0.9998028874397278,1.9892554519174155e-06
390,2,2,2,1.4613109669880942e-05,7.387115329038352e-05,0.9999114274978638
391,1,1,1,1.561954299234003e-08,1.0,2.8729395751270204e-08
392,2,2,2,0.005561384372413158,0.00038651746581308544,0.9940521121025085
393,0,1,1,1.6814286709632142e-06,0.9999983310699463,3.3917753938794704e-08
394,1,2,2,2.1934187088845647e-07,1.8872628970711958e-06,0.9999978542327881
395,2,1,1,1.8823391656042077e-05,0.9999722242355347,8.964114385889843e-06
396,0,2,2,0.014170248061418533,0.017416777089238167,0.9684129357337952
397,0,2,2,2.0318940130437113e-07,7.171788070081675e-07,0.9999990463256836
398,1,2,2,9.435643164579233e-07,3.7019535170657036e-07,0.9999986886978149
400,1,2,2,8.14232844277285e-05,1.3621477592096198e-05,0.999904990196228
401,4,2,2,0.029583465307950974,0.026141369715332985,0.9442751407623291
402,1,2,2,5.737460924137849e-07,1.7192558061651653e-06,0.9999977350234985
404,4,2,2,2.4617644157842733e-05,5.3349864174379036e-05,0.9999219179153442
405,2,2,2,3.819669416316174e-07,2.270381287416967e-07,0.9999994039535522
406,2,1,1,1.7006708731059916e-05,0.9999814033508301,1.6378676264139358e-06
407,1,2,2,1.6843527816945425e-07,4.113955583306961e-05,0.9999587535858154
408,1,2,2,8.27868547048638e-08,9.15174553028919e-07,0.999998927116394
409,0,2,2,2.380448222538689e-06,1.0527643325985991e-06,0.999996542930603
410,2,2,2,8.94173979304469e-08,4.315545254485187e-07,0.9999994039535522
411,0,1,1,0.15381412208080292,0.7562491297721863,0.08993677794933319
412,2,1,1,1.485018219682388e-05,0.9999847412109375,3.740958618436707e-07
413,2,1,1,2.688729000510648e-05,0.9999716281890869,1.4659879070677562e-06
414,3,1,1,2.117861913575325e-05,0.999976634979248,2.2320227799355052e-06
415,4,1,1,2.0019879229948856e-05,0.9999731779098511,6.772492724849144e-06
416,3,1,1,3.342937588968198e-07,0.9999996423721313,3.6876386388939864e-08
418,1,1,1,1.2014399544568732e-05,0.9998437166213989,0.00014422964886762202
419,2,1,1,3.868019575747894e-06,0.999993085861206,3.0399085062526865e-06
421,0,1,1,2.6413776140543632e-05,0.999970555305481,2.9989514587214217e-06
422,2,1,1,0.0002682394115254283,0.9997304081916809,1.3332437447388656e-06
423,2,1,1,1.4301407645689324e-05,0.9999854564666748,2.3653063863093848e-07
424,4,1,1,8.728081866138382e-07,0.9999985694885254,5.583580673373945e-07
426,4,1,1,8.128941772156395e-06,0.9999136924743652,7.814816490281373e-05
427,0,1,1,9.967781079467386e-05,0.99989914894104,1.1373134611858404e-06
428,2,1,1,4.2347287489974406e-06,0.9999953508377075,4.6336663217516616e-07
429,3,1,1,8.32714285934344e-05,0.9999092817306519,7.465138878615107e-06
430,2,1,1,4.0239912777906284e-05,0.9999219179153442,3.786937668337487e-05
432,3,1,1,3.617279071477242e-05,0.9999618530273438,1.913812411658e-06
433,3,1,1,0.00031575735192745924,0.9996775388717651,6.7393748395261355e-06
434,0,2,2,3.182174452831532e-07,3.048244934689137e-06,0.999996542930603
435,0,2,2,6.2333498362932e-07,1.803358827601187e-05,0.9999814033508301
436,2,1,1,7.143536322473665e-07,0.9999991655349731,9.826760560827097e-08
437,4,2,2,1.7523531425922556e-07,1.8623555661179125e-05,0.9999812841415405
438,2,2,2,6.268163997447118e-05,6.751805631211028e-05,0.9998698234558105
439,0,2,2,8.058318599069025e-07,7.2489610829507e-06,0.9999918937683105
440,0,2,2,4.031384435165819e-07,2.641909532030695e-06,0.9999970197677612
441,3,2,2,3.171951945546425e-08,1.010384607980086e-06,0.9999990463256836
442,0,2,2,0.00022003936464898288,0.00016402338223997504,0.9996159076690674
443,2,1,1,4.929495844407938e-06,0.9999915361404419,3.586257207643939e-06
444,0,1,1,1.0653851859387942e-05,0.9999892711639404,1.0586701648662711e-07
445,2,2,2,1.2276250238585362e-08,2.815508537423739e-07,0.9999997615814209
446,0,2,2,2.1145128314969952e-08,3.010310081208445e-07,0.9999996423721313
447,2,2,2,6.755132926627994e-05,1.805654028430581e-05,0.9999144077301025
448,4,1,1,2.778295140615228e-07,0.999998927116394,7.563475605820713e-07
449,1,2,2,9.562832019582856e-06,3.82845564672607e-06,0.9999866485595703
451,1,2,2,3.8120303997857263e-06,0.00011079675459768623,0.9998853206634521
452,3,2,2,3.366227474543848e-06,0.00012243846140336245,0.9998742341995239
453,1,2,2,3.345243021612987e-05,0.00010436447337269783,0.9998620748519897
456,3,2,2,1.5566240563202882e-07,2.5474394149682666e-08,0.9999998807907104
458,0,2,2,1.8141416148864664e-05,5.574270835495554e-05,0.9999260902404785
459,3,2,2,7.324714488277095e-07,2.4182094193747616e-07,0.9999990463256836
461,4,1,1,1.5765767784614582e-06,0.9999958276748657,2.5680826638563303e-06
463,0,2,2,0.00024261046200990677,0.0001270787324756384,0.999630331993103
464,3,1,1,0.0010238400427624583,0.9987890124320984,0.00018717454804573208
465,2,1,1,3.88931184716057e-05,0.9999507665634155,1.0389640010544099e-05
466,0,1,1,1.5429521226906218e-05,0.9999834299087524,1.1053151638407144e-06
467,4,1,1,7.053944045765093e-06,0.9999890327453613,3.866573479172075e-06
468,3,1,1,5.753786336271105e-09,1.0,2.614094274377976e-09
469,0,1,1,2.3890603188192472e-05,0.9999672174453735,8.89877355803037e-06
471,1,1,1,1.0831131547206496e-08,1.0,4.545095855235104e-09
472,2,2,2,2.048792794084875e-06,7.038166813799762e-07,0.9999972581863403
473,0,1,1,0.37909144163131714,0.4108927845954895,0.21001580357551575
476,2,1,1,2.537805266911164e-05,0.9999734163284302,1.1693726946759853e-06
477,2,2,0,0.49312570691108704,0.05357623100280762,0.45329806208610535
478,4,2,2,2.910490593421855e-06,1.3643809779750882e-06,0.9999958276748657
480,2,2,2,3.506237817418878e-06,2.7317287276673596e-06,0.9999938011169434
481,1,2,2,2.0477471480262466e-05,5.5510598031105474e-05,0.9999239444732666
482,3,2,2,1.3973053683002945e-05,4.9140348892251495e-06,0.999981164932251
483,0,2,2,2.1762966753158253e-06,3.8283374124148395e-06,0.9999940395355225
484,0,2,2,2.2846393221698236e-07,5.2448802307480946e-05,0.9999473094940186
485,0,2,2,7.329432616387521e-10,1.0623162438605505e-07,0.9999998807907104
486,1,2,2,4.258475200913381e-06,8.421272923442302e-07,0.9999948740005493
487,0,2,2,3.9587046529732106e-08,4.149909727857448e-06,0.9999958276748657
489,2,1,1,2.2461496484993404e-07,0.9999997615814209,3.896667433167522e-09
491,3,2,2,1.081856225937372e-06,1.405524244546541e-06,0.9999974966049194
492,4,2,2,3.856040621030843e-06,3.6946552427252755e-05,0.9999592304229736
493,4,2,2,1.1280842038274841e-08,5.180551738703798e-07,0.9999995231628418
494,2,2,2,5.9744634199887514e-05,9.739320375956595e-05,0.9998428821563721
495,2,2,2,7.291178462764947e-06,6.361398845911026e-05,0.9999290704727173
496,2,2,2,0.18842002749443054,0.0016743098385632038,0.8099056482315063
497,3,2,2,0.0001149631425505504,0.00013003534695599228,0.9997549653053284
499,1,2,2,3.1341025987785542e-06,1.7345841115457006e-05,0.9999794960021973
500,4,1,1,1.4472776399543363e-07,0.9999997615814209,6.5658952053127e-08
501,3,2,2,3.139699913390359e-07,0.0003419195709284395,0.9996577501296997
502,1,1,1,0.005226694978773594,0.9924594759941101,0.002313787816092372
503,3,2,2,4.448844848070621e-09,4.664504160700744e-08,1.0
504,0,1,1,0.0004924825625494123,0.9994528889656067,5.462643093778752e-05
506,2,2,2,1.9507953652464494e-07,5.668798621627502e-07,0.9999991655349731
507,0,2,2,6.268040664281216e-08,3.808255826243112e-07,0.9999995231628418
508,1,2,2,7.742660091025755e-05,7.740116416243836e-06,0.9999147653579712
511,0,2,2,8.261838435608126e-10,9.902423414587247e-08,0.9999998807907104
512,2,2,2,4.0560142224421725e-05,1.4179343452269677e-05,0.9999452829360962
513,2,2,2,3.5505861433193786e-06,2.899831088143401e-06,0.9999935626983643
514,0,1,1,0.0036713937297463417,0.9962552785873413,7.332416134886444e-05
515,0,1,1,0.0007221409468911588,0.9992701411247253,7.738874046481214e-06
516,2,2,2,6.327672508632531e-06,1.7361691789119504e-05,0.9999762773513794
517,4,2,0,0.5270953178405762,0.03177680820226669,0.44112783670425415
518,3,2,2,0.00014001617091707885,0.0012192090507596731,0.9986408352851868
519,4,2,2,7.133151029847795e-06,1.8438484403304756e-05,0.9999743700027466
520,3,2,2,3.729620345893636e-07,4.2985780055460054e-06,0.9999953508377075
521,1,2,2,1.8833745230040222e-07,4.4986078137299046e-05,0.9999548196792603
522,0,1,1,0.0014616206753998995,0.9985188841819763,1.9456185327726416e-05
523,1,2,2,3.304469146314659e-06,6.873250413264032e-07,0.9999959468841553
524,1,2,2,1.1564181477297097e-05,2.2689976049150573e-06,0.9999861717224121
525,4,2,2,9.036960364028346e-06,3.432875746511854e-05,0.9999566078186035
526,3,2,2,0.00043983571231365204,0.015587953850626945,0.9839721918106079
527,3,2,2,3.2135033052327344e-06,3.6753406220668694e-06,0.999993085861206
528,2,2,2,1.802268457140599e-06,3.1632514492230257e-06,0.9999949932098389
529,2,2,2,4.9161851478629615e-08,4.166840383845738e-08,1.0
530,2,2,0,0.7437956929206848,0.09108517318964005,0.16511915624141693
533,2,2,2,6.183173013596388e-07,1.6207525277422974e-06,0.9999977350234985
534,0,2,2,6.083466246309399e-07,2.2775293473387137e-06,0.9999971389770508
535,3,2,2,1.1036730938940309e-05,6.130146357463673e-05,0.9999276399612427
537,2,1,1,0.00029151205671951175,0.9997065663337708,1.8500851410863106e-06
538,2,2,2,6.183173013596388e-07,1.6207525277422974e-06,0.9999977350234985
539,2,2,2,9.637370794735034e-07,8.882154816092225e-07,0.9999982118606567
540,2,2,2,3.078583077353869e-08,5.326695884377841e-08,1.0
542,3,2,2,2.4764977624158746e-08,1.8520584490033798e-05,0.9999815225601196
544,0,2,2,1.902465669445519e-07,5.6909368140622973e-05,0.9999428987503052
546,2,2,2,1.0553706886184955e-07,8.07033728733586e-08,0.9999997615814209
547,3,2,2,0.0014771291753277183,0.039570149034261703,0.958952784538269
548,0,2,2,1.905286772796444e-08,9.231407602783293e-06,0.9999908208847046
549,3,2,2,2.103696033373126e-06,1.0090448085975368e-06,0.9999969005584717
550,2,2,1,0.00022878959134686738,0.9584583640098572,0.04131283611059189
551,4,2,2,1.074049487215234e-05,1.3373645742831286e-05,0.9999759197235107
552,4,2,2,7.449019904015586e-05,4.029561750940047e-05,0.9998852014541626
553,2,2,2,1.864145133367856e-06,9.720174602989573e-07,0.9999971389770508
554,3,2,2,1.443519526134196e-08,8.70994609769582e-10,1.0
555,4,2,2,4.021262157039018e-06,2.4869389108062023e-06,0.9999934434890747
556,2,1,1,0.08030014485120773,0.9006702899932861,0.019029568880796432
557,4,2,2,0.00013212238263804466,0.0004573535989038646,0.9994105100631714
558,0,1,1,0.00029806693783029914,0.999624490737915,7.746933260932565e-05
560,1,2,2,8.303564982270473e-07,6.108472462074133e-06,0.999993085861206
561,1,2,2,0.0020126134622842073,0.00011339032789692283,0.9978740215301514
562,3,2,2,3.3894323223648826e-06,1.7205587937496603e-05,0.9999794960021973
563,0,2,2,3.4183665320597356e-06,3.0080724172876216e-05,0.9999665021896362
565,2,2,2,0.0006117079756222665,0.0004366223874967545,0.9989516735076904
566,3,2,2,0.004465697333216667,0.0019184390548616648,0.9936158657073975
567,3,2,2,3.232220478821546e-05,4.125734994886443e-05,0.9999264478683472
568,4,2,2,0.00012420595157891512,0.0007768189534544945,0.9990990161895752
570,4,2,2,0.00025387582718394697,0.0007580778328701854,0.9989879727363586
572,1,2,2,2.4154468292181264e-07,1.169023471447872e-05,0.9999880790710449
573,3,2,2,5.213781406609996e-09,5.0395797757119e-08,1.0
574,4,2,2,9.907718776958063e-06,1.1685296158248093e-05,0.9999784231185913
575,2,2,1,0.18653419613838196,0.6308088302612305,0.18265695869922638
576,3,2,2,0.00034674437483772635,6.409741763491184e-05,0.9995891451835632
577,3,2,2,0.00022756912221666425,0.01692502386868,0.9828474521636963
578,0,2,2,5.558426710194908e-05,0.0006242615636438131,0.9993201494216919
580,3,2,2,3.8718517316738144e-05,4.094005635124631e-05,0.9999203681945801
581,3,1,1,0.0005865608109161258,0.9993634819984436,5.002507532481104e-05
582,2,2,2,4.3732801714213565e-05,5.385044005379314e-06,0.9999508857727051
583,2,1,1,0.0001678698172327131,0.9998283386230469,3.754338422368164e-06
585,3,2,2,3.237705868741614e-06,9.551319817546755e-05,0.999901294708252
586,2,2,2,1.132586589847051e-06,2.919561848102603e-05,0.9999696016311646
588,2,2,2,0.00011268081289017573,0.00010720470163505524,0.9997802376747131
589,1,2,2,3.691658275783993e-05,7.541759259765968e-06,0.9999555349349976
591,4,2,2,1.2935756785736885e-05,4.0488153899786994e-05,0.9999464750289917
592,0,2,2,2.7250942366663367e-05,9.620818673283793e-06,0.9999630451202393
594,1,2,2,0.00010585407289909199,1.1463704140624031e-05,0.999882698059082
595,0,2,2,0.00021479155111592263,1.0030159501184244e-05,0.999775230884552
596,1,2,2,5.811264713884157e-07,4.306110440666089e-06,0.9999951124191284
597,4,2,2,4.860659714722715e-07,4.5019481831332087e-07,0.9999990463256836
598,2,2,2,4.91265527671203e-05,1.2281738008823595e-06,0.9999496936798096
600,1,2,2,1.2401988897181582e-05,5.19957075084676e-06,0.9999823570251465
601,4,2,2,4.708385574758722e-07,0.0001045608805725351,0.9998949766159058
602,1,2,2,7.287799803634698e-07,1.5368628737633117e-05,0.9999839067459106
603,4,2,2,2.7432195565779693e-05,8.267334487754852e-05,0.9998898506164551
604,3,2,2,0.00020697334548458457,0.0002477644884493202,0.9995452761650085
605,2,2,2,0.001799996942281723,4.863997673965059e-05,0.9981513619422913
606,1,2,2,4.649639322451549e-06,1.037648985402484e-06,0.9999942779541016
607,0,2,2,3.546469429238641e-07,6.72757814754732e-05,0.9999324083328247
609,4,2,2,3.0811734177405015e-05,6.232697614905192e-06,0.9999630451202393
610,4,2,2,3.5207509796464365e-08,1.204669217713672e-07,0.9999998807907104
612,1,2,2,0.0010670331539586186,0.008004534058272839,0.9909283518791199
613,3,2,2,0.0008570943027734756,0.0008557498222216964,0.9982871413230896
614,1,2,2,1.4450407661570353e-06,2.925332864833763e-06,0.9999955892562866
615,4,1,1,6.374234828854242e-08,0.9999998807907104,7.485413533458996e-08
616,3,2,2,8.338687962350377e-07,1.318831778007734e-06,0.9999978542327881
619,0,2,2,3.635439134086482e-05,1.1179507964698132e-05,0.9999524354934692
620,2,2,2,4.626363988791127e-06,1.313974507866078e-06,0.9999940395355225
621,1,2,2,0.0006585012306459248,1.9207067452953197e-05,0.9993222951889038
623,0,1,1,0.00025134955649264157,0.9997337460517883,1.4938716049073264e-05
624,2,2,2,0.0005187932401895523,0.00041179725667461753,0.9990693926811218
625,3,2,2,1.0101995030709077e-05,8.023917530408653e-07,0.9999890327453613
626,2,2,2,0.0578978955745697,0.00034363564918749034,0.9417584538459778
628,2,2,2,7.634133112333075e-07,8.003772933307118e-08,0.9999991655349731
629,1,2,2,1.7326203305856325e-05,6.892742021591403e-06,0.9999758005142212
631,4,2,2,0.0042969039641320705,0.000416380848037079,0.9952867031097412
632,0,1,1,0.00014899492089170963,0.9998468160629272,4.179306870355504e-06
633,4,1,1,2.3440820768882986e-06,0.9999853372573853,1.23119689305895e-05
634,0,1,1,7.450866542058066e-05,0.9999195337295532,5.9437625168357044e-06
635,3,2,0,0.710139811038971,0.22998283803462982,0.05987737327814102
636,2,2,0,0.6479877829551697,0.0069554708898067474,0.3450567126274109
637,3,1,1,1.0753866263257805e-05,0.9999583959579468,3.0852137570036575e-05
639,3,2,2,2.8007517016703787e-07,2.024996774707688e-07,0.9999995231628418
640,4,1,1,6.728229209329584e-07,0.9999969005584717,2.4806868168525398e-06
641,4,2,2,0.21954719722270966,0.04953461512923241,0.7309182286262512
642,2,2,2,7.886415914981626e-06,1.310788775299443e-06,0.9999908208847046
643,3,1,1,1.0799972187669482e-05,0.9999871253967285,2.118016254826216e-06
644,2,1,1,0.001049106940627098,0.9989344477653503,1.644811527512502e-05
645,2,1,1,5.547806267713895e-06,0.9999752044677734,1.9192601030226797e-05
646,3,1,1,3.5421976463112514e-08,1.0,2.168000712288176e-08
647,2,2,2,1.2381930901028682e-05,1.653795266065572e-06,0.999985933303833
648,3,2,2,3.0529529340128647e-06,4.927538157062372e-06,0.9999920129776001
649,3,2,2,3.3027019981091144e-06,5.746010174334515e-07,0.9999960660934448
650,3,2,2,0.21863383054733276,0.04225936904549599,0.7391068339347839
651,1,2,2,7.95641535660252e-05,2.651018121468951e-06,0.9999178647994995
655,2,2,2,3.217760968254879e-05,3.0221035558497533e-05,0.9999375343322754
656,0,1,1,0.0001662285503698513,0.9998175501823425,1.6258156392723322e-05
657,2,2,2,6.511630544991931e-06,2.3427319320035167e-06,0.9999910593032837
658,3,1,1,1.605358011147473e-05,0.9999816417694092,2.26181464313413e-06
659,2,2,2,8.177546106935552e-08,2.450452143420989e-07,0.9999996423721313
660,4,2,2,2.999682237714296e-06,0.0006142440252006054,0.999382734298706
661,1,2,2,1.423761375463073e-07,1.4218970136425924e-05,0.9999856948852539
662,2,2,0,0.5163309574127197,0.15784932672977448,0.32581979036331177
663,0,2,2,0.0005264156498014927,0.0015295459888875484,0.9979440569877625
665,4,1,1,0.0002712477289605886,0.9996869564056396,4.186107616988011e-05
666,1,2,2,1.0607924139094393e-07,3.1429178761754883e-06,0.9999967813491821
667,1,2,2,2.561957046509633e-07,1.7197515944644692e-06,0.9999980926513672
668,4,1,1,5.484630946739344e-06,0.999963641166687,3.091921826126054e-05
669,2,1,1,4.504870432242569e-08,1.0,5.6541220594397146e-09
670,0,2,2,1.8355631254962645e-05,4.8771278670756146e-05,0.9999328851699829
671,4,2,2,2.7089930298984655e-08,9.356192549603293e-07,0.9999990463256836
672,0,1,1,0.00016238074749708176,0.9998341798782349,3.3840176456578774e-06
673,3,2,2,5.516351393453078e-07,8.132201401167549e-07,0.9999985694885254
674,2,1,1,0.039082836359739304,0.9551089406013489,0.005808285437524319
675,2,2,2,5.257761781507497e-09,4.5029892703496444e-08,1.0
676,0,2,2,2.360745821050614e-09,1.325813236974227e-08,1.0
677,2,2,2,9.079100891540293e-06,6.2986937336972915e-06,0.999984622001648
678,0,1,1,0.00019516507745720446,0.9997742772102356,3.056551213376224e-05
679,3,2,2,3.355046283104457e-05,1.053591950039845e-05,0.9999560117721558
681,4,1,1,0.00034186310949735343,0.9995508790016174,0.00010719718557083979
682,2,1,1,0.00012532444088719785,0.9998732805252075,1.3941446468379581e-06
684,3,2,2,2.3742431949358433e-05,0.000531142286490649,0.9994451403617859
685,1,2,0,0.49283739924430847,0.2890281677246094,0.21813443303108215
686,4,2,2,0.001871467917226255,0.0005750884301960468,0.9975534081459045
688,3,2,2,3.962436210258602e-07,2.3327822418650612e-05,0.9999762773513794
689,2,2,2,7.341011496464489e-06,1.648541001486592e-05,0.9999761581420898
691,4,1,1,2.085915411953465e-06,0.9999966621398926,1.2959799278178252e-06
692,4,2,2,5.205422712606378e-05,6.567274976987392e-05,0.9998822212219238
694,3,1,1,1.4539978110406082e-08,1.0,1.3156788547519227e-08
695,2,2,2,3.278125404904131e-06,1.6897919294933672e-06,0.9999951124191284
696,4,2,2,5.529865120479371e-06,3.1226209102896973e-05,0.9999632835388184
697,4,2,2,1.131632245687797e-07,1.2985245234631293e-07,0.9999997615814209
699,0,2,2,1.2256660738785286e-05,1.4896444554324262e-05,0.9999728202819824
700,3,2,2,1.658850578678539e-06,5.469327675200475e-07,0.9999977350234985
702,2,1,1,0.00037730298936367035,0.9995753169059753,4.738841744256206e-05
703,3,2,2,0.011054656468331814,0.00043811710202135146,0.9885072708129883
705,1,2,2,2.346049586776644e-05,2.336043144168798e-05,0.9999531507492065
706,1,2,2,2.429125288472278e-06,3.47747601381343e-07,0.9999972581863403
708,4,1,1,2.4148293960024603e-06,0.9999903440475464,7.274053132277913e-06
710,3,2,2,1.168150106423127e-06,0.0004418791795615107,0.9995569586753845
711,3,2,2,2.4486412257829215e-06,1.0069920790556353e-05,0.9999874830245972
713,2,1,1,1.0868841826550124e-07,0.9999998807907104,1.3565162326756308e-08
714,2,1,1,0.002229413716122508,0.9965758919715881,0.0011947185266762972
715,0,1,1,2.310621596279816e-07,0.9999995231628418,2.4364425144085544e-07
716,0,2,2,2.6465522751095705e-06,0.0001939476642291993,0.9998034834861755
717,3,2,2,8.549224730813876e-06,0.01265440508723259,0.987337052822113
718,4,2,2,6.6487223193689715e-06,1.3893444474888383e-06,0.9999918937683105
719,1,2,2,1.470767347200308e-05,1.8972810721606947e-05,0.9999663829803467
720,2,2,2,1.4909080903180438e-07,9.929298272481901e-08,0.9999997615814209
721,4,2,2,0.1026889830827713,0.2820069491863251,0.6153041124343872
722,4,2,1,0.1797797977924347,0.613721489906311,0.20649871230125427
723,2,2,2,0.00022347530466504395,3.184982779202983e-05,0.999744713306427
724,4,2,2,3.2996692880260525e-06,7.345227641053498e-05,0.9999232292175293
725,1,1,1,1.9538187189027667e-05,0.999954104423523,2.6378249458502978e-05
726,2,1,1,1.720975859598184e-07,0.9999997615814209,1.5913760975649893e-08
727,4,1,1,5.863116257387446e-06,0.9999827146530151,1.147609691543039e-05
728,0,2,2,2.956154457933735e-05,3.981813733844319e-06,0.9999665021896362
729,3,2,2,9.779726678971201e-05,0.0005517820827662945,0.999350368976593
730,3,2,2,4.89704507344868e-06,3.7567272670457896e-07,0.9999947547912598
731,3,1,1,3.23511335409421e-06,0.9998421669006348,0.00015457674453500658
735,2,1,1,5.2263686711739865e-08,0.9999998807907104,1.6395386381873323e-08
737,3,1,1,8.141209661971516e-08,0.9999998807907104,2.2419925471695024e-08
738,2,2,2,1.4909080903180438e-07,9.929298272481901e-08,0.9999997615814209
739,4,2,2,0.000522594025824219,0.00011628965876298025,0.9993610978126526
740,4,1,1,2.8440925348149904e-07,0.9999996423721313,1.3836718437687523e-08
741,1,2,2,2.858644620573614e-06,1.4420122624869691e-06,0.9999957084655762
742,2,2,2,0.002256023930385709,0.00011568263289518654,0.9976282715797424
743,2,2,2,1.4425357903746772e-06,3.3221539297301206e-07,0.9999982118606567
744,4,1,1,2.138911895599449e-06,0.9999977350234985,1.482148235254499e-07
745,4,2,2,3.5348618894204265e-06,5.9490612329682335e-06,0.9999904632568359
747,3,2,2,0.022692494094371796,0.00961916334927082,0.967688262462616
748,0,2,2,1.0870902542592376e-06,1.0278009540343191e-05,0.9999886751174927
749,2,2,2,1.2559989714944209e-09,1.2362088241957281e-08,1.0
750,0,1,2,0.33025267720222473,0.27626025676727295,0.3934870958328247
751,2,2,2,7.301628190958809e-09,3.165077799849314e-08,1.0
752,3,1,1,8.428399269178044e-06,0.9999895095825195,2.099443463521311e-06
753,4,2,2,0.007231386378407478,0.31519484519958496,0.6775738000869751
755,2,2,2,8.465601422358304e-05,2.5406081476830877e-05,0.9998899698257446
756,2,2,2,6.68227130518062e-07,1.40620988986484e-06,0.9999978542327881
757,4,2,2,0.0015490365913137794,0.0012210829881951213,0.9972298741340637
758,4,2,2,0.00018626950623001903,8.550818165531382e-05,0.999728262424469
759,4,1,1,4.953014354214247e-08,1.0,2.583643965436977e-09
760,3,2,2,5.915984729654156e-05,6.572191341547295e-05,0.9998751878738403
761,1,2,2,5.6080167269101366e-05,4.638100108422805e-06,0.9999393224716187
762,1,2,2,1.2658496473250125e-07,1.0558212579780957e-06,0.9999988079071045
763,4,1,1,1.4064727338336525e-07,0.9999992847442627,5.678938919118082e-07
764,4,2,2,0.0015490365913137794,0.0012210829881951213,0.9972298741340637
765,2,2,2,1.2390726169542177e-06,1.6553425666643307e-05,0.9999822378158569
767,1,2,2,1.555052222101949e-05,4.101467311556917e-06,0.9999804496765137
768,1,1,1,0.001088782213628292,0.9988551139831543,5.614183464786038e-05
769,3,2,2,1.562579200253822e-05,1.2291252460272517e-05,0.9999721050262451
770,0,2,2,4.726841507363133e-05,7.576059579150751e-05,0.999876856803894
771,3,2,2,0.00046261207899078727,3.550772089511156e-05,0.9995018243789673
772,2,2,2,6.70682265990763e-06,4.0284980059368536e-05,0.999953031539917
773,4,2,2,4.068033376825042e-07,7.909954547358211e-06,0.999991774559021
774,3,2,2,0.00012127771333325654,3.795216980506666e-05,0.9998407363891602
775,2,1,1,1.7958420528429997e-07,0.9999997615814209,1.0415856621648345e-08
777,0,2,2,0.0003174794837832451,0.0007041736389510334,0.9989783763885498
778,1,1,1,3.3772997731773557e-09,1.0,2.5929693947546184e-09
779,2,2,2,0.00010249490151181817,1.6608957594144158e-05,0.9998809099197388
780,2,1,1,5.6010227567071524e-09,1.0,2.118160646880085e-10
781,3,2,2,7.834604912204668e-05,3.020313488377724e-05,0.9998915195465088
782,0,2,2,2.199674886682601e-10,9.088777375154677e-08,0.9999998807907104
783,2,1,1,0.0008776423055678606,0.9979706406593323,0.0011517206439748406
784,2,2,2,0.00027066608890891075,0.00017181826115120202,0.9995574355125427
785,3,2,2,6.364720775309252e-06,4.506570348894456e-06,0.9999891519546509
787,4,2,2,1.0410451977804769e-05,0.009566178545355797,0.9904234409332275
788,0,2,2,5.60073885935708e-07,1.5105636066437e-06,0.9999978542327881
789,3,2,2,4.949714821123052e-06,1.4695615391246974e-06,0.9999935626983643
790,3,2,2,6.6932652771356516e-06,1.0475246199348476e-05,0.9999828338623047
791,3,1,1,2.3776292934485355e-08,1.0,3.451934293963177e-09
792,1,2,2,6.8832819124509115e-06,6.875966391817201e-06,0.9999861717224121
793,3,2,2,0.00018398860993329436,5.171663360670209e-05,0.9997642636299133
794,1,2,2,2.713342439619737e-07,1.985543121918454e-06,0.9999977350234985
795,2,1,1,0.0002922567364294082,0.999704897403717,2.762240455922438e-06
796,4,1,1,1.073743760571233e-06,0.9999988079071045,6.700972221551638e-08
797,2,2,2,9.589955851652121e-08,2.643054358486552e-06,0.9999972581863403
799,1,1,2,0.0007940654177218676,3.2921929232543334e-05,0.9991729855537415
800,0,2,2,3.5035839118791046e-07,3.4648551263671834e-06,0.9999961853027344
801,4,1,1,3.4536360544734634e-06,0.9999964237213135,7.326786288786025e-08
802,0,2,2,8.126728090473989e-08,8.309315489896107e-06,0.9999915361404419
803,1,1,1,3.4310983210161794e-07,0.9999995231628418,1.8337711082949681e-07
805,1,2,2,4.262697075319011e-06,3.2128005841514096e-05,0.9999635219573975
806,1,2,2,2.9753442504443228e-05,1.9530741610651603e-06,0.9999682903289795
807,0,2,2,1.2472986554712406e-07,7.227300375234336e-05,0.9999276399612427
809,3,2,2,0.08957929164171219,0.053065571933984756,0.8573551774024963
812,0,2,2,1.7094015092311565e-08,5.499495046024094e-07,0.9999994039535522
813,2,2,2,1.7588921764399856e-05,3.444996536927647e-06,0.9999788999557495
815,3,2,2,8.101842752239463e-08,5.386955876929278e-07,0.9999992847442627
816,3,2,2,4.055798399349442e-07,6.969747801122139e-07,0.999998927116394
818,3,2,2,2.6099678507307544e-06,1.3358867363422178e-06,0.9999960660934448
819,0,1,1,8.436552434432087e-08,0.9999998807907104,2.807410304228597e-08
820,2,2,2,3.017137260030722e-07,4.656125156543567e-07,0.9999991655349731
822,4,2,2,9.3315101423741e-08,3.142476998618804e-06,0.9999967813491821
823,1,1,1,9.976234650821425e-06,0.999536395072937,0.0004535960906650871
824,2,2,2,1.8841225255528116e-06,3.3345233987347456e-06,0.9999947547912598
825,3,2,2,6.080498678784352e-06,1.8277804656463559e-06,0.9999921321868896
827,3,2,2,1.9365899106560391e-07,1.3876979210181162e-07,0.9999996423721313
828,3,2,2,8.782564691500738e-06,7.685207492613699e-07,0.9999904632568359
829,4,2,2,2.821274414088748e-08,4.817159151571104e-07,0.9999995231628418
830,3,2,2,1.7796529050428944e-07,2.5146425741695566e-06,0.9999973773956299
831,4,1,1,0.17710106074810028,0.5812393426895142,0.24165956676006317
832,0,1,1,1.6652883516599104e-07,0.9999997615814209,4.74466901323467e-08
833,2,2,1,0.0008113194489851594,0.9637438058853149,0.03544485569000244
834,3,2,2,3.2444859243696555e-07,1.4546498050549417e-07,0.9999995231628418
835,1,2,2,1.6135428495545057e-06,4.136774123253417e-07,0.9999979734420776
836,1,2,2,2.72281831712462e-05,8.971959687187336e-06,0.9999638795852661
837,4,2,2,2.134652459062636e-05,2.5639988052716944e-06,0.9999760389328003
838,2,1,1,1.3855526503903093e-06,0.99998939037323,9.27113251236733e-06
839,2,1,1,2.1756052319688024e-06,0.9999977350234985,1.4619988064623612e-07
840,4,2,2,3.966795247833943e-06,2.049793147307355e-05,0.9999755620956421
843,0,1,1,2.1511537440233042e-08,1.0,9.531168743137641e-09
845,3,1,1,1.8642515087208267e-08,1.0,5.718273410337815e-09
846,0,2,2,0.12924213707447052,0.1036776527762413,0.7670802474021912
847,1,2,2,4.14420610468369e-05,1.8594657376524992e-05,0.9999399185180664
848,3,2,2,7.290934718184872e-07,2.0497345758485608e-06,0.9999972581863403
849,0,1,1,5.904509521315049e-07,0.9999992847442627,8.015629049396011e-08
850,2,2,2,4.335275207267841e-06,6.015550297888694e-07,0.9999951124191284
851,4,1,1,4.6028540054976474e-06,0.9999862909317017,9.08370657271007e-06
852,2,1,1,1.1270851274503002e-07,0.9999998807907104,3.518226776577649e-08
853,4,1,1,5.672727638739161e-06,0.9999352693557739,5.909590618102811e-05
854,1,1,1,0.3321819007396698,0.6465001702308655,0.021317940205335617
855,0,1,1,0.0011111592175439,0.9988486766815186,4.0187911508837715e-05
856,3,2,2,4.5722654817836883e-07,9.22378433187987e-07,0.9999985694885254
857,0,2,2,1.6808073155516468e-07,1.5936611816869117e-06,0.9999983310699463
858,0,1,2,6.002389272907749e-05,0.48977503180503845,0.5101649165153503
860,2,2,2,9.536527301179376e-08,1.0912415291386424e-06,0.9999988079071045
861,1,2,2,1.1839333637908567e-05,3.9125457988120615e-05,0.9999490976333618
862,4,1,1,0.21485300362110138,0.7791344523429871,0.006012576166540384
863,4,2,2,1.3772171769232955e-05,2.1461777578224428e-05,0.999964714050293
864,0,2,2,3.131714834125887e-07,1.7244221908185864e-06,0.9999979734420776
865,1,1,1,8.203637236192662e-08,0.9999998807907104,5.757476984058485e-08
866,2,2,2,1.5427182006533258e-05,5.02782677358482e-06,0.9999796152114868
867,0,1,1,1.4622941080233431e-08,1.0,7.808412583187874e-09
868,1,2,2,5.505710760189686e-06,2.7401561055739876e-06,0.999991774559021
869,1,2,2,6.921416115801549e-07,1.8614309738040902e-06,0.9999973773956299
870,4,2,2,5.195684025238734e-07,6.822463910793886e-05,0.9999313354492188
871,3,2,2,2.7814269998316377e-08,3.959842160838889e-06,0.9999960660934448
872,0,1,1,0.0025515237357467413,0.9973670840263367,8.142911974573508e-05
873,4,2,2,3.944428499380592e-06,4.44443367086933e-06,0.9999916553497314
874,2,1,1,1.3555239775087102e-06,0.9999985694885254,1.2493633505528123e-07
875,2,1,1,0.0005320556811057031,0.9994400143623352,2.7967249479843304e-05
876,4,2,2,0.00011535228986758739,1.5842850189073943e-05,0.9998687505722046
877,4,2,2,7.3776022873062175e-06,3.0333761969814077e-05,0.999962329864502
878,1,2,2,1.0174830094911158e-05,0.000609001494012773,0.9993808269500732
879,1,2,2,2.0868662886641687e-07,7.860615482968569e-07,0.999998927116394
882,0,2,2,1.2014034211915714e-07,2.494864020263776e-06,0.9999973773956299
883,1,2,2,1.231436453963397e-05,1.2892389349872246e-05,0.9999748468399048
886,3,2,2,0.0003211931325495243,5.9649690228980035e-05,0.9996191263198853
887,1,2,2,1.4602075680159032e-05,3.968748569604941e-05,0.9999457597732544
891,3,2,2,2.344156200706493e-05,1.106660533878312e-06,0.9999754428863525
892,3,2,2,6.854954699520022e-05,4.7114310291362926e-05,0.9998843669891357
893,2,2,2,7.1044005380827e-06,4.95365839014994e-06,0.9999878406524658
895,0,1,1,9.505266262976875e-08,0.9999998807907104,6.705224819825162e-08
896,4,2,2,1.44262576213805e-05,2.799208687065402e-06,0.9999828338623047
897,3,2,2,0.00022346008336171508,5.885068094357848e-05,0.999717652797699
899,1,2,2,1.123292303617518e-08,1.9813336393781356e-07,0.9999997615814209
900,2,1,1,1.6649964891257696e-05,0.9999665021896362,1.6883463104022667e-05
901,2,2,2,3.018719098690781e-06,1.2112474905734416e-05,0.999984860420227
902,3,2,2,8.922011147660669e-06,5.024629103900224e-07,0.9999905824661255
903,2,2,2,2.4300402401422616e-07,5.443585541797802e-05,0.9999452829360962
907,3,1,1,4.00293004076957e-07,0.9999995231628418,1.1377525055422666e-07
908,3,1,1,1.499637747315319e-08,1.0,3.1820064361198774e-09
909,2,1,1,1.387670636177063e-06,0.9999985694885254,8.90473188519536e-08
910,0,1,1,1.4622941080233431e-08,1.0,7.808412583187874e-09
912,4,2,2,2.626247237458301e-07,1.2408548855091794e-06,0.9999985694885254
913,4,2,2,1.927850826177746e-05,4.0738908865023404e-05,0.9999399185180664
914,1,2,2,6.229964242265851e-07,2.372999006183818e-06,0.9999970197677612
916,3,2,2,5.627545078823459e-07,8.011828640519525e-07,0.9999985694885254
918,4,2,2,2.0185936477901123e-07,1.569375598364786e-07,0.9999996423721313
919,3,2,2,2.2163249013829045e-06,0.00011435808846727014,0.9998834133148193
921,1,2,2,3.161062807066628e-07,6.661868155788397e-06,0.9999929666519165
922,4,1,1,8.491215339745395e-06,0.9999904632568359,1.061047214534483e-06
923,0,2,2,1.8491006414933508e-07,9.439874702366069e-05,0.9999053478240967
927,4,2,2,1.9894937253184253e-08,9.476335662839119e-07,0.9999990463256836
928,3,2,2,0.0024481506552547216,9.332779154647142e-05,0.9974585175514221
929,1,1,1,1.0831131547206496e-08,1.0,4.545095855235104e-09
931,1,1,1,6.53333472655504e-06,0.999957799911499,3.567067324183881e-05
932,0,2,2,4.750952939502895e-06,4.214228283672128e-06,0.9999910593032837
934,4,2,2,2.528695972614514e-07,1.3353864858345332e-07,0.9999996423721313
937,1,1,1,0.00010754389222711325,0.9998511075973511,4.131920650252141e-05
938,3,1,1,1.351072143052079e-07,0.9999996423721313,2.0836441194660438e-07
939,1,1,1,2.140539523409757e-09,0.9999998807907104,6.919746908806701e-08
940,2,2,2,1.0137423345213392e-07,3.008736939591472e-07,0.9999995231628418
941,0,2,0,0.8091384172439575,0.010482149198651314,0.18037942051887512
942,0,2,2,3.7179532228037715e-05,8.218888251576573e-05,0.9998805522918701
943,3,2,2,7.412214472424239e-05,0.00021016450773458928,0.9997157454490662
944,0,2,2,4.158223987360543e-08,4.921096774523903e-07,0.9999995231628418
945,3,2,2,0.0010916293831542134,7.511096191592515e-05,0.9988332390785217
946,4,1,1,8.605880793766119e-06,0.999990701675415,6.462158808062668e-07
947,2,2,2,2.1119976736372337e-05,2.7673834210872883e-06,0.9999761581420898
949,0,2,2,5.8481939291255e-09,6.037496973476664e-07,0.9999994039535522
951,2,2,2,3.812151362581062e-06,2.9148275189072592e-06,0.9999933242797852
952,4,2,2,5.532918834205702e-08,1.190688544738805e-05,0.9999880790710449
953,4,1,1,2.1436466113300412e-07,0.9999997615814209,7.068560847756089e-09
954,4,2,2,0.00013880401093047112,2.842487629095558e-05,0.9998327493667603
955,1,2,2,9.930998203344643e-06,1.6727764887036756e-05,0.9999734163284302
956,0,2,2,1.6121460930662579e-06,6.192164619278628e-06,0.9999921321868896
957,4,2,2,5.634860826830845e-06,1.6997706552501768e-05,0.9999773502349854
958,4,2,2,2.1866496524580725e-07,2.208099795097951e-05,0.999977707862854
960,2,2,2,2.9193923722914406e-08,1.065145534084877e-05,0.99998939037323
961,0,2,2,3.1681985923626144e-09,4.662618735551405e-08,1.0
962,4,2,2,2.275541191920638e-05,1.282414814340882e-05,0.9999643564224243
963,0,1,1,2.6887601478620127e-08,1.0,2.9650694344240947e-08
964,3,1,1,1.0347494026063941e-05,0.9999860525131226,3.5749894777836744e-06
965,4,1,1,1.3699913324671797e-05,0.9999856948852539,5.503532634065778e-07
966,2,2,2,1.1315824943736175e-09,1.1885803132827277e-06,0.9999988079071045
967,1,1,1,3.4711281386989867e-06,0.999993085861206,3.4601685001689475e-06
968,3,2,2,8.032947334868368e-06,7.95600499259308e-06,0.9999840259552002
969,1,1,1,9.375100695763194e-09,1.0,3.373662238459474e-09
970,2,2,2,1.779561716830358e-05,4.8242318371194415e-06,0.9999774694442749
971,2,1,1,4.0931351463768806e-07,0.9999996423721313,6.706575295112316e-09
972,3,2,2,5.710537109848701e-08,1.528023716446114e-07,0.9999998807907104
973,3,2,2,8.06215321063064e-05,3.4601423976710066e-05,0.999884843826294
974,2,1,1,6.907994247740135e-06,0.9999908208847046,2.2562812773685437e-06
975,1,2,2,4.4029142998169846e-08,5.31872672127065e-07,0.9999995231628418
976,4,2,2,2.6947617470796104e-07,2.637582383613335e-07,0.9999995231628418
977,0,2,2,0.0002914065553341061,8.448230801150203e-05,0.9996241331100464
979,1,2,2,8.663249104756687e-07,1.5216196516121272e-06,0.999997615814209
980,2,2,2,3.5198983283635243e-08,1.4748681387288798e-08,1.0
981,1,2,2,3.245041079935618e-05,1.8268576241098344e-05,0.9999493360519409
982,3,2,2,2.1028129140177043e-06,1.8209988411399536e-05,0.9999796152114868
983,4,2,2,3.3883827654790366e-06,6.405703061318491e-06,0.9999902248382568
984,2,1,1,3.99488300217854e-07,0.9999995231628418,7.768304044475371e-08
985,0,2,2,4.0725667282970335e-09,1.6482828186781262e-06,0.9999983310699463
986,1,1,1,5.427377800515387e-07,0.9999961853027344,3.235803205825505e-06
988,4,2,2,7.597705007356126e-07,3.4878601582022384e-05,0.9999643564224243
991,0,2,2,1.4484619725863013e-07,3.838212592199852e-07,0.9999995231628418
992,1,2,2,1.0823897333978039e-08,6.242236167963711e-07,0.9999994039535522
993,1,2,2,1.1529780294949887e-06,8.184408216038719e-06,0.9999905824661255
994,0,2,2,8.675526260049082e-06,0.0002831224410329014,0.9997081160545349
995,3,2,2,0.00010020597983384505,0.00010594646300887689,0.9997938275337219
996,3,1,1,1.0805591728058062e-06,0.9999985694885254,3.9989922129279876e-07
997,1,2,2,2.4433949874946848e-05,4.3842457671416923e-05,0.9999316930770874
999,1,2,2,2.6953779297400615e-07,8.248812264355365e-06,0.9999915361404419
1000,4,1,1,1.7478184588526346e-07,0.9999994039535522,3.815810032392619e-07
1001,1,2,2,3.06168033148424e-07,4.943314706906676e-06,0.9999947547912598
1002,4,2,2,6.630660021045287e-09,1.3567682799475733e-06,0.9999986886978149
1003,3,2,2,1.2728737601719331e-05,1.3811755934511893e-06,0.9999858140945435
1005,0,1,1,0.000276942242635414,0.9996999502182007,2.3183356461231597e-05
1008,4,2,2,9.908442007144913e-05,0.0002706210652831942,0.999630331993103
1009,1,2,2,9.659387433202937e-05,0.0004813778796233237,0.9994220733642578
1010,1,2,2,1.9807079354450252e-07,1.192746140077361e-06,0.9999985694885254
1011,1,2,2,3.867599929208154e-08,1.8919397462013876e-06,0.9999980926513672
1012,0,2,2,3.3646210795268416e-06,6.090732495067641e-05,0.9999357461929321
1014,3,2,2,9.63236452662386e-05,2.5465407816227525e-05,0.9998781681060791
1015,2,2,2,0.027181126177310944,0.0007126240525394678,0.9721063375473022
1016,4,2,2,5.30776515006437e-06,0.00048681371845304966,0.9995077848434448
1018,0,1,1,0.00014059427485335618,0.9998249411582947,3.45395746990107e-05
1019,3,2,2,2.762113354037865e-06,6.417758868337842e-06,0.9999908208847046
1020,4,2,2,0.0003360334085300565,0.00040212643216364086,0.9992617964744568
1021,2,1,1,9.734308150655124e-06,0.9999885559082031,1.6684166439517867e-06
1022,2,1,1,6.166829535914076e-08,0.9999998807907104,5.660638624505054e-09
1023,4,2,2,0.0011993220541626215,0.005736383609473705,0.9930643439292908
1024,1,2,2,3.4172401797150087e-07,2.7388925900595495e-06,0.9999969005584717
1025,3,2,2,6.083529115130659e-06,7.025992545095505e-06,0.9999868869781494
1026,2,2,2,4.370122951513622e-06,5.663965225721768e-07,0.9999949932098389
1027,1,2,2,1.5987966150987631e-07,3.4795584724633954e-06,0.9999964237213135
1028,2,1,1,4.87264187540859e-05,0.9999252557754517,2.597327511466574e-05
1029,3,1,1,4.920849491774071e-11,1.0,7.898033789477399e-12
1031,1,2,2,6.604875579796499e-07,2.787868709219765e-07,0.9999990463256836
1032,4,2,2,2.245116377252998e-07,5.128831048750726e-07,0.9999992847442627
1034,2,2,2,4.252962753525935e-06,9.633312174628372e-07,0.9999947547912598
1035,4,2,2,0.0001194830474560149,2.348664747842122e-05,0.9998570680618286
1036,4,1,1,5.810702474740026e-10,1.0,1.4968300210416174e-10
1037,2,2,2,9.066201164387167e-05,9.97146617010003e-06,0.9998992681503296
1038,0,2,2,6.479041303464328e-08,1.2773376738550724e-06,0.9999985694885254
1040,2,2,2,0.00011696440196828917,4.581064422382042e-05,0.9998372793197632
1041,4,1,1,0.0005105829914100468,0.9994465708732605,4.286092735128477e-05
1042,0,1,1,0.003267565742135048,0.9964368343353271,0.0002956384851131588
1043,0,1,1,0.05547814071178436,0.8765901923179626,0.0679316520690918
1045,0,1,1,0.0007228469476103783,0.9989563226699829,0.0003207650443073362
1046,4,2,2,1.7926628061104566e-05,4.2594215301505756e-06,0.9999778270721436
1047,3,2,2,2.727786159084644e-05,2.7589678666117834e-06,0.9999699592590332
1051,2,2,2,1.6621103782199498e-07,6.550509823455286e-08,0.9999997615814209
1052,1,2,2,9.443116141483188e-05,1.9302307919133455e-05,0.9998862743377686
1053,0,2,2,1.7991560241625848e-07,4.6018326429475565e-06,0.9999951124191284
1054,0,2,2,5.890200100111542e-06,5.179457275517052e-06,0.9999890327453613
1057,1,1,1,0.00033867647289298475,0.9996442794799805,1.7056467186193913e-05
1058,3,2,2,1.3496050499384182e-08,8.386876082511208e-09,1.0
1059,4,2,2,0.00031839084113016725,0.00014976898091845214,0.9995318651199341
1061,3,1,1,0.0050759813748300076,0.9938602447509766,0.001063774456270039
1062,3,2,2,4.043118053687067e-07,2.9267994250403717e-07,0.9999994039535522
1063,1,2,2,5.069383405498229e-06,5.5065856940927915e-06,0.99998939037323
1065,3,1,0,0.6997919678688049,0.034105315804481506,0.26610276103019714
1066,0,2,2,5.157678284462008e-09,3.195059434801806e-07,0.9999996423721313
1067,2,2,2,8.220698509830981e-05,1.0528556231292896e-05,0.9999072551727295
1068,3,2,2,4.033815503845517e-09,8.590222364546207e-07,0.9999991655349731
1069,2,2,2,2.0906751885263475e-09,1.0640516023840974e-08,1.0
1070,3,2,2,0.0006314092897810042,4.9139907787321135e-05,0.9993195533752441
1071,3,2,2,3.010142961556994e-07,1.3178048163808853e-07,0.9999995231628418
1072,4,2,2,5.7695931900525466e-05,3.3215888834092766e-05,0.9999090433120728
1073,0,2,2,8.13803944765823e-06,1.538681681267917e-05,0.9999765157699585
1075,0,2,2,0.00033756272750906646,0.0007061237120069563,0.9989562034606934
1076,4,2,2,0.00019777035049628466,8.072565833572298e-06,0.9997941851615906
1077,0,2,2,2.36693878719052e-07,7.253971944010118e-06,0.9999924898147583
1078,1,2,2,1.4957039695673302e-07,2.4820651560730767e-06,0.9999973773956299
1079,3,2,2,2.2988921045907773e-05,2.4661727366037667e-05,0.9999523162841797
1080,3,2,2,4.324412657297216e-06,1.455287838325603e-05,0.999981164932251
1081,0,2,2,0.002290352014824748,0.0018225188832730055,0.9958871006965637
1083,1,2,2,0.00014016072964295745,2.0110888726776466e-05,0.9998396635055542
1084,2,1,1,5.987314466437965e-07,0.9999994039535522,3.9828556452903285e-08
1087,4,2,2,1.2083189176337328e-05,0.00020183506421744823,0.9997861981391907
1088,3,2,2,8.550431630283128e-06,4.0740822441875935e-05,0.999950647354126
1089,2,2,2,1.8120371123586665e-06,1.1324655133648776e-06,0.9999971389770508
1090,4,2,2,7.095801493051113e-07,6.610142736462876e-05,0.999933123588562
1091,0,2,2,3.5672254039553764e-10,2.3572491159029596e-07,0.9999997615814209
1092,2,2,2,7.33138961095392e-07,9.99543317448115e-07,0.9999983310699463
1094,4,2,2,1.952809647320919e-08,1.6965763904863707e-07,0.9999998807907104
1095,3,2,2,6.282539834501222e-05,1.0951191143249162e-05,0.9999262094497681
1096,1,2,2,0.00016057699394878,0.007262536324560642,0.9925768971443176
1098,2,2,2,2.0142921641763678e-07,5.7607717707242045e-08,0.9999997615814209
1100,0,1,1,7.145756535464898e-05,0.9999265670776367,1.918792349897558e-06
1101,2,2,2,2.6121859264094383e-05,1.0019793990068138e-05,0.9999638795852661
1104,3,2,2,9.189076166649102e-08,3.60836238542106e-05,0.9999637603759766
1105,2,1,1,2.1088553694426082e-05,0.9999778270721436,1.1427446224843152e-06
1108,4,1,1,7.063025805109646e-06,0.9999558925628662,3.701668174471706e-05
1109,4,2,2,0.00010410060349386185,1.2393339602567721e-05,0.9998835325241089
1110,3,1,1,5.696896550944075e-05,0.999942421913147,6.529885467898566e-07
1111,4,1,1,2.886096808651928e-05,0.9999042749404907,6.686987762805074e-05
1112,1,2,2,7.958746209624223e-06,0.0004720810102298856,0.999519944190979
1113,4,1,1,3.562102574505843e-05,0.9999220371246338,4.237171378917992e-05
1114,3,2,2,0.00030636865994893014,4.485122917685658e-05,0.9996488094329834
1115,4,1,1,6.44430571128396e-08,0.9999998807907104,1.543268091097616e-08
1116,0,2,2,4.4258280240683234e-07,7.291910151252523e-06,0.9999922513961792
1117,2,1,1,2.821951056830585e-06,0.9999970197677612,1.1463910709608172e-07
1118,0,1,1,7.5377788562036585e-06,0.9999902248382568,2.2483022803498898e-06
1119,2,1,1,2.7608684831648134e-05,0.9999686479568481,3.7319173316063825e-06
1120,0,2,2,6.595070317416685e-06,3.3803728001657873e-05,0.9999595880508423
1121,4,1,1,0.0010466575622558594,0.9912821054458618,0.0076712048612535
1122,3,2,2,5.005163620808162e-05,0.00018268622807227075,0.9997672438621521
1123,4,1,1,1.562951183586847e-06,0.9999979734420776,4.6347702209459385e-07
1124,1,2,2,2.3557227905257605e-05,0.00012864881136920303,0.9998477697372437
1125,4,1,1,3.204147787982947e-06,0.9999938011169434,3.0473704555333825e-06
1126,1,2,2,6.2324517102752e-07,8.122404437926889e-07,0.9999985694885254
1127,2,1,1,0.015957269817590714,0.9762114882469177,0.007831167429685593
1128,3,1,1,0.01194053702056408,0.9875169396400452,0.0005425073904916644
1129,1,1,1,2.267365562147461e-05,0.9999756813049316,1.6442686501250137e-06
1130,3,2,2,0.0001969855948118493,0.0004824673233088106,0.9993205070495605
1134,2,2,2,5.027759470976889e-07,3.6893027299811365e-07,0.9999991655349731
1135,0,1,1,6.896594277350232e-05,0.9999275207519531,3.4637516819202574e-06
1136,1,2,2,0.00011499627726152539,0.45871973037719727,0.5411652326583862
1137,4,1,1,6.348064289340982e-06,0.9999483823776245,4.530849037109874e-05
1138,1,2,2,0.00013335191761143506,3.260346420574933e-05,0.9998339414596558
1140,0,2,2,2.3033615548229136e-07,7.456299755403961e-08,0.9999996423721313
1141,2,1,1,5.514747954293853e-06,0.9999933242797852,1.1781372677432955e-06
1142,4,2,1,7.510429713875055e-05,0.7265251874923706,0.2733997106552124
1143,1,1,1,0.00019299922860227525,0.9997240900993347,8.295072620967403e-05
1144,0,2,0,0.7420403361320496,0.01944209635257721,0.23851749300956726
1147,4,2,2,2.093932380375918e-05,2.460323776176665e-05,0.9999544620513916
1148,2,2,2,1.923099443956744e-05,2.9892400561948307e-05,0.9999508857727051
1149,4,2,2,0.04321039840579033,0.005297189112752676,0.9514924883842468
1150,0,1,1,1.4861080671835225e-05,0.9999840259552002,1.0848399369933759e-06
1151,0,1,1,0.34907495975494385,0.6451341509819031,0.005790858995169401
1152,0,2,2,1.85074195968582e-08,9.901543307933025e-06,0.9999901056289673
1153,3,1,1,9.988091915147379e-05,0.9998996257781982,4.978593324267422e-07
1154,3,2,2,6.291850240813801e-06,4.3264353735139593e-05,0.9999504089355469
1156,4,2,2,0.00011211210221517831,7.765318878227845e-05,0.9998101592063904
1157,0,2,2,3.116699398564293e-10,1.199277193109083e-07,0.9999998807907104
1158,4,2,2,1.3829863746650517e-05,0.00022414275736082345,0.9997619986534119
1159,2,2,2,0.0059686764143407345,0.02721903659403324,0.9668121933937073
1160,0,1,1,0.00018022299627773464,0.9997925162315369,2.7278483685222454e-05
1161,2,2,2,5.53752954601805e-09,6.232575628928316e-07,0.9999994039535522
1162,1,2,2,1.1116996574855875e-05,1.1391942280170042e-05,0.9999774694442749
1164,1,2,2,2.4080745788523927e-06,8.115296736832533e-07,0.9999967813491821
1166,2,2,2,1.4425357903746772e-06,3.3221539297301206e-07,0.9999982118606567
1167,3,2,2,0.00015894135867711157,1.096777032216778e-05,0.9998300075531006
1168,0,2,2,1.8838516857577758e-10,1.1042485681400649e-07,0.9999998807907104
1169,4,2,2,0.04501830413937569,0.005863252095878124,0.9491184949874878
1170,1,1,1,8.52192533784546e-06,0.9999899864196777,1.4887802990415366e-06
1171,1,1,1,0.00019375055853743106,0.9997900128364563,1.630811493669171e-05
1172,2,2,2,1.8905617253039964e-05,6.412534276023507e-06,0.9999746084213257
1174,3,2,2,8.431310902778932e-07,1.297935796173988e-06,0.9999978542327881
1175,4,2,2,1.6968625393687375e-09,1.3035248969117674e-07,0.9999998807907104
1176,2,2,2,1.2682565966315451e-06,2.363714429520769e-06,0.9999963045120239
1177,4,2,2,2.3257737069570794e-08,2.6840265832106525e-07,0.9999997615814209
1178,4,2,2,2.306328315171413e-05,3.2117390219355e-05,0.9999449253082275
1180,3,2,2,1.759318138283561e-06,7.301993605324242e-07,0.9999974966049194
1181,4,1,1,1.4796603409195086e-07,0.9999998807907104,9.334383044290462e-09
1182,4,2,2,2.4322515557173574e-08,1.2468582099245396e-05,0.9999874830245972
1183,1,2,2,3.932819254259812e-06,5.917220278206514e-06,0.9999901056289673
1184,4,2,2,0.0006450667278841138,0.00031553625012747943,0.9990394711494446
1185,2,2,2,0.0011818278580904007,0.15079249441623688,0.8480255603790283
1187,1,1,1,4.2359902181488e-06,0.9999822378158569,1.3533479432226159e-05
1188,0,2,2,4.582714439038682e-07,6.111906714068027e-06,0.9999934434890747
1189,2,2,2,3.7029687518952414e-05,1.1323262469886686e-06,0.9999618530273438
1190,3,1,1,3.038150680367835e-06,0.9999964237213135,5.646902536682319e-07
1192,3,2,2,0.4338842034339905,0.013319745659828186,0.5527960658073425
1194,2,2,0,0.9734447002410889,0.010791031643748283,0.015764247626066208
1197,2,2,2,2.954426570056512e-08,4.878792765339313e-07,0.9999995231628418
1198,1,2,2,6.445207390015639e-08,1.357764858767041e-06,0.9999985694885254
1199,0,2,2,1.2638773114304058e-05,7.072910375427455e-05,0.999916672706604
1200,3,2,2,1.6418814993812703e-05,0.0001423005451215431,0.9998412132263184
1201,0,2,2,2.9087213988532312e-06,6.62253341943142e-06,0.9999904632568359
1202,0,2,2,3.2129719329532236e-08,0.002051804680377245,0.9979482293128967
1204,4,2,2,6.031461907696212e-07,1.5485993571928702e-06,0.9999978542327881
1205,3,2,2,2.2884159989189357e-05,3.2689497402316192e-06,0.9999738931655884
1207,3,1,1,0.00801688153296709,0.9913464188575745,0.0006367018795572221
1208,3,2,2,4.949714821123052e-06,1.4695615391246974e-06,0.9999935626983643
1210,0,2,2,0.002674978692084551,2.646678694873117e-05,0.997298538684845
1211,0,2,2,5.988405064272229e-06,1.3220538676250726e-05,0.9999808073043823
1212,0,1,2,0.00010105032561114058,0.0013663459103554487,0.9985325336456299
1213,2,1,1,4.3441854359116405e-05,0.9999563694000244,2.364209166216824e-07
1215,3,2,2,3.108291366515914e-06,0.0009300739620812237,0.9990668892860413
1216,3,2,0,0.7244722247123718,0.2519958019256592,0.023531975224614143
1217,3,2,2,0.0008906656294129789,0.0007426472147926688,0.99836665391922
1219,4,2,2,1.261459146917332e-05,5.91579191677738e-06,0.9999814033508301
1221,1,2,2,8.356585112778703e-07,1.7403095625923015e-05,0.9999817609786987
1222,0,2,2,7.630481377418619e-06,1.4459395060839597e-05,0.9999779462814331
1223,2,2,2,0.0011928962776437402,2.8728461984428577e-05,0.9987784028053284
1224,0,1,1,3.927434306660871e-07,0.9999995231628418,4.454771840300964e-08
1226,3,2,2,1.444487111257331e-06,9.592562264515436e-07,0.999997615814209
1227,4,1,1,1.2958969364262884e-07,0.9999998807907104,5.2626272228906146e-09
1229,1,1,1,0.0001692467340035364,0.999548614025116,0.00028215712518431246
1230,2,2,2,3.4835051110349013e-07,1.7011818442824733e-07,0.9999995231628418
1231,0,2,2,4.9712546967839444e-08,3.364576059539104e-06,0.9999966621398926
1232,0,2,2,6.733295094818459e-07,5.651389801641926e-05,0.9999427795410156
1235,0,2,2,3.984412444424379e-08,1.8031827494269237e-05,0.9999819993972778
1237,0,2,2,0.004607178270816803,0.0017665399936959147,0.9936262369155884
1238,3,2,2,1.3419281458482146e-05,4.867406005359953e-06,0.9999816417694092
1239,4,2,2,2.9683389968226948e-08,3.087280617819488e-07,0.9999996423721313
1240,4,2,2,5.819831585540669e-07,0.0009082160540856421,0.9990911483764648
1241,2,1,1,1.7226047930307686e-05,0.9999797344207764,3.090467089350568e-06
1242,3,1,1,9.439113637199625e-05,0.9998465776443481,5.9034220612375066e-05
1243,3,2,2,2.0925978727603933e-09,1.0205444311850442e-07,0.9999998807907104
1245,0,2,2,8.138483309494404e-08,1.0400790415587835e-06,0.9999988079071045
1247,2,1,1,2.4865786940608814e-07,0.9999997615814209,3.6008895420991394e-08
1249,2,2,2,5.620168508357892e-07,2.2747501304820616e-07,0.9999991655349731
1250,2,1,1,8.366780690494124e-08,0.9999998807907104,9.55661594304047e-09
1252,3,1,1,4.668972451327136e-06,0.999994158744812,1.1215743143111467e-06
1253,0,1,1,1.7730571926222183e-05,0.9999748468399048,7.46152863939642e-06
1254,0,1,1,4.573081113790067e-08,1.0,1.2944686211824319e-08
1255,1,2,2,2.667906358055916e-07,1.0221089723927435e-05,0.9999895095825195
1256,4,2,2,0.0013417726149782538,0.00042457564268261194,0.9982335567474365
1258,4,2,2,8.247134246630594e-07,3.694993574754335e-05,0.9999622106552124
1259,0,1,1,1.5317642464651726e-05,0.9999672174453735,1.7465907149016857e-05
1260,0,1,1,3.645780452643521e-05,0.9998928308486938,7.071487925713882e-05
1261,1,2,2,1.1617850759648718e-05,9.267793211620301e-05,0.9998956918716431
1262,3,2,2,6.778516763006337e-06,1.9610286472016014e-05,0.9999735355377197
1263,2,2,2,3.242838374717394e-06,6.891753855597926e-06,0.9999898672103882
1266,3,2,2,2.9300597361725522e-06,5.075555691291811e-07,0.999996542930603
1267,2,2,2,0.041475582867860794,0.0015337367076426744,0.956990659236908
1268,2,2,2,1.0117419151356444e-06,3.041805257453234e-06,0.9999959468841553
1269,3,2,2,6.829627352544776e-08,7.5435264079715125e-06,0.9999923706054688
1270,1,2,2,4.520501988736214e-06,0.000581805594265461,0.9994137287139893
1271,3,1,1,0.35282471776008606,0.47972238063812256,0.167452871799469
1272,0,1,1,0.00038815406151115894,0.9995124340057373,9.943829354597256e-05
1274,1,2,1,0.08397435396909714,0.5857614278793335,0.33026421070098877
1275,2,2,2,1.7535632650833577e-05,2.8092767024645582e-05,0.999954342842102
1276,3,2,2,2.7344418413122185e-05,5.269756911729928e-06,0.9999674558639526
1277,3,2,2,0.0006214792956598103,1.7207959899678826e-05,0.9993613362312317
1278,3,2,0,0.7761744856834412,0.064549520611763,0.15927603840827942
1279,4,2,2,4.999056545784697e-05,8.470108878100291e-05,0.9998652935028076
1280,2,2,2,0.31807857751846313,0.004778026137501001,0.677143394947052
1281,3,2,2,2.5961603569157887e-06,1.1996611419817782e-06,0.9999961853027344
1282,0,1,1,0.06797969341278076,0.9114476442337036,0.020572587847709656
1283,3,2,2,2.0657513033484065e-08,1.78047244503432e-07,0.9999998807907104
1284,0,2,2,0.001467869384214282,0.0006701470701955259,0.997861921787262
1285,4,2,2,1.0975527402479202e-06,1.1428294328652555e-06,0.9999977350234985
1286,3,1,1,1.210085542879824e-07,0.9999997615814209,1.7436667576475884e-07
1287,0,2,2,4.4258280240683234e-07,7.291910151252523e-06,0.9999922513961792
1288,2,1,1,2.19774719880661e-05,0.9999644756317139,1.3538221537601203e-05
1289,0,2,2,3.7018853618064895e-06,2.3182071799965343e-06,0.9999940395355225
1291,4,2,2,7.368842602772929e-08,7.168453208805659e-08,0.9999997615814209
1292,0,2,2,0.007559212390333414,0.00565501069650054,0.9867858290672302
1293,1,2,2,3.74702608496591e-06,1.8450580682838336e-05,0.9999778270721436
1294,2,2,2,0.0008531287894584239,1.3618936463899445e-05,0.999133288860321
1295,3,2,2,4.585909209708916e-06,2.5711093257996254e-05,0.9999697208404541
1296,0,2,2,0.2878073751926422,0.024265049025416374,0.6879274845123291
1297,4,2,2,2.4540989329580043e-07,2.7454743758426048e-05,0.9999723434448242
1298,1,1,1,2.5803155949688517e-06,0.9999948740005493,2.5530448510835413e-06
1299,4,2,2,0.31950515508651733,0.16861991584300995,0.5118749737739563
1302,2,2,2,0.03478960320353508,0.0013252629432827234,0.9638850688934326
1303,4,1,1,3.3662850910332054e-05,0.9999585151672363,7.835925316612702e-06
1304,2,2,2,0.00024735406623221934,6.75988630973734e-05,0.9996850490570068
1306,2,1,1,2.1665346139343455e-06,0.9999977350234985,4.678429021964803e-08
1308,0,2,2,1.632628482184373e-05,5.656385837937705e-05,0.9999270439147949
1309,1,1,1,0.00608200766146183,0.9930527806282043,0.0008651306852698326
1310,4,2,2,1.4722192645422183e-05,6.784719971619779e-06,0.9999784231185913
1311,3,1,1,4.8671608965378255e-05,0.999936580657959,1.480275113863172e-05
1312,4,1,1,4.570787126567666e-08,0.9999998807907104,2.285126399215187e-08
1313,1,2,2,0.00018586870282888412,8.428763067058753e-06,0.999805748462677
1314,2,1,1,9.482154382567387e-06,0.9999896287918091,8.918339062802261e-07
1315,1,1,1,5.52895755845384e-07,0.9999980926513672,1.3617127478937618e-06
1316,0,2,2,0.00021796615328639746,0.00022773312230128795,0.9995543360710144
1317,1,2,2,0.000625302956905216,8.286433876492083e-05,0.9992917776107788
1318,0,2,2,5.138318215358595e-07,0.00031681530526839197,0.9996827840805054
1319,2,2,2,0.00010964378452626988,1.3364469850785099e-05,0.9998769760131836
1320,1,2,2,8.17547743281466e-07,3.374401785549708e-05,0.9999654293060303
1321,0,1,1,1.2725085980491713e-06,0.9999902248382568,8.455375791527331e-06
1322,4,2,2,0.00014350135461427271,0.000156960726599209,0.999699592590332
1323,3,2,2,0.00011459863162599504,0.0009528417140245438,0.9989325404167175
1324,0,2,2,6.332969633149332e-07,2.1823748284077737e-06,0.9999972581863403
1325,3,2,2,4.983171653094587e-09,3.883400552240346e-07,0.9999996423721313
1326,0,2,2,3.439195594978628e-08,6.932217274879804e-06,0.999993085861206
1327,3,2,2,5.717413031902652e-08,2.34775001217713e-07,0.9999997615814209
1328,0,2,2,0.06918556988239288,0.0048616728745400906,0.9259527921676636
1329,0,2,2,0.15370942652225494,0.018883341923356056,0.8274072408676147
1330,4,2,2,5.1804563554469496e-05,5.196673555474263e-06,0.9999428987503052
1331,2,2,2,2.0819219059831084e-07,2.57296420613784e-07,0.9999995231628418
1332,0,2,2,3.803811043923133e-09,2.031315716521931e-06,0.9999979734420776
1333,3,1,1,1.9937340667297576e-09,1.0,3.429155015499674e-10
1335,1,1,1,1.5567406990157906e-06,0.9999980926513672,3.405454265248409e-07
1336,1,2,1,0.38563114404678345,0.5676787495613098,0.046690091490745544
1337,3,2,2,2.1600712898361962e-06,7.945041033963207e-07,0.9999970197677612
1338,2,2,2,1.5409785191877745e-05,2.9110935429343954e-05,0.9999555349349976
1339,3,2,2,4.1881681681843475e-05,0.0002405986306257546,0.9997175335884094
1340,4,2,2,1.8743266991805285e-05,7.935429493954871e-06,0.9999732971191406
1341,0,2,2,0.00034731446066871285,6.1071987147443e-05,0.9995915293693542
1342,0,1,1,5.3316940466174856e-05,0.9999444484710693,2.2623041786573594e-06
1343,0,2,2,1.4003029491505004e-06,3.596203532651998e-05,0.999962568283081
1344,2,1,1,0.001896569156087935,0.512354850769043,0.4857485592365265
1345,0,1,1,3.812114300671965e-05,0.9999258518218994,3.6021021514898166e-05
1346,2,2,2,5.767184848082252e-05,0.0002677151351235807,0.9996746778488159
1349,1,2,2,6.006189767759906e-09,1.9946194242947968e-06,0.9999979734420776
1350,1,2,2,7.615857384735136e-07,3.6300372130426695e-07,0.999998927116394
1351,1,2,2,1.781800528988242e-05,2.5481099328317214e-06,0.9999797344207764
1352,2,2,2,0.0002360725193284452,0.0040460266172885895,0.9957179427146912
1353,3,1,1,0.0009272362221963704,0.9990066885948181,6.607704563066363e-05
1354,1,2,2,6.439262051571859e-06,4.550941525849339e-07,0.999993085861206
1355,0,2,2,2.9220732358226087e-06,1.963508293556515e-05,0.9999773502349854
1356,2,1,1,1.2631545587282744e-07,0.9999998807907104,2.9723622674282524e-08
1357,4,1,0,0.8580292463302612,0.07807629555463791,0.06389442086219788
1358,2,2,2,1.3942631493790714e-09,1.2748792244110518e-07,0.9999998807907104
1359,4,2,2,1.8171278497902676e-05,0.003111419500783086,0.9968704581260681
1360,2,1,1,1.63672066264553e-05,0.9999775886535645,6.0189659052412026e-06
1362,0,2,2,1.1458183735157945e-08,0.00010161229874938726,0.9998984336853027
1365,2,1,1,0.00019576624617911875,0.9997618794441223,4.239220652380027e-05
1367,4,2,2,6.691163434879854e-05,0.0007013754220679402,0.9992316961288452
1368,0,2,2,4.422591518959962e-05,7.434845610987395e-05,0.999881386756897
1369,2,1,1,0.18885856866836548,0.7583921551704407,0.052749309688806534
1370,4,1,0,0.7312052845954895,0.1652529090642929,0.10354182869195938
1371,2,2,2,3.4458371374057606e-05,0.0003505297645460814,0.999614953994751
1372,1,2,2,2.4080745788523927e-06,8.115304694911174e-07,0.9999967813491821
1373,2,2,2,5.3317304264055565e-05,4.943472958984785e-06,0.9999418258666992
1374,4,2,2,1.6952503756328952e-06,9.299589692091104e-06,0.9999890327453613
1375,2,2,2,3.221895781280182e-07,2.1440318960230798e-05,0.9999781847000122
1376,2,2,2,0.004344508517533541,6.960828613955528e-05,0.9955857992172241
1377,4,2,2,1.874677053592677e-07,0.0004087319248355925,0.999591052532196
1378,4,2,2,2.0280026546970475e-07,4.37316921306774e-05,0.9999560117721558
1379,2,2,2,4.732290562969865e-06,5.3959265642333776e-06,0.9999898672103882
1380,4,1,1,6.215339908521855e-06,0.99993896484375,5.486564987222664e-05
1382,2,2,2,8.610530954911155e-08,1.683439023736355e-07,0.9999997615814209
1383,1,2,2,7.184965943451971e-05,2.6361335585534107e-06,0.9999254941940308
1384,2,2,2,0.00013324603787623346,5.187496753933374e-06,0.999861478805542
1386,2,2,0,0.8900034427642822,0.0317065566778183,0.07829003781080246
1387,4,1,1,2.0857944491581293e-06,0.9999901056289673,7.842700142646208e-06
1389,4,2,2,0.0011528359027579427,0.0011998541885986924,0.9976473450660706
1390,1,2,2,2.0398019842104986e-05,1.7873779142973945e-05,0.9999617338180542
1391,2,2,2,6.221360672498122e-05,1.4431343515752815e-05,0.9999233484268188
1392,4,1,1,3.1171018690656638e-06,0.9999667406082153,3.0159697416820563e-05
1393,0,2,2,0.09010719507932663,0.20855936408042908,0.7013334631919861
1394,4,2,0,0.742648720741272,0.15276698768138885,0.10458433628082275
1395,0,2,2,3.820288441147568e-07,6.517695146612823e-05,0.9999344348907471
1396,2,2,2,0.00044228960177861154,7.999756053322926e-05,0.9994778037071228
1397,3,2,2,1.433154125152214e-06,2.9741502203251002e-06,0.9999955892562866
1399,4,2,2,7.042702691251179e-06,0.00035034993197768927,0.9996426105499268
1401,2,2,2,0.00039169337833300233,0.0008392059244215488,0.9987691044807434
1402,4,2,2,3.5429133276920766e-05,8.180035365512595e-05,0.9998828172683716
1404,3,2,2,8.280161273432896e-05,1.90547616512049e-05,0.9998980760574341
1405,1,2,2,8.132431685226038e-05,4.0692473703529686e-05,0.9998780488967896
1406,3,2,2,8.678566700837109e-07,1.2264374618098373e-06,0.9999979734420776
1408,0,2,2,0.006269875448197126,0.0012511488748714328,0.9924789667129517
1411,2,2,2,6.424841672014736e-07,5.907106606173329e-05,0.9999402761459351
1412,4,1,1,0.2521299123764038,0.6862054467201233,0.0616646371781826
1413,2,2,2,1.0770111202873522e-06,7.046844530123053e-08,0.9999988079071045
1414,0,1,1,5.5062773753888905e-06,0.9994539618492126,0.0005405323463492095
1415,3,1,1,0.0004497245536185801,0.997831404209137,0.0017188795609399676
1416,0,2,2,9.9873197711986e-08,4.357286343292799e-06,0.9999954700469971
1418,2,2,2,0.113853819668293,0.003775767982006073,0.8823704123497009
1419,0,2,2,1.5650548448320478e-06,5.7869578995450865e-06,0.9999926090240479
1420,3,2,2,1.6045286201915587e-06,9.285218425247876e-07,0.9999974966049194
1421,2,2,2,6.569674724232755e-07,1.304464694840135e-05,0.9999862909317017
1422,0,2,2,1.2501742503445712e-06,2.2207418624020647e-06,0.999996542930603
1424,0,2,2,4.816668933926849e-06,0.0018985799979418516,0.9980966448783875
1425,3,2,2,1.779488411557395e-05,8.879323104338255e-06,0.9999734163284302
1427,3,2,2,4.582215751725016e-06,6.529102847707691e-06,0.9999889135360718
1428,3,2,2,4.7183973947539926e-05,1.1891991562151816e-05,0.9999408721923828
1429,2,2,1,0.17002148926258087,0.8202532529830933,0.009725219570100307
1431,2,2,2,3.8463145756395534e-05,8.68273782543838e-05,0.9998747110366821
1432,3,1,1,6.3164093262457754e-06,0.9999895095825195,4.223677024128847e-06
1433,4,2,2,2.134650458174292e-05,2.5639988052716944e-06,0.9999760389328003
1435,2,1,1,1.3855526503903093e-06,0.99998939037323,9.27113251236733e-06
1437,1,1,1,0.0006795001681894064,0.9984211921691895,0.0008993145311251283
1438,4,2,2,0.2900052070617676,0.055278751999139786,0.6547160148620605
1439,2,2,2,3.9845085666456725e-06,2.497935156497988e-06,0.9999935626983643
1440,3,2,2,3.7497006388775844e-08,2.50543035207329e-08,1.0
1441,1,1,0,0.7372011542320251,0.07130606472492218,0.19149279594421387
1442,2,2,2,7.092968985489279e-07,8.63254570049321e-08,0.9999991655349731
1445,2,2,2,9.536527301179376e-08,1.0912415291386424e-06,0.9999988079071045
1446,0,1,1,4.1857430232994375e-07,0.9999995231628418,5.304378447590352e-08
1447,4,2,2,3.8676404301440925e-07,1.1461919484645477e-06,0.9999984502792358
1449,0,2,2,0.00242204824462533,0.00032288048532791436,0.9972550272941589
1450,3,1,1,0.00014122488209977746,0.9987154006958008,0.001143406261689961
1451,2,2,2,4.799701855517924e-05,0.00032527968869544566,0.999626636505127
1452,1,1,1,1.4319580259325448e-06,0.9999979734420776,5.764292154708528e-07
1453,0,2,2,8.293894637745325e-08,2.3197369500849163e-06,0.999997615814209
1455,3,1,1,0.0003280978125985712,0.9996480941772461,2.3764336219755933e-05
1456,3,2,2,3.390740675968118e-05,0.00013724395830649883,0.9998289346694946
1457,4,2,2,9.676812240400068e-09,1.186712168532722e-07,0.9999998807907104
1458,0,2,2,4.477967934235494e-07,3.552627049430157e-06,0.9999959468841553
1459,4,2,2,0.00031952306744642556,0.0005449028685688972,0.9991355538368225
1460,0,1,1,0.00030044312006793916,0.9996970891952515,2.522520844649989e-06
1462,1,2,2,2.105272642438649e-06,1.3767295286015724e-06,0.9999964237213135
1463,4,1,1,6.49179321410287e-11,1.0,4.1244696546982595e-10
1464,1,2,2,1.5900545804470312e-06,6.605453108932124e-07,0.9999977350234985
1465,1,2,2,0.00032002286752685905,0.00028531093266792595,0.9993946552276611
1466,4,2,2,0.00015045607869978994,2.651660906849429e-05,0.9998231530189514
1468,3,2,2,0.07247252017259598,0.0021972334943711758,0.9253302216529846
1469,1,1,1,2.3293488027320564e-07,0.9999978542327881,1.9383703602215974e-06
1470,4,2,2,3.944428499380592e-06,4.44443367086933e-06,0.9999916553497314
1472,1,2,2,1.3395592759479769e-06,3.868657131533837e-06,0.9999948740005493
1473,1,2,2,2.8785852919099852e-06,2.395865067228442e-06,0.9999947547912598
1474,2,2,2,8.291279664263129e-05,8.082215208560228e-05,0.9998362064361572
1475,1,2,2,2.7156286250829e-06,0.00016971763398032635,0.99982750415802
1477,0,1,1,3.320654968774761e-06,0.9999926090240479,4.110468580620363e-06
1478,1,2,2,4.086765329702757e-06,1.3947317711426876e-05,0.9999819993972778
1481,4,2,2,0.001404343987815082,0.0006388893234543502,0.9979567527770996
1483,4,2,2,1.5583778179006913e-07,7.686769976089636e-08,0.9999997615814209
1485,0,2,2,0.0015956886345520616,0.000993812340311706,0.9974105954170227
1487,4,1,1,3.56115697286441e-06,0.9999707937240601,2.5587520212866366e-05
1488,4,2,2,7.855812145862728e-05,1.036228240991477e-05,0.9999110698699951
1489,1,2,2,1.6757941239120555e-06,6.601610493817134e-07,0.999997615814209
1490,4,2,2,0.00034796976251527667,0.00020094780484214425,0.9994509816169739
1491,3,2,2,3.171951945546425e-08,1.010384607980086e-06,0.9999990463256836
1492,4,2,2,0.00012844557932112366,7.606825238326564e-05,0.9997954964637756
1493,3,2,2,2.6506063477427233e-06,2.108255557686789e-06,0.999995231628418
1494,4,2,2,5.483663335326128e-05,8.311960118589923e-05,0.9998620748519897
1496,0,1,1,0.01639184169471264,0.9834064841270447,0.00020169647177681327
1497,0,2,2,8.710683232493466e-07,9.518290653431905e-07,0.9999982118606567
1498,2,2,2,0.00012087611685274169,3.0802941182628274e-05,0.9998483657836914
1499,4,2,2,0.00027194328140467405,0.00020474022312555462,0.999523401260376
1500,0,2,2,0.00010656269296305254,0.00015371273912023753,0.9997397065162659
1501,0,2,2,6.257434392864525e-08,2.0534064333332935e-06,0.9999978542327881
1502,0,2,2,3.730974695859146e-10,2.448385430398048e-06,0.9999974966049194
1504,3,2,2,0.0011649889638647437,0.00017468910664319992,0.9986603260040283
1505,3,2,2,0.0024584804195910692,1.529706241854001e-05,0.997526228427887
1506,1,2,2,0.0929502621293068,0.12390439212322235,0.7831453084945679
1507,3,2,0,0.40949833393096924,0.31312158703804016,0.2773800790309906
1508,3,2,2,1.7071060653961467e-07,2.3333683429882512e-07,0.9999996423721313
1509,3,1,1,1.6392418089594685e-08,1.0,3.9093553283464644e-08
1510,3,2,2,2.8513721872514e-07,7.60528419050388e-05,0.9999237060546875
1511,0,2,2,1.8493797426799574e-07,7.433430369019334e-07,0.9999990463256836
1514,0,2,2,9.00556429428434e-09,1.610042232869091e-07,0.9999998807907104
1516,4,2,2,5.261746991891414e-06,1.1070238542743027e-05,0.9999836683273315
1517,2,2,2,0.01963203027844429,0.062408968806266785,0.9179589152336121
1518,3,1,1,6.362227966683065e-10,1.0,2.4918644925264744e-10
1519,0,2,2,4.107651818685554e-08,1.4021881042936002e-06,0.9999985694885254
1521,1,1,1,4.169025032751961e-06,0.9999938011169434,2.0688441964011872e-06
1522,1,2,2,1.875031784948078e-06,0.00022800372971687466,0.9997701048851013
1523,2,2,2,1.8646468333827215e-06,8.693562563166779e-07,0.9999972581863403
1524,2,2,2,0.01963203027844429,0.062408968806266785,0.9179589152336121
1526,1,2,2,4.047701077070087e-05,0.00024338910588994622,0.9997161030769348
1527,3,2,2,0.17190532386302948,0.07235761731863022,0.7557370662689209
1528,1,2,1,0.00011863187683047727,0.9855077862739563,0.01437350083142519
1530,2,2,2,2.4260584723378997e-06,9.82150368145085e-07,0.9999966621398926
1531,4,1,1,3.693394603487832e-07,0.9999995231628418,8.502328796566871e-08
1532,2,1,1,1.5323679690482095e-05,0.9998902082443237,9.44175772019662e-05
1536,0,1,1,7.09655651007779e-05,0.9999287128448486,3.6100220768275904e-07
1537,3,2,2,9.765320641008657e-08,1.336333411927626e-06,0.9999985694885254
1539,2,2,2,1.4208726639708402e-08,1.1295520607745857e-06,0.999998927116394
1541,2,1,1,3.246845835747081e-06,0.999996542930603,2.2068761040827667e-07
1543,2,2,2,3.264799275370933e-08,4.458531464024418e-07,0.9999995231628418
1545,0,2,2,6.336485824931515e-08,4.064120275870664e-06,0.9999958276748657
1548,1,1,1,9.43075377790592e-08,0.9999996423721313,2.1997281862695672e-07
1550,2,1,1,5.442238375508168e-07,0.9999991655349731,3.110104671577574e-07
1552,4,2,2,0.00011809016723418608,0.0005936222150921822,0.9992883801460266
1554,1,2,2,4.862935838900739e-06,0.001790804322808981,0.9982043504714966
1555,2,2,2,0.00022668381279800087,0.008981278166174889,0.9907920360565186
1556,0,1,1,1.1879931207658956e-06,0.9999948740005493,3.886848389811348e-06
1557,0,1,1,8.326074021169916e-05,0.9999105930328369,6.110567028372316e-06
1558,4,2,2,0.00045048355241306126,0.0005067514721304178,0.9990426898002625
1560,2,2,2,4.925444955006242e-06,1.6828595335027785e-06,0.9999934434890747
1561,2,2,2,3.6525787436403334e-05,0.0005287827807478607,0.9994346499443054
1562,0,2,2,1.7779613699531183e-05,9.299819066654891e-05,0.9998892545700073
1563,2,2,2,6.204951205290854e-06,6.825195555393293e-07,0.999993085861206
1564,1,2,2,6.534566523441754e-07,0.00017855291662272066,0.99982088804245
1565,2,1,1,5.412636596702214e-07,0.9999991655349731,2.6986134571416187e-07
1566,4,1,1,2.583256218713359e-06,0.999995231628418,2.155791207769653e-06
1567,3,2,2,0.00011881403770530596,5.619367220788263e-05,0.9998250603675842
1568,2,2,2,1.0949944595495253e-07,2.1531710444833152e-05,0.9999783039093018
1571,4,1,1,0.020940788090229034,0.9531747698783875,0.025884468108415604
1572,2,2,2,2.7156691430718638e-05,3.131066705464036e-06,0.9999697208404541
1573,3,2,2,7.054584330035141e-06,1.423266985511873e-05,0.99997878074646
1576,4,1,1,1.7775656715457444e-06,0.9999982118606567,4.976072176532398e-08
1577,4,1,1,1.055676989381027e-06,0.999996542930603,2.4513574317097664e-06
1578,4,1,0,0.8165671825408936,0.14499637484550476,0.0384364053606987
1579,2,1,1,1.609667151569738e-06,0.9999982118606567,2.217366699142076e-07
1580,2,2,2,3.002975972776767e-05,5.509555558091961e-05,0.9999148845672607
1581,1,2,2,1.1045380006180494e-06,1.1253412594669499e-05,0.9999877214431763
1582,3,2,2,1.2250357031007297e-05,1.2362650522845797e-05,0.999975323677063
1583,0,2,2,8.222637552535161e-05,0.0018118697917088866,0.9981058835983276
1585,0,2,2,8.783614248386584e-06,3.4647095162654296e-05,0.999956488609314
1586,1,2,2,5.7100560297840275e-06,1.8451441064826213e-05,0.9999758005142212
1587,2,2,0,0.9185793399810791,0.020161552354693413,0.06125909462571144
1588,4,2,2,9.006494110508356e-06,0.006615684367716312,0.9933753609657288
1590,3,1,1,0.0008682884508743882,0.9990875720977783,4.408636596053839e-05
1592,2,2,0,0.8543077111244202,0.04603387415409088,0.09965846687555313
1594,1,1,1,9.717948614706984e-07,0.999998927116394,5.224589472163643e-08
1595,3,2,2,1.9365899106560391e-07,1.3876993421035877e-07,0.9999996423721313
1596,4,2,2,3.72190261259675e-05,0.00015934418479446322,0.9998034834861755
1597,3,2,2,6.080498678784352e-06,1.8277804656463559e-06,0.9999921321868896
1598,3,2,2,5.506748479433554e-08,1.4424461625139884e-08,1.0
1599,0,1,1,0.00013755439431406558,0.9996966123580933,0.00016590929590165615
1600,3,2,2,0.00014536776870954782,9.488924843026325e-05,0.9997597336769104
1601,2,1,1,2.8772358291462297e-06,0.9999969005584717,2.557508480549586e-07
1602,2,1,1,3.0002636322024046e-06,0.9999969005584717,4.586974000631017e-08
1603,2,2,2,7.869455293985084e-05,0.0003950231184717268,0.9995263814926147
1604,3,1,1,0.12231992930173874,0.8701375722885132,0.007542570121586323
1606,0,2,2,0.08928577601909637,0.03428291156888008,0.8764312863349915
1608,2,2,2,0.0014555698726326227,1.408542175340699e-05,0.998530387878418
1609,1,1,1,3.948441218426524e-08,0.9999996423721313,2.945131143405888e-07
1610,1,2,2,1.0860480870178435e-05,2.932592724391725e-05,0.9999598264694214
1611,4,2,2,0.00047363986959680915,0.0018121874891221523,0.9977141618728638
1612,0,1,1,0.01533115841448307,0.9844784736633301,0.00019041741325054318
1613,1,2,2,1.521501147294657e-08,1.108079686673591e-06,0.999998927116394
1614,0,1,1,0.0019940147176384926,0.9974007606506348,0.0006051952368579805
1615,3,2,2,7.071762619936806e-11,3.909568704330013e-07,0.9999996423721313
1616,1,2,2,0.00046624706010334194,0.0006497700815089047,0.9988839030265808
1617,2,2,2,2.7298927307128906e-05,0.0013061283389106393,0.9986666440963745
1618,2,2,2,6.153218805593497e-07,1.712151788524352e-05,0.9999822378158569
1619,2,2,2,8.001499018917002e-09,2.5313167384410917e-07,0.9999997615814209
1620,0,2,2,8.110783511483532e-08,8.592932135798037e-05,0.9999139308929443
1622,1,1,2,0.03958540037274361,0.15377527475357056,0.8066392540931702
1623,2,2,2,0.0005768815171904862,0.0003803986473940313,0.9990426898002625
1624,3,2,2,6.49331632303074e-05,6.779791146982461e-05,0.9998672008514404
1625,4,2,2,0.03724487125873566,0.011691451072692871,0.9510636925697327
1626,1,2,2,4.69837914351956e-07,6.213041160663124e-06,0.9999933242797852
1627,3,2,2,9.04321240113859e-08,1.4937857883978722e-07,0.9999997615814209
1628,3,2,2,6.659924878249512e-08,8.700339293454817e-08,0.9999997615814209
1629,1,1,1,3.542252002830537e-08,1.0,2.3236326640585503e-08
1630,1,2,2,1.675300964620874e-08,5.819708349008579e-06,0.999994158744812
1632,1,2,2,2.223400059619962e-07,3.7999259916432493e-07,0.9999994039535522
1633,0,2,2,7.058711304352983e-08,8.32250691473746e-07,0.9999990463256836
1634,3,2,2,0.08410558104515076,0.0007559499354101717,0.9151384830474854
1635,4,1,1,0.00024888012558221817,0.9995651841163635,0.000185956057976
1637,3,1,1,5.30250190422521e-07,0.9999980926513672,1.4295363826022367e-06
1638,3,2,2,0.0018332622712478042,5.859857265022583e-05,0.9981081485748291
1639,4,2,2,2.111697176587768e-05,2.495506669220049e-05,0.9999539852142334
1640,3,2,2,8.649253686598968e-07,2.3672733732382767e-05,0.9999754428863525
1642,3,2,2,1.24870132367505e-06,2.3835782485548407e-06,0.9999964237213135
1643,2,1,1,0.00012713437899947166,0.999870777130127,2.027597020060057e-06
1644,3,2,2,2.2604113780744228e-07,1.1516748600115534e-05,0.9999881982803345
1645,2,2,2,3.4293987027922412e-06,3.715731736519956e-06,0.999992847442627
1646,3,2,2,0.00017926181317307055,0.0009664443205110729,0.998854398727417
1648,0,1,1,2.1955604552204022e-06,0.999997615814209,1.541537102411894e-07
1649,1,1,1,2.5855331386992475e-06,0.9999960660934448,1.3976815580463153e-06
1652,1,2,2,0.021913429722189903,0.15678253769874573,0.8213040232658386
1653,1,2,2,5.945078100921819e-06,5.925716322963126e-05,0.9999347925186157
1654,2,1,1,9.783367431737133e-07,0.9999990463256836,1.1573271230247428e-08
1655,3,2,2,1.100595792280501e-08,6.199660340655555e-09,1.0
1656,1,2,2,0.0002017491206061095,1.933315616042819e-05,0.9997789263725281
1657,0,2,2,0.004942730069160461,0.001620823284611106,0.9934364557266235
1658,1,2,2,1.3955039321444929e-05,0.0001801433099899441,0.9998059868812561
1660,1,2,2,0.00025840214220806956,4.5306223910301924e-05,0.9996963739395142
1661,3,1,1,0.0995166078209877,0.7002209424972534,0.20026245713233948
1662,0,2,2,0.021461425349116325,0.3858504891395569,0.5926880836486816
1664,4,2,2,4.53359134553466e-05,6.881736044306308e-05,0.9998859167098999
1665,3,2,2,3.2089017167891143e-06,3.377605025889352e-06,0.9999934434890747
1666,4,2,2,7.330265361815691e-05,0.0009728752193041146,0.9989537000656128
1667,2,2,2,1.9409179003559984e-05,1.3616062460641842e-05,0.9999669790267944
1669,0,2,2,7.035079363504337e-08,1.2272995491002803e-06,0.9999986886978149
1670,2,1,0,0.854160726070404,0.05023811385035515,0.09560119360685349
1671,3,2,1,0.08853252232074738,0.5864682197570801,0.32499924302101135
1673,3,2,2,1.9332323972776067e-06,3.837357144220732e-05,0.9999597072601318
1674,3,2,2,0.010944641195237637,0.02025039680302143,0.9688049554824829
1677,3,2,2,0.4277348220348358,0.03379771113395691,0.5384674072265625
1680,3,2,2,7.821948383934796e-05,0.0013551439624279737,0.9985666871070862
1682,0,1,1,4.514606644079322e-06,0.9999949932098389,5.364427124732174e-07
1683,4,2,2,0.00012366609007585794,6.552737886522664e-06,0.999869704246521
1684,1,2,2,2.5668978764770145e-07,1.4680388176202541e-06,0.9999983310699463
1685,2,2,2,1.0308526299240839e-07,1.841750759012939e-06,0.9999980926513672
1686,0,2,2,2.6598108888720162e-06,1.1525579566296074e-06,0.9999961853027344
1687,1,2,2,0.000180220406036824,1.5935374904074706e-05,0.9998038411140442
1688,4,1,1,6.004161150485743e-07,0.9999969005584717,2.513943627491244e-06
1689,4,2,2,0.00020237606076989323,3.888150331476936e-06,0.9997937083244324
1690,1,2,2,0.005474701523780823,0.006215917412191629,0.988309383392334
1692,4,1,1,5.162974503036821e-06,0.9999934434890747,1.4184158771968214e-06
1693,2,2,2,2.870139724109322e-06,2.3862876332714222e-06,0.9999947547912598
1694,0,2,2,2.1419875793071697e-06,1.764224907674361e-05,0.9999802112579346
1695,2,2,2,4.8242662160191685e-05,0.0001422048662789166,0.9998095631599426
1697,3,2,2,0.024476846680045128,0.00447958754375577,0.9710436463356018
1698,2,2,2,3.702972026076168e-05,1.1323262469886686e-06,0.9999618530273438
1701,4,2,2,0.0005372279556468129,0.000212011334951967,0.9992507100105286
1702,0,2,2,0.00041128546581603587,0.0007923457305878401,0.9987963438034058
1703,3,2,2,0.0004204472934361547,9.207668881572317e-06,0.9995704293251038
1704,3,2,2,5.232060357229784e-05,0.0014146603643894196,0.9985330104827881
1706,4,2,2,4.74264525109902e-05,6.801875133533031e-05,0.9998844861984253
1708,2,2,2,4.445738795766374e-06,1.5529649317613803e-05,0.999980092048645
1712,3,1,1,3.825180883154644e-08,0.9999998807907104,3.954607663558818e-08
1713,2,1,1,1.6123962609526643e-07,0.9999998807907104,9.860578131792863e-09
1714,4,1,1,9.180429515254218e-06,0.999988317489624,2.5063977773243096e-06
1715,0,2,2,2.2518931164228206e-09,1.2986228057343396e-06,0.9999986886978149
1716,1,1,1,3.875961738231126e-07,0.9999980926513672,1.5326304492191412e-06
1717,0,2,2,3.3879241527756676e-05,6.760744327038992e-06,0.9999593496322632
1719,1,1,1,4.064581275997625e-07,0.9999991655349731,3.9029396248224657e-07
1720,2,1,1,9.986313671106473e-06,0.9999890327453613,9.596194558980642e-07
1721,1,1,1,3.8344620406860486e-05,0.9999479055404663,1.3694823792320676e-05
1722,4,2,2,1.1643088328128215e-05,9.205515198118519e-06,0.9999791383743286
1723,4,2,1,0.06633277237415314,0.8548114895820618,0.07885570824146271
1726,2,2,2,0.0006733862683176994,2.615182165754959e-05,0.9993003606796265
1727,3,1,1,2.78295610769419e-05,0.9999719858169556,2.3507631397023943e-07
1729,0,2,2,1.239661742147291e-06,3.809325062320568e-05,0.9999606609344482
1730,2,2,2,1.537204116175417e-05,6.575875886483118e-05,0.9999188184738159
1731,2,2,2,1.8841225255528116e-06,3.3345233987347456e-06,0.9999947547912598
1732,2,1,1,2.2498745693155797e-06,0.9999977350234985,6.733135649028554e-08
1733,2,2,2,0.42323702573776245,0.006330959498882294,0.5704320073127747
1734,4,1,1,1.917382519422972e-07,0.9999997615814209,1.7622287629137645e-08
1735,4,1,1,7.137020929803839e-06,0.9999903440475464,2.5656131583673414e-06
1736,0,2,2,0.0018697745399549603,0.15171967446804047,0.8464105129241943
1737,1,2,2,0.06849095225334167,0.0007406883523799479,0.9307683110237122
1738,0,1,1,5.506272373168031e-06,0.9994539618492126,0.0005405321135185659
1740,2,2,2,0.031055953353643417,9.420928836334497e-05,0.9688498377799988
1742,2,2,2,0.00023551970662083477,5.251738184597343e-05,0.9997119307518005
1744,3,2,2,1.6799983626469839e-09,1.4565121091436595e-06,0.9999985694885254
1745,3,2,2,2.1550922824076224e-08,3.6367864595376886e-06,0.9999963045120239
1746,2,1,2,0.04182108864188194,0.038602568209171295,0.9195763468742371
1747,0,1,1,1.4949605429137591e-05,0.9999626874923706,2.2302288925857283e-05
1748,1,1,1,0.000886247493326664,0.9990406632423401,7.301515142899007e-05
1753,0,2,2,0.00019827726646326482,0.002949103945866227,0.9968525767326355
1754,3,2,2,3.077803683027014e-07,0.0002133125381078571,0.9997863173484802
1755,4,2,2,0.0002901393745560199,0.0018161021871492267,0.997893750667572
1756,1,2,2,4.394305221921968e-07,2.5952465421141824e-06,0.9999969005584717
1757,1,2,2,2.1985984233197087e-07,6.755691970283806e-07,0.9999990463256836
1758,3,1,1,6.865192699478939e-05,0.9997641444206238,0.00016723012959118932
1760,4,2,2,1.9663586314777604e-08,1.3395297173701692e-05,0.9999866485595703
1761,4,2,2,1.2639948181458749e-06,5.7268421187472995e-06,0.9999929666519165
1762,4,2,2,0.0007426156662404537,1.029643499350641e-05,0.9992471933364868
1765,1,2,2,7.012732567091007e-06,1.2502191566454712e-05,0.9999804496765137
1766,0,2,2,0.00041531299939379096,0.00025400170125067234,0.9993307590484619
1767,4,2,2,7.103165444277693e-06,3.3690696454868885e-06,0.9999895095825195
1768,2,2,2,1.9569597498048097e-06,6.790438874304527e-06,0.9999912977218628
1769,0,2,2,7.43343771318905e-05,0.00034421318559907377,0.9995813965797424
1770,2,2,2,2.7836001663672505e-06,1.563928344694432e-05,0.9999816417694092
1772,1,2,2,0.0002930662303697318,0.000407798943342641,0.999299168586731
1773,4,2,2,0.0002999676507897675,5.24292336194776e-05,0.9996476173400879
1775,4,2,2,0.11780508607625961,0.33992698788642883,0.5422679781913757
1776,0,2,2,3.108879900537431e-05,2.1251933503663167e-05,0.9999476671218872
1777,3,2,2,0.003870467422530055,0.0021903698798269033,0.9939391613006592
1778,0,2,2,0.0007999890949577093,0.001672405400313437,0.9975276589393616
1780,1,1,1,9.866730543706126e-09,1.0,7.541802737875969e-09
1781,1,2,2,6.284186838456662e-06,4.317581988289021e-05,0.9999505281448364
1782,4,2,2,5.483663335326128e-05,8.311960118589923e-05,0.9998620748519897
1783,4,2,2,5.566920663113706e-06,1.6828160369186662e-05,0.9999775886535645
1784,4,2,2,0.0002034632198046893,9.603450052964035e-06,0.999786913394928
1785,4,1,1,0.00017502217087894678,0.9996153116226196,0.0002096355747198686
1786,0,2,2,5.8983372582588345e-05,9.40081081353128e-05,0.9998469352722168
1789,3,1,1,5.807504521726514e-07,0.999909520149231,8.994367817649618e-05
1790,0,2,2,3.2183056219992068e-09,7.567427928734105e-06,0.9999924898147583
1791,3,2,2,1.3973067325423472e-05,4.9140348892251495e-06,0.999981164932251
1792,1,2,2,9.224508517036156e-07,3.955275133193936e-06,0.9999951124191284
1793,3,2,2,0.008946243673563004,0.0004901880165562034,0.9905636310577393
1794,1,2,2,1.9023153072339483e-05,3.6880443076370284e-05,0.9999440908432007
1795,1,2,2,6.6591524046089035e-06,8.012337389118329e-07,0.9999924898147583
1796,2,2,2,8.712528369869688e-07,1.1325225386826787e-05,0.9999878406524658
1797,2,2,2,1.328732651018072e-05,1.300480789723224e-06,0.9999854564666748
1799,4,2,2,0.00011067426385125145,2.6705432901508175e-05,0.999862551689148
1800,3,2,2,0.00015830718621145934,0.0007029084954410791,0.9991387128829956
1801,4,1,2,0.20134134590625763,0.14282329380512238,0.6558353900909424
1802,3,1,1,3.2444402222608915e-06,0.9999964237213135,3.1144233503255236e-07
1803,3,1,1,9.099666203837842e-05,0.9999072551727295,1.7925029851539875e-06
1804,3,2,2,1.3664332982443739e-05,1.286720362259075e-05,0.9999734163284302
1805,2,2,2,0.0055212946608662605,0.0007304363534785807,0.9937483072280884
1807,2,2,2,3.2569200669740894e-08,1.1913012087916286e-07,0.9999998807907104
1808,4,2,2,4.021262157039018e-06,2.4869389108062023e-06,0.9999934434890747
1809,4,2,2,2.6306754108418318e-08,3.1467970984522253e-07,0.9999996423721313
1811,4,2,2,0.000502544513437897,0.0006461968878284097,0.9988512992858887
1812,0,2,2,0.0003725530405063182,4.935694960295223e-05,0.999578058719635
1813,0,1,1,0.4227833151817322,0.5377882122993469,0.039428409188985825
1815,0,2,2,3.5481559734762413e-06,1.4284540156950243e-05,0.9999821186065674
1816,0,2,2,2.6199525882120156e-10,2.116846644639736e-07,0.9999997615814209
1817,2,2,2,1.864145133367856e-06,9.720174602989573e-07,0.9999971389770508
1818,3,2,2,8.91260232283031e-10,3.609451226793681e-08,1.0
1819,3,2,2,4.4039097701897845e-06,4.751023152493872e-05,0.9999480247497559
1820,0,2,2,2.5362593802924494e-08,1.1483037098969362e-07,0.9999998807907104
1821,3,2,2,5.5497388530056924e-05,0.0008685227367095649,0.9990760087966919
1822,0,2,2,0.3052786588668823,0.0014976421371102333,0.6932236552238464
1823,4,2,2,0.0009759442764334381,0.0011457109358161688,0.9978784322738647
1824,1,2,2,8.303564982270473e-07,6.108472462074133e-06,0.999993085861206
1825,3,2,2,1.689642203928088e-08,1.573765784357306e-09,1.0
1826,4,2,2,0.2301332950592041,0.15042656660079956,0.6194401383399963
1827,1,1,1,0.0012980387546122074,0.9986698627471924,3.2151347113540396e-05
1828,0,2,2,3.604625817388296e-05,5.0150523748015985e-05,0.9999138116836548
1829,0,1,1,0.006112182512879372,0.846219003200531,0.14766880869865417
1830,0,1,1,9.724039955472108e-06,0.9999898672103882,3.8985507444522227e-07
1831,0,2,2,1.2660766515182331e-06,1.345770328953222e-06,0.9999973773956299
1832,4,1,1,1.553783476992976e-05,0.9999643564224243,2.004885936912615e-05
1833,2,1,1,0.0017137335380539298,0.9981669187545776,0.00011926741717616096
1834,0,1,1,6.756390575901605e-07,0.9602906107902527,0.0397086925804615
1835,4,1,1,7.761960659991018e-06,0.9999884366989136,3.830492914858041e-06
1837,3,1,0,0.9159116148948669,0.02888079173862934,0.05520766228437424
1838,3,2,0,0.5690808892250061,0.2004384547472,0.23048065602779388
1839,1,2,0,0.6897772550582886,0.004243539180606604,0.3059791922569275
1840,4,2,0,0.7233479022979736,0.0518001914024353,0.22485187649726868
1841,3,1,1,0.015057713724672794,0.8060907125473022,0.17885155975818634
1842,0,1,1,4.174310379312374e-05,0.9999527931213379,5.411712209024699e-06
1843,3,2,2,2.614127879496664e-06,4.956076281814603e-06,0.9999923706054688
1844,1,1,1,0.00019764013995882124,0.9997630715370178,3.928967271349393e-05
1845,4,1,1,1.52881839312613e-05,0.9999828338623047,1.9020744730369188e-06
1846,3,2,2,0.06357123702764511,0.041460759937763214,0.8949680328369141
1847,4,1,1,1.8972497173308511e-06,0.9999970197677612,1.033618218571064e-06
1848,1,1,1,6.848656994407065e-06,0.9999910593032837,2.1407076928880997e-06
1849,2,1,1,0.00016413055709563196,0.9998341798782349,1.6790745576145127e-06
1850,1,2,2,5.589953161688754e-06,1.9209555830457248e-05,0.9999752044677734
1851,4,2,2,5.89583521559689e-07,2.4784521883702837e-06,0.9999969005584717
1852,1,1,1,1.714289624032972e-06,0.9999936819076538,4.611578788171755e-06
1853,0,2,2,5.799849168397486e-05,2.778398629743606e-05,0.9999141693115234
1854,4,1,1,1.1877731367349043e-06,0.9999985694885254,2.0357065011467057e-07
1855,1,2,2,4.8768138185550924e-06,3.758332604775205e-05,0.9999575614929199
1856,0,2,0,0.710333526134491,0.07097198814153671,0.21869444847106934
1858,2,2,0,0.812666654586792,0.015258313156664371,0.1720750331878662
1859,0,2,2,4.5726876123808324e-05,1.117861393140629e-05,0.9999430179595947
1860,1,2,2,4.942523332829296e-07,1.2218406482134014e-06,0.9999983310699463
1862,3,2,2,4.494604866067675e-08,6.08168733151615e-08,0.9999998807907104
1864,3,2,2,0.018322451040148735,0.010578600689768791,0.9710989594459534
1865,3,1,1,2.4842724087648094e-05,0.9999481439590454,2.69949268840719e-05
1867,3,2,2,7.628144885529764e-06,2.7517015155353874e-07,0.9999921321868896
1869,4,2,2,0.0001777647266862914,0.013831662945449352,0.9859906435012817
1870,3,2,2,4.580341439464064e-09,1.0910565784172377e-08,1.0
1871,4,1,1,0.00014591796207241714,0.998776376247406,0.0010777550050988793
1873,0,2,2,3.4107369373259644e-08,1.1576555152714718e-05,0.9999884366989136
1874,2,2,2,0.004707187879830599,8.748056279728189e-05,0.9952054023742676
1875,4,2,2,2.1128835570038973e-08,5.503419515662245e-07,0.9999994039535522
1876,3,2,2,0.00014359140186570585,2.5604365873732604e-05,0.9998307228088379
1877,0,1,1,2.1084426407469437e-05,0.9999785423278809,3.3300631230304134e-07
1878,1,2,2,8.289732249977533e-06,7.0483652052644175e-06,0.999984622001648
1879,4,1,1,1.2545458503154805e-06,0.9999967813491821,1.945869598785066e-06
1883,3,2,2,0.184458926320076,0.0612107552587986,0.7543303966522217
1884,3,2,2,8.845889533404261e-05,3.451497104833834e-05,0.9998769760131836
1886,1,2,2,1.2402001630107407e-05,5.19957575306762e-06,0.9999823570251465
1888,3,2,2,0.0006465360638685524,0.00032957398798316717,0.9990239143371582
1889,2,2,2,0.0312346238642931,0.038098547607660294,0.9306668043136597
1890,2,1,1,3.633922096923925e-05,0.9999632835388184,4.1068037148761505e-07
1891,0,2,2,0.000365787505870685,9.473507816437632e-05,0.9995394945144653
1892,2,1,1,0.00032653342350386083,0.9996656179428101,7.878522410464939e-06
1893,1,1,1,2.2992558115220163e-06,0.9999974966049194,2.282188660274187e-07
1894,2,2,2,1.041583345795516e-06,6.007812771713361e-07,0.9999983310699463
1895,3,1,1,1.0167975688091246e-06,0.9999985694885254,4.7165409000626823e-07
1896,3,1,1,2.4725172806938644e-06,0.999988317489624,9.234044227923732e-06
1897,4,1,1,2.5775495942070847e-06,0.9999961853027344,1.188574856314517e-06
1898,4,1,1,1.6760711929464378e-08,1.0,1.8871553209010017e-08
1900,0,2,2,0.005894597619771957,0.0008518427493982017,0.9932536482810974
1902,3,2,2,1.932701707119122e-05,2.421476665404043e-06,0.9999783039093018
1903,0,2,2,7.322044552893203e-07,1.954062463482842e-05,0.9999797344207764
1905,4,1,1,9.889092780213105e-07,0.9999988079071045,1.461381486933533e-07
1906,2,1,1,0.00021090140216983855,0.9997884631156921,5.973242878098972e-07
1907,2,2,2,2.658558514667675e-05,4.6245571866165847e-05,0.9999271631240845
1908,3,2,2,4.226730965228853e-08,1.7044378353148204e-08,1.0
1910,2,2,2,3.761739208130166e-05,2.7648427931126207e-05,0.9999346733093262
1911,2,2,2,0.026965929195284843,0.001839868607930839,0.9711941480636597
1913,1,2,2,1.9069132122240262e-06,1.8991953766089864e-05,0.9999791383743286
1914,0,1,1,2.1362200186558766e-07,0.9999997615814209,1.0394463068053028e-08
1915,2,2,2,0.0002743101795203984,0.0003902408352587372,0.9993353486061096
1917,3,2,2,3.8594989746343344e-06,7.397962235700106e-06,0.9999887943267822
1919,4,2,2,1.987651012314018e-05,2.8126072720624506e-05,0.999951958656311
1921,4,1,1,3.4412485092616407e-06,0.9999918937683105,4.623385848390171e-06
1922,1,1,1,4.769951192429289e-05,0.9999483823776245,3.915664819942322e-06
1923,3,1,0,0.5260204076766968,0.3777658939361572,0.09621374309062958
1924,0,2,2,9.529254052509373e-10,1.273644443244848e-07,0.9999998807907104
1925,3,2,2,1.2248279745108448e-05,8.490553227602504e-06,0.9999792575836182
1926,3,1,1,0.16426359117031097,0.6966172456741333,0.1391191929578781
1927,4,1,1,1.2301567039685324e-05,0.9998973608016968,9.037247946253046e-05
1929,3,2,2,8.525985890628363e-07,6.548200417455519e-07,0.9999985694885254
1930,0,2,2,0.00038726063212379813,0.0006618797779083252,0.9989508390426636
1931,3,1,1,5.287874387249758e-07,0.9999994039535522,1.398295346177747e-08
1934,3,2,2,0.00015405792510136962,0.0002604644978418946,0.9995854496955872
1935,0,2,2,0.013509963639080524,0.04581818729639053,0.9406718611717224
1936,2,1,1,2.3060956664266996e-05,0.999976634979248,3.2232583180302754e-07
1937,4,2,2,3.2369500786444405e-06,0.00015733431791886687,0.9998394250869751
1938,0,1,1,3.7434124351420905e-06,0.9999942779541016,2.0132295048824744e-06
1939,1,2,1,0.35650894045829773,0.5619509220123291,0.08154012262821198
1940,0,2,0,0.45759981870651245,0.3767532408237457,0.1656470000743866
1942,0,2,0,0.6283230781555176,0.20528259873390198,0.16639436781406403
1943,4,2,2,2.0185936477901123e-07,1.569375598364786e-07,0.9999996423721313
1944,3,2,2,8.624218708064291e-07,3.5862061054103833e-07,0.9999988079071045
1945,3,2,2,3.0825118301436305e-05,0.0031231949105858803,0.9968460202217102
1946,1,2,2,6.881152216919872e-07,6.413951609829383e-07,0.9999986886978149
1947,1,1,1,1.0831111119102843e-08,1.0,4.545095855235104e-09
1948,3,2,2,2.211863102274947e-05,0.0003390439960639924,0.9996387958526611
1950,1,2,2,0.017673268914222717,0.008080728352069855,0.9742460250854492
1951,2,2,2,0.47710922360420227,0.021997064352035522,0.5008937120437622
1952,0,2,2,3.244275035285682e-07,2.0335929207249137e-07,0.9999994039535522
1953,1,1,1,5.382917152019218e-06,0.9999935626983643,1.0757572681541205e-06
1954,0,2,2,0.0028923568315804005,0.0002683403145056218,0.9968392848968506
1955,0,2,2,7.847742381272838e-05,0.0002455922367516905,0.9996758699417114
1956,4,2,2,0.00029453818569891155,0.00039934407686814666,0.9993062019348145
1957,4,1,1,7.38047629056382e-06,0.9999866485595703,5.9259587033011485e-06
1959,3,2,2,0.003065468044951558,0.2197626233100891,0.7771719098091125
1962,4,2,2,1.1576150704684096e-08,7.235005483607893e-08,0.9999998807907104
1965,3,1,1,0.0008453082991763949,0.999129593372345,2.514894731575623e-05
1966,1,2,0,0.8680066466331482,0.04286091774702072,0.08913249522447586
1967,3,2,2,9.654934729041997e-06,2.5587511117919348e-05,0.999964714050293
1968,4,1,1,1.8095312270816066e-06,0.9999951124191284,3.0724120279046474e-06
1969,1,2,2,0.22786782681941986,0.0868920236825943,0.6852401494979858
1970,1,2,2,0.0014277038862928748,9.753878111951053e-05,0.9984747767448425
1971,4,2,2,5.315274393069558e-05,0.004748011473566294,0.9951989054679871
1975,4,2,2,0.4097334146499634,0.10267780721187592,0.4875887632369995
1976,1,2,2,1.3840743122273125e-05,2.3353328288067132e-05,0.9999628067016602
1977,3,2,1,0.2320442795753479,0.7353538870811462,0.03260182961821556
1980,2,2,2,1.7788008335628547e-05,9.060384400072508e-06,0.9999731779098511
1981,3,2,2,1.1542461834324058e-05,1.5856936443015002e-05,0.9999725818634033
1982,0,1,1,4.945037289871834e-05,0.9999468326568604,3.669070110845496e-06
1983,4,2,2,7.535567192462622e-07,1.608296201993653e-06,0.9999977350234985
1984,4,1,1,3.376967470103409e-06,0.9999945163726807,2.1414909952000016e-06
1986,1,2,2,0.00030033692019060254,6.053705146769062e-05,0.9996391534805298
1987,4,2,2,5.919284376432188e-06,4.1838334254862275e-06,0.9999898672103882
1988,1,2,2,0.00030033692019060254,6.053705146769062e-05,0.9996391534805298
1990,3,2,2,1.066030222318659e-06,1.859436110862589e-06,0.9999970197677612
1992,3,1,1,2.1556019191848463e-08,1.0,5.2614130829908845e-09
1993,3,2,2,0.0004205885052215308,4.593958874465898e-05,0.9995334148406982
1995,2,2,0,0.6392428874969482,0.00526215136051178,0.3554949164390564
1996,2,1,1,9.460157161811367e-05,0.9999048709869385,5.308534696268907e-07
1997,2,2,2,2.0846013626396598e-07,2.48952324000129e-06,0.9999972581863403
1998,2,2,2,0.07742051035165787,0.04012797772884369,0.8824515342712402
2000,1,2,2,2.491492523404304e-05,1.9152243112330325e-05,0.9999558925628662
2002,1,2,2,2.5626998194638873e-06,4.3694737541954964e-05,0.9999537467956543
2003,4,2,2,4.7096102662180783e-07,0.0001344981719739735,0.9998650550842285
2004,4,2,2,2.219045018136967e-05,4.5229291572468355e-05,0.9999326467514038
2005,2,2,2,1.2463500524972915e-06,6.185581150930375e-05,0.9999369382858276
2007,2,2,2,0.001836588722653687,0.00033801476820372045,0.9978253841400146
2009,2,1,1,5.257602879282786e-06,0.999993085861206,1.7040847524185665e-06
2010,0,2,2,0.0008601169683970511,0.0001798232551664114,0.998960018157959
2011,3,2,2,1.0173677456037922e-09,1.4670774817204801e-07,0.9999998807907104
2012,0,2,2,0.0039998493157327175,0.0008500284166075289,0.9951501488685608
2014,2,1,1,0.0003721345274243504,0.9995664954185486,6.13630618317984e-05
2015,2,1,0,0.6411423683166504,0.05434812605381012,0.3045094907283783
2016,4,1,1,0.019829222932457924,0.965728759765625,0.014441942796111107
2017,3,2,2,4.4606642291000753e-07,4.440165139385499e-05,0.9999551773071289
2019,2,2,2,4.087733486812795e-06,1.3168292980481056e-06,0.9999946355819702
2020,1,1,1,5.058084866504942e-07,0.9999978542327881,1.698983055575809e-06
2021,4,2,2,2.856808407614153e-07,0.0002655819698702544,0.9997342228889465
2022,1,1,1,3.5949670973423054e-07,0.9999878406524658,1.184298798762029e-05
2023,1,1,1,0.0005746731767430902,0.9993407130241394,8.459273522021249e-05
2024,0,1,1,0.0003599858027882874,0.99958735704422,5.264090214041062e-05
2025,2,2,2,0.005171125754714012,0.00026646393234841526,0.9945624470710754
2026,0,1,1,0.008834662847220898,0.9905641078948975,0.0006012353114783764
2027,1,1,1,1.4807124898652546e-05,0.9982965588569641,0.0016886362573131919
2028,1,2,2,4.318006176617928e-06,0.00010844546341104433,0.999887228012085
2029,0,2,2,3.1965501534614305e-07,2.853535306712729e-06,0.9999967813491821
2030,1,2,0,0.7162070870399475,0.01608993671834469,0.26770293712615967
2031,1,1,0,0.6301534175872803,0.02781165950000286,0.3420349657535553
2032,1,2,2,1.0907123396464158e-05,9.435516403755173e-05,0.9998946189880371
2033,1,1,1,0.0001823353231884539,0.9997987151145935,1.9016961232409813e-05
2034,0,2,0,0.7143886089324951,0.07534060627222061,0.21027076244354248
2035,4,1,1,1.1552567229955457e-05,0.9999865293502808,1.9292197066533845e-06
2036,0,1,1,0.0044850436970591545,0.9954952001571655,1.975722079805564e-05
2039,0,2,2,0.002337109064683318,6.31591392448172e-05,0.9975997805595398
2040,4,2,2,2.262527004859294e-06,0.00016836797294672579,0.9998292922973633
2041,1,2,2,0.0336557999253273,0.001675077946856618,0.9646691679954529
2042,2,2,2,6.007689421494433e-07,1.576037334416469e-06,0.9999978542327881
2043,1,2,2,2.025566800512024e-06,3.725949454747024e-06,0.9999942779541016
2044,2,2,2,4.1861738282023e-05,0.0007528688875027001,0.9992052912712097
2045,2,2,2,0.000153744884300977,0.00021587709488812834,0.999630331993103
2046,1,2,2,0.00492649944499135,0.0006617002072744071,0.9944117665290833
2047,3,1,1,9.171685633191373e-07,0.9999990463256836,5.385873436125621e-08
2048,0,1,1,0.0002504928852431476,0.9997414946556091,7.98282417235896e-06
2049,2,1,1,1.4808043715675012e-06,0.9999970197677612,1.5321671753554256e-06
2050,1,2,2,0.09112166613340378,0.01722864806652069,0.8916497826576233
2051,4,1,1,0.00017386655963491648,0.9869399070739746,0.012886302545666695
2052,4,2,2,1.481649405832286e-06,2.046764529950451e-05,0.9999780654907227
2054,1,2,2,0.10619648545980453,0.041701264679431915,0.8521022796630859
2055,2,2,2,3.1230488275468815e-06,9.789450814423617e-07,0.9999959468841553
2057,0,2,1,0.043344900012016296,0.9414838552474976,0.015171248465776443
2058,3,1,1,1.6705287180229789e-06,0.9999977350234985,5.866227184014861e-07
2059,0,1,1,9.813225915422663e-06,0.9999873638153076,2.814911340465187e-06
2060,4,2,2,1.2028593232571438e-08,1.7536412144636415e-07,0.9999998807907104
2061,1,2,2,3.737132601600024e-06,2.5317517611256335e-06,0.9999938011169434
2062,0,1,1,0.002074645832180977,0.9973364472389221,0.0005888814921490848
2064,0,2,2,1.2736801409118925e-06,0.00014669647498521954,0.9998519420623779
2065,0,2,2,0.004381784703582525,0.0009929236257448792,0.9946252703666687
2066,0,2,2,0.0001433880242984742,0.0027473873924463987,0.9971092343330383
2069,3,2,2,5.273619194667845e-07,9.031323133967817e-05,0.9999091625213623
2070,1,2,2,0.00023184416932053864,8.70342682901537e-06,0.9997594952583313
2071,0,2,2,2.672987697849294e-08,1.0377121952842572e-06,0.999998927116394
2072,2,2,2,4.245810487191193e-06,1.8148087974623195e-06,0.9999939203262329
2073,4,2,2,0.13403666019439697,0.06973603367805481,0.7962272763252258
2074,4,2,2,0.37985822558403015,0.032519273459911346,0.5876225233078003
2075,1,2,2,3.2386012094320904e-07,3.781350460485555e-05,0.9999618530273438
2076,2,1,1,0.0001404010399710387,0.9998581409454346,1.4046424894331722e-06
2077,4,2,2,9.9508417861216e-07,1.0372867791375029e-06,0.9999979734420776
2078,0,1,0,0.6040735840797424,0.11984067410230637,0.2760857939720154
2082,3,1,0,0.7033460140228271,0.1190553605556488,0.17759865522384644
2083,4,1,1,5.028575174037542e-07,0.9999992847442627,2.2772553620598046e-07
2084,2,2,2,2.6900219381786883e-05,3.2634602575853933e-06,0.9999698400497437
2085,4,2,2,1.1561788824110408e-06,1.1129107406304684e-05,0.9999877214431763
2086,0,1,1,7.575137317417102e-08,0.9999998807907104,1.4728881447823028e-09
2087,0,2,2,4.913027851216611e-07,1.5636071566405008e-06,0.9999979734420776
2088,4,2,0,0.6625699400901794,0.13213659822940826,0.20529338717460632
2091,1,1,1,1.6661803101669648e-06,0.9999948740005493,3.50325331055501e-06
2092,0,2,2,2.043850422239757e-08,3.373406798345968e-07,0.9999996423721313
2094,0,2,2,2.3010281438473612e-05,6.678073987131938e-05,0.9999102354049683
2095,3,2,2,8.812755550025031e-05,0.0001483423839090392,0.999763548374176
2096,1,1,1,0.4218901991844177,0.4425443112850189,0.13556544482707977
2097,1,1,1,1.6816311472211964e-05,0.9999723434448242,1.0805571946548298e-05
2098,2,1,1,0.07020705938339233,0.9225341081619263,0.007258891128003597
2099,1,1,2,0.45831331610679626,0.013016779907047749,0.5286698937416077
2100,1,2,2,6.717046403537097e-07,7.866664191169548e-07,0.9999984502792358
2101,4,1,2,0.026789681985974312,0.16725943982601166,0.8059508204460144
2102,0,2,2,0.0022525403182953596,0.001739421859383583,0.996008038520813
2104,0,2,2,0.03557724878191948,0.1840025633573532,0.780420184135437
2105,3,1,1,0.0020456742495298386,0.9970205426216125,0.0009337614756077528
2106,2,1,1,0.23650357127189636,0.5564912557601929,0.20700514316558838
2107,1,2,2,0.0005695212166756392,0.00019590834563132375,0.9992345571517944
2108,2,2,2,0.35023432970046997,0.021005144342780113,0.6287604570388794
2109,2,1,0,0.8184179663658142,0.11117660999298096,0.0704055055975914
2110,0,2,0,0.41067975759506226,0.24986423552036285,0.3394560217857361
2112,3,2,2,0.0312489066272974,0.025396114215254784,0.9433550238609314
2113,0,1,1,7.105139957275242e-05,0.9999254941940308,3.4323347790632397e-06
2114,0,1,1,0.0019359919242560863,0.9979727864265442,9.12196483113803e-05
2115,2,2,2,4.216182787786238e-06,2.6421112124808133e-06,0.9999932050704956
2118,0,2,2,2.46347099164268e-06,2.1068201021989807e-05,0.999976396560669
2119,0,2,2,3.728302147010254e-07,3.92207111872267e-05,0.9999604225158691
2120,4,1,1,2.7022713311453117e-06,0.9999970197677612,3.1698272096036817e-07
2121,1,1,1,2.423219598313153e-07,0.9999994039535522,3.797741214839334e-07
2122,1,1,0,0.9058778285980225,0.018866730853915215,0.075255386531353
2123,4,2,0,0.4999052584171295,0.04659466817975044,0.4535001516342163
2124,0,1,1,0.054221879690885544,0.9394416213035583,0.006336437072604895
2125,2,1,1,0.04015854746103287,0.9506338834762573,0.009207546710968018
2127,4,1,1,3.174239827785641e-05,0.9999537467956543,1.4528752217302099e-05
2129,0,1,1,0.21021990478038788,0.6834423542022705,0.106337770819664
2130,3,1,1,0.12123125791549683,0.7583009004592896,0.12046782672405243
2132,4,2,0,0.7441060543060303,0.04438372701406479,0.21151021122932434
2133,3,1,1,0.23402389883995056,0.6621707677841187,0.1038053035736084
2135,2,1,1,6.386308541550534e-06,0.9999877214431763,5.895306458114646e-06
2136,1,1,1,0.2604762315750122,0.6987087726593018,0.04081500321626663
2137,2,1,1,0.00011865365377161652,0.9998456239700317,3.573589492589235e-05
2138,4,1,1,1.4445438864640892e-05,0.9999401569366455,4.543935938272625e-05
2139,2,1,1,0.2802846133708954,0.7079226970672607,0.011792665347456932
2141,3,1,1,8.725038242118899e-06,0.999990701675415,5.867444770046859e-07
2142,4,1,1,0.0678904727101326,0.9080802202224731,0.024029305204749107
2143,4,1,1,0.09688600152730942,0.8148149847984314,0.08829908072948456
2145,3,1,1,0.28278204798698425,0.6628404855728149,0.05437749996781349
2146,4,1,0,0.7158946394920349,0.166391059756279,0.1177142858505249
2147,3,1,0,0.7190819978713989,0.08882681280374527,0.19209115207195282
2148,2,1,1,0.41620904207229614,0.569553554058075,0.014237398281693459
2149,2,1,1,0.1594938188791275,0.8292452096939087,0.011260973289608955
2150,1,2,2,3.3629536488888334e-08,1.5645237283479219e-07,0.9999998807907104
2151,1,2,2,0.0003141053894069046,0.01732541061937809,0.9823604822158813
2152,4,2,2,6.044835458851594e-07,1.8313447071705014e-05,0.9999810457229614
2153,4,1,1,0.0002831305901054293,0.999077320098877,0.0006395353120751679
2154,2,2,2,1.4613736887270079e-08,2.3061619458530913e-07,0.9999997615814209
2155,0,1,1,2.184837831009645e-05,0.9999765157699585,1.6202591268665856e-06
2156,4,2,2,1.9199022371907404e-09,8.116510485933759e-08,0.9999998807907104
2157,4,2,2,5.854633855051361e-06,3.0288078960438725e-06,0.9999911785125732
2158,3,2,2,1.0512036396903568e-06,1.1589521818677895e-05,0.9999873638153076
2159,0,1,0,0.5593332052230835,0.1650892049074173,0.2755776047706604
2160,4,2,2,4.076896971128008e-07,1.2913689317883836e-07,0.9999995231628418
2162,0,1,1,0.013028012588620186,0.977046549320221,0.009925429709255695
2163,3,1,1,1.912134450776648e-07,0.9999997615814209,8.76453043474612e-08
2165,1,2,2,1.8044468674816017e-07,1.0173739610763732e-05,0.9999896287918091
2166,3,2,2,1.0197748423479425e-07,1.0599177585390862e-05,0.9999892711639404
2167,4,2,2,2.4027219325262195e-08,1.561013846185233e-06,0.9999984502792358
2169,2,2,2,0.0003312498447485268,1.935159843924339e-06,0.9996668100357056
2173,4,2,2,6.4651344473531935e-06,4.2797040805453435e-05,0.9999507665634155
2174,1,2,2,0.00016310020873788744,3.727813600562513e-05,0.9997996687889099
2176,2,1,1,1.9964631064794958e-05,0.9999600648880005,1.994307058339473e-05
2177,3,2,2,0.00029708375222980976,0.00011799303320003673,0.999584972858429
2178,3,2,2,1.296391701544053e-06,3.8571197364944965e-06,0.9999948740005493
2179,1,2,2,0.007206145208328962,0.0005569059285335243,0.9922370314598083
2180,1,1,1,4.049914423376322e-06,0.9999665021896362,2.9441325750667602e-05
2181,0,1,1,1.2772414265782572e-05,0.9999866485595703,6.372549137267924e-07
2182,0,2,2,0.003932808060199022,0.013493151403963566,0.9825740456581116
2183,0,2,2,2.0330031475168653e-05,1.575637361383997e-05,0.9999638795852661
2185,1,1,1,6.892780124445608e-09,1.0,2.9838180815033866e-09
2186,2,1,1,1.0244075383525342e-05,0.9999126195907593,7.713885133853182e-05
2187,0,1,1,1.4171525435813237e-05,0.9999830722808838,2.718870746321045e-06
2188,0,2,2,2.1179179299224415e-08,2.971962658193661e-06,0.9999970197677612
2189,3,1,1,9.503143871825159e-08,0.9999997615814209,1.045383726250293e-07
2190,4,2,2,0.0005032754852436483,0.0009869445348158479,0.9985098242759705
2191,1,1,1,0.001170509378425777,0.998537540435791,0.00029198091942816973
2192,0,2,2,4.848045591643313e-06,8.880763925844803e-05,0.9999063014984131
2193,2,2,2,0.0002388225111644715,3.730689059011638e-05,0.9997238516807556
2195,1,1,1,3.2314328564098105e-06,0.9999932050704956,3.51319749825052e-06
2196,0,2,2,0.12585663795471191,0.006863576825708151,0.8672797083854675
2197,1,1,1,7.015568144197459e-07,0.999998927116394,3.714693264100788e-07
2198,3,1,1,1.8140852262149565e-05,0.9999817609786987,8.701195497451408e-08
2199,4,1,1,1.1740137324522948e-06,0.9999986886978149,1.7535639074139908e-07
2201,0,2,2,1.9273971702205017e-05,1.4809624190093018e-05,0.9999659061431885
2203,0,2,2,1.7578649931238033e-06,1.936680928338319e-05,0.9999788999557495
2204,3,1,0,0.664025604724884,0.011296144686639309,0.3246782422065735
2205,3,1,1,0.00015376591181848198,0.9998319149017334,1.428436917194631e-05
2206,3,2,2,1.0782276149257086e-05,0.005754741840064526,0.9942345023155212
2208,3,2,2,1.666914249653928e-05,0.0001513087045168504,0.999832034111023
2209,1,2,2,1.0225952529197002e-08,5.828667326568393e-07,0.9999994039535522
2210,0,1,1,2.887980144805624e-06,0.9999943971633911,2.7665628294926137e-06
2211,2,1,1,2.0492876501521096e-05,0.99997878074646,7.336785756706377e-07
2212,2,1,1,1.9396473362576216e-05,0.9999749660491943,5.617999249807326e-06
2213,1,1,1,2.1189914889419015e-07,0.9999996423721313,1.466979142605851e-07
2215,2,1,1,6.09051028277463e-07,0.9999974966049194,1.9532726582838222e-06
2216,0,1,1,2.3761967895552516e-06,0.9999953508377075,2.2278152300714282e-06
2217,2,1,1,4.311740667617414e-06,0.9999942779541016,1.4627810287493048e-06
2218,2,1,1,0.00029455809271894395,0.9996941089630127,1.1406606063246727e-05
2221,1,2,2,0.00015256683400366455,0.0001241975260199979,0.9997232556343079
2222,1,2,2,5.121534059071564e-07,9.659616807766724e-06,0.9999898672103882
2223,0,2,2,8.516906291333726e-08,1.2556705542010604e-07,0.9999997615814209
2224,2,2,2,1.0888436818845548e-09,1.9508428295011981e-07,0.9999997615814209
2225,0,2,2,1.1953450666624121e-05,4.059261300426442e-06,0.9999840259552002
2226,1,2,2,0.017155926674604416,0.005725967697799206,0.9771181344985962
2227,4,2,2,0.1425962597131729,0.001271769404411316,0.8561319708824158
2228,0,2,2,9.939611118170433e-06,1.1749189070542343e-05,0.9999783039093018
2229,3,2,2,3.348292693772237e-06,1.3393720109888818e-05,0.9999833106994629
2230,2,2,2,0.0008521577692590654,5.1927992899436504e-05,0.9990959167480469
2231,2,1,1,3.293068857601611e-07,0.9999995231628418,1.2101544655251928e-07
2232,0,2,2,0.20899230241775513,0.04456556215882301,0.7464421391487122
2233,2,2,0,0.48950842022895813,0.2788044512271881,0.23168718814849854
2235,0,2,2,0.00021040842693764716,0.005818312522023916,0.9939711689949036
2236,4,1,1,0.019355343654751778,0.9772172570228577,0.003427398856729269
2237,4,1,1,7.021838973741978e-05,0.9997954964637756,0.0001343522744718939
2240,2,1,1,1.0846812301679165e-06,0.999998927116394,1.7899168369694962e-08
2242,0,2,2,1.306756018948363e-07,0.00024407565069850534,0.9997557997703552
2243,0,1,1,0.11039260029792786,0.47145891189575195,0.41814854741096497
2244,2,2,2,0.21015064418315887,0.37370944023132324,0.4161399006843567
2246,2,1,1,0.006427614483982325,0.9935064315795898,6.592157296836376e-05
2247,3,1,1,2.0438103092601523e-05,0.9999784231185913,1.126941128859471e-06
2248,1,1,1,0.07086654752492905,0.9260733127593994,0.0030601131729781628
2250,2,1,1,4.582291512633674e-05,0.9999486207962036,5.586426141235279e-06
2251,3,1,1,0.0919143557548523,0.8718894720077515,0.036196161061525345
2253,3,2,2,8.447721029369859e-07,4.0507991798222065e-05,0.9999586343765259
2256,0,1,1,3.805464075412601e-05,0.9999451637268066,1.6821661120047793e-05
2257,2,2,2,1.682548145254259e-07,2.595371313418582e-07,0.9999996423721313
2260,3,1,1,0.0001652104692766443,0.9997203946113586,0.00011432657629484311
2261,2,1,1,1.0420931317867144e-07,0.9999998807907104,1.2877996447002715e-08
2262,2,2,2,0.01889955624938011,0.004048212431371212,0.9770522117614746
2263,3,2,2,1.6033848169172416e-06,0.0008586517069488764,0.9991397857666016
2264,2,1,1,6.758944800822064e-05,0.9999101161956787,2.22843427764019e-05
2265,1,1,1,0.00010324516915716231,0.9998738765716553,2.282916466356255e-05
2266,3,2,2,2.5712316187309625e-07,0.00011491811892483383,0.999884843826294
2267,2,1,1,0.0009197683539241552,0.9990516304969788,2.855340062524192e-05
2268,0,1,1,5.72944827581523e-07,0.9999991655349731,2.1699814567455178e-07
2270,2,2,2,1.0223357094218954e-06,6.686124152111006e-07,0.9999982118606567
2271,2,1,2,0.034840717911720276,0.09752164781093597,0.867637574672699
2272,4,2,2,3.284212368726003e-07,3.8101329664641526e-06,0.9999958276748657
2274,2,2,2,0.00011838538921438158,0.00422880332916975,0.9956527948379517
2275,1,2,2,0.00816517323255539,0.001681096269749105,0.9901537299156189
2276,2,1,2,0.40177786350250244,0.15900404751300812,0.43921804428100586
2277,4,2,2,0.00012302368122618645,1.6187288565561175e-05,0.9998607635498047
2278,0,2,2,6.179859610710992e-07,1.8407139350529178e-06,0.999997615814209
2279,2,1,1,2.285814298375044e-05,0.9999769926071167,1.039468813246458e-07
2280,4,2,2,0.00022722705034539104,0.0008023190894164145,0.9989705085754395
2282,4,1,1,1.3656092505698325e-06,0.9999973773956299,1.2284209560675663e-06
2283,3,2,2,0.00045364710967987776,0.0002859622472897172,0.9992603659629822
2284,1,2,2,0.00013930187560617924,4.685597559728194e-06,0.9998559951782227
2289,1,1,1,1.5489664292545058e-05,0.9999722242355347,1.2270628758415114e-05
2290,1,1,1,6.869892786198761e-06,0.9999903440475464,2.73831324193452e-06
2291,2,1,1,1.915872417157516e-06,0.9999972581863403,8.254230010606989e-07
2292,3,1,1,2.2292906578513794e-05,0.9999500513076782,2.761457290034741e-05
2293,0,2,2,9.563488129060715e-05,0.0006768991006538272,0.9992274045944214
2294,4,2,2,0.19557838141918182,0.01032610796391964,0.7940955758094788
2295,4,1,1,0.003081911476328969,0.9965620636940002,0.00035605340963229537
2296,2,1,1,0.0005488803726620972,0.9987584352493286,0.0006926779169589281
2297,0,2,2,1.8265502887970797e-07,3.218329766241368e-06,0.999996542930603
2298,1,2,0,0.6880868673324585,0.13140004873275757,0.18051308393478394
2299,3,1,1,0.0001010710111586377,0.9998834133148193,1.548032923892606e-05
2300,0,2,2,2.3420741968038783e-07,6.686963024549186e-05,0.9999328851699829
2301,0,1,2,0.00019610866729635745,0.00019987970881629735,0.9996040463447571
2302,1,2,2,8.997080840345006e-07,5.341978521755664e-07,0.9999985694885254
2303,0,2,2,0.0002044955181190744,0.00023497099755331874,0.999560534954071
2304,2,1,1,3.0718981633981457e-06,0.9999957084655762,1.1629559821813018e-06
2305,0,1,1,0.00010759977885754779,0.999797523021698,9.494116966379806e-05
2306,1,2,2,9.12466839508852e-06,0.0005748305120505393,0.9994159936904907
2307,1,2,2,4.509831796895014e-06,2.4943628886830993e-05,0.999970555305481
2308,3,1,1,0.005215733777731657,0.9944937825202942,0.00029046920826658607
2309,1,1,0,0.6645161509513855,0.3004295229911804,0.03505435958504677
2311,0,1,1,0.02563747577369213,0.9738169312477112,0.0005456504877656698
2312,2,1,1,0.00025138238561339676,0.9997413754463196,7.189265943452483e-06
2313,4,2,2,0.0007214747020043433,0.00015037014964036644,0.9991282820701599
2314,1,1,1,3.017918970726896e-06,0.9999943971633911,2.5805848054005764e-06
2315,4,1,1,4.972352326149121e-05,0.999869704246521,8.054124191403389e-05
2316,0,1,1,3.377603570697829e-05,0.99996018409729,5.997363132337341e-06
2317,4,1,1,6.512711843242869e-05,0.9998379945755005,9.691130981082097e-05
2318,4,1,1,4.430255842180486e-07,0.9999994039535522,1.9543878693184524e-07
2320,2,1,1,8.496960072079673e-05,0.9999004602432251,1.4597069821320474e-05
2321,2,2,2,1.536376004196427e-07,5.295484584166843e-08,0.9999998807907104
2324,0,1,1,0.0043807486072182655,0.9953631162643433,0.00025605602422729135
2326,3,1,1,3.5226414183853194e-05,0.9993890523910522,0.0005756831378675997
2327,3,1,1,1.0313698339814437e-06,0.999997615814209,1.3213795000410755e-06
2328,0,2,2,1.0923295121756382e-06,0.0008382073719985783,0.9991607666015625
2329,0,1,1,3.059274240513332e-05,0.9999628067016602,6.575283805432264e-06
2330,1,1,2,0.006060492247343063,0.14723490178585052,0.8467046618461609
2331,4,1,1,3.241263129893923e-06,0.9999951124191284,1.642032998461218e-06
2332,2,1,1,6.560607744177105e-06,0.9999914169311523,1.997423623834038e-06
2334,4,2,2,5.033419074607082e-05,0.0002540314453653991,0.9996956586837769
2336,3,1,1,0.005682770628482103,0.9663359522819519,0.027981223538517952
2337,4,1,1,1.495680226071272e-05,0.9999805688858032,4.5140077418182045e-06
2338,2,1,1,0.00044389747199602425,0.9995384216308594,1.7692400433588773e-05
2339,1,2,2,6.064881290512858e-06,1.4596611208617105e-06,0.9999924898147583
2340,0,1,1,0.21560485661029816,0.591641366481781,0.19275374710559845
2342,0,2,2,3.7529534893110394e-05,3.5236309486208484e-05,0.9999271631240845
2344,3,2,1,0.12431478500366211,0.7226020097732544,0.1530831903219223
2345,4,2,2,1.5902955396995822e-07,5.42135167052038e-05,0.9999456405639648
2347,4,2,2,0.0001330962113570422,0.0002137424744432792,0.9996531009674072
2350,1,2,2,1.539157710794825e-05,1.232393401551235e-06,0.9999834299087524
2351,3,1,1,5.770692013129519e-08,0.9999998807907104,6.752917869334851e-08
2353,1,2,2,6.0083213611505926e-05,2.5871946490951814e-05,0.9999140501022339
2355,2,2,2,2.6817240723175928e-05,1.9975654140580446e-05,0.9999531507492065
2357,1,2,2,0.0035270059015601873,0.00026049005100503564,0.9962126016616821
2359,0,1,1,0.0002856504579540342,0.9996912479400635,2.3130329282139428e-05
2361,2,2,2,2.464265162416268e-05,7.080007435433799e-06,0.9999682903289795
2362,1,2,2,5.732409249503689e-07,8.080659426923376e-06,0.9999912977218628
2364,4,2,2,0.00020981142006348819,9.722152753965929e-06,0.9997804760932922
2366,4,2,2,0.0001311889645876363,0.0007596604409627616,0.9991092085838318
2367,2,1,1,0.005698106717318296,0.9906609654426575,0.003640958806499839
2368,1,1,0,0.5928701758384705,0.18430398404598236,0.22282584011554718
2369,3,1,1,2.089510417135898e-05,0.9999747276306152,4.328320756030735e-06
2372,0,1,1,0.011516510508954525,0.9818016886711121,0.006681770086288452
2373,0,1,1,0.1138114184141159,0.8734952211380005,0.0126933753490448
2374,2,1,1,0.16927410662174225,0.7527661919593811,0.07795967906713486
2377,1,2,2,1.6681270835761097e-06,0.0001604629069333896,0.9998378753662109
2378,2,1,2,0.14482398331165314,0.3320024311542511,0.5231736302375793
2379,1,2,2,1.873666178653366e-06,0.0001994520571315661,0.9997987151145935
2381,2,2,2,8.743493526708335e-05,0.00012207924737595022,0.9997904896736145
2382,2,2,2,0.0013211240293458104,0.09170946478843689,0.9069693684577942
2383,3,2,2,2.8551847208291292e-05,0.0009427331970073283,0.9990286827087402
2384,0,1,1,5.4494063078891486e-05,0.9999449253082275,6.245230679269298e-07
2385,3,2,2,8.706296128480062e-09,6.3305658493106876e-09,1.0
2386,1,2,2,0.00047177792293950915,0.00012497043644543737,0.9994032382965088
2389,3,2,2,0.00027610891265794635,1.5307125067920424e-05,0.9997085928916931
2390,2,1,1,4.953374809701927e-05,0.9997527003288269,0.000197798537556082
2391,4,2,0,0.7408460974693298,0.07064753025770187,0.18850630521774292
2395,4,1,1,2.138911895599449e-06,0.9999977350234985,1.482148235254499e-07
2396,1,1,2,0.031478866934776306,0.15087291598320007,0.8176482319831848
2397,2,2,1,0.021212421357631683,0.886920154094696,0.09186738729476929
2398,4,2,2,0.00017037219367921352,9.716897329781204e-05,0.9997324347496033
2399,2,1,1,0.039634834975004196,0.9595221281051636,0.0008430469897575676
2405,4,2,2,3.8749138184357435e-05,2.6676911147660576e-05,0.9999345541000366
2408,2,2,2,0.00014002771058585495,6.47652632324025e-06,0.9998534917831421
2409,1,1,1,4.619461833499372e-06,0.9999878406524658,7.539443231507903e-06
2410,1,1,0,0.8044243454933167,0.14151489734649658,0.0540606789290905
2411,4,1,1,1.408464686392108e-05,0.9999773502349854,8.612613783043344e-06
2412,2,1,0,0.45876821875572205,0.28142598271369934,0.25980573892593384
2413,3,1,1,0.0001172682095784694,0.9997640252113342,0.00011872173490701243
2415,3,1,1,2.796710987240658e-06,0.9999971389770508,9.138955903154056e-08
2416,1,1,1,0.0004378333396743983,0.9994974136352539,6.468878564191982e-05
2417,4,2,2,0.0012251544976606965,0.0020599812269210815,0.9967149496078491
2418,4,1,1,3.612891816828778e-07,0.9999995231628418,1.289422044692401e-07
2419,2,2,1,0.009746099822223186,0.9836174249649048,0.006636511534452438
2420,4,2,0,0.8264904618263245,0.03845260664820671,0.13505691289901733
2421,3,2,2,0.02780042588710785,0.00029777767485938966,0.9719018340110779
2422,3,2,2,9.332464833278209e-05,0.00015621219063177705,0.9997504353523254
2423,1,2,2,5.26878977780143e-07,3.206222118024016e-06,0.9999963045120239
2424,3,2,2,1.0033867283709696e-06,1.4306676803244045e-06,0.999997615814209
2425,0,2,2,5.895671165490057e-06,1.7338713860226562e-06,0.9999923706054688
2428,2,1,1,5.648927253787406e-05,0.9998798370361328,6.367191235767677e-05
2429,0,2,2,1.651482193665288e-06,0.00011688682570820674,0.999881386756897
2430,0,1,2,0.023295152932405472,0.03212755173444748,0.9445772171020508
2431,0,1,1,0.1271674931049347,0.585001528263092,0.2878309488296509
2432,4,1,1,2.3952732590259984e-05,0.9999561309814453,1.997018807742279e-05
2433,1,2,2,6.717335736539098e-07,1.5126061043702066e-06,0.9999977350234985
2434,1,2,2,1.2580007933138404e-06,7.89251771493582e-06,0.9999908208847046
2435,1,2,2,4.0794158849166706e-05,5.873880127182929e-06,0.9999533891677856
2436,0,2,2,2.914634080752876e-07,1.6476285509270383e-06,0.9999980926513672
2437,1,1,1,0.00044641492422670126,0.9995177984237671,3.578261748771183e-05
2438,3,2,1,8.47725968924351e-05,0.9997593760490417,0.0001558014628244564
2439,0,2,2,1.4482572623819578e-05,0.0007192970369942486,0.9992662072181702
2440,3,1,2,0.40826141834259033,0.011546313762664795,0.5801922678947449
2441,4,1,1,8.203901415981818e-06,0.9999661445617676,2.5648847440606914e-05
2442,4,1,0,0.7696943283081055,0.14006303250789642,0.09024269878864288
2443,1,2,2,2.924117552538519e-07,3.8782472984166816e-05,0.9999610185623169
2444,4,2,2,4.999889946510905e-10,1.5082415302458685e-05,0.999984860420227
2445,4,2,2,1.1258186532359105e-05,0.00024250925343949348,0.9997462630271912
2448,3,1,1,0.001842309022322297,0.9901819825172424,0.007975718937814236
2449,4,1,1,0.00010794988338602707,0.9975814819335938,0.0023105465807020664
2450,1,2,0,0.8622645735740662,0.04280281066894531,0.09493257850408554
2451,1,1,1,1.2279729162401054e-06,0.9999911785125732,7.608498890476767e-06
2452,0,1,1,4.5640663302037865e-05,0.9999536275863647,7.416191465381416e-07
2453,4,2,2,1.2905715038868948e-06,0.00012895885447505862,0.999869704246521
2454,0,2,2,1.056784867614624e-06,0.000106421546661295,0.9998924732208252
2455,3,1,1,6.955511722139818e-09,1.0,7.419650449591586e-10
2456,3,1,1,9.714959787743283e-07,0.9999983310699463,6.693780392197368e-07
2460,2,2,2,3.0485518436762504e-05,0.0015957456780597568,0.9983737468719482
2461,2,1,1,2.6875257390202023e-05,0.9999607801437378,1.2362258530629333e-05
2462,3,1,1,1.4693836419610307e-05,0.9999701976776123,1.515903841209365e-05
2463,2,2,0,0.581817626953125,0.00845180731266737,0.4097305238246918
2464,1,1,1,6.621875172641012e-07,0.9999974966049194,1.837181798691745e-06
2465,1,1,1,0.0015438050031661987,0.9984390139579773,1.7237127394764684e-05
2466,0,1,1,2.1831765479873866e-05,0.9999778270721436,3.984260956713115e-07
2467,4,2,2,7.304015170461753e-09,5.013649570173584e-06,0.9999949932098389
2469,2,2,2,7.218893006211147e-05,0.0007862590136937797,0.9991415739059448
2471,4,1,1,0.0008520586998201907,0.9989103078842163,0.00023762801720295101
2472,2,2,2,0.00011752816499210894,0.0015802056295797229,0.9983022212982178
2473,3,2,2,3.2521832054044353e-06,1.8799532881530467e-06,0.9999948740005493
2474,0,1,1,1.4716159057570621e-05,0.9999710321426392,1.4283427844929975e-05
2476,1,2,2,1.1774720405810513e-05,7.890651431807783e-06,0.9999803304672241
2477,2,1,1,0.002234687563031912,0.9975873231887817,0.00017804838716983795
2478,3,1,1,0.01050653774291277,0.9891624450683594,0.0003310661995783448
2479,4,1,0,0.9165988564491272,0.022482022643089294,0.06091917306184769
2480,2,2,2,4.621181233233074e-06,1.493787749495823e-06,0.9999938011169434
2482,0,2,2,1.962762780749472e-06,6.025250058883103e-06,0.9999920129776001
2484,2,2,2,4.90063575853128e-06,4.35985712101683e-05,0.9999514818191528
2485,0,2,2,2.2390133835870074e-07,2.6034822440124117e-06,0.9999971389770508
2486,0,2,2,1.4193537936080247e-06,7.558979996247217e-05,0.9999229907989502
2488,0,2,2,5.528094675355533e-07,8.70340591063723e-06,0.999990701675415
2489,4,2,2,0.00011352577712386847,0.00018281156371813267,0.999703586101532
2492,4,2,2,7.432586102140704e-08,3.065537157453946e-07,0.9999995231628418
2493,0,2,2,4.789336890098639e-05,0.0024898273404687643,0.997462272644043
2494,3,2,2,9.411024075234309e-05,1.2489269465731923e-05,0.999893307685852
2495,1,2,2,0.00011903743870789185,0.00033359669032506645,0.9995473027229309
2496,3,2,2,1.5632292615919141e-06,5.75360490984167e-06,0.9999927282333374
2497,2,1,1,9.63195907388581e-06,0.9999892711639404,1.1314483572277823e-06
2498,1,1,1,1.570969652675558e-05,0.9999686479568481,1.5583933418383822e-05
2500,4,1,1,1.9387542124604806e-05,0.9999617338180542,1.8879049093811773e-05
2505,0,2,2,4.7022996607637424e-11,2.786448476399528e-07,0.9999997615814209
2507,3,1,1,7.720287248957902e-05,0.999920129776001,2.697722266020719e-06
2508,1,2,2,5.619162038783543e-06,2.269571496071876e-06,0.9999921321868896
2510,0,2,2,8.165627063405623e-10,2.5764859401533613e-06,0.9999973773956299
2511,4,2,2,1.0026655218098313e-05,2.41947941503895e-06,0.9999876022338867
2513,3,2,2,2.4315036171174143e-06,1.9002698081749259e-07,0.9999973773956299
2514,4,2,2,0.1950683295726776,0.022257627919316292,0.7826739549636841
2517,3,1,1,3.0672336492898467e-07,0.9999996423721313,1.4270771231394974e-08
2518,4,2,2,0.00023570550547447056,0.00010862712952075526,0.9996556043624878
2519,2,2,2,0.006965543609112501,0.00023289052478503436,0.9928015470504761
2520,1,2,2,8.334399353771005e-06,6.147446129034506e-06,0.9999854564666748
2521,2,2,2,0.0002489002363290638,2.974844755954109e-05,0.9997212290763855
2522,0,2,0,0.5251200795173645,0.2607860565185547,0.2140939086675644
2523,2,1,1,4.007701591035584e-06,0.9999935626983643,2.4217374630097765e-06
2526,2,2,2,1.3872877389076166e-06,1.303169142374827e-06,0.9999972581863403
2528,0,2,2,2.7461544505058555e-07,2.843719266820699e-05,0.9999712705612183
2529,0,2,2,0.016131771728396416,0.0006707967258989811,0.9831974506378174
2530,2,2,2,6.446712053076453e-09,2.193958437146648e-07,0.9999997615814209
2531,4,2,2,0.0010333333630114794,0.001027577673085034,0.9979390501976013
2532,3,2,2,4.5793299818797095e-07,6.424482990041724e-08,0.9999994039535522
2533,3,2,2,0.00048448448069393635,7.595666829729453e-05,0.999439537525177
2534,0,2,2,3.92992873798903e-08,1.9689130681399547e-07,0.9999997615814209
2535,4,2,2,2.19394087253022e-06,3.7593854358419776e-06,0.9999940395355225
2537,4,2,2,0.00015327974688261747,2.5823637770372443e-05,0.99982088804245
2538,4,2,2,4.7999474190874025e-05,1.186508779937867e-05,0.999940037727356
2539,4,2,2,1.75156892510131e-05,2.154941284970846e-05,0.9999608993530273
2540,1,2,2,4.43439120090261e-07,6.590660177607788e-07,0.9999988079071045
2542,1,2,2,4.829237241210649e-07,8.724848157726228e-06,0.9999908208847046
2543,2,2,2,3.1737148674437776e-05,1.2096279533579946e-05,0.9999562501907349
2544,2,2,2,6.529199225724369e-08,8.646323976790882e-07,0.9999990463256836
2545,4,2,2,2.766243767382548e-07,1.6639404520901735e-07,0.9999996423721313
2546,4,2,2,4.4354919737088494e-07,3.8583479181397706e-05,0.9999608993530273
2548,0,1,1,3.5461184211271757e-07,0.9999995231628418,1.6756654019900452e-07
2550,2,1,1,0.0006617516046389937,0.9992923736572266,4.580091990646906e-05
2551,0,1,1,0.007582997903227806,0.9916501045227051,0.0007669044425711036
2552,4,1,1,4.8077637870846957e-08,0.9999998807907104,4.108919071654782e-08
2553,1,2,2,2.2876242837810423e-06,1.2382115528453141e-06,0.999996542930603
2554,3,1,1,0.00022686396550852805,0.9997578263282776,1.5279450963134877e-05
2555,3,2,0,0.42929592728614807,0.17333683371543884,0.3973672688007355
2556,3,2,2,3.622001713665668e-06,1.2945676644449122e-05,0.9999834299087524
2557,0,1,1,5.0545906560728326e-05,0.9999475479125977,1.909360662466497e-06
2559,0,1,1,4.376432116259821e-06,0.9999947547912598,8.774559887569922e-07
2561,0,1,1,0.0019175225170329213,0.9978249073028564,0.0002575924445409328
2562,0,2,2,7.291861493285978e-06,9.006857908389065e-06,0.9999836683273315
2563,3,2,2,5.327536634069929e-09,6.563840138085197e-09,1.0
2564,2,2,2,0.00010847519297385588,0.15797872841358185,0.8419127464294434
2566,4,2,2,0.15278282761573792,0.15812407433986664,0.6890931129455566
2567,3,2,2,6.47340721116052e-06,1.8573826991996611e-06,0.9999916553497314
2568,3,1,1,3.5591852793004364e-05,0.9999581575393677,6.267703611229081e-06
2569,1,1,1,0.04892103001475334,0.9404006600379944,0.010678292252123356
2570,4,1,1,4.915519369319554e-08,1.0,5.3113642373148195e-09
2573,4,1,1,2.5248114980058745e-05,0.9999575614929199,1.718176281428896e-05
2575,2,2,2,0.0002479356189724058,1.7170665159937926e-05,0.9997349381446838
2576,2,2,2,0.0001042069707182236,2.4835739168338478e-05,0.999871015548706
2578,1,1,1,6.212622247403488e-05,0.9999274015426636,1.0513697816350032e-05
2579,1,1,1,0.00045486853923648596,0.9982516169548035,0.001293519395403564
2580,3,1,1,6.185912866385479e-07,0.9999991655349731,2.405696477580932e-07
2581,4,1,1,3.452000328252325e-06,0.999967098236084,2.939964906545356e-05
2582,4,2,0,0.8192993998527527,0.00577886775135994,0.17492184042930603
2583,4,2,2,4.649154652724974e-05,0.001624772441573441,0.9983287453651428
2584,3,1,1,0.00010443032078910619,0.9998272061347961,6.841716094641015e-05
2585,1,2,2,1.2566135865199612e-06,3.040638148377184e-06,0.9999955892562866
2586,3,1,1,9.753365884535015e-05,0.9998944997787476,7.986489436007105e-06
2587,2,1,1,5.493516073329374e-05,0.9999377727508545,7.28513214198756e-06
2588,2,2,2,1.7194541896969895e-06,9.147611308435444e-06,0.9999891519546509
2592,0,2,0,0.5029551386833191,0.05834253504872322,0.4387023448944092
2594,2,1,0,0.8066518902778625,0.023842312395572662,0.16950581967830658
2595,1,1,2,0.023474615067243576,0.37708696722984314,0.5994384288787842
2596,2,1,2,0.03462625667452812,0.04660886898636818,0.9187649488449097
2597,2,1,2,0.006807759404182434,0.004934926517307758,0.9882573485374451
2598,3,1,1,0.1500796526670456,0.526139497756958,0.32378089427948
2599,3,1,1,0.0006509859813377261,0.9993273019790649,2.1717234631069005e-05
2600,0,1,1,0.00021601605112664402,0.999754011631012,2.9994675060152076e-05
2601,2,1,1,0.0022785128094255924,0.993550181388855,0.004171266220510006
2602,0,2,2,4.234893640386872e-05,0.0015933195827528834,0.998364269733429
2604,1,1,1,2.9760285542579368e-05,0.9999445676803589,2.566363400546834e-05
2605,4,1,1,0.0005717795575037599,0.9934496283531189,0.005978601519018412
2607,3,1,1,1.8616588931763545e-05,0.9999780654907227,3.3490352961962344e-06
2608,1,2,2,3.1213647162076086e-05,0.00012754862837027758,0.9998412132263184
2609,1,2,2,7.182864646892995e-05,0.004928791895508766,0.9949992895126343
2610,1,1,2,0.03296614810824394,0.4213767349720001,0.5456570982933044
2612,4,1,1,7.3954497565864585e-06,0.9999219179153442,7.066118996590376e-05
2613,2,2,2,1.7841584565303492e-07,4.1342036638525315e-06,0.9999957084655762
2614,4,2,2,5.4059041758591775e-06,2.4685221433173865e-05,0.9999699592590332
2615,3,2,2,1.2767391588397459e-08,7.979692213666567e-07,0.9999991655349731
2616,2,1,1,8.508406608598307e-05,0.999894380569458,2.0514062271104194e-05
2617,2,2,2,3.13915649030605e-09,3.62727831770826e-07,0.9999996423721313
2619,0,1,1,4.4988397007728054e-07,0.9999988079071045,7.547881750724628e-07
2620,0,2,2,1.7397219664871955e-08,4.506427103478927e-06,0.9999954700469971
2621,2,1,1,0.006166102364659309,0.9552865624427795,0.03854737430810928
2622,4,2,2,4.872860517934896e-05,0.0007132859318517148,0.9992380142211914
2623,4,2,2,1.310376518404155e-07,2.7995984055451117e-06,0.9999971389770508
2624,3,1,1,1.1494777027110104e-05,0.9999879598617554,5.479271862895985e-07
2625,0,1,1,0.00010340761218685657,0.9998952150344849,1.3812455108563881e-06
2626,1,1,1,6.666847980341117e-07,0.9999988079071045,4.787401053363283e-07
2627,2,1,1,0.0005375466425903141,0.9993639588356018,9.849093476077542e-05
2628,0,2,2,6.821752549512894e-07,8.119831363728736e-06,0.9999911785125732
2629,0,1,1,0.00010853125422727317,0.9998903274536133,1.170008204098849e-06
2631,2,2,2,0.00012001143477391452,1.2548833183245733e-05,0.9998674392700195
2633,2,2,2,7.326752529479563e-05,0.0005905255675315857,0.9993361830711365
2635,3,2,2,1.730476384409485e-08,4.6631434713617637e-08,1.0
2636,0,2,2,2.7789087653218303e-06,2.3065695131663233e-05,0.999974250793457
2637,4,2,2,6.163376838230761e-06,0.0009875085670500994,0.9990063309669495
2638,0,2,2,2.5725439556367746e-08,8.791453183221165e-06,0.9999911785125732
2639,4,1,1,3.306598500785185e-06,0.9999916553497314,5.042455995862838e-06
2640,1,1,1,0.25335052609443665,0.5975354909896851,0.1491139829158783
2641,1,2,2,6.29447094979696e-06,3.111293335678056e-05,0.999962568283081
2642,0,2,2,3.3120159059762955e-07,2.86531616211505e-07,0.9999994039535522
2645,1,1,1,2.1465806639753282e-05,0.9999731779098511,5.346692432794953e-06
2647,1,1,1,4.0760019714980444e-07,0.9999994039535522,1.79644430886583e-07
2648,4,2,2,2.8468150503613288e-06,0.00013803961337544024,0.999859094619751
2650,0,1,1,7.648643804714084e-05,0.9999105930328369,1.2893677194369957e-05
2651,0,1,1,0.00022164398978929967,0.9997417330741882,3.656761327874847e-05
2653,3,1,1,6.688390567433089e-05,0.9999297857284546,3.2788586850074353e-06
2654,2,2,2,4.515801265370101e-06,2.0034631234011613e-05,0.9999754428863525
2655,4,2,2,0.0007666784804314375,7.481538341380656e-05,0.999158501625061
2656,3,2,2,2.599440449557733e-06,6.230077997315675e-05,0.9999350309371948
2657,4,2,2,1.0508000691800135e-08,8.376998721359996e-07,0.9999991655349731
2660,4,1,1,4.099913712707348e-05,0.9999252557754517,3.378129986231215e-05
2661,0,1,1,0.0008045551367104053,0.9991459846496582,4.9415855755796656e-05
2662,4,1,1,3.947492110967232e-09,1.0,1.4997549868667193e-08
2664,2,2,2,5.2618986956076697e-05,1.1499839729367523e-06,0.9999462366104126
2665,3,2,2,8.911759437069122e-07,2.2794565666117705e-05,0.999976396560669
2666,0,1,1,2.2084172996983398e-06,0.9999932050704956,4.6229283725551795e-06
2667,1,2,2,1.395946219417965e-05,5.5891607189550996e-05,0.9999301433563232
2668,4,2,2,0.004166856873780489,0.0001259252312593162,0.9957072138786316
2669,2,2,2,1.3673374041900388e-06,3.6948415527149336e-07,0.9999983310699463
2670,1,2,2,2.135581553375232e-06,0.0009256580960936844,0.9990721940994263
2671,1,2,2,0.00024986863718368113,2.892941665777471e-05,0.999721109867096
2672,1,1,1,0.05992446467280388,0.8761240839958191,0.06395141780376434
2673,0,2,2,5.091828469971915e-08,5.978967010378256e-07,0.9999994039535522
2674,3,2,2,0.022722482681274414,0.15021412074565887,0.8270633816719055
2675,0,2,2,0.0003229421272408217,0.00011015209020115435,0.9995669722557068
2676,2,1,1,1.3485245290212333e-05,0.9999852180480957,1.3131086689099902e-06
2677,3,1,1,1.5400654547192971e-06,0.9999974966049194,9.271061003346404e-07
2678,3,1,1,1.1404667930037249e-05,0.9999856948852539,2.9041173092991812e-06
2679,1,2,2,5.573436283157207e-06,9.427984082321927e-07,0.9999934434890747
2681,1,2,2,5.421901005320251e-05,0.0012646017130464315,0.9986812472343445
2682,2,1,1,0.04196510091423988,0.7790094017982483,0.17902544140815735
2683,3,1,1,7.455811896761588e-07,0.9999985694885254,7.31428258404776e-07
2684,2,2,2,2.42760279434151e-07,0.0001398661988787353,0.9998599290847778
2685,0,2,2,0.08823981136083603,0.02461223304271698,0.8871480226516724
2686,4,2,2,1.0459056284162216e-05,8.525741577614099e-06,0.9999809265136719
2688,1,2,2,4.448135939583153e-07,6.080675802877522e-07,0.999998927116394
2689,4,2,2,0.0001486862456658855,0.004733779467642307,0.9951175451278687
2690,3,2,2,3.4917789889732376e-05,7.470015407307073e-05,0.9998903274536133
2692,0,1,1,0.10075392574071884,0.8806957006454468,0.018550364300608635
2693,2,2,2,0.0002467115700710565,0.00200774148106575,0.9977455735206604
2694,0,2,2,5.684754069079645e-05,0.0007560201920568943,0.999187171459198
2695,3,2,2,5.246367072686553e-05,3.62588616553694e-05,0.9999113082885742
2698,3,2,2,0.020495908334851265,0.006476628128439188,0.9730274677276611
2699,2,2,2,5.15781312060426e-06,2.6035986593342386e-05,0.9999688863754272
2700,3,1,1,1.272473593161294e-08,1.0,5.807211933550604e-10
2702,0,2,2,5.996778327244101e-06,2.3647795387660153e-05,0.9999704360961914
2703,1,1,1,9.083256736630574e-05,0.9998713731765747,3.781001578317955e-05
2704,0,2,0,0.7291179895401001,0.018708301708102226,0.25217369198799133
2705,2,2,2,2.475362634868361e-05,1.1217122846574057e-05,0.9999639987945557
2706,0,2,2,3.1702242608844244e-08,3.838871407424449e-07,0.9999996423721313
2707,0,1,1,1.3154314046914806e-06,0.9999986886978149,3.2926248394460345e-08
2708,2,2,0,0.7016156315803528,0.003342248033732176,0.29504215717315674
2709,3,2,2,4.605621143127792e-06,5.0376429499010555e-06,0.9999903440475464
2710,0,1,1,8.819861250231043e-07,0.9999991655349731,1.2054998776989123e-08
2711,0,2,2,6.412871584871027e-07,6.9876882662356365e-06,0.9999923706054688
2712,4,1,0,0.8121598958969116,0.04310447722673416,0.14473560452461243
2714,2,2,2,0.00034599550417624414,0.00019930776034016162,0.99945467710495
2715,4,1,1,2.989417282606155e-07,0.9999988079071045,8.96496430868865e-07
2716,3,1,1,3.1721732796086144e-08,0.9999982118606567,1.7972247405850794e-06
2717,2,1,1,1.7235921404790133e-05,0.9999823570251465,4.3805303562294284e-07
2718,0,2,2,6.864210604362597e-07,1.4111577684161603e-06,0.9999978542327881
2720,1,1,1,4.438271844264818e-06,0.9999899864196777,5.578138825512724e-06
2721,3,2,2,0.060218121856451035,0.016685593873262405,0.9230962991714478
2723,4,2,2,0.00018656665633898228,0.0007110800943337381,0.9991024732589722
2724,2,1,1,5.511324161489028e-07,0.9999994039535522,2.9549164892728186e-08
2725,2,2,2,9.514266707810748e-08,1.471586870138708e-06,0.9999984502792358
2726,0,2,2,0.10190443694591522,0.014144942164421082,0.8839505910873413
2727,0,2,2,0.0005724136135540903,0.014098124578595161,0.9853295683860779
2728,3,2,2,2.053275784419384e-05,0.00013354660768527538,0.9998459815979004
2730,3,1,1,8.645198249723762e-06,0.9999904632568359,9.325443102170539e-07
2731,2,2,2,5.4719234867661726e-06,7.224592081911396e-06,0.9999872446060181
2733,4,1,1,1.0781119271996431e-05,0.9999651908874512,2.404658698651474e-05
2734,1,1,1,0.021290266886353493,0.9480637907981873,0.0306459441781044
2736,1,2,2,6.36995755485259e-05,6.489770385087468e-06,0.9999299049377441
2737,2,1,1,0.42451220750808716,0.49790051579475403,0.0775873139500618
2739,4,1,1,2.9986505978740752e-05,0.9999631643295288,6.803069027228048e-06
2740,4,2,2,5.3466905569621304e-08,0.00024915862013585865,0.9997507929801941
2741,1,1,1,1.0889115173995378e-06,0.9999985694885254,3.104848360635515e-07
2742,1,2,2,2.508679244783707e-06,0.00015896499098744243,0.9998384714126587
2743,4,2,2,4.094990799785592e-05,2.2958749468671158e-05,0.9999359846115112
2745,4,2,2,9.196568498737179e-06,7.374409506155644e-06,0.9999834299087524
2746,0,2,2,2.8609236323973164e-05,4.332694516051561e-06,0.999967098236084
2747,0,2,2,5.154233349458082e-06,0.00034059901372529566,0.9996542930603027
2748,2,2,2,2.876420523989509e-07,6.527298523906211e-07,0.9999991655349731
2751,2,1,1,0.0021319366060197353,0.9975966811180115,0.00027140459860675037
2752,2,1,2,0.00016012234846130013,0.00012760698155034333,0.9997121691703796
2753,3,1,1,5.049142259849759e-07,0.9999991655349731,2.9243014409985335e-07
2754,2,1,1,1.7526045326121675e-07,0.9999997615814209,1.1391436061103377e-07
2755,2,2,2,0.0009253453463315964,0.00043518387246876955,0.9986394047737122
2756,2,2,2,4.926563974549936e-07,7.717087555647595e-07,0.9999988079071045
2757,3,1,1,1.3912991562392563e-05,0.9999849796295166,1.1540629429873661e-06
2758,2,1,1,2.5746192022779724e-06,0.9999973773956299,2.4121877828520155e-08
2759,4,2,2,9.25953702601845e-10,1.2506397979450412e-06,0.9999988079071045
2760,4,1,1,1.4159154204662627e-07,0.9999996423721313,2.3658452619201853e-07
2763,2,2,2,3.573573849280365e-05,5.613068788079545e-05,0.9999080896377563
2764,2,2,2,2.778938323899638e-06,4.476368849282153e-05,0.9999524354934692
2767,1,2,2,1.3995097106089815e-05,0.0009419083362445235,0.9990440011024475
2768,0,2,2,0.02830835059285164,0.0004824350180570036,0.9712092280387878
2769,2,2,2,2.180594727008156e-08,3.813697162513563e-07,0.9999996423721313
2770,2,2,2,1.4187475194660237e-08,6.351291403916548e-07,0.9999994039535522
2771,2,1,1,2.026206857408397e-05,0.9999103546142578,6.934675184311345e-05
2772,4,2,2,5.788113810467621e-08,1.2396416195770144e-06,0.9999988079071045
2773,3,2,2,7.842794730095193e-05,5.4341617214959115e-05,0.9998672008514404
2774,4,2,2,1.3802457942801993e-05,2.1885418391320854e-05,0.9999642372131348
2776,1,2,2,2.935429074568674e-05,2.1735821064794436e-05,0.9999489784240723
2778,1,2,2,3.1645388389733853e-06,7.762468158034608e-06,0.9999890327453613
2779,1,2,2,8.281674126919825e-06,3.1489764751313487e-06,0.9999886751174927
2780,0,2,2,2.000141279268064e-07,4.2020684531962615e-07,0.9999992847442627
2781,0,2,2,3.647033341991346e-09,5.871638464327589e-08,1.0
2784,4,2,2,1.3434386346489191e-05,0.0015565744834020734,0.9984299540519714
2785,3,2,2,7.2529928729636595e-06,1.6836710301504354e-06,0.9999910593032837
2787,4,2,2,0.000497975735925138,0.001055970904417336,0.9984460473060608
2788,0,2,2,6.252363959902141e-08,1.1294952173557249e-07,0.9999997615814209
2789,3,2,2,1.96463934116764e-05,1.2653432349907234e-05,0.9999676942825317
2790,0,2,2,5.259714725980302e-06,0.00011690825340338051,0.9998778104782104
2791,2,1,1,9.783092536963522e-05,0.9998553991317749,4.673891089623794e-05
2792,0,2,2,1.4483058521364e-06,4.297827672417043e-06,0.9999942779541016
2793,2,2,2,2.632832092785975e-06,1.3822859727952164e-06,0.9999959468841553
2795,4,2,2,4.267086950449084e-08,2.866699588821575e-08,1.0
2796,3,2,2,1.9142978999298066e-05,0.00023397714539896697,0.9997468590736389
2799,3,1,1,2.5133852332714923e-08,0.9997043013572693,0.00029560545226559043
2800,3,2,2,2.8174993005336546e-08,4.553931773898512e-07,0.9999995231628418
2802,3,1,1,0.0002583031600806862,0.9997318387031555,9.874509487417527e-06
2803,0,2,2,1.1822363887858955e-07,0.0003843713493552059,0.9996154308319092
2804,0,2,2,0.0002580515283625573,2.6344585421611555e-05,0.9997156262397766
2805,2,2,2,0.006482081487774849,0.057337190955877304,0.9361807107925415
2807,3,1,0,0.738602876663208,0.0026259052101522684,0.25877130031585693
2808,4,2,2,0.0002564739261288196,8.820042421575636e-05,0.9996553659439087
2809,4,2,2,4.509673487973487e-07,1.5803435644556885e-06,0.9999979734420776
2810,0,2,2,1.095057450584136e-05,5.6947797020256985e-06,0.9999833106994629
2811,4,2,2,0.010153586976230145,0.0025430754758417606,0.9873033165931702
2812,1,2,2,8.811910083750263e-05,0.00033970343065448105,0.9995720982551575
2813,4,1,1,1.4400210602616426e-05,0.9999732971191406,1.2335632163740229e-05
2814,1,2,2,6.22179577476345e-05,1.693120793788694e-05,0.9999208450317383
2815,1,2,2,3.5380264762352454e-06,0.0002640332095324993,0.9997324347496033
2816,2,2,2,0.010367164388298988,0.00046784989535808563,0.9891648888587952
2817,0,2,2,7.830381676399156e-09,3.494232103662398e-08,1.0
2818,3,2,2,8.316342245962005e-06,0.00040685778367333114,0.9995848536491394
2819,2,2,2,8.764634003455285e-06,1.695887476671487e-05,0.999974250793457
2821,2,2,2,1.071492761184345e-06,5.807382876810152e-07,0.9999983310699463
2822,4,2,2,3.5378536722419085e-07,8.645637876725232e-07,0.9999988079071045
2823,4,1,1,4.941716369444293e-09,1.0,2.7655572054641198e-08
2826,1,2,2,9.352926326755551e-07,1.1311043408568366e-06,0.9999979734420776
2827,3,2,2,4.06917365580739e-07,0.00048090063501149416,0.9995187520980835
2828,1,2,2,9.746596333570778e-05,0.006191770080476999,0.9937107563018799
2829,0,2,2,9.173078433377668e-05,0.00010346314957132563,0.9998047947883606
2830,4,1,1,3.8771776900148325e-08,0.9999995231628418,3.960318224471848e-07
2831,1,2,2,4.552195150608895e-06,4.076045570400311e-06,0.9999914169311523
2832,3,2,2,1.8173110220232047e-05,0.00555401062592864,0.9944279193878174
2833,0,1,1,0.005535104312002659,0.9943410158157349,0.0001238863478647545
2834,3,2,2,6.73136446494027e-06,5.264855644782074e-05,0.9999406337738037
2835,1,2,2,0.01883707381784916,0.00020063811098225415,0.9809622168540955
2836,2,1,1,0.0007746668998152018,0.9991419315338135,8.332147990586236e-05
2837,3,1,1,5.505844455910847e-07,0.9999994039535522,3.5659486030681364e-08
2838,3,1,1,2.6610585337039083e-05,0.9999057054519653,6.771134212613106e-05
2839,0,2,2,1.7581745851202868e-05,4.813451960217208e-05,0.9999343156814575
2840,4,1,1,6.685672815365251e-08,0.9999998807907104,3.989054064845732e-08
2841,3,2,2,0.0032491637393832207,9.734602645039558e-05,0.9966536164283752
2842,2,2,2,7.732024641882163e-06,2.80399899565964e-06,0.99998939037323
2843,4,2,2,7.238074029025654e-10,6.127813776402036e-06,0.9999939203262329
2844,1,1,1,0.1274237334728241,0.44923239946365356,0.42334380745887756
2845,4,2,2,2.1079860744066536e-05,8.154015813488513e-05,0.9998973608016968
2847,1,1,1,6.709149715788953e-07,0.9999990463256836,2.5595315378268424e-07
2850,2,2,2,1.8245442333864048e-05,1.7017647451211815e-06,0.999980092048645
2851,3,2,2,0.004580118227750063,0.0012907868949696422,0.9941290616989136
2852,1,2,2,4.6393754018936306e-05,2.2145119146443903e-05,0.9999314546585083
2854,0,2,2,7.891492259659572e-08,7.161454504966969e-07,0.9999991655349731
2855,4,2,2,0.0028707252349704504,0.024006227031350136,0.9731230735778809
2856,2,2,2,4.449190237210132e-05,1.9975079794676276e-06,0.9999535083770752
2857,1,1,1,9.629220585338771e-05,0.9998607635498047,4.295436883694492e-05
2858,4,2,2,4.8000238166423514e-05,7.317473500734195e-05,0.9998787641525269
2859,2,2,2,0.00027150067035108805,0.00018990313401445746,0.9995385408401489
2861,0,2,2,1.674293707765173e-05,0.0034203932154923677,0.9965628981590271
2862,1,1,2,0.0018104816554114223,0.008180970326066017,0.9900084733963013
2864,1,2,2,5.591112312686164e-06,5.413459075498395e-05,0.9999402761459351
2865,0,2,2,2.6047242499771528e-05,3.6384335544425994e-05,0.9999375343322754
2866,1,1,1,0.02656446024775505,0.9703904390335083,0.003045073477551341
2867,0,1,1,4.571775934891775e-05,0.9999457597732544,8.46237253426807e-06
2869,1,2,2,0.000142881297506392,4.770841769641265e-06,0.9998522996902466
2870,0,2,2,2.971925461281444e-08,2.3859934117353987e-07,0.9999997615814209
2871,2,1,1,0.0331646166741848,0.8172566890716553,0.14957869052886963
2872,4,2,1,2.895046009143698e-06,0.9998021721839905,0.0001949264551512897
2873,0,2,2,9.566041626385413e-06,7.827723311493173e-05,0.9999121427536011
2874,2,1,1,3.412385194678791e-05,0.9999655485153198,2.735283999300009e-07
2875,1,1,1,4.977028311259346e-06,0.999992847442627,2.165474597859429e-06
2876,3,2,2,2.449197609166731e-06,2.979741111630574e-05,0.9999676942825317
2877,0,1,1,0.0025176191702485085,0.9974204301834106,6.191439752001315e-05
2879,0,1,1,3.7195155755398446e-07,0.9999994039535522,1.7461756840475573e-07
2880,1,2,2,0.00014543632278218865,1.7428830688004382e-05,0.9998371601104736
2881,0,2,2,5.1573759265011176e-05,7.510850082326215e-06,0.9999408721923828
2882,4,2,2,8.47177830110013e-07,3.4166873774665873e-06,0.9999957084655762
2883,3,2,2,2.5777573853247304e-08,6.025065431458643e-06,0.9999939203262329
2884,4,2,2,0.0002853291807696223,2.6347108359914273e-05,0.9996883869171143
2885,0,2,2,5.1573759265011176e-05,7.510850082326215e-06,0.9999408721923828
2886,4,1,2,0.0016425794456154108,0.007957268506288528,0.9904001355171204
2887,3,1,1,6.275176019698847e-06,0.999992847442627,8.511557325618924e-07
2888,3,2,2,7.517153335356852e-06,2.625879642437212e-05,0.9999662637710571
2891,0,2,2,5.355650145588697e-09,1.164472223535995e-06,0.9999988079071045
2892,4,2,2,2.325885589016252e-06,2.1356689103413373e-05,0.9999762773513794
2893,3,1,1,3.9214621210703626e-05,0.9999567270278931,4.09403082812787e-06
2894,4,2,2,2.85031234170674e-07,4.836205107494607e-07,0.9999992847442627
2895,4,1,1,0.0003633503511082381,0.9996176958084106,1.8953014659928158e-05
2897,0,1,2,1.887224811980559e-07,0.00066135183442384,0.9993384480476379
2899,3,1,1,0.0006053956458345056,0.9980712532997131,0.001323412056080997
2901,0,1,1,3.529447712935507e-05,0.9999600648880005,4.599775820679497e-06
2902,4,1,1,0.02387215383350849,0.8900842666625977,0.08604355901479721
2904,1,2,2,0.0015013606753200293,0.00010299996210960671,0.9983956217765808
2905,4,2,2,7.210964213300031e-06,2.643307880134671e-06,0.9999902248382568
2906,1,2,2,6.49880632863642e-07,3.460715447545226e-07,0.9999990463256836
2907,4,2,2,0.00010681139974622056,0.00036476596142165363,0.9995285272598267
2908,0,1,1,5.846627360028833e-08,0.9999998807907104,1.4385005187023125e-08
2909,1,1,1,0.000268380856141448,0.9996854066848755,4.624779467121698e-05
2910,0,2,2,2.73264433303666e-08,4.779175100111388e-08,1.0
2911,3,1,1,8.582609325458179e-07,0.7930853366851807,0.2069137841463089
2912,0,2,2,2.185377525165677e-06,0.000105647137388587,0.9998922348022461
2914,2,2,2,7.00211558068986e-07,1.2350466022326145e-05,0.9999868869781494
2915,4,1,1,3.873002697218908e-06,0.9999310970306396,6.506066711153835e-05
2917,3,2,2,0.00011829802679130808,5.559236524277367e-05,0.9998261332511902
2918,3,2,2,5.160766813894213e-10,7.298596216287478e-08,0.9999998807907104
2919,2,2,2,3.8476515328511596e-05,1.5912263506834279e-06,0.9999599456787109
2921,2,1,1,0.00011722817725967616,0.9998507499694824,3.198684498784132e-05
2922,4,2,2,1.5348231130474232e-08,3.7359766338340705e-06,0.9999963045120239
2924,0,2,2,8.14202181231849e-08,3.2767586617410416e-06,0.9999966621398926
2925,1,2,2,5.7355639000888914e-05,0.21642936766147614,0.7835132479667664
2926,0,2,2,2.262746967574003e-08,9.542142834106926e-06,0.9999904632568359
2927,4,2,2,7.04800731909927e-06,7.626165370311355e-06,0.9999853372573853
2928,1,1,1,2.285341906826943e-06,0.9999901056289673,7.56505005483632e-06
2929,1,2,2,2.857969150227291e-07,1.003857050818624e-05,0.9999897480010986
2930,1,2,2,0.0008864164119586349,1.3890918125980534e-05,0.999099612236023
2931,4,1,1,5.2947962103644386e-05,0.9996843338012695,0.0002627013891469687
2932,3,1,1,0.00013616781507153064,0.9998171925544739,4.666684253606945e-05
2934,0,2,2,1.405895886819053e-06,3.8039820537960622e-06,0.9999947547912598
2935,2,1,1,0.0014176653930917382,0.9966678023338318,0.0019145383266732097
2936,3,1,1,0.0008332417346537113,0.999158501625061,8.229734703490976e-06
2937,1,1,1,3.1647159630665556e-06,0.9999953508377075,1.4701585087095737e-06
2938,0,2,2,3.6560968510457315e-06,1.0064022717415355e-06,0.9999953508377075
2939,4,2,2,0.0015125185018405318,0.0026708408258855343,0.9958166480064392
2940,1,1,1,5.388003501138883e-06,0.9999938011169434,8.192864697775804e-07
2941,3,1,1,7.724403258180246e-05,0.9999144077301025,8.345355126948562e-06
2943,3,2,2,2.315828851351398e-06,2.1962647167583782e-07,0.9999974966049194
2945,4,2,2,6.656828190898523e-06,0.00010300374560756609,0.9998903274536133
2946,0,2,2,6.181959832929351e-08,2.378696308369399e-06,0.9999974966049194
2947,0,2,2,1.078927169828603e-08,6.0839606703666504e-06,0.9999939203262329
2949,2,1,1,3.503809239191469e-06,0.9999961853027344,3.465011673142726e-07
2950,2,2,2,0.00033825644641183317,2.0544396193145076e-06,0.9996597766876221
2951,3,2,2,2.671306901902426e-05,2.312055812581093e-06,0.9999710321426392
2952,4,1,1,0.00022337280097417533,0.9997475743293762,2.9006210752413608e-05
2953,0,2,2,7.656920388399158e-06,1.2174144785603858e-06,0.9999911785125732
2954,0,1,1,0.0003245379193685949,0.9996582269668579,1.7194550309795886e-05
2955,1,2,2,7.214215656858869e-06,0.00010871559788938612,0.9998840093612671
2957,4,1,1,3.4692607187025715e-06,0.9999889135360718,7.645176992809866e-06
2958,1,2,2,6.283202674239874e-05,1.8842885765479878e-05,0.9999183416366577
2959,2,1,1,0.003249225439503789,0.9964286684989929,0.00032213059603236616
2960,3,1,1,6.599555490538478e-05,0.9998855590820312,4.842153430217877e-05
2961,1,2,2,0.0001757106656441465,3.279538941569626e-05,0.9997915625572205
2964,1,2,2,3.930743730506947e-07,2.894069211833994e-06,0.9999967813491821
2965,2,2,2,0.0006664457032456994,2.524862065911293e-05,0.9993083477020264
2966,0,2,2,3.2283810469380114e-06,1.1950155567319598e-05,0.999984860420227
2967,2,2,2,0.013868345879018307,0.0015522325411438942,0.9845794439315796
2968,1,2,2,0.0027926191687583923,0.000260203261859715,0.9969472289085388
2970,2,2,2,1.615563149925947e-08,9.205351716445875e-07,0.9999990463256836
2971,2,1,1,0.0017663238104432821,0.9979640245437622,0.00026970269391313195
2972,4,2,2,5.974445826950614e-08,4.8799061914905906e-05,0.9999511241912842
2974,3,1,1,0.00010736470721894875,0.9996522665023804,0.00024041500000748783
2975,0,1,1,0.030701229348778725,0.8976656198501587,0.07163315266370773
2976,2,1,1,0.0003011783701367676,0.9996885061264038,1.0375844794907607e-05
2977,0,1,2,9.625674692870234e-07,0.12961915135383606,0.8703798651695251
2978,4,2,2,0.00012116407742723823,4.754052861244418e-05,0.9998311996459961
2979,1,1,2,0.009285952895879745,0.00546137522906065,0.9852526783943176
2980,4,2,2,2.492887176686054e-07,1.1968980118126638e-07,0.9999996423721313
2982,1,1,1,6.10409042565152e-05,0.7470505237579346,0.25288841128349304
2983,3,1,1,0.0010302788577973843,0.9988467693328857,0.00012291707389522344
2984,2,2,2,0.0001640323898755014,3.3658172469586134e-05,0.9998024106025696
2985,1,1,1,0.3193109631538391,0.6591567993164062,0.021532250568270683
2986,3,2,2,1.1667707440210506e-05,8.357475053344388e-06,0.9999799728393555
2987,0,2,2,3.178041515639052e-05,0.25824424624443054,0.7417240142822266
2988,3,2,2,5.440290624392219e-05,1.1689591701724567e-05,0.9999339580535889
2989,4,1,1,3.9286182982323226e-06,0.9999933242797852,2.7267481073067756e-06
2991,2,2,2,0.0007380352471955121,0.0005697600427083671,0.9986922144889832
2992,2,1,1,5.191790933167795e-06,0.9999946355819702,1.3050703273620456e-07
2993,3,2,2,0.0008348131086677313,0.00014228146756067872,0.9990228414535522
2994,3,1,1,7.298509899555938e-06,0.9999794960021973,1.3162838513380848e-05
2995,3,2,2,4.248129243933363e-07,8.015780963432917e-07,0.9999986886978149
2997,4,1,1,9.376670107030805e-08,0.9999990463256836,9.090803700928518e-07
2999,2,1,1,2.4273956569231814e-06,0.9999973773956299,2.4036330614762846e-07
3000,4,1,1,5.962318709862302e-07,0.9999977350234985,1.6565597888984485e-06
3001,2,1,1,0.20130372047424316,0.42598631978034973,0.3727099299430847
3002,0,1,1,0.001393786515109241,0.9985873699188232,1.8915974578703754e-05
3003,1,1,1,0.0003402773872949183,0.9994544386863708,0.0002052286872640252
3004,2,1,1,1.536701610405089e-08,0.9999969005584717,3.044991899514571e-06
3006,3,1,1,0.15595342218875885,0.7513415217399597,0.09270506352186203
3007,1,1,1,9.594916861033198e-08,0.9999994039535522,4.88901548578724e-07
3008,1,2,2,2.423918886051979e-05,3.66573522114777e-06,0.9999721050262451
3010,3,1,1,0.05636608973145485,0.9369997978210449,0.006634104065597057
3011,0,1,1,0.012025168165564537,0.984889030456543,0.0030857722740620375
3012,3,1,1,0.005560516379773617,0.9943711161613464,6.837907858425751e-05
3014,0,1,1,0.047878362238407135,0.9515500068664551,0.0005716605228371918
3015,1,1,1,0.0024944378528743982,0.9887131452560425,0.008792378939688206
3016,3,1,1,0.0023239708971232176,0.9976376295089722,3.836432006210089e-05
3019,1,1,1,0.008637949824333191,0.9898163080215454,0.001545733422972262
3020,4,1,1,6.703981398459291e-06,0.999956488609314,3.682628448586911e-05
3022,1,1,1,1.1555261636431169e-07,0.9999995231628418,3.3845950042632467e-07
3023,1,1,1,0.12308695912361145,0.8695027828216553,0.007410290651023388
3024,4,1,1,0.001804112340323627,0.9971914887428284,0.0010044212685897946
3025,0,1,1,0.11178134381771088,0.8017138838768005,0.08650476485490799
3029,3,1,1,2.537363570809248e-06,0.9999963045120239,1.2134610187786166e-06
3030,4,1,1,0.0016483148792758584,0.5469871163368225,0.45136457681655884
3032,2,1,1,0.022540388628840446,0.971642792224884,0.005816852208226919
3033,2,1,1,2.385936568316538e-05,0.9999758005142212,3.485708930384135e-07
3034,0,1,1,0.020789535716176033,0.977031409740448,0.00217906734906137
3035,1,1,1,6.547065277118236e-05,0.9999301433563232,4.38619372289395e-06
3036,4,1,1,1.0980537808791269e-05,0.9998757839202881,0.00011323367652948946
3037,0,1,0,0.5190678834915161,0.4692884087562561,0.011643701232969761
3038,4,1,1,0.0077118114568293095,0.9911865592002869,0.001101591857150197
3040,0,1,1,0.003673735773190856,0.9959386587142944,0.00038759649032726884
3041,2,1,1,0.3793100416660309,0.5922519564628601,0.02843804471194744
3042,4,1,1,1.0980537808791269e-05,0.9998757839202881,0.00011323367652948946
3045,0,1,1,0.16739356517791748,0.8259862065315247,0.006620202213525772
3049,1,1,1,3.6052708310307935e-05,0.9999477863311768,1.6121339285746217e-05
3050,1,1,0,0.9204155802726746,0.06326861679553986,0.01631581410765648
3051,2,1,1,0.29336103796958923,0.6943961381912231,0.012242835946381092
3052,0,1,1,0.016665127128362656,0.9684532284736633,0.01488166768103838
3054,0,1,1,0.0016316261608153582,0.9970616698265076,0.0013067101826891303
3055,4,1,2,0.002357515972107649,0.10289382189512253,0.8947485685348511
3056,1,1,1,5.345098088582745e-07,0.9999969005584717,2.5730962533998536e-06
3057,1,1,1,5.345098088582745e-07,0.9999969005584717,2.5730962533998536e-06
3058,0,1,1,0.007299213204532862,0.992438793182373,0.00026195147074759007
3059,2,1,1,0.004821064881980419,0.9890296459197998,0.006149337161332369
3060,0,1,1,0.0062326653860509396,0.9904502034187317,0.003317111637443304
3061,0,1,2,6.097232108004391e-05,0.25691914558410645,0.7430199384689331
3063,0,1,1,0.0003330435720272362,0.9996330738067627,3.389148696442135e-05
3064,3,1,1,2.289798203491955e-06,0.999996542930603,1.174837734652101e-06
3065,4,1,1,0.16387392580509186,0.7179075479507446,0.11821853369474411
3066,4,1,1,0.0014566390309482813,0.9698095321655273,0.028733812272548676
3067,4,1,1,0.0008363871020264924,0.9959034323692322,0.0032602245919406414
3068,4,1,1,0.0002865858841687441,0.9993215799331665,0.00039180723251774907
3070,4,1,1,2.8636387483516046e-08,0.9999998807907104,3.789127589470809e-08
3071,3,1,1,0.001180889899842441,0.9978532195091248,0.0009658136405050755
3072,1,1,1,0.0003402773872949183,0.9994544386863708,0.0002052286872640252
3073,3,1,0,0.5477712154388428,0.3297583758831024,0.12247034907341003
3074,1,1,2,0.4797540307044983,0.03320910781621933,0.48703691363334656
3075,0,1,1,0.0018491975497454405,0.997351884841919,0.000798880762886256
3076,0,1,1,0.35368087887763977,0.5824477076530457,0.06387142091989517
3077,4,1,1,0.06298568099737167,0.8954249620437622,0.04158933833241463
3078,0,1,2,0.10658007115125656,0.16636906564235687,0.7270509004592896
3079,1,1,1,0.00011428306606831029,0.9996917247772217,0.00019396796415094286
3080,1,1,1,0.37534603476524353,0.4288691282272339,0.19578485190868378
3081,2,1,1,0.00010101830412168056,0.99858558177948,0.0013134004548192024
3083,3,1,1,0.02450735494494438,0.9718804359436035,0.003612256608903408
3084,3,1,0,0.8113776445388794,0.12235996127128601,0.06626231968402863
3085,4,1,1,0.30806565284729004,0.5441000461578369,0.14783431589603424
3086,0,1,2,0.32557007670402527,0.06708308309316635,0.6073468327522278
3087,1,1,1,0.007239645812660456,0.991793692111969,0.0009667098638601601
3088,2,1,1,0.454536110162735,0.49537190794944763,0.05009191110730171
3089,1,1,1,0.001957634696736932,0.9974743723869324,0.0005680210306309164
3090,4,1,1,0.1552129089832306,0.8116979002952576,0.03308917209506035
3092,0,1,1,0.23711247742176056,0.7375223636627197,0.025365198031067848
3093,3,1,1,0.05185823142528534,0.9095990657806396,0.03854268044233322
3094,3,1,1,0.014650429598987103,0.9326969385147095,0.052652616053819656
3095,3,1,0,0.9114270806312561,0.07292420417070389,0.015648720785975456
3096,2,1,0,0.7019767761230469,0.024246621876955032,0.2737765908241272
3097,4,1,0,0.8184372186660767,0.07804763317108154,0.1035151407122612
3098,4,1,2,0.29644832015037537,0.23022007942199707,0.47333160042762756
3099,2,1,1,0.2824794054031372,0.716417670249939,0.001102976850233972
3100,4,1,1,1.0777080206025857e-05,0.9999833106994629,5.913942004553974e-06
3101,4,1,1,2.817810809574439e-06,0.9999945163726807,2.665555712155765e-06
3102,1,1,1,0.01352683361619711,0.9829224348068237,0.00355071690864861
3105,3,1,2,4.4634007281274535e-06,1.667288188400562e-06,0.9999939203262329
3106,4,1,1,0.053616784512996674,0.9369233250617981,0.009459919296205044
3108,0,1,1,0.0003930175444111228,0.999485969543457,0.00012097955186618492
3109,3,1,1,0.012842596508562565,0.9858943223953247,0.0012630763230845332
3112,2,1,0,0.542159914970398,0.02945568971335888,0.428384393453598
3113,3,1,1,0.22754473984241486,0.6942026615142822,0.0782526284456253
3115,2,1,0,0.7159413695335388,0.18441960215568542,0.09963899850845337
3116,3,1,1,0.0049121384508907795,0.9919745326042175,0.003113305661827326
3117,4,1,1,0.005591522436589003,0.966471791267395,0.027936726808547974
3118,4,1,1,0.33315950632095337,0.6453503966331482,0.02149011939764023
3119,4,1,1,0.000410277396440506,0.9994102716445923,0.00017949676839634776
3120,3,1,1,0.010325160808861256,0.8323858380317688,0.15728898346424103
3121,4,1,1,0.004332391079515219,0.9949288368225098,0.0007387596415355802
3122,3,1,1,0.014075159095227718,0.9717460870742798,0.014178729616105556
3123,2,1,0,0.7523496150970459,0.18543705344200134,0.06221330910921097
3124,0,1,1,0.11313924938440323,0.8785322308540344,0.008328539319336414
3126,1,1,1,3.473093556749518e-06,0.9999926090240479,3.959337846026756e-06
3127,0,1,1,0.0008215869893319905,0.999175488948822,2.849718157449388e-06
3129,4,1,1,0.0008363871020264924,0.9959034323692322,0.0032602245919406414
3130,4,1,1,0.0002865858841687441,0.9993215799331665,0.00039180723251774907
3132,3,1,0,0.5477712154388428,0.3297583758831024,0.12247034907341003
3133,1,1,1,0.007239645812660456,0.991793692111969,0.0009667098638601601
3134,1,1,1,0.007239645812660456,0.991793692111969,0.0009667098638601601
3135,2,1,1,0.0003351367195136845,0.9992676377296448,0.0003972755803260952
3136,4,1,1,0.053616784512996674,0.9369233250617981,0.009459919296205044
3137,4,1,0,0.5733568668365479,0.3331438899040222,0.09349919855594635
3138,3,1,1,0.0426463820040226,0.9240636229515076,0.03328999504446983
3139,3,1,1,0.012842596508562565,0.9858943223953247,0.0012630763230845332
3141,3,1,0,0.5331445932388306,0.34534984827041626,0.12150556594133377
3142,2,1,2,0.04247722774744034,0.013006074354052544,0.9445167183876038
3143,1,1,1,1.592754074408731e-06,0.9999983310699463,6.273594266303917e-08
3144,0,1,1,0.44032707810401917,0.50310218334198,0.056570716202259064
3145,0,1,1,0.010167988017201424,0.9875497221946716,0.0022822688333690166
3146,4,1,1,0.09877655655145645,0.8860562443733215,0.01516726054251194
3147,3,1,1,0.1528395265340805,0.7883053421974182,0.05885506793856621
3148,2,1,1,0.008378816768527031,0.9565858244895935,0.03503542020916939
3149,3,1,0,0.6323310732841492,0.12758727371692657,0.24008165299892426
3150,4,1,1,0.00915271881967783,0.9887237548828125,0.0021235861349850893
3151,2,1,1,0.019813092425465584,0.898380696773529,0.08180617541074753
3152,3,1,1,5.926104904574458e-07,0.9999994039535522,2.4623554750746734e-08
3153,1,1,1,2.0337716705398634e-05,0.9999784231185913,1.2174940593467909e-06
3154,1,1,1,8.467079896945506e-05,0.9998929500579834,2.2376510969479568e-05
3155,3,1,0,0.7214965224266052,0.25369834899902344,0.02480514533817768
3156,0,1,1,0.12013622373342514,0.8359903693199158,0.043873392045497894
3157,4,1,0,0.6742569208145142,0.24074392020702362,0.08499918133020401
3160,3,2,2,0.0008523876895196736,0.00022851137327961624,0.9989191293716431
3161,4,2,2,0.00011522034765221179,4.646704837796278e-05,0.9998382329940796
3162,4,2,2,3.662084782263264e-05,8.692823939782102e-06,0.9999547004699707
3163,4,2,2,0.0008366358233615756,0.0005405640695244074,0.9986227750778198
3164,1,2,2,0.07379996031522751,0.0059845931828022,0.9202154874801636
3165,3,2,2,6.625595574405452e-07,8.416373589170689e-07,0.9999984502792358
3166,1,2,2,3.195368236674767e-08,5.421146056505677e-07,0.9999994039535522
3167,0,1,1,6.575106817763299e-05,0.9999334812164307,7.168295610426867e-07
3168,3,2,2,1.0024323273682967e-05,7.094209195201984e-06,0.9999828338623047
3169,1,2,2,4.862655259785242e-06,9.704666581455967e-07,0.999994158744812
3171,2,1,1,0.032891448587179184,0.9664189219474792,0.0006896360428072512
3172,0,1,1,0.09049134701490402,0.8200719952583313,0.08943665027618408
3173,4,1,1,0.02487867698073387,0.9726119637489319,0.0025093872100114822
3176,1,2,2,1.1400108633097261e-05,2.1042114894953556e-06,0.9999864101409912
3177,2,2,2,8.842805527820019e-07,7.042035576887429e-07,0.9999984502792358
3178,3,2,2,8.36937658732495e-07,3.3888107964230585e-07,0.9999988079071045
3180,1,2,2,1.0695698620111216e-05,5.014844646211714e-07,0.9999887943267822
3181,3,2,2,0.0002548186748754233,3.1921470508677885e-05,0.9997132420539856
3182,2,2,2,0.00014841218944638968,1.533861541247461e-05,0.9998362064361572
3183,4,2,2,0.00021747940627392381,0.004958558361977339,0.9948239326477051
3185,3,1,0,0.6038455367088318,0.3086010813713074,0.08755340427160263
3187,3,2,2,1.490797103542718e-07,1.836483818351553e-07,0.9999996423721313
3188,1,2,2,0.00011946771701332182,2.0321947431511944e-06,0.9998785257339478
3189,3,2,2,7.424902378261322e-06,4.191786501905881e-06,0.9999884366989136
3190,3,2,2,3.848526830552146e-05,1.1047090993088204e-06,0.9999604225158691
3191,0,2,2,3.789626248362765e-07,7.88022134656785e-06,0.999991774559021
3192,4,2,2,0.0003016649861820042,0.00016061923815868795,0.9995377063751221
3193,0,2,2,4.40774456365034e-05,2.591965312603861e-05,0.9999300241470337
3194,2,2,2,0.00015182884817477316,2.1325109628378414e-05,0.9998268485069275
3195,4,2,2,1.2565799352159956e-06,1.2026948752463795e-06,0.9999974966049194
3197,4,1,1,2.857800427591428e-05,0.9999468326568604,2.4645509256515652e-05
3199,1,2,2,9.50926259974949e-05,0.00012116178550058976,0.9997836947441101
3200,1,2,2,1.6681127590345568e-07,2.3342073518506368e-07,0.9999996423721313
3201,4,2,2,3.0190967947874014e-08,4.736455230158754e-05,0.9999526739120483
3202,1,2,2,1.5912203252810286e-06,3.2780476431071293e-06,0.999995231628418
3203,1,2,2,3.975195284056099e-07,1.4567741573046078e-06,0.9999982118606567
3205,1,2,2,5.527961548068561e-06,1.982072353712283e-05,0.9999747276306152
3206,3,2,2,0.0006000821013003588,5.0531474698800594e-05,0.9993494153022766
3207,4,1,1,0.05408797785639763,0.9256817698478699,0.020230233669281006
3208,1,1,0,0.5465357899665833,0.030451299622654915,0.4230128824710846
3209,3,1,0,0.577034056186676,0.23653391003608704,0.18643207848072052
3210,3,1,0,0.5071682333946228,0.1029789075255394,0.38985294103622437
3211,0,1,1,0.30002954602241516,0.5846240520477295,0.11534639447927475
3212,3,1,1,0.4203623831272125,0.4349786341190338,0.14465902745723724
3216,4,1,1,2.848593112503295e-07,0.9999996423721313,1.3923818542593835e-08
3217,2,1,1,4.543764589470811e-05,0.9999425411224365,1.2042809430568013e-05
3219,1,1,1,0.060568783432245255,0.8998613357543945,0.03956986963748932
3220,1,1,0,0.6590012907981873,0.05450911819934845,0.2864895462989807
3221,3,1,0,0.708152174949646,0.2734058201313019,0.01844196394085884
3222,2,1,0,0.8483520746231079,0.10562548786401749,0.04602237045764923
3223,3,1,0,0.6234449148178101,0.27312183380126953,0.10343323647975922
3224,4,1,1,0.004819358233362436,0.9944658875465393,0.0007147419382818043
3225,2,1,1,0.026219362393021584,0.9640984535217285,0.009682179428637028
3226,3,1,0,0.7819904685020447,0.06055748835206032,0.1574520468711853
3228,2,1,1,2.577451778051909e-05,0.9999730587005615,1.2055270417477004e-06
3229,1,1,0,0.8419638872146606,0.0919940173625946,0.06604208052158356
3230,4,1,1,0.16684268414974213,0.5080094933509827,0.3251478374004364
3231,0,1,1,0.001193137257359922,0.9979199767112732,0.000886846159119159
3233,3,1,1,0.10406100749969482,0.8892611861228943,0.006677795667201281
3234,2,1,1,0.039108410477638245,0.9588701128959656,0.0020214999094605446
3235,1,1,1,0.041431598365306854,0.9523830413818359,0.006185394711792469
3236,1,1,0,0.507704496383667,0.036177340894937515,0.45611822605133057
3238,3,1,1,0.04570336639881134,0.8452084064483643,0.1090882271528244
3239,0,1,1,0.41732311248779297,0.4681371748447418,0.1145397424697876
3240,4,1,1,0.08864646404981613,0.9082168936729431,0.0031366576440632343
3241,0,1,1,0.002528004813939333,0.9969565868377686,0.0005153724923729897
3242,0,1,1,0.006767064332962036,0.9888521432876587,0.004380735568702221
3243,3,1,0,0.5076353549957275,0.06330293416976929,0.4290616810321808
3244,3,1,1,0.0020363852381706238,0.9946176409721375,0.003346029669046402
3246,3,1,0,0.5035383105278015,0.4013447165489197,0.0951169803738594
3247,2,1,1,0.002943311585113406,0.9969713687896729,8.53158999234438e-05
3248,4,1,1,0.00915271881967783,0.9887237548828125,0.0021235861349850893
3249,3,1,0,0.48269835114479065,0.46906211972236633,0.048239484429359436
3250,0,1,1,0.004954760428518057,0.9944644570350647,0.0005807465058751404
3251,3,1,1,0.12022250890731812,0.8772690296173096,0.0025084081571549177
3252,3,1,1,0.019060848280787468,0.9801029562950134,0.0008362053195014596
3253,1,1,1,1.4006926903675776e-05,0.999980092048645,5.937550668022595e-06
3255,4,1,1,2.8054713766323403e-05,0.9999665021896362,5.395811058406252e-06
3259,3,1,1,1.6296949070238043e-06,0.9999983310699463,9.625664176837745e-08
3261,0,1,1,0.06420575827360153,0.9257717132568359,0.010022596456110477
3263,4,1,1,0.0010469472035765648,0.9986841082572937,0.0002689630491659045
3264,3,1,1,3.825400199275464e-05,0.9999517202377319,1.0047891009890009e-05
3265,0,1,2,0.00035771753755398095,0.4062880575656891,0.5933542251586914
3266,2,1,0,0.5508914589881897,0.4304002523422241,0.018708286806941032
3267,4,1,1,4.969794099451974e-05,0.9999350309371948,1.526529376860708e-05
3268,1,1,1,0.0001540912635391578,0.9998036026954651,4.23196870542597e-05
3271,4,1,1,0.3232879936695099,0.6495569348335266,0.027155086398124695
3273,4,1,1,0.00041799378232099116,0.9993379712104797,0.0002440022653900087
3274,4,1,1,2.2067924874136224e-05,0.9999357461929321,4.2241288610966876e-05
3275,3,1,1,0.002598520601168275,0.9954168796539307,0.0019845981150865555
3276,0,1,1,0.005238730926066637,0.9944489002227783,0.0003123756032437086
3277,2,1,2,0.21126624941825867,0.07743515819311142,0.7112985849380493
3278,0,1,1,0.225444033741951,0.7438684701919556,0.03068743832409382
3279,3,1,1,0.00512477895244956,0.9945350885391235,0.00034012654214166105
3280,1,1,0,0.6397608518600464,0.29555732011795044,0.06468186527490616
3281,2,1,0,0.8555751442909241,0.03439711779356003,0.11002779006958008
3282,4,1,1,0.010891618207097054,0.9871662259101868,0.0019421472679823637
3283,1,1,0,0.46613746881484985,0.31583961844444275,0.21802295744419098
3284,0,1,0,0.484329491853714,0.4219980835914612,0.09367243945598602
3285,1,1,1,0.00038320099702104926,0.9981988072395325,0.001417973660863936
3286,4,1,1,6.507790385512635e-05,0.9995914101600647,0.00034352220245637
3287,4,1,1,0.012079654261469841,0.9854975938796997,0.002422741614282131
3288,3,1,0,0.6166005730628967,0.10351923853158951,0.27988025546073914
3289,1,1,1,0.006316712126135826,0.991428792476654,0.002254510996863246
3290,4,1,1,0.4836919605731964,0.48693475127220154,0.02937321923673153
3291,1,1,0,0.8575318455696106,0.08254299312829971,0.05992516875267029
3292,0,1,0,0.6874620318412781,0.1360408514738083,0.1764971762895584
3293,2,1,0,0.9367532730102539,0.03350631520152092,0.029740408062934875
3294,4,1,0,0.664437472820282,0.29012787342071533,0.04543468728661537
3295,2,1,1,0.1278720498085022,0.8184464573860168,0.05368147790431976
3296,4,1,1,0.03098047897219658,0.9667392373085022,0.0022802939638495445
3297,3,1,0,0.45768919587135315,0.33352696895599365,0.20878376066684723
3298,1,1,2,0.2468496710062027,0.04622219130396843,0.7069280743598938
3299,2,1,1,0.09027495980262756,0.9048401117324829,0.004884971305727959
3300,2,1,1,8.931104275688995e-06,0.9999707937240601,2.0275665519875474e-05
3301,4,1,1,0.13492709398269653,0.8337032794952393,0.03136963024735451
3302,3,1,1,0.10607399791479111,0.8404878377914429,0.053438156843185425
3304,0,1,1,0.023832302540540695,0.9417847990989685,0.03438295051455498
3305,1,1,1,6.742538971593603e-05,0.9998849630355835,4.7560770326526836e-05
3306,0,1,0,0.7549611926078796,0.08013885468244553,0.16489996016025543
3307,1,1,1,0.005622618366032839,0.9931281805038452,0.0012492265086621046
3308,4,1,0,0.918459951877594,0.024219179525971413,0.057320814579725266
3309,2,1,1,0.16239069402217865,0.803106963634491,0.034502286463975906
3310,2,1,1,1.600100063114951e-06,0.9999973773956299,1.0371308007961488e-06
3311,2,1,0,0.5014635920524597,0.39694949984550476,0.10158688575029373
3312,1,1,1,0.1031552255153656,0.891014575958252,0.005830223206430674
3313,0,1,1,0.0351431667804718,0.9629863500595093,0.0018705071415752172
3315,0,1,1,0.0053010499104857445,0.9935636520385742,0.0011353183072060347
3317,0,1,1,0.0017934275092557073,0.9966309666633606,0.0015756543725728989
3318,0,1,0,0.48925188183784485,0.40524792671203613,0.10550021380186081
3320,4,1,0,0.8342595100402832,0.04645497351884842,0.11928553134202957
3321,2,1,0,0.9038832783699036,0.03544564172625542,0.06067103520035744
3322,4,1,1,0.3040892779827118,0.5703150033950806,0.12559571862220764
3323,1,1,1,0.0656268522143364,0.9098089933395386,0.024564115330576897
3326,0,1,1,0.0628209039568901,0.900337278842926,0.03684176877140999
3329,1,1,1,0.012074035592377186,0.9817531108856201,0.0061728451400995255
3330,2,1,1,4.2769141828102875e-07,0.9999940395355225,5.561153557209764e-06
3331,2,1,1,0.1957312673330307,0.7499352097511292,0.054333556443452835
3332,4,1,1,5.262342710921075e-06,0.9999786615371704,1.6130388758028857e-05
3333,0,1,1,0.00754455616697669,0.9920192360877991,0.0004362318722996861
3334,4,1,1,0.0060421619564294815,0.6682746410369873,0.3256831765174866
3335,2,1,1,0.024726025760173798,0.960078239440918,0.015195736661553383
3336,4,1,0,0.9715108871459961,0.0013715506065636873,0.027117563411593437
3337,3,1,1,0.005691120866686106,0.9576818346977234,0.03662704676389694
3338,0,1,1,0.14988474547863007,0.839860737323761,0.010254519060254097
3339,0,1,1,0.009910513646900654,0.911742091178894,0.07834742218255997
3340,4,1,1,1.849753572535917e-09,1.0,7.281579506024372e-11
3342,4,1,2,0.006781646516174078,0.0020552100613713264,0.9911631345748901
3346,2,1,0,0.8906193971633911,0.04048379510641098,0.06889678537845612
3348,0,1,1,0.06964058429002762,0.9209255576133728,0.009433879517018795
3353,3,1,0,0.6444952487945557,0.26614513993263245,0.08935960382223129
3354,4,1,0,0.8436414003372192,0.09047013521194458,0.06588844209909439
3355,2,1,1,1.1701577932399232e-05,0.9999755620956421,1.2737046745314728e-05
3356,0,1,1,0.309946745634079,0.5051036477088928,0.18494965136051178
3358,1,1,1,0.27674221992492676,0.6670283079147339,0.05622943118214607
3359,4,1,1,0.001275634509511292,0.9970111846923828,0.0017131987260654569
3360,0,1,0,0.5674665570259094,0.21961556375026703,0.21291784942150116
3361,1,1,1,6.217088957782835e-05,0.9999117851257324,2.5987816115957685e-05
3362,3,1,1,0.1009683609008789,0.8852399587631226,0.013791739009320736
3364,4,1,0,0.7428098917007446,0.1825934797525406,0.0745965912938118
3365,4,1,1,0.00035632835351862013,0.9940001964569092,0.005643509328365326
3366,2,1,1,0.0023079966194927692,0.9962818026542664,0.001410207012668252
3368,1,1,1,0.05810355767607689,0.8511542677879333,0.09074215590953827
3369,3,1,1,0.3559061586856842,0.4886593520641327,0.1554345190525055
3370,2,1,1,2.8315585950622335e-05,0.999970555305481,1.0843515383385238e-06
3371,2,1,1,0.0001087823256966658,0.9998854398727417,5.800426606583642e-06
3372,0,1,1,0.0005052785854786634,0.9994856119155884,9.065488484338857e-06
3373,2,1,1,1.2032015547447372e-05,0.9999871253967285,8.439055818598717e-07
3374,0,1,1,0.11178134381771088,0.8017138838768005,0.08650476485490799
3375,2,1,1,2.1022323437591695e-08,1.0,9.720410032443283e-10
3377,3,1,2,0.18067459762096405,0.16938261687755585,0.6499428153038025
3378,4,1,2,0.24706779420375824,0.1373513638973236,0.6155808568000793
3379,3,1,1,2.537361069698818e-06,0.9999963045120239,1.2134610187786166e-06
3380,2,1,1,0.022540394216775894,0.971642792224884,0.005816852208226919
3381,1,1,1,6.547065277118236e-05,0.9999301433563232,4.3862019083462656e-06
3385,4,1,1,0.053910717368125916,0.8598582148551941,0.08623112738132477
3386,4,1,1,0.05197519436478615,0.918692409992218,0.029332393780350685
3387,0,1,1,0.4264654517173767,0.5144873857498169,0.05904718115925789
3388,1,1,1,2.012985532928724e-05,0.9997027516365051,0.00027707457775250077
3389,4,1,1,0.04177600517868996,0.9489434361457825,0.009280575439333916
3390,0,1,1,0.0016316261608153582,0.9970616698265076,0.0013067101826891303
3391,0,1,1,0.011367890983819962,0.9876778721809387,0.0009542608167976141
3393,3,1,1,0.0040685017593204975,0.9957973957061768,0.0001341143506579101
3394,0,1,1,0.0003330435720272362,0.9996330738067627,3.389148696442135e-05
3395,4,1,1,0.0002865858841687441,0.9993215799331665,0.00039180723251774907
3396,4,1,1,0.06298568099737167,0.8954249620437622,0.041589315980672836
3397,1,1,1,0.37534603476524353,0.4288691282272339,0.19578485190868378
3398,2,1,1,0.00010101830412168056,0.99858558177948,0.0013134010368958116
3399,1,1,1,0.35222265124320984,0.44024136662483215,0.2075359970331192
3400,4,1,1,0.09689288586378098,0.879702091217041,0.023404989391565323
3401,4,1,1,1.0777070201584138e-05,0.9999833106994629,5.913942004553974e-06
3402,4,1,1,2.817810809574439e-06,0.9999945163726807,2.665558213266195e-06
3403,1,1,1,4.499346687225625e-06,0.999991774559021,3.7256700124999043e-06
3404,4,1,1,0.001804112340323627,0.9971914887428284,0.0010044212685897946
3405,4,1,1,0.0077118114568293095,0.9911865592002869,0.001101591857150197
3406,0,1,1,0.482928603887558,0.5113627910614014,0.005708631593734026
3407,1,1,1,0.0003402773872949183,0.9994544386863708,0.0002052286872640252
3408,1,1,1,0.0003402773872949183,0.9994544386863708,0.0002052286872640252
3409,1,1,2,0.4797540307044983,0.03320910781621933,0.48703691363334656
3410,0,1,2,0.32557007670402527,0.06708308309316635,0.6073468327522278
3411,2,1,2,5.128851262270473e-05,0.003642768133431673,0.9963059425354004
3414,3,1,2,5.108359346195357e-06,7.107378769433126e-05,0.999923825263977
3415,3,1,2,5.108359346195357e-06,7.107378769433126e-05,0.999923825263977
3416,4,1,1,0.000410277396440506,0.9994102716445923,0.00017949676839634776
3417,0,1,1,6.575106817763299e-05,0.9999334812164307,7.168295610426867e-07
3418,3,1,0,0.39820989966392517,0.3663486838340759,0.23544137179851532
3419,1,1,1,0.11563675105571747,0.729170024394989,0.15519320964813232
3420,0,1,1,8.21732191980118e-06,0.996019184589386,0.003972646780312061
3421,0,1,1,0.00010689679766073823,0.9998831748962402,9.948101251211483e-06
3423,2,1,1,0.032891448587179184,0.9664189219474792,0.0006896356935612857
3424,0,1,1,0.09049134701490402,0.8200719952583313,0.08943665027618408
3425,2,1,1,0.032978605479002,0.9640229940414429,0.0029983550775796175
3426,2,1,2,0.01007334515452385,0.004861363675445318,0.9850654006004333
3427,3,1,1,0.16937556862831116,0.7876104116439819,0.043013956397771835
3428,1,1,0,0.9003601670265198,0.05418209731578827,0.04545772820711136
3429,1,1,0,0.9101306796073914,0.05811292305588722,0.031756334006786346
3430,3,1,0,0.6038455367088318,0.3086010813713074,0.08755340427160263
3431,4,1,1,0.01605447381734848,0.9834051132202148,0.0005403595278039575
3432,3,1,1,0.061764441430568695,0.9344975352287292,0.0037380147259682417
3433,3,1,1,0.046871818602085114,0.9500632286071777,0.003064932068809867
3435,3,1,1,0.01308559998869896,0.9857636094093323,0.0011507956078276038
3436,1,1,1,0.0010876193409785628,0.9988512992858887,6.112076516728848e-05
3437,2,1,1,0.11924059689044952,0.8570073246955872,0.023752091452479362
3438,3,1,0,0.5071682333946228,0.1029789075255394,0.38985294103622437
3441,2,1,1,0.039108410477638245,0.9588701128959656,0.0020214999094605446
3442,0,1,1,0.006767064332962036,0.9888521432876587,0.004380733240395784
3443,3,1,0,0.5076353549957275,0.06330293416976929,0.4290616810321808
3445,4,1,1,0.17187856137752533,0.8008036613464355,0.02731781266629696
3446,4,1,1,7.973794708959758e-06,0.9999840259552002,7.951309271447826e-06
3447,3,1,1,0.010990561917424202,0.9484406113624573,0.04056882858276367
3448,2,1,1,0.02487628161907196,0.9570273756980896,0.018096325919032097
3450,1,1,1,0.0001871962012955919,0.9998043179512024,8.490121217619162e-06
3451,0,1,2,0.00035771753755398095,0.4062880575656891,0.5933542251586914
3452,1,1,1,0.0001540912635391578,0.9998036026954651,4.23196870542597e-05
3453,4,1,1,0.3232879936695099,0.6495569348335266,0.027155086398124695
3454,3,1,1,0.002598519204184413,0.9954168796539307,0.001984597183763981
3456,4,1,0,0.580464243888855,0.35753434896469116,0.062001414597034454
3457,1,1,0,0.6397608518600464,0.29555732011795044,0.06468186527490616
3458,1,1,1,0.00047071187873370945,0.6826513409614563,0.31687793135643005
3459,3,1,1,0.29435625672340393,0.6759518384933472,0.029691902920603752
3460,1,1,0,0.46613746881484985,0.31583961844444275,0.21802295744419098
3461,0,1,0,0.484329491853714,0.4219980835914612,0.09367243200540543
3462,1,1,1,0.006316712126135826,0.991428792476654,0.002254510996863246
3463,0,1,0,0.6874620318412781,0.1360408514738083,0.1764971762895584
3465,2,1,1,0.1278720498085022,0.8184464573860168,0.05368147790431976
3466,4,1,1,0.03098047897219658,0.9667392373085022,0.0022802927996963263
3467,3,1,0,0.45768919587135315,0.33352696895599365,0.20878377556800842
3468,1,1,0,0.9577301740646362,0.027591926977038383,0.014677934348583221
3469,2,1,1,8.931104275688995e-06,0.9999707937240601,2.0275665519875474e-05
3470,4,1,1,0.13492709398269653,0.8337032794952393,0.03136963024735451
3471,2,1,1,1.764831722539384e-05,0.9999788999557495,3.4350596251897514e-06
3473,0,1,1,0.023832302540540695,0.9417847990989685,0.03438294306397438
3474,0,1,1,0.023832302540540695,0.9417847990989685,0.03438294306397438
3475,0,1,1,0.035143159329891205,0.9629863500595093,0.0018705060938373208
3476,0,1,1,0.0053010499104857445,0.9935636520385742,0.0011353183072060347
3478,0,1,1,0.0017934266943484545,0.9966309666633606,0.0015756537904962897
3479,1,1,1,0.012074035592377186,0.9817531108856201,0.0061728451400995255
3480,2,1,1,4.2769141828102875e-07,0.9999940395355225,5.561153557209764e-06
3481,2,1,1,0.1957312375307083,0.7499352097511292,0.05433354526758194
3482,1,1,1,2.2641328541794792e-05,0.9999765157699585,8.93124422418623e-07
3483,0,1,1,0.007544558960944414,0.9920192360877991,0.00043623210513032973
3484,0,1,1,0.08798588812351227,0.7810471653938293,0.13096696138381958
3485,2,1,1,0.024726025760173798,0.960078239440918,0.015195736661553383
3486,4,1,0,0.9715108871459961,0.0013715506065636873,0.027117563411593437
3487,3,1,1,0.005691120866686106,0.9576818346977234,0.03662702813744545
3488,0,1,1,0.14988477528095245,0.839860737323761,0.010254519060254097
3489,0,1,1,0.009910513646900654,0.911742091178894,0.07834744453430176
3490,4,1,1,1.2324753197179295e-11,1.0,1.3330353314244814e-11
3491,2,1,1,1.3387274577780772e-07,0.9999997615814209,9.13545932235138e-08
3492,4,1,2,0.006781646516174078,0.0020552100613713264,0.9911631345748901
3493,4,1,1,2.772059633571189e-05,0.9998406171798706,0.00013159211084712297
3494,1,1,0,0.9471268653869629,0.01887522079050541,0.033997856080532074
3497,2,1,0,0.8906195163726807,0.040483780205249786,0.06889678537845612
3498,4,1,1,0.12510038912296295,0.8552656769752502,0.019633954390883446
3499,0,1,1,0.0012476590927690268,0.9942013621330261,0.004551006015390158
3501,1,1,1,1.650988997425884e-05,0.9998855590820312,9.790882177185267e-05
3502,3,1,1,0.19722506403923035,0.7529158592224121,0.04985911399126053
3503,3,1,0,0.6444952487945557,0.26614513993263245,0.0893595963716507
3504,4,1,1,0.0012756339274346828,0.9970111846923828,0.0017131987260654569
3505,3,1,1,0.1009683609008789,0.8852399587631226,0.013791739009320736
3506,4,1,1,2.709812906687148e-05,0.9999586343765259,1.423088997398736e-05
3507,4,1,1,0.13674326241016388,0.6030516028404236,0.26020511984825134
3508,0,1,1,0.0006568218814209104,0.9989635944366455,0.000379615870770067
3510,0,1,1,0.012456775642931461,0.954210102558136,0.03333309292793274
3511,2,1,1,4.880535584561585e-07,0.9999980926513672,1.463650391997362e-06
3512,1,1,1,4.029105184599757e-05,0.999957799911499,1.951487774931593e-06
3513,2,1,1,0.00011304620420560241,0.9997361302375793,0.0001507931883679703
3515,0,1,1,0.04729778692126274,0.9390983581542969,0.01360380183905363
3516,3,1,2,0.014528617262840271,0.0005259131430648267,0.9849454164505005
3517,1,1,1,0.054350897669792175,0.9039582014083862,0.04169091954827309
3518,1,1,1,0.03342242166399956,0.8313828706741333,0.13519468903541565
3519,4,1,0,0.7052960395812988,0.2419600635766983,0.05274388939142227
3520,4,1,0,0.5763741135597229,0.19050082564353943,0.2331250160932541
3521,2,1,1,0.12819552421569824,0.8641138076782227,0.0076906755566596985
3522,3,1,1,0.006633192300796509,0.9932752847671509,9.151448466582224e-05
3525,1,1,1,0.09864915162324905,0.7931779026985168,0.10817292332649231
3526,1,1,1,6.470436346717179e-07,0.9962984919548035,0.003700926201418042
3527,2,1,2,0.2771824598312378,0.08632706105709076,0.6364904642105103
3528,4,1,1,1.3160378102838877e-06,0.9999628067016602,3.5843506339006126e-05
3530,1,1,0,0.45253920555114746,0.43106749653816223,0.1163933277130127
3531,1,1,1,0.0007333222310990095,0.999244213104248,2.2537722543347627e-05
3533,3,1,0,0.6234449148178101,0.27312183380126953,0.10343323647975922
3534,4,1,1,0.00481936102733016,0.9944658875465393,0.0007147426367737353
3535,0,1,1,0.001193137257359922,0.9979199767112732,0.000886846159119159
3536,3,1,0,0.5076353549957275,0.06330293416976929,0.4290616810321808
3538,1,1,1,0.00016960431821644306,0.9998167157173157,1.37310535137658e-05
3539,1,1,1,0.0001871962012955919,0.9998043179512024,8.490128493576776e-06
3541,0,1,2,0.00035771753755398095,0.4062880575656891,0.5933542251586914
3542,4,1,1,0.3232879936695099,0.6495569348335266,0.027155086398124695
3543,0,1,1,0.14195245504379272,0.8067616820335388,0.051285821944475174
3544,4,1,1,9.39994879445294e-06,0.9999245405197144,6.604667578358203e-05
3545,4,1,1,0.024857409298419952,0.97222501039505,0.002917578909546137
3546,3,1,1,0.09533752501010895,0.8974011540412903,0.007261340506374836
3547,1,1,1,0.006316709332168102,0.991428792476654,0.002254508901387453
3549,0,1,0,0.6874620318412781,0.1360408514738083,0.1764971762895584
3550,0,1,1,0.07033482193946838,0.8076636791229248,0.12200149893760681
3552,3,1,0,0.7759557962417603,0.1713729351758957,0.05267124995589256
3554,2,1,1,0.3033667206764221,0.6650761961936951,0.0315571129322052
3555,0,1,0,0.4700981378555298,0.4044238328933716,0.12547796964645386
3557,4,1,1,0.03142920136451721,0.9651057124137878,0.003465111833065748
3559,2,1,1,2.0583188131695351e-07,0.9999997615814209,6.368097160702746e-08
3560,4,1,2,0.10994123667478561,0.4125431776046753,0.4775155782699585
3561,0,1,1,0.036661237478256226,0.9614143967628479,0.0019243640126660466
3562,4,1,1,1.142425620770382e-08,1.0,2.862754477916951e-08
3563,4,1,1,3.282703346485505e-06,0.9999964237213135,2.5462173880441696e-07
3564,3,1,1,0.0026396478060632944,0.9957197308540344,0.0016406350769102573
3565,3,1,2,1.3861451861885143e-06,0.05345318838953972,0.9465454816818237
3566,0,1,1,0.041939739137887955,0.9020276069641113,0.056032583117485046
3567,4,1,1,1.3714474334847182e-05,0.9999836683273315,2.5725025807332713e-06
3568,1,1,1,0.0026480774395167828,0.9961131811141968,0.0012387733440846205
3569,0,1,1,5.3148822189541534e-05,0.9999144077301025,3.242187449359335e-05
3570,1,1,1,0.03544755280017853,0.9222915768623352,0.042260922491550446
3571,3,1,1,0.04784787446260452,0.8534349203109741,0.09871722012758255
3572,1,1,0,0.690056562423706,0.06747845560312271,0.24246494472026825
3573,3,1,1,0.0061514717526733875,0.993661642074585,0.00018685124814510345
3574,2,1,1,0.4445810616016388,0.5016007423400879,0.05381818115711212
3575,0,1,1,0.0056064194068312645,0.9521728157997131,0.0422208309173584
3576,1,1,1,4.0008355426834896e-05,0.999953031539917,6.986680091358721e-06
3577,4,1,1,0.08473724126815796,0.8728690147399902,0.04239371046423912
3579,3,1,1,0.0033321003429591656,0.9229787588119507,0.07368914783000946
3580,3,1,1,8.514142791682389e-06,0.999967098236084,2.442111690470483e-05
3581,1,1,1,1.0565923730609939e-05,0.9999881982803345,1.244004465661419e-06
3582,4,1,0,0.5842033624649048,0.27043312788009644,0.14536352455615997
3583,4,1,1,0.04182093217968941,0.9535143971443176,0.00466465437784791
3584,3,1,0,0.8561239242553711,0.09729743748903275,0.046578627079725266
3585,3,1,1,2.339767524972558e-05,0.9999746084213257,2.0051234059792478e-06
3587,4,1,0,0.3684622645378113,0.3409695327281952,0.29056817293167114
3588,0,2,2,2.0614990603462502e-08,8.72003340646188e-07,0.9999991655349731
3589,0,2,2,1.3167823453841265e-06,9.237815902451985e-06,0.9999895095825195
3590,1,2,2,0.006708976812660694,0.00024448323529213667,0.9930465817451477
3591,3,2,2,4.8237932787742466e-05,1.8950313460663892e-05,0.9999327659606934
3592,2,2,2,2.7164801963408536e-07,2.074358235404361e-06,0.9999977350234985
3593,4,2,2,0.0033906043972820044,0.0001783809857442975,0.9964309930801392
3594,0,2,2,1.6547713812542497e-06,3.0238223303058476e-07,0.9999979734420776
3595,3,2,2,7.779873101299017e-08,5.603001795861928e-08,0.9999998807907104
3596,0,2,2,8.321685527334921e-06,0.00034645359846763313,0.9996452331542969
3597,0,1,1,0.002201064256951213,0.9974333643913269,0.0003655382606666535
3598,2,1,0,0.5922359824180603,0.21768878400325775,0.19007524847984314
3599,2,1,1,2.9087370421621017e-05,0.9998018145561218,0.00016913935542106628
3600,3,1,1,0.00016436631267424673,0.9997943043708801,4.134973278269172e-05
3601,1,1,1,0.00010520490468479693,0.832759439945221,0.16713538765907288
3602,0,1,1,0.0004339363076724112,0.9994899034500122,7.609731983393431e-05
3603,2,1,1,8.871706086210907e-06,0.7222424745559692,0.277748703956604
3604,0,1,1,0.4129122495651245,0.5637327432632446,0.023354964330792427
3605,4,1,1,0.03834216669201851,0.9401099681854248,0.021547885611653328
3608,2,1,1,0.0018907415214926004,0.9883167147636414,0.009792480617761612
3610,4,1,1,6.335505895549431e-05,0.9997643828392029,0.00017227129137609154
3611,0,1,1,0.20038838684558868,0.7742636799812317,0.02534789964556694
3613,2,1,1,0.091332346200943,0.8812808990478516,0.0273867379873991
3614,0,1,0,0.729961097240448,0.19145157933235168,0.07858728617429733
3617,2,1,1,3.447421477176249e-06,0.9691341519355774,0.030862394720315933
3618,0,1,0,0.5965821743011475,0.09808352589607239,0.30533429980278015
3619,0,1,1,5.3793748520547524e-05,0.9999289512634277,1.7308644601143897e-05
3620,2,1,1,8.537550456821918e-06,0.998675525188446,0.001315879519097507
3621,4,1,1,0.00018150029063690454,0.9991351962089539,0.0006833365769125521
3622,3,1,1,5.451751121654524e-07,0.9999985694885254,9.403347576153465e-07
3623,3,1,1,4.937080302624963e-05,0.9999405145645142,1.0159878911508713e-05
3626,2,1,1,0.00013993059110362083,0.9516664743423462,0.04819358140230179
3627,1,1,2,0.03679283708333969,0.0058942073956131935,0.9573129415512085
3633,2,1,1,1.8237396943732165e-06,0.9989411234855652,0.0010570564772933722
3634,2,1,2,0.0013577686622738838,0.010081600397825241,0.9885606169700623
3635,4,1,1,0.061876896768808365,0.7030386328697205,0.2350844144821167
3636,3,1,0,0.7257134318351746,0.1924525499343872,0.08183401823043823
3637,1,1,0,0.6511040329933167,0.1741090714931488,0.17478683590888977
3638,1,1,0,0.5228904485702515,0.4255118668079376,0.051597703248262405
3639,4,1,0,0.890774130821228,0.0622604638338089,0.046965356916189194
3640,4,1,0,0.6895824074745178,0.12059450894594193,0.18982309103012085
3641,0,1,0,0.48925188183784485,0.40524792671203613,0.1055002361536026
3644,2,1,1,4.849001200568637e-09,1.0,3.320813624085872e-09
3645,4,1,1,0.0005200936575420201,0.9993196725845337,0.00016025161312427372
3646,1,1,1,0.428999662399292,0.4504440128803253,0.1205562949180603
3650,4,1,1,0.02099907584488392,0.8095346093177795,0.16946637630462646
3651,3,1,1,0.0026866120751947165,0.9933904409408569,0.00392292020842433
3653,1,1,1,0.0009686012635938823,0.9987373948097229,0.0002940483973361552
3654,1,1,1,0.005083601456135511,0.9930521249771118,0.0018643091898411512
3655,4,1,1,9.63693019002676e-05,0.9992881417274475,0.0006155375740490854
3656,3,1,1,0.0005502189160324633,0.99936443567276,8.53417586768046e-05
3657,3,1,1,0.0005502189160324633,0.99936443567276,8.53417586768046e-05
3658,2,1,1,0.0005738043691962957,0.9909370541572571,0.008489200845360756
3659,4,1,0,0.5759304761886597,0.2092185914516449,0.21485091745853424
3660,3,1,1,6.358714017551392e-07,0.9999914169311523,7.957763955346309e-06
3661,1,1,1,3.80088849283311e-09,1.0,2.593752412849426e-08
3662,4,1,1,0.1972685605287552,0.5590550899505615,0.2436763197183609
3663,4,1,1,0.20834293961524963,0.7654559016227722,0.026201242581009865
3664,4,1,1,2.370859874645248e-06,0.9999973773956299,2.955058846509928e-07
3665,4,1,1,0.386795312166214,0.5399134159088135,0.07329126447439194
3666,3,1,1,0.27900955080986023,0.7043800950050354,0.016610348597168922
3667,4,1,2,0.27543875575065613,0.045865073800086975,0.6786961555480957
3668,0,1,2,0.04750174656510353,0.0008080790867097676,0.951690137386322
3669,2,1,1,0.00796766858547926,0.9826943278312683,0.00933798961341381
3670,3,1,1,0.36283472180366516,0.6017383337020874,0.03542690351605415
3672,2,1,1,0.03839359059929848,0.9599462151527405,0.0016601518727838993
3673,1,1,1,0.3554592728614807,0.6046389937400818,0.03990168124437332
3674,3,1,1,0.0026866120751947165,0.9933904409408569,0.00392292020842433
3676,1,1,1,0.0009686012635938823,0.9987373948097229,0.0002940483973361552
3677,1,1,1,0.005083601456135511,0.9930521249771118,0.0018643091898411512
3678,4,1,1,9.63693019002676e-05,0.9992881417274475,0.0006155375740490854
3679,3,1,1,0.0005502189160324633,0.99936443567276,8.53417586768046e-05
3680,0,1,2,2.28679200517945e-05,0.45280125737190247,0.5471758246421814
3681,1,1,1,0.01758381724357605,0.9768237471580505,0.005592430476099253
3682,4,1,0,0.5759304761886597,0.2092185914516449,0.21485091745853424
3683,3,1,1,6.358714017551392e-07,0.9999914169311523,7.957763955346309e-06
3685,4,1,1,0.1972685605287552,0.5590550899505615,0.2436763197183609
3686,4,1,1,0.20834293961524963,0.7654559016227722,0.026201242581009865
3687,4,1,1,2.370859874645248e-06,0.9999973773956299,2.955058846509928e-07
3688,0,1,0,0.5965821743011475,0.09808352589607239,0.30533429980278015
3689,0,1,1,5.3793748520547524e-05,0.9999289512634277,1.7308644601143897e-05
3690,2,1,1,8.537550456821918e-06,0.998675525188446,0.001315879519097507
3691,4,1,1,0.00018150029063690454,0.9991351962089539,0.0006833365769125521
3692,3,1,1,5.451751121654524e-07,0.9999985694885254,9.403347576153465e-07
3693,3,1,1,4.937080302624963e-05,0.9999405145645142,1.0159878911508713e-05
3696,2,1,1,0.00013993059110362083,0.9516664743423462,0.04819358140230179
3697,1,1,2,0.03679283708333969,0.0058942073956131935,0.9573129415512085
3703,2,1,1,1.8237396943732165e-06,0.9989411234855652,0.0010570564772933722
3704,2,1,2,0.0013577686622738838,0.010081600397825241,0.9885606169700623
3705,4,1,1,0.061876896768808365,0.7030386328697205,0.2350844144821167
3706,3,1,0,0.7257134318351746,0.1924525499343872,0.08183401823043823
3707,1,1,0,0.6511040329933167,0.1741090714931488,0.17478683590888977
3708,1,1,0,0.5228904485702515,0.4255118668079376,0.051597703248262405
3709,4,1,0,0.890774130821228,0.062260452657938004,0.04696537181735039
3710,4,1,0,0.6895824074745178,0.12059450149536133,0.18982306122779846
3711,0,1,0,0.48925188183784485,0.40524792671203613,0.1055002361536026
3712,2,1,1,0.024726025760173798,0.960078239440918,0.015195736661553383
3713,4,1,0,0.9715108871459961,0.0013715506065636873,0.027117563411593437
3714,3,1,1,0.005691120866686106,0.9576818346977234,0.03662704676389694
3715,0,1,1,0.14988479018211365,0.839860737323761,0.010254519060254097
3716,0,1,1,0.009910513646900654,0.911742091178894,0.07834744453430176
3717,2,1,1,2.1895893098644592e-08,1.0,5.217890119979529e-09
3718,2,1,1,1.3387274577780772e-07,0.9999997615814209,9.13545932235138e-08
3719,4,1,2,0.006781646516174078,0.0020552100613713264,0.9911631345748901
3720,4,1,1,2.772059633571189e-05,0.9998406171798706,0.00013159211084712297
3721,1,1,0,0.9471268653869629,0.01887522079050541,0.033997856080532074
3724,2,1,0,0.8906195163726807,0.040483780205249786,0.06889678537845612
3726,0,1,1,0.0012476590927690268,0.9942013621330261,0.004551006015390158
3728,1,1,1,1.650988997425884e-05,0.9998855590820312,9.790882177185267e-05
3729,3,1,1,0.19722506403923035,0.7529157400131226,0.049859121441841125
3730,3,1,0,0.6444952487945557,0.26614513993263245,0.08935960382223129
3731,4,1,1,0.001275634509511292,0.9970111846923828,0.0017131987260654569
3732,3,1,1,0.1009683609008789,0.8852399587631226,0.013791739009320736
3733,4,1,1,2.709812906687148e-05,0.9999586343765259,1.423088997398736e-05
3734,4,1,1,0.13674329221248627,0.6030516028404236,0.26020509004592896
3737,0,1,1,0.012456775642931461,0.954210102558136,0.03333309292793274
3738,2,1,1,4.880535584561585e-07,0.9999980926513672,1.463650391997362e-06
3739,1,1,1,4.029105184599757e-05,0.999957799911499,1.951487774931593e-06
3740,2,1,1,0.00011304620420560241,0.9997361302375793,0.0001507931883679703
3743,3,1,2,0.014528617262840271,0.0005259134341031313,0.9849454164505005
3744,2,1,1,0.04746173694729805,0.9347556829452515,0.017782535403966904
3745,1,1,1,0.03342242166399956,0.8313828706741333,0.13519468903541565
3746,4,1,0,0.7052960395812988,0.2419600635766983,0.05274388939142227
3747,4,1,0,0.5763741731643677,0.19050081074237823,0.2331250011920929
3748,2,1,1,0.12819552421569824,0.8641138076782227,0.0076906755566596985
3749,3,1,1,0.006633192300796509,0.9932752847671509,9.151448466582224e-05
3750,3,1,1,0.3746837377548218,0.5564924478530884,0.06882387399673462
3751,2,1,2,0.0007308040512725711,0.0037027541548013687,0.9955664277076721
3752,1,1,1,0.09864915162324905,0.7931779026985168,0.10817292332649231
3753,1,1,1,6.470442031059065e-07,0.9962984919548035,0.003700926201418042
3754,2,1,2,0.2771824598312378,0.08632706105709076,0.6364904642105103
3755,4,1,1,1.3160378102838877e-06,0.9999628067016602,3.584347359719686e-05
3757,1,1,0,0.45253920555114746,0.43106749653816223,0.1163933277130127
3758,1,1,1,0.0007333222310990095,0.999244213104248,2.2537722543347627e-05
3760,3,1,0,0.6234449148178101,0.27312183380126953,0.10343323647975922
3761,4,1,1,0.004819358233362436,0.9944658875465393,0.0007147419382818043
3762,0,1,1,0.001193137257359922,0.9979199767112732,0.000886846159119159
3763,3,1,0,0.5076353549957275,0.06330293416976929,0.4290616810321808
3765,0,1,1,0.002529662102460861,0.9972667694091797,0.00020359843620099127
3766,1,1,1,0.0001871962012955919,0.9998043179512024,8.490128493576776e-06
3767,3,1,1,3.825400199275464e-05,0.9999517202377319,1.0047891009890009e-05
3768,0,1,2,0.00035771753755398095,0.4062880575656891,0.5933542251586914
3769,4,1,1,0.3232879936695099,0.6495569348335266,0.027155086398124695
3770,0,1,1,0.14195245504379272,0.8067616820335388,0.051285821944475174
3771,4,1,1,9.39994879445294e-06,0.9999245405197144,6.604667578358203e-05
3772,4,1,1,0.0248574148863554,0.97222501039505,0.0029175805393606424
3773,3,1,1,0.09533752501010895,0.8974011540412903,0.007261340506374836
3774,1,1,1,0.006316709332168102,0.991428792476654,0.002254508901387453
3776,0,1,0,0.6874620318412781,0.1360408514738083,0.1764971762895584
3777,0,1,1,0.07033482193946838,0.8076636791229248,0.12200149893760681
3779,3,1,0,0.7759557962417603,0.1713729351758957,0.05267124995589256
3781,2,1,1,0.3033667206764221,0.6650761961936951,0.0315571129322052
3782,0,1,0,0.4700981378555298,0.4044238328933716,0.12547796964645386
3784,4,1,1,0.03142920881509781,0.9651057124137878,0.003465111833065748
3786,2,1,1,2.0583188131695351e-07,0.9999997615814209,6.368097160702746e-08
3787,4,1,2,0.10994123667478561,0.4125431776046753,0.4775155782699585
3788,0,1,1,0.036661237478256226,0.9614143967628479,0.0019243640126660466
3790,4,1,1,3.282703346485505e-06,0.9999964237213135,2.5462173880441696e-07
3791,3,1,1,0.0026396478060632944,0.9957197308540344,0.0016406358918175101
3792,3,1,2,1.3861451861885143e-06,0.05345320329070091,0.9465454816818237
3793,0,1,1,0.041939739137887955,0.9020276069641113,0.056032583117485046
3794,4,1,1,1.3714474334847182e-05,0.9999836683273315,2.5725025807332713e-06
3795,1,1,1,0.0026480774395167828,0.9961131811141968,0.0012387733440846205
3796,0,1,1,5.3148822189541534e-05,0.9999144077301025,3.242187449359335e-05
3797,1,1,1,0.03544755280017853,0.9222915768623352,0.042260922491550446
3798,3,1,1,0.04784787446260452,0.8534349203109741,0.09871719032526016
3799,1,1,0,0.690056562423706,0.06747845560312271,0.24246494472026825
3800,3,1,1,0.0061514717526733875,0.993661642074585,0.00018685105897020549
3801,2,1,1,0.4445810616016388,0.5016007423400879,0.05381818115711212
3803,1,1,1,4.0008355426834896e-05,0.999953031539917,6.986680091358721e-06
3804,4,1,1,0.08473722636699677,0.872869074344635,0.04239371418952942
3806,3,1,1,0.0033321003429591656,0.9229787588119507,0.07368914783000946
3807,3,1,1,8.514142791682389e-06,0.999967098236084,2.442111690470483e-05
3808,1,1,1,1.0565923730609939e-05,0.9999881982803345,1.244004465661419e-06
3809,4,1,0,0.58420330286026,0.2704331576824188,0.14536350965499878
3810,4,1,1,0.04182090982794762,0.9535143971443176,0.00466465437784791
3811,3,1,0,0.8561239242553711,0.09729743748903275,0.046578627079725266
3812,0,1,1,0.00010317331907572225,0.9998815059661865,1.533511203888338e-05
3815,1,1,0,0.794732928276062,0.16098652780056,0.0442805252969265
3816,2,1,1,3.793703573506946e-09,1.0,2.732908788161126e-09
3817,4,1,1,7.291369570339157e-07,0.9996192455291748,0.00037997536128386855
3818,3,1,1,0.03230917826294899,0.9610456228256226,0.0066452366299927235
3819,0,1,1,2.431013967907347e-07,0.9999996423721313,1.1652079479063104e-07
3821,1,1,1,7.712175715823832e-07,0.9999991655349731,3.372708690108084e-08
3822,1,1,1,0.0003452613018453121,0.9996405839920044,1.418383908458054e-05
3823,0,1,1,6.066466994525399e-06,0.9999697208404541,2.4247015971923247e-05
3824,0,1,1,0.0022010612301528454,0.9974333643913269,0.0003655379405245185
3825,2,1,0,0.5922359824180603,0.21768878400325775,0.19007524847984314
3826,2,1,1,2.9087370421621017e-05,0.9998018145561218,0.00016913935542106628
3827,3,1,1,5.926104904574458e-07,0.9999994039535522,2.4623554750746734e-08
3828,1,1,1,2.0337716705398634e-05,0.9999784231185913,1.2174940593467909e-06
3829,3,1,1,0.001280627097003162,0.9985902905464172,0.00012904047616757452
3830,3,1,0,0.7214965224266052,0.25369834899902344,0.02480514533817768
3831,0,1,1,0.12013620883226395,0.8359904289245605,0.0438733734190464
3832,4,1,0,0.6742569208145142,0.24074392020702362,0.08499918133020401
3833,3,1,2,0.3510126769542694,0.2928977608680725,0.3560895621776581
3834,3,1,1,0.1201879009604454,0.8394339680671692,0.04037808999419212
3835,0,1,1,0.06928243488073349,0.596385657787323,0.3343318998813629
3836,2,1,0,0.8712981939315796,0.09488661587238312,0.03381519764661789
3837,1,1,1,0.0022191645111888647,0.9972769618034363,0.0005038804956711829
3839,1,1,1,0.12454493343830109,0.8268107175827026,0.048644378781318665
3840,1,1,1,0.2566514313220978,0.7233361601829529,0.020012417808175087
3841,1,1,1,0.2566514313220978,0.7233361601829529,0.020012417808175087
3842,0,1,1,6.575106817763299e-05,0.9999334812164307,7.168295610426867e-07
3843,4,1,1,0.006708767265081406,0.9656060338020325,0.027685128152370453
3844,4,1,1,0.0293272715061903,0.9034615755081177,0.06721117347478867
3846,2,1,1,0.032891448587179184,0.9664189219474792,0.0006896360428072512
3847,0,1,1,0.09049134701490402,0.8200719952583313,0.08943665027618408
3848,4,1,1,0.02487867698073387,0.9726119637489319,0.0025093872100114822
3850,2,1,2,0.3437193036079407,0.2894117534160614,0.3668689429759979
3851,0,1,1,0.02509129047393799,0.971679151058197,0.0032296013087034225
3853,2,1,1,0.2457331269979477,0.7224835753440857,0.031783320009708405
3854,2,1,1,0.032978605479002,0.9640229940414429,0.0029983550775796175
3855,3,1,1,0.16937556862831116,0.7876104116439819,0.043013956397771835
3856,1,1,1,0.01583285816013813,0.976615309715271,0.007551766466349363
3858,1,1,0,0.9003600478172302,0.054182104766368866,0.04545776918530464
3859,1,1,0,0.9101306796073914,0.05811292305588722,0.03175631910562515
3860,3,1,0,0.6038455367088318,0.3086010813713074,0.08755340427160263
3861,4,1,1,0.01605447381734848,0.9834051132202148,0.0005403597606346011
3862,3,1,1,0.061764441430568695,0.9344975352287292,0.0037380147259682417
3864,0,1,1,0.009401478804647923,0.9847790598869324,0.005819418001919985
3865,0,1,1,0.025708632543683052,0.9688058495521545,0.005485463887453079
3866,2,1,1,0.13836540281772614,0.8574616312980652,0.004172976128757
3867,1,1,1,5.915137180068086e-08,0.9999995231628418,3.8623736031695444e-07
3868,3,1,1,0.07178153097629547,0.8822773098945618,0.045941099524497986
3869,3,1,2,0.0031591791193932295,0.018567893654108047,0.9782729148864746
3870,4,1,1,0.11486118286848068,0.8705422878265381,0.014596604742109776
3871,2,1,0,0.7021164298057556,0.14635369181632996,0.15152977406978607
3872,4,1,1,2.857800427591428e-05,0.9999468326568604,2.4645509256515652e-05
3875,2,1,1,0.11924061179161072,0.8570072650909424,0.023752089589834213
3876,0,1,0,0.516000509262085,0.2585375905036926,0.22546182572841644
3879,2,1,1,0.014867402613162994,0.9757545590400696,0.009378014132380486
3881,0,1,0,0.42676982283592224,0.3262488543987274,0.24698130786418915
3882,4,1,1,0.05408797785639763,0.9256817698478699,0.020230233669281006
3883,1,1,0,0.5465357899665833,0.030451292172074318,0.42301297187805176
3884,3,1,0,0.577034056186676,0.23653391003608704,0.18643207848072052
3885,3,1,0,0.5071682333946228,0.1029789075255394,0.38985294103622437
3886,0,1,1,0.30002954602241516,0.5846240520477295,0.11534639447927475
3887,3,1,1,0.4203623831272125,0.4349786341190338,0.14465902745723724
3891,3,1,1,8.278966561192647e-07,0.999998927116394,2.0525364163859194e-07
3892,2,1,1,4.543764589470811e-05,0.9999425411224365,1.2042809430568013e-05
3894,1,1,1,0.060568783432245255,0.8998613357543945,0.03956986218690872
3895,1,1,0,0.659001350402832,0.054509107023477554,0.2864895462989807
3896,3,1,0,0.708152174949646,0.27340584993362427,0.01844196394085884
3897,2,1,0,0.8483520746231079,0.10562548786401749,0.04602237045764923
3898,3,1,0,0.6234449148178101,0.27312183380126953,0.10343323647975922
3899,0,1,1,0.01741729862987995,0.9800370931625366,0.0025455679278820753
3900,3,1,1,0.05496473237872124,0.9246017932891846,0.02043345756828785
3901,3,1,0,0.7819904685020447,0.06055748835206032,0.1574520319700241
3902,4,1,1,1.873439396149479e-05,0.9999566078186035,2.469859828124754e-05
3903,2,1,1,2.577451778051909e-05,0.9999730587005615,1.2055270417477004e-06
3904,1,1,0,0.8419638872146606,0.0919940173625946,0.06604209542274475
3905,4,1,1,0.16684268414974213,0.5080094933509827,0.3251478374004364
3906,0,1,1,0.001193137257359922,0.9979199767112732,0.000886846159119159
3908,3,1,1,0.10406100749969482,0.8892611861228943,0.006677795667201281
3909,2,1,1,0.039108410477638245,0.9588701128959656,0.0020214999094605446
3910,1,1,1,0.041431598365306854,0.9523830413818359,0.006185394711792469
3911,1,1,0,0.507704496383667,0.036177340894937515,0.4561181962490082
3913,3,1,1,0.04570336639881134,0.8452084064483643,0.1090882271528244
3914,0,1,1,0.41732311248779297,0.4681371748447418,0.1145397424697876
3915,4,1,1,0.08864646404981613,0.9082168936729431,0.0031366576440632343
3916,1,1,1,4.5221995037536544e-08,0.9999998807907104,1.6750355769090675e-08
3917,0,1,1,0.006767064332962036,0.9888521432876587,0.004380735568702221
3918,3,1,0,0.5076353549957275,0.06330293416976929,0.4290616810321808
3919,0,1,1,0.003157445229589939,0.9919334053993225,0.004909124691039324
3922,0,1,1,0.000590603391174227,0.9992101192474365,0.00019926982349716127
3923,1,1,1,0.0003511278482619673,0.9995444416999817,0.00010435728472657502
3924,4,1,1,0.28618770837783813,0.5857564210891724,0.1280558556318283
3925,4,1,1,0.0024650588165968657,0.993689775466919,0.00384517852216959
3926,2,1,1,0.1969669908285141,0.7926566004753113,0.01037636213004589
3927,3,1,1,0.019060848280787468,0.9801029562950134,0.0008362053195014596
3929,1,1,1,0.0026612149085849524,0.9971893429756165,0.0001494351017754525
3930,0,1,1,0.013540583662688732,0.9845288395881653,0.0019305931637063622
3931,1,1,1,0.010462977923452854,0.9833568334579468,0.0061802370473742485
3934,4,1,1,0.00040734742651693523,0.9981803894042969,0.0014122746651992202
3936,0,1,1,0.06420575827360153,0.9257717132568359,0.010022596456110477
3937,4,1,1,0.014180702157318592,0.9828420281410217,0.002977286698296666
3938,4,1,1,0.0010469472035765648,0.9986841082572937,0.0002689630491659045
3939,3,1,1,3.825403837254271e-05,0.9999517202377319,1.0047900104837026e-05
3940,0,1,2,0.00035771753755398095,0.4062880575656891,0.5933542251586914
3941,2,1,0,0.5508914589881897,0.4304002523422241,0.018708286806941032
3942,3,1,1,0.0004088337591383606,0.9995207786560059,7.040827040327713e-05
3943,4,1,1,0.050745800137519836,0.9375112652778625,0.011742904782295227
3946,4,1,1,0.3232879936695099,0.6495569348335266,0.027155086398124695
3948,1,1,1,0.0017879561055451632,0.9978479146957397,0.0003641851362772286
3949,3,1,1,0.00035477738128975034,0.999032735824585,0.000612518226262182
3950,3,1,1,0.002598519204184413,0.9954168796539307,0.001984597183763981
3951,0,1,1,0.005238730926066637,0.9944489002227783,0.0003123756032437086
3952,2,1,2,0.21126621961593628,0.07743514329195023,0.7112986445426941
3953,0,1,1,0.225444033741951,0.7438684701919556,0.03068743832409382
3954,4,1,0,0.580464243888855,0.35753434896469116,0.062001414597034454
3955,1,1,0,0.6397607922554016,0.2955573499202728,0.06468184292316437
3956,2,1,0,0.8555751442909241,0.034397125244140625,0.11002781987190247
3957,4,1,1,0.010891618207097054,0.9871662259101868,0.0019421472679823637
3958,1,1,0,0.46613746881484985,0.31583958864212036,0.21802295744419098
3959,0,1,0,0.484329491853714,0.4219980835914612,0.09367243945598602
3960,1,1,1,0.0003832008223980665,0.9981988072395325,0.001417973660863936
3961,4,1,1,6.507790385512635e-05,0.9995914101600647,0.00034352220245637
3962,4,1,1,0.012079654261469841,0.9854975938796997,0.002422741614282131
3963,3,1,0,0.6166005730628967,0.10351922363042831,0.27988025546073914
3964,1,1,1,0.006316706072539091,0.991428792476654,0.002254508901387453
3965,4,1,1,0.4836919605731964,0.48693475127220154,0.02937321923673153
3966,1,1,0,0.8575318455696106,0.08254299312829971,0.05992516875267029
3967,0,1,0,0.6874620318412781,0.1360408514738083,0.1764971762895584
3968,2,1,0,0.9367532730102539,0.03350631520152092,0.029740408062934875
3969,4,1,0,0.664437472820282,0.29012787342071533,0.04543468728661537
3970,2,1,1,0.1278720498085022,0.8184464573860168,0.05368147790431976
3971,4,1,1,0.03098047897219658,0.9667392373085022,0.0022802939638495445
3972,3,1,0,0.45768919587135315,0.33352696895599365,0.20878377556800842
3973,1,1,2,0.2468496859073639,0.046222202479839325,0.7069280743598938
3974,2,1,1,0.09027495980262756,0.9048401117324829,0.004884971305727959
3975,2,1,1,8.931104275688995e-06,0.9999707937240601,2.0275665519875474e-05
3976,4,1,1,0.13492709398269653,0.8337032794952393,0.03136963024735451
3977,2,1,1,0.0030752727761864662,0.9968098998069763,0.00011478485248517245
3979,0,1,1,0.023832302540540695,0.9417847990989685,0.03438295051455498
3980,1,1,0,0.7658877968788147,0.027333665639162064,0.20677858591079712
3981,0,1,0,0.7549611926078796,0.08013885468244553,0.16489996016025543
3982,1,1,1,0.005622618366032839,0.9931281805038452,0.0012492265086621046
3983,4,1,0,0.918459951877594,0.024219179525971413,0.057320814579725266
3984,2,1,1,0.16239069402217865,0.803106963634491,0.034502286463975906
3985,2,1,1,1.600100063114951e-06,0.9999973773956299,1.0371308007961488e-06
3986,2,1,0,0.5014635920524597,0.39694949984550476,0.10158688575029373
3987,1,1,1,0.10315525531768799,0.891014575958252,0.005830223206430674
3988,4,2,2,1.0358359077144996e-06,4.450965661817463e-06,0.9999945163726807
3989,0,2,2,2.7970292649115436e-05,0.00011520467523951083,0.99985671043396
3990,1,2,2,4.700706540461397e-06,1.3504610478776158e-06,0.9999940395355225
3991,1,2,2,2.7505250272952253e-06,3.252993110436364e-06,0.9999940395355225
3992,2,2,2,2.3971258542587748e-06,1.249158685823204e-06,0.9999964237213135
3993,1,2,2,9.270073064726603e-07,7.972216735652182e-06,0.9999910593032837
3994,4,2,2,8.968640031525865e-06,4.054539022035897e-05,0.9999505281448364
3995,4,2,0,0.7124095559120178,0.14758804440498352,0.14000239968299866
3996,0,2,2,2.249424824185553e-08,2.8444521376513876e-05,0.9999715089797974
3997,1,2,2,0.00033915945095941424,1.7298772945650853e-05,0.9996435642242432
3999,1,2,2,2.2337051177601097e-06,4.68919679406099e-05,0.9999508857727051
4004,2,2,0,0.8530474901199341,0.03873671591281891,0.1082158088684082
4005,4,2,2,2.3357458758255234e-06,6.147295152914012e-06,0.9999914169311523
4006,0,2,2,1.585436422146813e-07,6.175397720653564e-05,0.9999381303787231
4007,3,2,2,1.986176812351914e-06,1.6518547454325017e-06,0.9999963045120239
4009,2,2,2,2.9610942874569446e-05,7.06335595168639e-06,0.9999634027481079
4010,0,2,2,7.561836355307605e-06,2.096061871270649e-05,0.9999715089797974
4011,1,2,2,6.080430239308043e-07,8.155516297847498e-07,0.9999985694885254
4012,2,2,2,5.694989886251278e-05,1.202264684252441e-05,0.9999309778213501
4013,4,2,2,9.318640877609141e-06,3.6158060083835153e-06,0.9999871253967285
4014,1,2,2,4.095690542271768e-07,1.4241426242733723e-06,0.9999982118606567
4015,3,2,2,7.60793091103551e-06,2.2440166503656656e-05,0.9999699592590332
4016,4,2,2,1.769367554516066e-05,7.730700417596381e-06,0.9999746084213257
4017,0,2,2,2.977221136291064e-08,1.3561278819906875e-06,0.9999986886978149
4018,4,2,2,1.16735009214608e-06,7.34500326871057e-06,0.9999914169311523
4019,3,2,2,1.9670731489895843e-05,2.9980337785673328e-06,0.9999773502349854
4020,4,2,2,9.614457667339593e-06,9.748704542289488e-06,0.9999805688858032
4021,2,2,2,1.1289680514892098e-05,2.8042377380188555e-06,0.9999858140945435
4024,4,2,2,2.99004625503585e-07,1.5508725482504815e-05,0.9999841451644897
4025,2,2,2,2.3119031538954005e-05,3.724464249899029e-06,0.9999731779098511
4026,3,2,2,3.556081935585098e-07,1.4198610642779386e-07,0.9999995231628418
4027,0,2,2,7.563548933831044e-07,4.842511316383025e-06,0.9999943971633911
4028,2,2,2,0.00021872927027288824,1.2598131434060633e-05,0.9997686743736267
4029,0,2,2,1.498757342233148e-06,1.8375447325524874e-05,0.999980092048645
4030,3,2,2,8.170651426553377e-07,4.421595747317042e-07,0.9999986886978149
4031,0,2,2,4.807399136552704e-07,1.6382929288738524e-06,0.9999978542327881
4032,0,2,2,3.4989406572094595e-07,3.893618668371346e-06,0.9999957084655762
4033,0,2,2,2.0734940431310633e-09,4.671449914894765e-06,0.9999953508377075
4035,1,2,2,4.3726322473958135e-07,1.1359237532815314e-06,0.9999983310699463
4036,0,2,2,5.2792639593235435e-08,1.0056309065475943e-06,0.9999990463256836
4037,3,2,2,9.33878027353785e-07,2.3839440643769194e-07,0.9999988079071045
4038,1,2,2,4.733063633466372e-06,2.1838166048837593e-06,0.999993085861206
4039,0,2,2,2.0075567590538412e-06,4.479466497286921e-06,0.9999934434890747
4040,1,2,2,1.964111362440235e-07,2.998018544531078e-07,0.9999994039535522
4041,4,2,2,7.877304597059265e-06,0.0003306005382910371,0.9996615648269653
4042,4,2,2,7.953854947118089e-05,3.365238808328286e-05,0.9998868703842163
4043,1,2,2,1.3979943958020158e-07,5.398172220338893e-07,0.9999992847442627
4044,0,2,2,2.3079844595486065e-06,9.512328688288108e-06,0.9999881982803345
4045,0,2,2,6.636995749431662e-06,1.009622519632103e-05,0.9999831914901733
4046,2,2,2,5.512092684512027e-06,2.167849743273109e-06,0.9999923706054688
4047,1,2,2,4.051431460538879e-06,4.742560577142285e-06,0.9999911785125732
4049,4,2,2,1.393275283589901e-06,3.2846130579855526e-06,0.999995231628418
4050,3,2,2,1.294104322369094e-06,8.114237743939157e-07,0.9999978542327881
4052,3,2,2,1.1633750318651437e-06,4.893549316875578e-07,0.9999983310699463
4053,2,2,2,1.0505464160814881e-05,2.4887499421311077e-06,0.999987006187439
4055,0,2,2,0.00011698464368237182,7.952539453981444e-05,0.9998034834861755
4057,3,2,2,2.6876995207203436e-07,9.457665584022834e-08,0.9999996423721313
4060,3,2,2,2.033609462159802e-06,0.00010921512148343027,0.9998887777328491
4061,4,2,2,0.0005288952961564064,0.0006799925467930734,0.9987911581993103
4062,2,2,0,0.6931555271148682,0.04218876734375954,0.2646556794643402
4063,0,2,2,1.2721239173174581e-08,1.550765045976732e-05,0.9999845027923584
4064,2,2,2,1.2745564959004696e-07,3.0103154813332367e-07,0.9999995231628418
4066,1,2,2,2.103080532833701e-06,8.508488463121466e-06,0.99998939037323
4067,2,2,2,8.846168952914013e-08,1.8894606057529018e-07,0.9999996423721313
4068,1,2,2,3.2138507322088117e-06,1.4951688172004651e-05,0.9999818801879883
4069,1,2,2,7.813383149368747e-07,8.568356861360371e-06,0.9999905824661255
4070,2,2,2,6.090808142289461e-07,6.934097314115206e-07,0.9999986886978149
4071,4,2,2,1.0109790338219682e-07,5.414759129962476e-07,0.9999992847442627
4072,1,2,2,3.7297156723070657e-06,5.499707640410634e-06,0.9999908208847046
4074,3,2,2,0.00011022183753084391,2.933056566689629e-05,0.999860405921936
4075,3,2,2,2.3637653612240683e-06,7.471237495337846e-07,0.9999969005584717
4076,0,2,2,1.8376678667664237e-07,2.243938297397108e-06,0.9999974966049194
4077,2,2,2,2.7150255732522055e-07,8.308952033075911e-07,0.999998927116394
4078,0,2,2,1.058165750578155e-07,8.465111704936135e-07,0.9999990463256836
4080,0,2,2,5.743884656794762e-08,2.532079861339298e-06,0.9999974966049194
4082,0,2,2,8.279007346345679e-08,5.903219062020071e-06,0.9999939203262329
4083,0,2,2,1.7011477382311568e-07,3.3744181564543396e-06,0.999996542930603
4084,1,2,2,2.6782990971696563e-06,9.4619490482728e-06,0.9999879598617554
4086,1,2,2,2.9837788133590948e-06,1.134372837441333e-06,0.9999958276748657
4087,2,2,2,1.3477804827743967e-07,9.277849244426761e-07,0.999998927116394
4089,0,2,2,2.3200942678158754e-07,1.068895016942406e-05,0.9999890327453613
4090,1,2,2,2.7637099719868274e-06,1.5162139789026696e-05,0.9999821186065674
4092,2,2,2,3.235043550375849e-06,3.5996263250126503e-06,0.9999932050704956
4093,3,2,1,0.4565861225128174,0.4925557076931,0.05085814744234085
4095,0,2,2,5.803589147035382e-07,0.0001615591172594577,0.9998378753662109
4096,3,2,2,9.184776672555017e-07,6.992098860791884e-06,0.9999920129776001
4097,3,2,2,3.061411234739353e-06,9.782720553630497e-07,0.9999959468841553
4098,4,2,2,1.2274864502614946e-07,2.8128185931564076e-06,0.9999970197677612
4099,3,2,2,1.2279168686291086e-06,3.6647115848609246e-06,0.9999951124191284
4100,1,2,2,7.174590791692026e-06,8.017126674531028e-06,0.999984860420227
4101,2,2,2,6.835399091187355e-08,9.561634328747459e-08,0.9999997615814209
4102,4,2,2,6.621547044005638e-08,1.8935496655103634e-06,0.9999979734420776
4105,4,2,2,1.1177838388221062e-07,3.1338938697444974e-06,0.9999967813491821
4106,3,2,2,4.846727961194119e-07,2.4372064899580437e-07,0.9999992847442627
4107,0,2,2,1.246997953785467e-07,6.909031799295917e-05,0.999930739402771
4108,3,2,2,2.8443607789085945e-06,4.893064669886371e-06,0.9999922513961792
4109,2,2,2,5.69258361338143e-07,6.580070817108208e-07,0.9999986886978149
4111,0,2,2,5.378550729795428e-11,3.370293555349235e-08,1.0
4112,4,2,2,6.280185971263563e-08,4.736269545446703e-07,0.9999994039535522
4115,1,2,2,6.287044470809633e-06,1.958713801286649e-05,0.9999741315841675
4117,0,2,2,8.89832350026154e-08,2.1622286112688016e-06,0.9999977350234985
4118,0,2,2,9.942872303270178e-09,1.2260269386388245e-06,0.9999988079071045
4119,3,2,2,1.0726350865297718e-06,2.320349068440919e-07,0.9999986886978149
4120,1,2,2,2.0762761778314598e-05,4.8768702981760725e-05,0.9999305009841919
4121,2,2,2,1.4057023633995414e-07,1.1315108849885291e-06,0.9999988079071045
4122,3,2,2,5.433690830614069e-07,7.981766430020798e-06,0.9999914169311523
4123,0,2,2,1.399076126062937e-07,2.4716789539525053e-06,0.9999973773956299
4124,2,2,2,1.1432097579699985e-07,8.567901659262134e-07,0.9999990463256836
4125,0,2,2,5.014830435356998e-07,5.1680563046829775e-05,0.9999477863311768
4129,4,2,2,2.4706574208721577e-07,5.126760697748978e-06,0.9999946355819702
4130,4,2,2,9.237817977236773e-08,5.725084974983474e-07,0.9999992847442627
4131,3,2,2,6.478214345406741e-06,6.273088729358278e-06,0.9999872446060181
4132,1,2,2,2.405299483143608e-06,0.0008159201825037599,0.9991816878318787
4133,0,2,2,1.9804037520998463e-08,6.731417670380324e-06,0.9999933242797852
4134,2,2,2,2.85279526224258e-07,1.4551192180078942e-06,0.9999983310699463
4135,1,2,2,1.3190892822478872e-08,1.4277603668233496e-06,0.9999985694885254
4136,2,2,2,2.2097813143773237e-06,1.1779836768255336e-06,0.999996542930603
4137,0,2,2,1.207800011115978e-07,1.30714636270568e-06,0.9999985694885254
4138,3,2,2,5.093738309369655e-06,1.0944961559289368e-06,0.9999938011169434
4139,0,2,2,4.54820607842521e-08,1.4542991266353056e-05,0.9999854564666748
4140,2,2,2,1.3185615443944698e-07,1.3963071978650987e-06,0.9999984502792358
4141,4,2,2,4.469288228392543e-08,8.796670044830535e-06,0.9999911785125732
4142,2,2,2,1.1896854346105101e-07,1.7455151635203947e-07,0.9999997615814209
4143,2,2,2,5.314932138844597e-08,3.3039216873476107e-07,0.9999996423721313
4144,2,2,2,4.015281547253835e-07,4.2093597585335374e-07,0.9999991655349731
4145,1,2,2,2.0459572169784224e-06,3.8550610952370334e-06,0.999994158744812
4146,0,2,2,8.336290306942828e-07,6.288782606134191e-05,0.9999362230300903
4147,3,2,2,1.2752265320159495e-05,3.91067760574515e-06,0.9999833106994629
4148,3,2,2,1.9187757516192505e-06,4.870498742093332e-06,0.9999932050704956
4149,0,2,2,9.55393204549182e-08,1.8197892131865956e-05,0.9999816417694092
4150,1,2,2,8.072011041804217e-06,7.1947274591366295e-06,0.9999847412109375
4151,0,2,2,1.6168611693956336e-07,8.841833732731175e-06,0.9999910593032837
4152,3,2,2,3.4983847854164196e-06,1.9575859369069804e-06,0.9999946355819702
4154,3,2,2,6.572089205292286e-06,6.412534730770858e-06,0.999987006187439
4155,4,2,2,3.423659336476703e-06,3.152272483930574e-06,0.9999934434890747
4156,0,2,2,1.4812296456057084e-07,1.3465100892062765e-06,0.9999985694885254
4157,0,2,2,1.0726452273956966e-05,1.5039237950986717e-05,0.999974250793457
4158,1,2,2,9.902748843160225e-07,1.0456714107931475e-06,0.9999979734420776
4159,4,2,0,0.6332231760025024,0.0036456123925745487,0.3631312847137451
4160,3,2,2,9.961576097339275e-07,4.958690738021687e-07,0.9999985694885254
4161,3,2,2,5.637007234327029e-07,4.099812827007554e-07,0.9999990463256836
4162,3,2,2,7.043007599349949e-07,2.0098900677112397e-06,0.9999972581863403
4163,1,2,2,2.0656449351008632e-07,2.9032278689555824e-05,0.9999706745147705
4164,3,2,2,2.141630648111459e-05,1.5588007954647765e-05,0.9999629259109497
4165,1,2,2,6.545511723743402e-07,6.196873528097058e-06,0.9999932050704956
4166,1,2,2,7.127612775548187e-07,9.18878583888727e-07,0.9999983310699463
4168,1,2,2,2.419576503598364e-07,3.0356379738805117e-06,0.9999967813491821
4169,0,2,2,6.24636277279933e-06,1.121213335864013e-05,0.9999825954437256
4171,1,2,2,8.020005282105558e-08,2.449872624765703e-07,0.9999996423721313
4172,0,2,2,1.8892820889959694e-06,4.869386975769885e-05,0.9999494552612305
4173,0,2,2,1.4797835490298894e-07,1.595968456058472e-06,0.9999983310699463
4174,3,2,2,1.1519066902110353e-05,8.678677659190726e-06,0.9999797344207764
4175,2,2,2,5.912666892982088e-05,5.9196514484938234e-05,0.9998816251754761
4176,0,2,2,1.352590288661304e-06,4.743451427202672e-06,0.9999939203262329
4177,0,2,2,2.390208635461022e-07,2.0832060272368835e-06,0.9999977350234985
4178,4,2,2,2.5551960334269097e-06,5.452927780424943e-07,0.9999969005584717
4179,3,2,2,0.0015089308144524693,0.0001317379210377112,0.9983592629432678
4180,3,2,2,0.45226597785949707,0.06307651102542877,0.48465749621391296
4181,1,2,2,1.3784744623990264e-05,1.8701626686379313e-05,0.9999674558639526
4182,4,2,2,4.665892902266933e-06,3.930552338715643e-06,0.9999914169311523
4183,4,2,2,2.4869493699952727e-06,1.778509158611996e-06,0.9999957084655762
4184,1,2,2,2.613185756672465e-07,2.9488537620636635e-06,0.9999967813491821
4186,0,2,2,1.3331677450878487e-07,1.7002154208967113e-06,0.9999982118606567
4188,4,2,2,2.635972123243846e-06,1.4897810615366325e-05,0.999982476234436
4189,4,2,2,1.1685456229315605e-06,5.311775339578162e-07,0.9999983310699463
4190,2,2,2,6.925150228198618e-05,1.587793303770013e-05,0.9999148845672607
4192,1,2,2,4.0582671090305666e-07,2.5492386157566216e-06,0.9999971389770508
4193,1,2,2,4.1579117038281765e-08,4.978595370630501e-06,0.9999949932098389
4194,1,2,2,4.1539092876519135e-07,2.2403692128136754e-06,0.9999973773956299
4195,2,2,2,1.0903097972914111e-05,0.00020798096375074238,0.9997811913490295
4196,2,2,2,8.146577670231636e-07,5.363188506635197e-07,0.9999986886978149
4197,0,2,2,1.2465083898405283e-07,2.105516159645049e-06,0.9999977350234985
4198,0,2,2,1.3280622397360275e-06,4.326433554524556e-06,0.9999943971633911
4199,4,2,2,1.558838391702011e-07,3.914787782832718e-07,0.9999995231628418
4200,4,2,2,3.251630914746784e-05,0.000127624865854159,0.9998397827148438
4201,0,2,2,6.42036809495039e-07,4.078095116710756e-06,0.9999953508377075
4202,3,2,2,0.30251237750053406,0.24272720515727997,0.45476043224334717
4203,4,2,2,7.709753049311985e-07,1.4536233265971532e-06,0.9999978542327881
4204,1,2,2,1.5504565453738905e-05,4.419273409439484e-06,0.999980092048645
4206,3,2,2,8.222914402722381e-07,6.151154252620472e-07,0.9999985694885254
4207,1,2,2,8.787719139036199e-07,3.0475198400381487e-06,0.9999960660934448
4208,0,2,2,2.7429209126239584e-07,2.234497287645354e-06,0.9999974966049194
4209,4,2,2,2.0093494867978734e-07,1.6390262658205756e-07,0.9999996423721313
4210,2,2,2,9.302067951466597e-07,6.269854111451423e-07,0.9999984502792358
4211,1,2,2,3.2811390155984554e-06,2.934377562269219e-06,0.9999936819076538
4213,4,2,2,7.841205842851195e-06,8.465190717288351e-07,0.9999912977218628
4214,1,2,2,2.133165395434844e-07,4.321631763559708e-07,0.9999992847442627
4215,0,2,2,1.296686946261616e-06,8.762864126765635e-06,0.9999898672103882
4216,2,2,2,1.394990221115222e-07,2.842704134309315e-07,0.9999996423721313
4219,0,2,2,6.239731078494515e-07,2.791034603433218e-06,0.9999966621398926
4221,0,2,2,4.0522103006424004e-08,7.015470373517019e-07,0.9999992847442627
4222,1,2,2,8.817458052590155e-08,9.693568472357583e-07,0.999998927116394
4223,1,2,2,7.622885789260181e-08,1.209651031786052e-06,0.9999986886978149
4224,4,2,2,2.924318323493935e-06,2.1023440694989404e-06,0.9999948740005493
4225,2,2,2,1.2784249747710419e-06,9.61595674198179e-07,0.9999977350234985
4226,2,2,2,9.926047823682893e-07,9.220050856129092e-07,0.9999980926513672
4227,2,2,2,7.853515171518666e-07,8.753178803999617e-07,0.9999983310699463
4229,2,2,2,1.690631620476779e-06,1.4342458598548546e-06,0.9999969005584717
4230,0,2,2,4.290612309887365e-08,6.925014304215438e-07,0.9999992847442627
4231,1,2,2,9.462477379429401e-08,8.632532058072684e-07,0.9999990463256836
4233,2,2,2,4.907757556793513e-06,0.00016410545504186302,0.999830961227417
4234,4,2,2,2.7398016300139716e-06,3.357377408974571e-06,0.9999939203262329
4235,1,2,1,0.029600199311971664,0.679990291595459,0.29040947556495667
4236,1,2,2,0.05390964075922966,0.0006085258210077882,0.9454818367958069
4237,3,2,2,1.8041795328826993e-06,1.9168685412296327e-06,0.9999963045120239
4238,2,2,0,0.8525126576423645,0.09482693672180176,0.05266040936112404
4239,0,2,2,3.235480505736632e-07,5.2673158279503696e-06,0.9999943971633911
4240,0,2,0,0.9395221471786499,0.015898238867521286,0.04457961395382881
4241,0,2,0,0.8125815987586975,0.0660872682929039,0.121331125497818
4242,4,2,0,0.7951397895812988,0.0047169947065413,0.20014318823814392
4243,2,2,2,4.956384600518504e-07,4.5342826524574775e-06,0.9999949932098389
4244,3,2,2,0.1894431859254837,0.15979066491127014,0.650766134262085
4245,2,2,0,0.6192156672477722,0.3052658140659332,0.07551855593919754
4246,1,2,2,0.36792728304862976,0.08972222357988358,0.5423504710197449
4247,0,2,2,2.3405650750873974e-08,6.37334721886873e-07,0.9999994039535522
4248,0,2,2,1.962762780749472e-06,6.025250058883103e-06,0.9999920129776001
4250,2,2,2,1.5412484799526283e-06,4.076279583387077e-05,0.9999576807022095
4251,2,2,2,2.7241255793342134e-06,1.032224417940597e-06,0.9999961853027344
4252,3,2,2,3.2510624805581756e-06,0.00018623526557348669,0.999810516834259
4253,2,2,2,8.886463547241874e-06,1.4873242434987333e-05,0.9999761581420898
4256,1,2,2,1.439687821402913e-06,2.497536570444936e-06,0.9999960660934448
4258,4,2,2,2.9471368634403916e-07,1.1536747024365468e-06,0.9999985694885254
4259,2,2,2,2.961979362225975e-06,8.996347787615377e-06,0.9999880790710449
4260,2,2,2,9.1930396592943e-06,1.2409905139065813e-06,0.9999896287918091
4262,4,2,2,2.5950444069167133e-06,3.0660336051369086e-05,0.9999667406082153
4264,2,2,2,2.131431386942495e-07,1.93711429119503e-07,0.9999995231628418
4265,4,2,2,9.869962696029688e-07,4.442436693352647e-05,0.9999545812606812
4266,1,2,2,1.2277070709387772e-05,1.0319220564269926e-05,0.9999773502349854
4268,2,2,2,1.3631540241476614e-05,1.1393673958082218e-05,0.9999749660491943
4270,2,2,2,1.4664129594166297e-05,2.7044186481361976e-06,0.9999825954437256
4272,2,2,2,6.127680194367713e-07,3.818990080617368e-06,0.9999955892562866
4274,1,2,2,4.716579837804602e-07,0.00011958118557231501,0.9998799562454224
4277,4,2,2,2.9944171728857327e-06,3.1794541428098455e-05,0.9999651908874512
4278,4,2,2,5.133824379299767e-05,0.0005687754601240158,0.9993798732757568
4279,0,2,2,1.4175418172612808e-08,1.412558816582532e-07,0.9999998807907104
4280,3,2,2,1.3891329899706761e-06,4.341326712165028e-05,0.9999551773071289
4281,0,2,2,1.6574134065194812e-07,2.353020136069972e-06,0.9999974966049194
4284,1,2,2,7.383203865174437e-06,9.336596122011542e-05,0.9998992681503296
4285,2,2,2,2.0248102373443544e-05,3.6932431157765677e-06,0.9999760389328003
4286,0,2,2,4.833667844650336e-06,0.0006745104910805821,0.9993206262588501
4287,2,2,2,3.5126038255839376e-07,3.3908049772435334e-06,0.9999963045120239
4288,2,2,2,4.3719938958020066e-07,2.429367498280044e-07,0.9999992847442627
4289,4,2,2,0.0003039239381905645,0.0004959832294844091,0.9992000460624695
4290,0,2,2,8.483770557177195e-07,2.2276256004261086e-06,0.9999969005584717
4291,1,2,2,9.955449968401808e-06,2.842639878508635e-05,0.9999616146087646
4292,0,2,2,3.483989274855048e-08,2.0726470495446847e-07,0.9999997615814209
4293,1,2,2,2.7363736876395706e-07,3.45704575011041e-05,0.9999651908874512
4294,3,2,2,1.693226465704356e-07,4.124466386201675e-07,0.9999995231628418
4295,1,2,2,3.979873508797027e-05,0.0001524822728242725,0.9998077750205994
4296,1,2,2,5.115637577546295e-06,1.3968893654237036e-05,0.9999809265136719
4297,4,2,2,0.00042133868555538356,0.00024333583132829517,0.9993352293968201
4298,0,2,2,5.744448685618408e-07,5.278598564473214e-06,0.999994158744812
4299,0,2,2,2.9950961106806062e-06,0.0004554541374091059,0.9995416402816772
4302,3,2,2,8.78999890119303e-06,0.00041521189268678427,0.9995759129524231
4303,1,2,2,2.825442970788572e-05,2.223093133579823e-06,0.999969482421875
4304,3,2,2,2.419496922811959e-05,9.123921336140484e-05,0.9998846054077148
4305,3,2,2,1.5632322174496949e-06,5.75361036680988e-06,0.9999927282333374
4306,3,2,2,3.0118055292405188e-05,1.011981794363237e-06,0.9999688863754272
4307,1,2,2,1.745029294397682e-06,2.3728018277324736e-05,0.9999744892120361
4308,0,2,2,2.7306163019602536e-07,1.0212291272182483e-05,0.9999895095825195
4309,4,2,2,2.510714836034822e-08,6.421444140869426e-06,0.9999935626983643
4310,0,2,2,0.004804485477507114,0.00022635640925727785,0.9949691891670227
4311,1,2,2,7.860980844043297e-08,6.3827892518020235e-06,0.9999934434890747
4312,2,2,2,0.0005550450296141207,2.981842953886371e-05,0.9994151592254639
4313,4,2,2,1.6498391630648257e-07,3.331497055114596e-06,0.999996542930603
4314,0,2,2,0.0001976446365006268,0.0001690239441813901,0.9996333122253418
4315,4,2,2,4.368716872704681e-07,6.236497256395523e-07,0.999998927116394
4316,1,2,2,1.1682246622513048e-05,1.0106657555297716e-06,0.9999873638153076
4317,4,2,2,0.0003301793767604977,0.00020914968627039343,0.999460756778717
4318,3,2,2,0.0014447564026340842,0.0005127770709805191,0.9980424642562866
4319,1,2,2,5.31180887719529e-07,6.748613259333069e-07,0.9999988079071045
4320,3,2,2,1.0412682968308218e-05,2.5036213173734723e-06,0.9999871253967285
4321,4,2,2,1.6120334578317852e-07,8.116321623674594e-07,0.9999990463256836
4322,0,2,2,0.00019286549650132656,0.00017924451094586402,0.999627947807312
4323,0,2,2,1.5673826680995262e-08,2.135641636868968e-07,0.9999997615814209
4324,2,2,2,3.558580283424817e-05,1.5069658729771618e-05,0.9999493360519409
4325,3,2,2,1.1309158480798942e-06,9.321172001364175e-06,0.9999896287918091
4326,2,2,2,4.847819923270436e-07,4.2016665702249156e-08,0.9999995231628418
4327,1,2,2,1.3871765531803248e-06,1.0886843483604025e-05,0.9999877214431763
4328,3,2,2,1.6715519450372085e-05,3.9290676795644686e-05,0.9999439716339111
4329,0,2,2,4.4193343455845024e-06,1.0255123015667778e-05,0.9999853372573853
4330,2,2,2,1.1706669056366081e-06,1.5152850210142788e-06,0.9999972581863403
4331,1,2,2,2.8457695862016408e-06,2.0836929252254777e-05,0.9999762773513794
4332,3,2,2,8.859303193275991e-07,0.00026147914468310773,0.9997376799583435
4333,1,2,2,7.244598236866295e-05,5.986034921079408e-06,0.9999215602874756
4334,3,2,2,7.209474972569296e-08,6.3344173213408794e-06,0.9999935626983643
4335,1,2,2,3.201229628757574e-05,3.98613847210072e-05,0.9999281167984009
4336,3,2,2,8.046188781918318e-07,2.750017529251636e-07,0.999998927116394
4337,4,2,2,0.0010175793431699276,0.000374658644432202,0.9986078143119812
4338,0,2,2,7.649457955949401e-08,3.135880035642913e-07,0.9999995231628418
4339,3,2,2,2.3345717636402696e-05,4.0413001443084795e-06,0.9999725818634033
4340,3,2,2,0.001355708227492869,0.00018288243154529482,0.9984614849090576
4342,4,2,2,4.918411286780611e-05,1.073399562301347e-05,0.999940037727356
4343,0,2,2,1.749820148688741e-05,2.7632908313535154e-05,0.9999548196792603
4344,1,2,2,6.359028361657693e-07,4.7079504383873427e-07,0.999998927116394
4345,4,2,2,0.00027894944651052356,9.033760579768568e-05,0.9996306896209717
4347,4,2,2,9.855165444605518e-06,1.0464548722666223e-05,0.9999796152114868
4348,2,2,2,1.337483013230667e-07,1.3673455896423548e-06,0.9999985694885254
4349,0,2,2,3.5692572453172033e-08,2.4814121957206225e-07,0.9999997615814209
4351,0,2,2,1.8504633771954104e-06,4.5964570745127276e-05,0.9999520778656006
4352,1,2,0,0.8138745427131653,0.044011153280735016,0.1421142965555191
4353,4,2,2,0.0007325969054363668,0.003568759886547923,0.9956986904144287
4354,1,2,0,0.3856935203075409,0.35248079895973206,0.2618257403373718
4356,4,2,2,3.4010398053396784e-07,6.693874183838489e-07,0.999998927116394
4357,1,2,2,2.202935093009728e-06,2.971257890749257e-05,0.9999681711196899
4358,2,2,2,1.2688718697972945e-06,1.74840499767015e-06,0.9999969005584717
4361,3,2,2,5.142292991422437e-08,3.3064354738598922e-06,0.9999966621398926
4363,2,2,2,6.693541081403964e-07,6.148093802949006e-07,0.9999986886978149
4364,0,2,2,4.0634084143675864e-05,0.00010297196422470734,0.9998563528060913
4366,0,2,2,3.344084475997988e-08,1.4584870200451405e-07,0.9999998807907104
4367,1,2,2,4.209974576951936e-05,2.931609378720168e-05,0.9999285936355591
4368,2,2,2,0.0011210020165890455,0.00031140385544858873,0.9985675811767578
4369,0,2,2,1.7337215467705391e-06,3.6320109302323544e-06,0.9999946355819702
4370,2,2,2,7.707017357461154e-05,8.224644261645153e-06,0.9999146461486816
4371,0,2,2,1.3141389842985518e-07,1.3291028153616935e-06,0.9999985694885254
4372,3,2,2,0.00023548127501271665,6.97996438248083e-05,0.9996947050094604
4373,1,2,2,4.5332907916417753e-07,5.211264124227455e-06,0.9999942779541016
4374,3,2,2,1.291777425649343e-05,2.2519855065183947e-06,0.999984860420227
4375,1,2,2,1.9163087472406914e-06,5.066239828011021e-05,0.9999474287033081
4377,0,2,2,3.4194667364317866e-07,1.2249044630152639e-05,0.9999873638153076
4379,1,2,0,0.9213449358940125,0.03360842913389206,0.045046623796224594
4381,1,2,0,0.8836846351623535,0.03699874132871628,0.0793166384100914
4383,4,2,2,2.2500900342947716e-07,3.978025233664084e-06,0.9999958276748657
4384,3,2,2,2.956912226181885e-07,2.937141516667907e-06,0.9999967813491821
4386,4,2,2,0.00012036001135129482,1.1889261259057093e-05,0.9998676776885986
4387,4,2,2,1.4470300513380607e-08,4.753270786750363e-06,0.999995231628418
4388,3,2,2,4.886180249741301e-05,9.343447345599998e-06,0.9999418258666992
4390,4,2,2,0.0010431131813675165,0.0004013427533209324,0.9985554814338684
4395,3,2,2,1.9514254745445214e-05,5.461914042825811e-06,0.9999749660491943
4396,0,2,2,2.6214687750325538e-05,3.0288991183624603e-05,0.9999434947967529
4398,2,2,2,0.0013048741966485977,5.157949999556877e-05,0.9986435770988464
4399,2,2,2,2.034283674845483e-08,2.2234724283975993e-08,1.0
4400,1,2,2,6.933839358680416e-06,2.5561500933690695e-06,0.9999905824661255
4402,1,2,2,7.861314799129104e-08,2.105079346392813e-07,0.9999996423721313
4403,2,2,2,8.775030480023815e-09,2.210137068914264e-07,0.9999997615814209
4404,1,2,2,1.4649288459622767e-05,1.2087606592103839e-05,0.9999732971191406
4406,4,2,0,0.6760455965995789,0.11437194049358368,0.2095823884010315
4407,2,2,2,2.4912613298511133e-05,8.905589311325457e-06,0.9999661445617676
4408,0,2,2,1.2352114708846784e-07,2.4737237254157662e-06,0.9999973773956299
4409,0,2,2,1.8057144757221977e-07,3.235782742194715e-06,0.999996542930603
4410,2,2,2,1.8233934895306447e-07,5.8306459322921e-06,0.9999939203262329
4412,4,2,2,1.7523898776516944e-08,4.751384949486237e-06,0.999995231628418
4414,3,2,2,1.3613600913231494e-06,2.220795636276307e-07,0.9999984502792358
4415,3,2,2,0.0003556015435606241,0.0001295636175200343,0.9995149374008179
4416,2,2,2,2.999416437887703e-06,2.6250555151818844e-07,0.9999967813491821
4417,3,2,2,2.558542473707348e-05,4.384820840641623e-06,0.9999699592590332
4418,2,2,2,2.999416437887703e-06,2.6250555151818844e-07,0.9999967813491821
4419,4,2,2,0.00010883031791308895,1.7605274479137734e-05,0.9998735189437866
4420,2,2,2,2.2516662738780724e-06,1.6260246127330902e-07,0.999997615814209
4421,4,2,2,1.6586722267675214e-05,1.7381442376063205e-05,0.999966025352478
4422,0,2,2,4.5339515253317586e-08,5.522830406334833e-07,0.9999994039535522
4423,4,2,2,0.00040238219662569463,8.977208926808089e-05,0.9995079040527344
4424,3,2,2,1.6552544934711477e-07,2.1797538352075208e-07,0.9999996423721313
4426,3,2,2,9.806645948629011e-07,8.695347787579522e-06,0.9999903440475464
4427,1,2,2,6.759114512533415e-08,2.11679804351661e-07,0.9999996423721313
4430,4,2,2,0.14718548953533173,0.017522869631648064,0.8352916836738586
4432,0,2,0,0.8921501040458679,0.04017109423875809,0.06767880916595459
4433,4,2,2,1.3434222978503385e-07,2.8874012514279457e-07,0.9999996423721313
4434,2,2,2,1.3942110399511876e-06,1.2880605027021375e-06,0.9999972581863403
4435,1,2,2,6.321337878034683e-06,5.484361827257089e-05,0.9999388456344604
4436,0,2,2,2.8901027349093056e-07,1.3995365407026839e-05,0.9999858140945435
4437,4,2,2,8.413706382270902e-05,8.403926585742738e-06,0.999907374382019
4438,4,2,2,6.560138210431887e-09,3.329528226458933e-06,0.9999966621398926
4439,1,2,2,3.936052235076204e-05,1.0605395800666884e-05,0.9999500513076782
4440,1,2,2,7.419325953605949e-08,7.408116857732239e-07,0.9999991655349731
4442,2,2,2,2.999416437887703e-06,2.6250555151818844e-07,0.9999967813491821
4443,0,2,2,1.560627879371168e-06,3.5731966363528045e-07,0.9999980926513672
4444,3,2,2,0.001054534805007279,0.000321977335261181,0.9986234903335571
4445,0,2,2,0.0002263111382490024,0.00017539279360789806,0.9995983242988586
4446,0,2,2,2.5676445147837512e-06,4.348060883785365e-06,0.999993085861206
4447,3,2,2,1.961037196451798e-05,5.251725269772578e-06,0.9999750852584839
4448,3,2,2,2.5775031531338755e-07,9.631241226770726e-08,0.9999996423721313
4449,2,2,2,0.0003667278215289116,1.94677704712376e-05,0.9996138215065002
4450,2,2,2,6.975083266524962e-08,7.378912414424121e-08,0.9999997615814209
4452,4,2,2,9.11546521820128e-07,3.366488090250641e-05,0.9999654293060303
4456,4,2,2,1.1085001005994854e-07,2.5353272121719783e-06,0.9999973773956299
4458,1,2,2,6.006325747875962e-07,7.435220936713449e-07,0.9999986886978149
4460,0,2,2,0.006611726246774197,0.0006696780910715461,0.9927185773849487
4461,2,2,2,0.000454427587101236,0.00017375599418301135,0.9993719458580017
4462,3,2,2,1.4596828805224504e-05,4.306691153033171e-06,0.999981164932251
4463,0,2,2,2.3563228751299903e-05,1.973147846001666e-05,0.9999566078186035
4464,2,2,2,7.868671332289523e-07,2.19099590026417e-07,0.999998927116394
4465,3,2,2,8.37981206132099e-05,4.371931936475448e-05,0.9998724460601807
4467,3,2,2,6.449723969126353e-06,1.1870829439430963e-06,0.9999923706054688
4468,0,2,2,4.0484954411112994e-07,4.734077811008319e-05,0.9999523162841797
4469,4,2,2,3.075499250826397e-07,1.7748992320321122e-07,0.9999995231628418
4470,0,2,2,3.4194667364317866e-07,1.2249044630152639e-05,0.9999873638153076
4471,4,2,2,4.1094539483310655e-05,4.5936001697555184e-05,0.9999129772186279
4472,4,2,0,0.6168640851974487,0.3517652750015259,0.03137054666876793
4474,3,2,0,0.9670904278755188,0.013581965118646622,0.019327662885189056
4475,1,2,2,0.1272450089454651,0.0046414565294981,0.8681134581565857
4476,2,2,0,0.9101920127868652,0.0056511708535254,0.08415686339139938
4478,0,2,1,0.08173774182796478,0.9079608917236328,0.010301347821950912
4479,1,2,0,0.7770228981971741,0.020654352381825447,0.20232267677783966
4480,1,2,2,3.1090508855413646e-05,1.1914158676518127e-05,0.9999569654464722
4481,0,2,2,1.394018909195438e-07,2.60998103840393e-06,0.9999972581863403
4482,4,2,2,1.8437425524098217e-06,6.937178113730624e-05,0.9999288320541382
4483,4,2,2,1.7884623559893953e-08,7.196878868853673e-06,0.999992847442627
4484,1,2,2,6.248723366297781e-05,4.927917871100362e-06,0.9999326467514038
4485,0,2,2,4.693678778977528e-10,1.0065126616609632e-06,0.9999990463256836
4486,2,2,2,0.0007011109846644104,3.18552010867279e-05,0.999267041683197
4487,0,2,2,1.7846760513862137e-08,1.6272566654151888e-06,0.9999983310699463
4488,4,2,2,0.0005488320020958781,0.0004034383164253086,0.9990476965904236
4489,4,2,2,3.1468908900933457e-07,6.196268600433541e-07,0.9999990463256836
4490,4,2,2,1.5680639080528636e-06,1.9573394638428e-06,0.999996542930603
4491,2,2,2,0.00010566906712483615,2.717711504374165e-05,0.9998670816421509
4492,4,2,2,0.00012496233102865517,2.0036879504914396e-05,0.9998550415039062
4493,0,2,2,2.5226734123862116e-06,4.402054855745519e-06,0.999993085861206
4494,2,2,2,0.00011195369734195992,1.0881188245548401e-05,0.9998772144317627
4495,4,2,2,6.060541295482835e-07,1.2650551752813044e-06,0.9999980926513672
4496,1,2,2,0.00037480361061170697,6.109670357545838e-05,0.9995641112327576
4497,0,2,2,4.8444523947921425e-09,1.680095351730415e-07,0.9999998807907104
4498,1,2,2,4.358652859082213e-06,3.246562755521154e-06,0.9999923706054688
4499,2,2,2,1.3205260529502993e-07,1.2895480949737248e-06,0.9999985694885254
4500,3,2,2,3.5485747673646983e-08,4.0170295534380784e-08,1.0
4501,4,2,2,1.4416895055546775e-06,4.1743354813661426e-05,0.9999568462371826
4502,4,2,2,7.619048119522631e-05,0.00027760345255956054,0.9996461868286133
4503,2,2,0,0.9051859378814697,0.011863919906318188,0.08295020461082458
4506,3,2,0,0.9264239072799683,0.024269504472613335,0.049306586384773254
4507,1,2,2,0.39557915925979614,0.18810011446475983,0.4163207411766052
4508,4,2,0,0.9458404779434204,0.012123677879571915,0.04203583672642708
4510,4,2,0,0.731585681438446,0.07074350863695145,0.1976708471775055
4511,3,2,1,0.4040716886520386,0.5888661742210388,0.007062189746648073
4513,1,2,0,0.9150310158729553,0.0029269722290337086,0.08204209059476852
4514,4,2,0,0.6212319731712341,0.027001742273569107,0.3517662584781647
4515,0,2,0,0.8794145584106445,0.045027393847703934,0.07555800676345825
4516,3,2,0,0.9364492893218994,0.007887287065386772,0.05566350370645523
4517,3,2,2,0.00012435564713086933,0.040699396282434464,0.959176242351532
4518,3,2,0,0.6707492470741272,0.013632279820740223,0.3156184256076813
4519,2,2,0,0.5165598392486572,0.29107865691185,0.1923614740371704
4520,0,2,2,3.872484739986248e-06,9.110922292165924e-06,0.9999871253967285
4521,4,2,2,1.9169532095020259e-07,4.5856631913920864e-06,0.999995231628418
4522,2,2,2,1.0016095757237053e-06,1.2947730283485726e-06,0.9999977350234985
4523,4,2,2,3.042221408122714e-08,1.0305609976057895e-05,0.9999897480010986
4525,1,2,2,2.06468556029904e-07,1.2870897990069352e-05,0.9999868869781494
4526,1,2,2,2.3586073439219035e-05,1.186682675324846e-05,0.9999644756317139
4527,4,2,2,1.249671583991585e-07,6.311642209766433e-06,0.9999935626983643
4528,3,2,2,0.0024133436381816864,0.00024173421843443066,0.9973450303077698
4529,3,2,2,8.982850090433203e-07,3.9320184441749007e-07,0.9999986886978149
4530,3,2,2,2.3242491806740873e-05,3.97388339479221e-06,0.9999728202819824
4531,3,2,2,0.001376931555569172,0.000259720953181386,0.9983634352684021
4532,0,2,2,4.856596569879912e-05,7.435814040945843e-05,0.9998770952224731
4533,4,2,2,3.688948345370591e-05,9.565571417624597e-06,0.9999536275863647
4534,1,2,2,6.225206743692979e-05,3.2519863452762365e-05,0.9999052286148071
4536,0,2,2,0.0002394323528278619,0.00047687042388133705,0.9992837309837341
4537,2,2,2,7.914712085721476e-08,4.6210772097765584e-08,0.9999998807907104
4538,3,2,2,6.048692739568651e-06,1.107046045945026e-06,0.999992847442627
4539,1,2,2,1.100841132029018e-06,8.9838526037056e-05,0.9999090433120728
4541,0,2,2,2.602491804282181e-07,1.2568194506457075e-05,0.9999872446060181
4542,2,2,2,4.261284630047157e-06,1.2620521374628879e-05,0.9999830722808838
4543,4,2,2,0.1969408392906189,0.11310979723930359,0.6899493932723999
4544,0,2,0,0.9172875285148621,0.012383812107145786,0.0703287273645401
4545,4,2,0,0.8658026456832886,0.07276545464992523,0.06143179163336754
4546,0,2,0,0.8309234976768494,0.016837604343891144,0.15223892033100128
4547,4,2,0,0.7564716339111328,0.1530129313468933,0.09051544219255447
4548,4,2,0,0.8642455339431763,0.016183873638510704,0.11957067996263504
4549,0,2,0,0.7431793808937073,0.08246973156929016,0.17435090243816376
4550,4,2,0,0.7564716339111328,0.1530129313468933,0.09051544219255447
4551,0,2,0,0.639227569103241,0.004431846551597118,0.35634058713912964
4552,2,2,1,0.06665530800819397,0.928091287612915,0.005253370851278305
4553,1,2,0,0.497476726770401,0.3100915253162384,0.19243177771568298
4554,0,2,0,0.9172875285148621,0.012383812107145786,0.0703287273645401
4556,4,2,0,0.8642455339431763,0.016183873638510704,0.11957067996263504
4557,1,2,2,0.3095073103904724,0.19162800908088684,0.49886468052864075
4558,4,2,0,0.8468058705329895,0.04438568651676178,0.1088084727525711
4559,4,2,0,0.7175618410110474,0.14585451781749725,0.13658365607261658
4560,2,2,2,4.47244310635142e-05,1.525443894934142e-05,0.999940037727356
4563,0,2,2,1.5017027976682584e-07,1.1938755051232874e-05,0.9999879598617554
4564,3,2,2,0.001602140604518354,7.057729817461222e-05,0.9983273148536682
4566,3,2,2,8.774062007432804e-05,2.027667869697325e-05,0.999891996383667
4567,2,2,2,4.0363357811656897e-07,5.659906605615106e-07,0.9999990463256836
4568,1,2,2,5.173229055799311e-06,1.615203291294165e-05,0.99997878074646
4569,1,2,2,6.347610792545311e-07,8.481381996716664e-07,0.9999985694885254
4570,1,2,2,8.648325092508458e-06,7.566753197352227e-07,0.9999905824661255
4571,2,2,2,8.541544229956344e-05,4.774982517119497e-05,0.9998667240142822
4572,0,2,2,8.293318387586623e-05,8.02103677415289e-05,0.999836802482605
4573,1,2,2,1.5197069558325893e-07,5.462382546284061e-07,0.9999992847442627
4574,2,2,2,0.0002697479503694922,2.137567389581818e-05,0.9997089505195618
4575,3,2,2,2.0552270996176958e-07,9.118815569308936e-08,0.9999996423721313
4576,1,2,2,0.0009140829206444323,0.00010267101606586948,0.9989832043647766
4578,1,2,2,6.718736131006153e-06,5.185299869481241e-06,0.9999881982803345
4579,0,2,2,8.005561369373027e-08,2.131478140654508e-05,0.9999785423278809
4580,4,2,2,3.771786509787489e-07,1.770453081917367e-07,0.9999995231628418
4581,1,2,2,6.745396490259736e-07,7.960161383380182e-06,0.9999912977218628
4582,1,2,2,4.4604865252040327e-05,2.3905131456558593e-05,0.9999314546585083
4583,3,2,0,0.8146947026252747,0.08593729138374329,0.09936808049678802
4584,2,2,0,0.9033359289169312,0.05962103232741356,0.03704298287630081
4585,2,2,0,0.8902204632759094,0.006011271849274635,0.1037682443857193
4586,2,2,1,0.2669714093208313,0.7003784775733948,0.03265009820461273
4587,0,2,2,0.02282141149044037,0.002874927595257759,0.9743036031723022
4590,1,2,0,0.8287178874015808,0.05450510233640671,0.11677700281143188
4591,4,2,2,0.06873228400945663,0.015387552790343761,0.9158800840377808
4596,0,2,1,0.45187705755233765,0.5292848348617554,0.018838126212358475
4597,3,2,0,0.9588191509246826,0.006768818944692612,0.0344119556248188
4598,2,2,0,0.7983136773109436,0.062092509120702744,0.13959376513957977
4600,3,2,0,0.880935788154602,0.015392052009701729,0.10367213189601898
4601,2,2,0,0.9202548861503601,0.058551620692014694,0.021193522959947586
4602,3,2,2,0.45885035395622253,0.02802448906004429,0.5131252408027649
4603,2,2,2,0.3037971258163452,0.05512110888957977,0.6410818099975586
4604,1,2,2,0.4026601016521454,0.042809925973415375,0.5545299053192139
4605,3,2,2,0.0001601031399331987,0.019542083144187927,0.9802977442741394
4606,4,2,0,0.9563964605331421,0.0008956610690802336,0.04270780459046364
4607,4,2,2,0.012245810590684414,0.006652396637946367,0.9811018109321594
4609,2,2,2,8.781606197771907e-07,8.088984486676054e-07,0.9999983310699463
4610,1,2,2,1.2725457736451062e-06,6.821052011218853e-06,0.9999918937683105
4611,3,2,2,5.931844384576834e-07,0.0003621093346737325,0.999637246131897
4612,1,2,2,3.178852057317272e-05,4.485214958549477e-06,0.999963641166687
4613,0,2,2,8.477415991414716e-10,2.2585618353332393e-06,0.9999977350234985
4614,0,2,2,1.046716897690203e-05,2.845857852662448e-05,0.9999610185623169
4615,3,2,2,9.945258483412545e-08,4.740399717206856e-08,0.9999998807907104
4616,2,2,2,5.874442649655975e-06,1.5555047866655514e-05,0.9999786615371704
4617,2,2,2,3.9570845729031134e-06,4.3732708832067146e-07,0.9999955892562866
4618,2,2,2,2.0852214220212772e-05,6.776389000151539e-06,0.9999723434448242
4619,0,2,2,0.0027756306808441877,0.0003193051088601351,0.9969050288200378
4620,3,2,2,0.00022832085960544646,0.0001784722408046946,0.999593198299408
4621,4,2,2,2.177124042646028e-05,8.993320989247877e-06,0.9999692440032959
4622,0,2,2,4.893224740953883e-06,1.392481954098912e-05,0.999981164932251
4623,4,2,2,3.9180252997539355e-07,1.2991375797355431e-06,0.9999983310699463
4624,1,2,2,0.00032579791150055826,7.207791350083426e-05,0.9996021389961243
4625,4,2,2,2.3088591660780367e-07,3.2454354936817253e-07,0.9999994039535522
4626,0,2,2,5.787533154943958e-07,5.093002528155921e-06,0.9999942779541016
4627,2,2,2,9.61472181870704e-08,2.2918718514119973e-06,0.999997615814209
4628,1,2,2,7.721079953171284e-08,2.614247875953879e-07,0.9999996423721313
4629,2,2,2,9.91298065855517e-09,2.669730463367159e-07,0.9999997615814209
4630,1,2,2,2.2783960957895033e-05,1.7885928173200227e-05,0.9999593496322632
4631,1,2,2,0.004040541592985392,5.484633584273979e-05,0.9959046244621277
4632,3,2,0,0.6742857098579407,0.010029059834778309,0.3156851828098297
4635,2,2,0,0.9058729410171509,0.008282756432890892,0.08584434539079666
4636,3,2,2,0.1782563328742981,0.1275385618209839,0.694205105304718
4637,2,2,0,0.763914942741394,0.21978402137756348,0.016301024705171585
4638,3,2,0,0.6015740633010864,0.010386146605014801,0.38803982734680176
4639,1,2,2,0.40693092346191406,0.010992920026183128,0.5820761322975159
4640,4,2,0,0.9566935896873474,0.011730735190212727,0.031575728207826614
4641,1,2,2,4.038281076645944e-06,1.4415526493394282e-05,0.9999815225601196
4642,2,2,1,0.3189469575881958,0.5900975465774536,0.09095548093318939
4643,0,2,1,0.23981599509716034,0.6929929852485657,0.06719101220369339
4644,3,2,0,0.900061845779419,0.08336003124713898,0.016578122973442078
4646,0,2,1,0.4129457473754883,0.53153395652771,0.05552027374505997
4647,2,2,1,0.34806028008461,0.5971163511276245,0.05482335388660431
4648,0,2,0,0.6046096682548523,0.14180855453014374,0.2535817623138428
4649,0,2,0,0.7306923270225525,0.1333300918340683,0.13597755134105682
4650,1,2,0,0.8283401131629944,0.04263617470860481,0.1290237307548523
4651,4,2,1,0.21715709567070007,0.7664767503738403,0.016366174444556236
4652,0,2,0,0.5302833914756775,0.29221782088279724,0.17749883234500885
4653,1,2,0,0.8549715280532837,0.019238675013184547,0.12578970193862915
4655,2,2,0,0.7658414244651794,0.005191077943891287,0.22896750271320343
4656,3,2,2,0.4225226044654846,0.04429136961698532,0.5331860184669495
4658,4,2,1,2.18819532165071e-05,0.9997335076332092,0.000244604772888124
4659,4,2,0,0.8270055651664734,0.018657593056559563,0.15433676540851593
4660,4,2,0,0.7632059454917908,0.04997992888092995,0.18681417405605316
4662,3,2,0,0.7269368767738342,0.03267240896821022,0.24039065837860107
4664,0,2,0,0.8409712314605713,0.10383760929107666,0.05519122630357742
4665,3,2,0,0.6951258778572083,0.0109635591506958,0.29391050338745117
4666,2,2,0,0.7912458181381226,0.027860192582011223,0.18089400231838226
4668,3,2,0,0.7193603515625,0.22436797618865967,0.05627162382006645
4669,2,2,0,0.8310034871101379,0.06968621909618378,0.09931033104658127
4671,1,2,0,0.6944236755371094,0.013518082909286022,0.29205822944641113
4672,1,2,0,0.9069174528121948,0.012755698524415493,0.0803268626332283
4673,0,2,0,0.7930798530578613,0.012578741647303104,0.19434133172035217
4675,4,2,2,1.597729806235293e-07,2.388883331150282e-06,0.9999974966049194
4676,2,2,2,4.7667958824604284e-07,1.477117621107027e-06,0.9999980926513672
4677,1,2,2,3.2295420737682434e-07,3.328048114781268e-05,0.9999663829803467
4678,2,2,2,0.00025586795527487993,7.047016879369039e-06,0.9997370839118958
4680,4,2,2,0.0007846179069019854,0.0006194600136950612,0.9985958933830261
4681,1,2,2,9.30574231006176e-08,7.460624260602344e-07,0.9999991655349731
4683,0,2,2,3.6994325824935004e-08,2.1341614342418325e-07,0.9999997615814209
4684,2,2,2,4.1043665987672284e-05,6.7990181378263514e-06,0.9999521970748901
4685,4,2,2,0.0005347782862372696,0.0004796519933734089,0.9989854693412781
4686,4,2,2,7.331151573453099e-05,1.5274208635673858e-05,0.9999114274978638
4687,2,2,2,3.3687469112919644e-05,1.3790197499474743e-06,0.9999648332595825
4688,1,2,2,9.226182010024786e-05,4.792842810275033e-05,0.9998598098754883
4689,1,2,2,8.900325809690912e-08,3.1494568020207225e-07,0.9999995231628418
4690,2,2,2,0.0005751975695602596,3.370264676050283e-05,0.9993910789489746
4691,3,2,2,1.5037231833048281e-06,1.616285430827702e-06,0.9999967813491821
4692,4,2,2,1.1219995030842256e-05,1.0978726095345337e-05,0.9999778270721436
4694,2,2,2,2.908746807861462e-07,4.343344173207697e-08,0.9999997615814209
4695,0,2,2,8.264199635732439e-08,1.3387136732490035e-06,0.9999985694885254
4696,2,2,2,1.2624554983631242e-05,1.8418770196149126e-05,0.9999688863754272
4697,2,2,0,0.958472490310669,0.0066453940235078335,0.034882090985774994
4698,0,2,0,0.8985678553581238,0.07410942018032074,0.027322763577103615
4699,3,2,0,0.7742605209350586,0.016756998375058174,0.2089824676513672
4700,1,2,2,0.4435206651687622,0.02468477375805378,0.5317946076393127
4702,0,2,0,0.7821396589279175,0.030567675828933716,0.18729262053966522
4704,1,2,2,0.002050145296379924,0.000540857610758394,0.997408926486969
4705,0,2,2,0.2539559006690979,0.03115946054458618,0.7148846387863159
4707,2,2,0,0.8676247000694275,0.009470557793974876,0.12290474027395248
4708,0,2,0,0.571674644947052,0.35848039388656616,0.06984492391347885
4709,1,2,0,0.8815982937812805,0.027212047949433327,0.09118963778018951
4710,2,2,0,0.9169312715530396,0.03086228482425213,0.05220646783709526
4711,1,2,0,0.7279796004295349,0.22101451456546783,0.05100587010383606
4712,3,2,2,0.1279933601617813,0.14285700023174286,0.7291496396064758
4713,2,2,0,0.9105924367904663,0.01052226684987545,0.07888530194759369
4714,0,2,2,0.307224839925766,0.024396399036049843,0.6683788299560547
4715,4,2,0,0.5619917511940002,0.012715314514935017,0.42529296875
4716,1,2,2,0.27558258175849915,0.269152969121933,0.45526444911956787
4717,3,2,0,0.7026253938674927,0.004405298735946417,0.292969286441803
4718,2,2,0,0.6438901424407959,0.029498493298888206,0.32661136984825134
4719,2,2,0,0.9218380451202393,0.010431402362883091,0.06773058325052261
4720,4,2,0,0.5687596201896667,0.07280974090099335,0.3584306538105011
4722,0,2,0,0.7834324836730957,0.102694071829319,0.11387351900339127
4724,0,2,0,0.8972888588905334,0.034533556550741196,0.06817758083343506
4725,1,2,2,0.005288967862725258,9.612779831513762e-05,0.9946148991584778
4726,0,2,2,0.307224839925766,0.024396399036049843,0.6683788299560547
4727,4,2,0,0.7495328783988953,0.03531656414270401,0.21515053510665894
4728,1,2,2,0.05592627078294754,0.00836115051060915,0.9357125759124756
4729,0,2,0,0.7579862475395203,0.09404100477695465,0.1479726880788803
4730,3,2,0,0.857903778553009,0.011298908852040768,0.13079728186130524
4734,3,2,2,4.880579922428296e-07,8.102073820737132e-07,0.9999986886978149
4735,3,2,2,6.160356633699848e-07,5.162540219316725e-06,0.9999942779541016
4736,3,2,2,6.54267864774738e-07,0.0003873480891343206,0.999612033367157
4737,4,2,2,0.00048439449165016413,2.010879870795179e-05,0.9994955062866211
4739,0,2,2,3.4610093280207366e-05,4.0787617763271555e-05,0.9999246597290039
4740,3,2,2,5.241051894699922e-07,2.154257288111694e-07,0.9999992847442627
4741,2,2,2,2.876449616451282e-05,1.824522769311443e-05,0.999953031539917
4742,0,2,2,4.803326802971242e-08,2.30406030254926e-07,0.9999997615814209
4743,1,2,2,1.0477235264261253e-05,9.292984941566829e-07,0.9999885559082031
4744,1,2,2,5.4940148402238265e-05,2.6169254851993173e-05,0.9999188184738159
4745,3,2,2,0.002226422308012843,0.0007840306498110294,0.9969895482063293
4746,1,2,2,3.5646917240228504e-07,4.881425184066757e-07,0.9999991655349731
4748,2,2,2,3.195534645783482e-07,1.680136278991995e-07,0.9999995231628418
4750,4,2,2,8.57568593914948e-08,2.151876401512709e-07,0.9999996423721313
4752,1,2,2,5.169855285203084e-06,0.00014289471437223256,0.9998519420623779
4753,3,2,2,6.39786463807468e-08,5.3137370059630484e-08,0.9999998807907104
4754,3,2,2,6.916279176039097e-07,1.4439227697948809e-06,0.9999978542327881
4756,4,2,0,0.8752070069313049,0.039720628410577774,0.08507233113050461
4757,1,2,1,0.04788577929139137,0.9198443293571472,0.032269831746816635
4758,1,2,2,0.00013207820302341133,7.467409159289673e-05,0.9997932314872742
4759,4,2,1,0.43690717220306396,0.5263182520866394,0.03677457198500633
4760,1,2,0,0.6582458019256592,0.21671900153160095,0.12503519654273987
4761,4,2,0,0.7430413365364075,0.07097586244344711,0.185982808470726
4762,2,2,0,0.8299762606620789,0.12054674327373505,0.0494769923388958
4763,3,2,1,0.1466439664363861,0.7858845591545105,0.06747148931026459
4764,4,2,2,0.48281803727149963,0.010816209018230438,0.5063657164573669
4765,3,2,0,0.9724465608596802,0.013299236074090004,0.014254247769713402
4766,2,2,0,0.5310040712356567,0.007388442289084196,0.4616074860095978
4767,1,2,0,0.7783700227737427,0.016856057569384575,0.2047739326953888
4768,2,2,0,0.8529410362243652,0.039384156465530396,0.10767480731010437
4769,1,2,0,0.9042741656303406,0.02373484894633293,0.071990966796875
4770,2,2,0,0.8433194160461426,0.06449038535356522,0.09219018369913101
4771,3,2,0,0.5355333685874939,0.14722664654254913,0.3172399699687958
4772,4,2,2,0.48281803727149963,0.010816209018230438,0.5063657164573669
4773,2,2,0,0.7063835263252258,0.01090253982692957,0.28271394968032837
4774,3,2,0,0.5355333685874939,0.14722664654254913,0.3172399699687958
4775,1,2,0,0.8799739480018616,0.06147027760744095,0.05855582281947136
4776,1,2,1,0.04788577929139137,0.9198443293571472,0.032269831746816635
4777,2,2,0,0.8529410362243652,0.039384156465530396,0.10767480731010437
4778,1,2,2,0.0010598179651424289,0.006997641175985336,0.9919425249099731
4779,2,2,0,0.5087370276451111,0.2081599235534668,0.2831030488014221
4780,0,2,0,0.48573046922683716,0.3159520924091339,0.19831746816635132
4782,1,2,2,0.33574140071868896,0.04692304506897926,0.6173356175422668
4784,2,2,0,0.5684778690338135,0.1485094428062439,0.28301265835762024
4785,3,2,2,3.7805031752213836e-05,1.4384760333996383e-06,0.9999607801437378
4786,4,2,2,2.497820332791889e-07,2.967739192172303e-06,0.9999967813491821
4787,3,2,2,1.42482883802586e-06,2.9858600100851618e-05,0.9999687671661377
4788,3,2,2,8.661411357024917e-07,0.00033282602089457214,0.9996663331985474
4789,1,2,2,8.539185364497826e-05,1.135702677856898e-05,0.9999033212661743
4791,2,2,2,0.0006067962385714054,6.415656389435753e-05,0.9993289709091187
4792,0,2,2,2.1329526589397574e-08,1.8338623704039492e-06,0.9999982118606567
4793,1,2,2,4.938778602081584e-06,2.291672717547044e-05,0.9999722242355347
4794,2,2,2,2.3998707092687255e-06,2.58698804600499e-07,0.9999973773956299
4795,0,2,2,1.930964117491385e-06,4.825670316677133e-07,0.999997615814209
4796,2,2,2,8.356062608072534e-05,4.588803130900487e-05,0.9998705387115479
4797,1,2,2,2.0183582819299772e-05,4.8248915845761076e-05,0.9999315738677979
4798,3,2,2,2.268813841510564e-05,6.898123956489144e-06,0.9999704360961914
4799,0,2,2,1.335680099145975e-05,2.3668239009566605e-05,0.9999629259109497
4800,2,2,2,2.1530465232899587e-07,1.7833592380611663e-07,0.9999996423721313
4801,4,2,2,0.00027433986542746425,9.713645704323426e-05,0.9996285438537598
4802,3,2,2,6.613096843466337e-07,8.093940095932339e-07,0.9999984502792358
4803,0,2,2,9.017541628963954e-07,8.135277312248945e-06,0.9999909400939941
4804,4,2,2,4.519388028256799e-07,1.5481193258892745e-05,0.9999840259552002
4805,1,2,2,7.977226346156385e-08,3.4408532201268827e-07,0.9999995231628418
4806,0,2,2,2.9054697847641364e-07,1.527745189378038e-05,0.9999845027923584
4807,0,2,2,1.5953702359183808e-06,3.462224412942305e-05,0.9999638795852661
4808,0,0,1,0.08584094792604446,0.907492458820343,0.006666569039225578
4809,4,0,0,0.8890604376792908,0.020572960376739502,0.09036664664745331
4810,2,0,0,0.9027662873268127,0.02184523642063141,0.07538852840662003
4811,2,0,0,0.8384401798248291,0.010581676848232746,0.1509781777858734
4812,3,0,0,0.8629236817359924,0.017173295840620995,0.11990300565958023
4813,0,0,0,0.8031037449836731,0.06753692775964737,0.12935934960842133
4814,1,0,0,0.8884949684143066,0.02124999836087227,0.09025506675243378
4816,4,0,0,0.7452752590179443,0.011850820854306221,0.2428738921880722
4817,4,0,1,0.22436395287513733,0.7543795108795166,0.021256590262055397
4818,3,0,1,0.16171978414058685,0.7644029855728149,0.07387720048427582
4819,0,0,0,0.5930172801017761,0.14702141284942627,0.2599613070487976
4820,0,0,0,0.8275715112686157,0.02740819938480854,0.1450202614068985
4821,1,0,2,0.043188534677028656,0.23245413601398468,0.7243573665618896
4822,3,0,2,0.37076982855796814,0.1904662698507309,0.43876397609710693
4824,3,0,0,0.6506296396255493,0.027640243992209435,0.3217301070690155
4825,1,0,0,0.5967606902122498,0.08344671130180359,0.31979265809059143
4827,4,0,0,0.8200604915618896,0.009202671237289906,0.1707368791103363
4828,1,0,0,0.5033420920372009,0.2701736092567444,0.2264842838048935
4830,1,2,2,4.300482396502048e-05,1.6110790966195054e-05,0.9999408721923828
4831,4,2,2,2.497820332791889e-07,2.967739192172303e-06,0.9999967813491821
4832,1,2,2,3.089703113801079e-06,1.0710746209952049e-05,0.9999861717224121
4833,2,2,2,8.356544611842764e-08,7.158722382882843e-06,0.9999927282333374
4834,3,2,2,0.001251955982297659,4.025035377708264e-05,0.9987077713012695
4836,3,2,2,5.056224836152978e-05,1.1456610991444904e-05,0.9999380111694336
4838,4,2,2,0.00012828951003029943,0.00045351326116360724,0.9994181394577026
4839,3,2,2,8.387818297705962e-07,5.123318373989605e-07,0.9999986886978149
4840,1,2,2,1.1959574294451158e-05,1.2358212870822172e-06,0.9999868869781494
4841,3,2,2,0.0007427141536027193,0.0001676424581091851,0.9990895986557007
4842,2,2,2,0.0005423111724667251,0.00019765336764976382,0.9992600083351135
4843,2,2,2,1.1335913768562023e-05,6.124246283434331e-07,0.9999880790710449
4845,0,2,2,4.86298397106566e-08,1.0507948218219099e-06,0.999998927116394
4846,2,2,2,0.0002828565484378487,1.686585346760694e-05,0.9997003078460693
4847,4,2,2,2.084679238123499e-07,3.8592693840655556e-07,0.9999994039535522
4849,1,2,2,2.2532160528498935e-06,7.49987448216416e-05,0.9999227523803711
4850,2,2,2,3.1936701816448476e-07,4.115922536129801e-08,0.9999996423721313
4851,4,2,2,2.248043756480911e-06,4.626385270967148e-05,0.9999514818191528
4852,3,2,2,1.507653360022232e-05,3.05979119730182e-05,0.999954342842102
4855,2,0,0,0.7118196487426758,0.09032851457595825,0.19785183668136597
4856,4,0,2,0.058333128690719604,0.022007210180163383,0.9196597337722778
4857,1,0,0,0.795234203338623,0.003338549518957734,0.20142723619937897
4858,4,0,1,0.1650284379720688,0.6827773451805115,0.15219420194625854
4859,2,0,0,0.5292299389839172,0.02172127179801464,0.449048787355423
4860,1,0,0,0.8624196648597717,0.0772290825843811,0.060351189225912094
4861,0,0,0,0.7329909205436707,0.008030420169234276,0.2589786648750305
4862,2,0,1,0.4084484577178955,0.48761558532714844,0.10393592715263367
4863,3,0,0,0.842516303062439,0.005824971478432417,0.15165871381759644
4864,0,0,2,0.26465946435928345,0.0832432359457016,0.6520972847938538
4865,3,2,2,0.0008837213390506804,0.00034967190003953874,0.9987666606903076
4866,4,0,2,0.24716520309448242,0.12014863640069962,0.6326861381530762
4867,1,0,0,0.5281052589416504,0.35255488753318787,0.11933986097574234
4868,4,0,0,0.6749988794326782,0.017033709213137627,0.3079673945903778
4869,3,0,2,0.25502413511276245,0.017531657591462135,0.7274442911148071
4871,4,0,0,0.8744024634361267,0.0031921579502522945,0.12240535020828247
4872,2,0,0,0.9128389954566956,0.014205552637577057,0.07295550405979156
4874,4,0,2,0.0082558523863554,0.00038208800833672285,0.9913620352745056
4876,4,0,0,0.7241275310516357,0.13992811739444733,0.1359443962574005
4877,3,0,1,0.16161683201789856,0.8292021751403809,0.009180961176753044
4878,1,0,0,0.6842606663703918,0.06035146117210388,0.25538793206214905
4880,1,0,0,0.8285847902297974,0.04100632295012474,0.13040891289710999
4885,2,2,2,1.3872877389076166e-06,1.303169142374827e-06,0.9999972581863403
4887,0,2,2,2.7461544505058555e-07,2.843719266820699e-05,0.9999712705612183
4888,0,2,2,0.016131771728396416,0.0006707967258989811,0.9831974506378174
4889,2,2,2,6.446724043485119e-09,2.1939627004030626e-07,0.9999997615814209
4890,4,2,2,0.0010333338286727667,0.001027577673085034,0.9979390501976013
4891,1,2,2,1.0803748295984406e-07,6.848310931673041e-07,0.9999991655349731
4893,3,2,2,5.563587706092221e-07,2.771198239770456e-07,0.9999991655349731
4896,2,2,2,0.000454427587101236,0.00017375599418301135,0.9993719458580017
4897,0,2,2,5.355141183827072e-06,1.0251787898596376e-05,0.9999843835830688
4898,4,2,2,5.8218782214680687e-05,4.471636930247769e-05,0.9998971223831177
4899,2,2,2,1.7044999367499258e-07,1.0649149118080459e-07,0.9999997615814209
4900,4,2,2,0.0002962142461910844,0.00014023938274476677,0.9995635151863098
4901,0,2,2,2.101979212909555e-08,2.4693653699614515e-07,0.9999997615814209
4903,4,2,2,7.392757765956048e-07,3.842843943857588e-05,0.9999608993530273
4904,0,2,2,5.008624626157143e-09,9.043298376809616e-08,0.9999998807907104
4905,4,2,2,2.921271516242996e-06,5.7585653848946095e-05,0.9999394416809082
4906,0,2,2,2.8134545573266223e-06,6.01967767579481e-05,0.9999369382858276
4907,3,2,0,0.7740510702133179,0.14540904760360718,0.08053989708423615
4908,0,2,0,0.5640439987182617,0.19655881822109222,0.23939718306064606
4909,4,2,0,0.804319441318512,0.12949642539024353,0.06618418544530869
4910,3,2,0,0.5284320116043091,0.1131935864686966,0.35837435722351074
4911,4,2,2,0.21353106200695038,0.0008794438908807933,0.7855895161628723
4912,1,2,2,2.2819443984190002e-05,0.001062777009792626,0.998914361000061
4914,4,2,2,7.486873343509615e-10,5.450393700812128e-07,0.9999994039535522
4915,0,2,2,4.741822490217373e-10,3.339868897000997e-07,0.9999996423721313
4916,2,2,2,1.2499339341331961e-08,1.3947618526799488e-07,0.9999998807907104
4917,1,2,2,1.7562765606271569e-06,4.874535443377681e-05,0.9999494552612305
4918,4,0,0,0.6417357921600342,0.015151009894907475,0.3431132137775421
4920,1,0,0,0.7966027855873108,0.1827470362186432,0.020650159567594528
4921,4,2,2,0.0033616358414292336,0.003933718428015709,0.9927045702934265
4922,0,0,0,0.5306402444839478,0.4425106942653656,0.026849044486880302
4924,0,0,0,0.7402963638305664,0.040268562734127045,0.21943511068820953
4925,2,0,0,0.8239457607269287,0.015040494501590729,0.16101375222206116
4927,1,0,0,0.44677576422691345,0.3095293939113617,0.24369491636753082
4928,4,0,0,0.8943364024162292,0.06765683740377426,0.0380067378282547
4929,4,2,2,0.002695207018405199,0.07468388974666595,0.922620952129364
4930,1,0,0,0.8779652118682861,0.05339258164167404,0.06864222139120102
4931,1,0,1,0.002941590268164873,0.9956508278846741,0.0014075884828343987
4932,4,0,0,0.6899983882904053,0.27882689237594604,0.03117467276751995
4933,4,0,0,0.8792175650596619,0.03359316289424896,0.08718922734260559
4934,4,0,0,0.8888623118400574,0.03817244991660118,0.07296521961688995
4935,2,2,2,2.0398552806000225e-05,6.506139470729977e-05,0.9999145269393921
4936,1,0,0,0.6805911660194397,0.1174636259675026,0.20194518566131592
4937,1,0,2,0.003173884702846408,0.06971915811300278,0.9271069169044495
4938,2,0,2,0.2482733428478241,0.0076283239759504795,0.7440983653068542
4939,2,0,0,0.8765551447868347,0.005423485767096281,0.11802137643098831
4940,0,0,0,0.8362363576889038,0.031913693994283676,0.13184989988803864
4941,4,0,0,0.46014055609703064,0.3184296488761902,0.22142979502677917
4942,3,0,2,0.4132722020149231,0.024708472192287445,0.5620192885398865
4943,3,0,2,0.3797948360443115,0.04590419679880142,0.5743009448051453
4944,1,0,0,0.9252967238426208,0.03143458068370819,0.043268680572509766
4945,0,0,1,0.2696133852005005,0.7134671211242676,0.016919482499361038
4946,1,0,0,0.5577154159545898,0.027614936232566833,0.4146696925163269
4947,2,0,1,0.0001664011797402054,0.975470244884491,0.02436334639787674
4948,3,0,0,0.6882986426353455,0.058152202516794205,0.25354915857315063
4949,1,2,2,1.6270563719444908e-05,0.11619186401367188,0.8837919235229492
4950,3,2,2,0.0002265583025291562,8.87774585862644e-05,0.9996846914291382
4951,3,0,0,0.8747848272323608,0.0513700507581234,0.07384517043828964
4952,1,0,0,0.786657452583313,0.06506083905696869,0.1482817828655243
4953,1,0,2,0.08215689659118652,0.15960706770420074,0.7582360506057739
4954,0,0,0,0.6715764403343201,0.1359165906906128,0.1925070583820343
4955,2,0,0,0.915412962436676,0.02022421360015869,0.06436294317245483
4956,1,0,0,0.8041110038757324,0.09079696983098984,0.10509202629327774
4957,1,2,2,0.019004950299859047,0.031604867428541183,0.9493901133537292
4958,3,0,0,0.3925205171108246,0.3042106628417969,0.3032688796520233
4959,3,0,0,0.7844406962394714,0.09596749395132065,0.1195918396115303
4960,0,0,0,0.7898162007331848,0.1666974276304245,0.043486375361680984
4962,1,2,0,0.8225852251052856,0.07635580748319626,0.10105899721384048
4963,1,0,2,0.07372299581766129,0.021079417318105698,0.9051975607872009
4965,4,0,0,0.9895806908607483,0.0021523612085729837,0.008266977965831757
4966,0,0,0,0.6747256517410278,0.04375210776925087,0.2815222442150116
4967,1,2,2,3.894537712767487e-06,0.01826844923198223,0.9817277193069458
4969,0,0,0,0.6280368566513062,0.025397874414920807,0.34656527638435364
4970,0,0,2,0.38481515645980835,0.07031527161598206,0.5448695421218872
4971,3,0,0,0.6090246438980103,0.03801338002085686,0.3529619574546814
4972,0,0,0,0.7499170899391174,0.03389464691281319,0.2161882519721985
4973,4,0,0,0.7684586644172668,0.01261929888278246,0.21892200410366058
4974,4,0,2,0.4398876130580902,0.09285485744476318,0.46725746989250183
4976,2,0,0,0.843817949295044,0.03890049830079079,0.11728153377771378
4977,0,0,0,0.5170161724090576,0.06464871764183044,0.41833510994911194
4979,1,2,2,3.364729491295293e-05,0.00027170576504431665,0.9996947050094604
4980,2,0,0,0.6217665076255798,0.03416159003973007,0.3440718650817871
4981,2,0,0,0.8937683701515198,0.02802744135260582,0.07820414006710052
4982,1,0,0,0.5000342130661011,0.1246456727385521,0.375320166349411
4984,1,0,0,0.4869931638240814,0.09551236778497696,0.4174944758415222
4985,4,0,0,0.8075104355812073,0.1527923345565796,0.03969724103808403
4986,0,0,0,0.565717339515686,0.4234732687473297,0.01080942340195179
4987,4,0,0,0.6935247778892517,0.04587699472904205,0.2605982720851898
4989,4,0,1,0.02359083667397499,0.9651921987533569,0.011216972023248672
4990,2,0,1,0.4508262872695923,0.5348823070526123,0.014291459694504738
4994,2,0,0,0.946759819984436,0.006312802899628878,0.046927310526371
4995,3,0,1,0.013694887980818748,0.9801408648490906,0.0061642564833164215
4996,4,2,2,0.0020702097099274397,0.000664645223878324,0.997265100479126
4998,4,0,1,0.04167790338397026,0.937650203704834,0.02067192643880844
4999,1,0,0,0.5418688058853149,0.075625941157341,0.38250523805618286
5000,2,0,2,0.0760243609547615,0.06496749818325043,0.8590081334114075
5001,2,0,0,0.7111032009124756,0.019761646166443825,0.26913514733314514
5002,4,0,0,0.6906880736351013,0.035224173218011856,0.27408769726753235
5003,1,0,0,0.6920441389083862,0.1767871081829071,0.13116872310638428
5004,4,0,0,0.8321132063865662,0.04014277085661888,0.12774400413036346
5007,1,0,0,0.925012469291687,0.021414848044514656,0.05357261747121811
5009,1,0,2,0.28122448921203613,0.0659804716706276,0.6527949571609497
5011,3,0,0,0.8018295764923096,0.05887522175908089,0.13929516077041626
5013,2,0,0,0.5478073358535767,0.35809025168418884,0.09410244226455688
5014,4,0,2,0.12488239258527756,0.002044409280642867,0.8730732202529907
5015,2,0,0,0.8493230938911438,0.0730992928147316,0.07757768034934998
5017,0,0,2,0.22559186816215515,0.18130993843078613,0.5930981636047363
5018,1,0,0,0.925012469291687,0.021414848044514656,0.05357261747121811
5019,2,0,2,0.43472760915756226,0.025761021301150322,0.5395113825798035
5020,2,0,0,0.5222539901733398,0.32273122668266296,0.155014768242836
5022,2,0,0,0.6447169184684753,0.271340936422348,0.08394218236207962
5024,1,0,2,0.454298734664917,0.0775463730096817,0.4681548774242401
5026,4,0,0,0.9392052292823792,0.04267727956175804,0.01811743713915348
5027,0,0,0,0.793286144733429,0.1306065171957016,0.07610740512609482
5028,2,0,2,0.2836780846118927,0.008029189892113209,0.7082927823066711
5029,2,0,0,0.8878555297851562,0.052320703864097595,0.05982372164726257
5030,0,0,0,0.5874902606010437,0.1668323427438736,0.2456773817539215
5031,1,0,2,0.00815331656485796,0.0008374257595278323,0.9910092353820801
5032,2,0,2,0.4487544298171997,0.003715532599017024,0.5475299954414368
5033,2,0,0,0.5305876731872559,0.4566230773925781,0.012789292261004448
5034,2,0,0,0.509709894657135,0.4839155673980713,0.006374558433890343
5035,4,0,0,0.5756509304046631,0.013775020837783813,0.4105740785598755
5036,1,0,2,0.03561565652489662,0.0034665395505726337,0.9609178304672241
5037,3,0,0,0.8905379176139832,0.06593385338783264,0.04352818429470062
5038,4,0,0,0.5666851997375488,0.03496928513050079,0.3983455002307892
5039,4,0,0,0.9392052292823792,0.04267727956175804,0.01811743713915348
5041,3,0,1,0.3529420495033264,0.6155207753181458,0.03153722360730171
5045,3,0,0,0.782303512096405,0.1538105607032776,0.06388592720031738
5046,3,0,2,0.2237929254770279,0.04533591866493225,0.7308711409568787
5047,4,0,0,0.5766308903694153,0.3641834557056427,0.059185657650232315
5048,0,0,0,0.7879992127418518,0.0993649885058403,0.1126357764005661
5049,4,0,0,0.7798974514007568,0.028313083574175835,0.19178947806358337
5050,4,0,0,0.9538326263427734,0.03657246753573418,0.009594987146556377
5051,2,0,2,0.1912805289030075,0.05677657574415207,0.7519428133964539
5052,0,0,0,0.8952926993370056,0.030184995383024216,0.07452230155467987
5053,2,0,0,0.8592599630355835,0.007016447372734547,0.13372355699539185
5054,2,0,0,0.7845470905303955,0.004636714234948158,0.21081621944904327
5055,3,0,1,0.13933363556861877,0.8523380756378174,0.008328302763402462
5056,1,0,0,0.5187984108924866,0.04111916571855545,0.44008246064186096
5057,1,0,0,0.780852198600769,0.19223348796367645,0.026914285495877266
5058,0,0,0,0.922484278678894,0.006023822817951441,0.07149185985326767
5059,4,0,0,0.7235281467437744,0.23650212585926056,0.039969708770513535
5060,0,0,0,0.7413271069526672,0.08871535956859589,0.1699574738740921
5061,1,0,0,0.9357118606567383,0.0046541630290448666,0.05963404104113579
5062,3,0,0,0.7547102570533752,0.07226942479610443,0.17302031815052032
5063,2,0,0,0.7720432281494141,0.1671430915594101,0.06081371754407883
5064,1,0,0,0.5550239086151123,0.007206996437162161,0.4377691447734833
5065,0,0,0,0.9488786458969116,0.01618882827460766,0.034932538866996765
5066,1,0,0,0.9531490802764893,0.007343446835875511,0.039507485926151276
5067,0,0,0,0.8264617323875427,0.14793260395526886,0.025605687871575356
5068,1,0,0,0.6450695395469666,0.012827392667531967,0.3421030640602112
5069,2,0,0,0.8758640289306641,0.01051937323063612,0.11361651122570038
5070,1,0,1,0.0010868404060602188,0.9982953667640686,0.0006177496979944408
5074,0,0,0,0.6267640590667725,0.20858849585056305,0.16464748978614807
5075,0,0,0,0.8726632595062256,0.04086706042289734,0.08646972477436066
5076,0,0,0,0.7413271069526672,0.08871535956859589,0.1699574738740921
5077,1,0,0,0.9531490802764893,0.007343446835875511,0.039507485926151276
5078,1,0,0,0.780852198600769,0.19223348796367645,0.026914285495877266
5079,0,0,2,0.006726316176354885,0.014933534897863865,0.9783400893211365
5080,4,0,0,0.8081188797950745,0.003984105307608843,0.18789690732955933
5081,2,0,1,0.07603411376476288,0.5586167573928833,0.3653491735458374
5084,4,0,0,0.49421921372413635,0.23272061347961426,0.2730600833892822
5085,2,0,0,0.8607272505760193,0.004026847891509533,0.13524600863456726
5086,3,0,0,0.7785101532936096,0.09393054246902466,0.12755931913852692
5087,3,0,2,0.1720786839723587,0.09099544584751129,0.7369258999824524
5088,1,0,0,0.6604478359222412,0.27775368094444275,0.061798498034477234
5089,2,0,1,0.16372713446617126,0.7408576607704163,0.09541522711515427
5090,1,0,0,0.6316153407096863,0.001196805969811976,0.36718788743019104
5091,2,0,1,0.07603411376476288,0.5586167573928833,0.3653491735458374
5092,3,0,0,0.47293201088905334,0.28968188166618347,0.237386092543602
5093,2,0,0,0.8223974704742432,0.12777571380138397,0.049826864153146744
5095,1,0,0,0.8669015765190125,0.020046675577759743,0.11305171996355057
5096,2,0,0,0.7581959962844849,0.012297220528125763,0.22950677573680878
5097,1,0,0,0.6604478359222412,0.27775368094444275,0.061798498034477234
5100,3,0,2,0.1720786839723587,0.09099544584751129,0.7369258999824524
5101,4,0,0,0.9734655022621155,0.006489478517323732,0.020045004785060883
5103,4,0,2,0.4398876428604126,0.09285486489534378,0.4672575294971466
5105,2,0,0,0.843817949295044,0.03890049830079079,0.11728153377771378
5106,0,0,0,0.5170161724090576,0.06464871764183044,0.41833510994911194
5108,1,2,2,3.364729491295293e-05,0.00027170576504431665,0.9996947050094604
5109,2,0,0,0.6217665076255798,0.03416159003973007,0.3440718650817871
5110,2,0,0,0.8937683701515198,0.02802744135260582,0.07820414006710052
5111,1,0,0,0.5000342130661011,0.1246456727385521,0.375320166349411
5113,1,0,0,0.4869931638240814,0.09551236778497696,0.4174944758415222
5114,4,0,0,0.807510495185852,0.1527923345565796,0.03969722241163254
5115,0,0,0,0.565717339515686,0.4234732687473297,0.01080942340195179
5116,4,0,0,0.6935247778892517,0.04587699472904205,0.2605982720851898
5118,4,0,1,0.023590829223394394,0.9651921987533569,0.0112169673666358
5119,2,0,1,0.4508262872695923,0.5348823070526123,0.014291459694504738
5123,2,0,0,0.946759819984436,0.006312802899628878,0.046927310526371
5124,3,0,1,0.013694887980818748,0.9801408648490906,0.0061642564833164215
5125,4,2,2,0.0020702097099274397,0.0006646449328400195,0.997265100479126
5127,4,0,1,0.04167790338397026,0.9376501441001892,0.020671922713518143
5128,1,0,0,0.5418688058853149,0.075625941157341,0.38250523805618286
5129,2,0,2,0.0760243609547615,0.06496749818325043,0.8590081334114075
5130,2,0,0,0.7111032009124756,0.019761646166443825,0.26913514733314514
5131,4,0,0,0.6906880736351013,0.03522418066859245,0.27408772706985474
5132,1,0,0,0.6920441389083862,0.1767871081829071,0.13116872310638428
5133,4,0,0,0.8321132063865662,0.04014277085661888,0.12774404883384705
5136,1,0,0,0.925012469291687,0.021414848044514656,0.05357261747121811
5138,1,0,2,0.28122448921203613,0.0659804716706276,0.6527949571609497
5140,3,0,0,0.8018295764923096,0.05887522175908089,0.13929516077041626
5142,2,0,0,0.5478073358535767,0.35809025168418884,0.09410244226455688
5143,4,0,2,0.12488239258527756,0.0020444102119654417,0.8730732202529907
5144,2,0,0,0.8493230938911438,0.0730992928147316,0.07757768034934998
5146,0,0,2,0.22559186816215515,0.18130993843078613,0.5930981636047363
5147,1,0,0,0.925012469291687,0.021414848044514656,0.05357261747121811
5148,2,0,2,0.43472760915756226,0.025761021301150322,0.5395113825798035
5149,2,0,0,0.5222539901733398,0.32273122668266296,0.155014768242836
5151,2,0,0,0.6447169184684753,0.271340936422348,0.08394218236207962
5153,1,0,2,0.454298734664917,0.0775463730096817,0.4681548774242401
5155,4,0,0,0.9392052292823792,0.04267727956175804,0.018117431551218033
5156,0,0,0,0.793286144733429,0.1306065171957016,0.07610740512609482
5157,2,0,2,0.2836780846118927,0.008029189892113209,0.7082927823066711
5158,2,0,0,0.8878555297851562,0.052320703864097595,0.05982372164726257
5159,0,0,0,0.5874902606010437,0.1668323427438736,0.2456773817539215
5160,1,0,2,0.00815331656485796,0.0008374257595278323,0.9910092353820801
5161,2,0,2,0.4487544298171997,0.003715532599017024,0.5475299954414368
5162,2,0,0,0.5305876731872559,0.4566230773925781,0.012789292261004448
5163,2,0,0,0.509709894657135,0.4839155673980713,0.006374558433890343
5164,4,0,0,0.5756509304046631,0.01377501804381609,0.4105740189552307
5165,1,0,2,0.03561565652489662,0.0034665395505726337,0.9609178304672241
5167,4,0,0,0.5666851997375488,0.0349692739546299,0.3983455002307892
5168,4,0,0,0.9392052292823792,0.04267727956175804,0.018117431551218033
5169,4,0,0,0.8342955112457275,0.007189847994595766,0.1585146188735962
5170,3,0,1,0.3529420495033264,0.6155207753181458,0.03153722360730171
5174,3,0,0,0.782303512096405,0.1538105607032776,0.06388592720031738
5175,3,0,2,0.2237929254770279,0.04533591866493225,0.7308711409568787
5176,4,0,0,0.5766308903694153,0.3641834855079651,0.05918565392494202
5177,0,0,0,0.7879992127418518,0.0993649885058403,0.1126357764005661
5178,4,0,0,0.7798974514007568,0.028313083574175835,0.19178947806358337
5179,4,0,0,0.9538326263427734,0.03657246753573418,0.009594987146556377
5180,2,0,2,0.1912805289030075,0.05677657574415207,0.7519428133964539
5181,0,0,0,0.8952926993370056,0.030184995383024216,0.07452230155467987
5182,2,0,0,0.8592599630355835,0.007016447372734547,0.13372355699539185
5183,2,0,0,0.7845470905303955,0.004636714234948158,0.21081621944904327
5184,3,0,1,0.13933363556861877,0.8523380756378174,0.008328302763402462
5185,1,0,0,0.5187984108924866,0.04111916571855545,0.44008246064186096
5186,1,0,0,0.780852198600769,0.19223348796367645,0.026914285495877266
5187,0,0,0,0.922484278678894,0.006023822817951441,0.07149185985326767
5188,4,0,0,0.7235281467437744,0.23650212585926056,0.039969708770513535
5189,0,0,0,0.7413271069526672,0.08871535956859589,0.1699574738740921
5190,1,0,0,0.9357118606567383,0.0046541630290448666,0.05963404104113579
5191,3,0,0,0.7547102570533752,0.07226942479610443,0.17302031815052032
5192,2,0,0,0.7720432281494141,0.1671430915594101,0.06081371754407883
5193,1,0,0,0.5550239086151123,0.007206996437162161,0.4377691447734833
5194,0,0,0,0.9488786458969116,0.01618882827460766,0.034932538866996765
5195,1,0,0,0.9531490802764893,0.007343446835875511,0.039507485926151276
5196,0,0,0,0.8264617323875427,0.14793260395526886,0.025605687871575356
5197,1,0,0,0.6450695395469666,0.012827392667531967,0.3421030640602112
5198,2,0,0,0.8758640289306641,0.01051937323063612,0.11361651122570038
5199,1,0,1,0.0010868404060602188,0.9982953667640686,0.0006177496979944408
5203,0,0,0,0.6267640590667725,0.20858849585056305,0.16464748978614807
5204,0,0,0,0.8726632595062256,0.04086706042289734,0.08646972477436066
5205,0,0,0,0.7413271069526672,0.08871535956859589,0.1699574738740921
5206,1,0,0,0.9531490802764893,0.007343446835875511,0.039507485926151276
5207,1,0,0,0.780852198600769,0.19223348796367645,0.026914285495877266
5208,0,0,2,0.006726316176354885,0.014933534897863865,0.9783400893211365
5209,4,0,0,0.8081188797950745,0.003984105307608843,0.18789690732955933
5210,2,0,1,0.07603411376476288,0.5586167573928833,0.3653491735458374
5213,4,0,0,0.49421921372413635,0.23272061347961426,0.2730600833892822
5214,2,0,0,0.8607272505760193,0.004026847891509533,0.13524600863456726
5215,3,0,0,0.7785101532936096,0.09393054246902466,0.12755931913852692
5216,3,0,2,0.1720786839723587,0.09099544584751129,0.7369258999824524
5217,1,0,0,0.6604478359222412,0.27775368094444275,0.061798498034477234
5218,2,0,1,0.16372713446617126,0.7408576607704163,0.09541522711515427
5219,1,0,0,0.6316153407096863,0.001196805969811976,0.36718788743019104
5220,2,0,1,0.07603411376476288,0.5586167573928833,0.3653491735458374
5221,3,0,0,0.47293201088905334,0.28968188166618347,0.237386092543602
5222,2,0,0,0.8223974704742432,0.12777571380138397,0.049826864153146744
5224,1,0,0,0.8669015765190125,0.020046675577759743,0.11305171996355057
5225,2,0,0,0.7581959962844849,0.012297220528125763,0.22950677573680878
5226,1,0,0,0.6604478359222412,0.27775368094444275,0.061798498034477234
5229,3,0,2,0.1720786839723587,0.09099544584751129,0.7369258999824524
5230,4,0,0,0.9734655022621155,0.006489478517323732,0.020045004785060883
5232,1,0,0,0.7953592538833618,0.04980200529098511,0.1548386961221695
5233,0,0,2,0.37863361835479736,0.06050639599561691,0.5608599781990051
5234,1,0,0,0.8978375196456909,0.05216669291257858,0.04999585077166557
5235,0,0,2,0.0019938000477850437,0.00029187792097218335,0.9977142810821533
5238,1,0,0,0.8634030222892761,0.022939642891287804,0.11365725845098495
5239,4,0,0,0.9260686039924622,0.019464654847979546,0.05446668714284897
5240,1,0,0,0.6669595241546631,0.11043842881917953,0.22260203957557678
5241,1,0,0,0.5625097155570984,0.2192695289850235,0.2182207554578781
5244,1,0,0,0.8307892084121704,0.12780627608299255,0.04140454903244972
5245,2,0,0,0.49283894896507263,0.37373772263526917,0.13342322409152985
5246,3,0,1,0.21800577640533447,0.7736709713935852,0.0083233043551445
5247,3,0,0,0.4522989094257355,0.40349236130714417,0.14420874416828156
5248,1,0,0,0.8450297713279724,0.0788235142827034,0.0761466845870018
5249,1,0,0,0.8634030222892761,0.022939642891287804,0.11365725845098495
5252,4,0,0,0.9589516520500183,0.011134025640785694,0.029914358630776405
5253,1,0,0,0.8978375196456909,0.05216669291257858,0.04999585077166557
5254,1,0,0,0.7332671880722046,0.013743702322244644,0.2529890835285187
5255,4,0,0,0.7209906578063965,0.08204743266105652,0.19696199893951416
5256,2,0,0,0.871496856212616,0.10715551674365997,0.02134758234024048
5257,0,0,0,0.559423565864563,0.324380099773407,0.11619630455970764
5258,2,0,0,0.9439835548400879,0.02156667411327362,0.03444972634315491
5259,1,0,0,0.7970454096794128,0.0818924754858017,0.12106212973594666
5260,1,0,0,0.9599611759185791,0.010469086468219757,0.02956976369023323
5261,0,0,0,0.9034165740013123,0.01754831336438656,0.07903506606817245
5263,4,0,0,0.8539590239524841,0.07453879714012146,0.07150214910507202
5264,0,0,0,0.6547731161117554,0.09502951800823212,0.2501973807811737
5266,0,0,0,0.8305523991584778,0.02441711723804474,0.14503051340579987
5267,1,0,0,0.5183565020561218,0.46308067440986633,0.018562819808721542
5268,4,0,0,0.9637343883514404,0.0034190048463642597,0.03284663334488869
5269,2,0,0,0.8125947117805481,0.10754766315221786,0.07985764741897583
5270,0,0,0,0.8342613577842712,0.018149983137845993,0.14758872985839844
5271,4,0,0,0.9049929976463318,0.0025248771999031305,0.09248215705156326
5272,3,0,0,0.8864474892616272,0.03475812450051308,0.07879435271024704
5273,2,0,0,0.8891537189483643,0.034520912915468216,0.076325424015522
5274,4,0,0,0.8427248597145081,0.025802195072174072,0.1314728856086731
5275,2,0,0,0.871496856212616,0.10715551674365997,0.02134758234024048
5276,2,0,0,0.6746746897697449,0.30831894278526306,0.01700637862086296
5277,1,0,0,0.8680076003074646,0.05455760285258293,0.07743481546640396
5280,3,0,0,0.828957736492157,0.009280173107981682,0.161762073636055
5281,4,0,0,0.7303619980812073,0.24156132340431213,0.028076648712158203
5283,3,0,0,0.9317454695701599,0.019543759524822235,0.04871077463030815
5284,0,0,0,0.8529781103134155,0.07084408402442932,0.07617780566215515
5285,3,0,0,0.5355333685874939,0.14722664654254913,0.3172399699687958
5286,3,2,2,5.581092773354612e-05,0.0003046303172595799,0.999639630317688
5287,4,0,2,0.35692504048347473,0.199329674243927,0.44374534487724304
5288,2,0,0,0.6548553705215454,0.022734764963388443,0.32240989804267883
5289,3,0,0,0.8366687893867493,0.10539683699607849,0.05793434754014015
5290,3,0,0,0.9102752804756165,0.010191468521952629,0.07953324168920517
5291,4,0,0,0.8877774477005005,0.06398443877696991,0.048238158226013184
5292,1,0,0,0.7953432202339172,0.18777623772621155,0.016880575567483902
5293,4,0,0,0.8397098183631897,0.04251127317547798,0.11777892708778381
5295,2,0,0,0.9640679955482483,0.01029721274971962,0.025634754449129105
5296,0,0,0,0.8494011163711548,0.02911594696342945,0.1214829683303833
5297,3,0,0,0.8302461504936218,0.03047175332903862,0.13928212225437164
5298,3,0,0,0.8988844156265259,0.016351139172911644,0.08476436138153076
5299,0,0,1,0.11743716895580292,0.8626713752746582,0.019891390576958656
5300,2,0,0,0.5292299389839172,0.021721281111240387,0.449048787355423
5301,1,0,0,0.7602613568305969,0.1947416067123413,0.04499708488583565
5302,4,0,0,0.7501898407936096,0.20987960696220398,0.03993059694766998
5303,1,0,2,0.08215689659118652,0.15960706770420074,0.7582360506057739
5305,1,0,0,0.5661799311637878,0.023257236927747726,0.41056281328201294
5306,2,0,0,0.8592749238014221,0.036378245800733566,0.10434681177139282
5307,4,0,0,0.782548725605011,0.010299699380993843,0.20715148746967316
5308,4,0,0,0.8654839396476746,0.05419847369194031,0.08031758666038513
5309,1,0,0,0.8114755153656006,0.05193321406841278,0.13659130036830902
5310,4,0,0,0.9089580178260803,0.002956017153337598,0.08808592706918716
5311,4,0,0,0.9334454536437988,0.03251337632536888,0.03404119610786438
5312,3,0,0,0.679144561290741,0.16911101341247559,0.15174448490142822
5314,4,0,0,0.9895806908607483,0.0021523600444197655,0.008266977965831757
5315,0,0,0,0.8478445410728455,0.0058800880797207355,0.14627531170845032
5316,4,0,0,0.8059882521629333,0.0055001345463097095,0.18851155042648315
5317,1,0,0,0.8041110038757324,0.09079695492982864,0.10509202629327774
5318,1,0,0,0.500048816204071,0.027326637879014015,0.4726245701313019
5319,4,0,0,0.9207091927528381,0.010733989998698235,0.0685567706823349
5320,0,0,0,0.865183413028717,0.05635995417833328,0.07845667749643326
5322,3,0,0,0.897589921951294,0.033823411911726,0.06858662515878677
5323,2,0,0,0.7805222868919373,0.0685151070356369,0.15096262097358704
5324,1,0,0,0.8093058466911316,0.00525257783010602,0.18544155359268188
5326,3,0,2,0.10839948803186417,0.04997533932328224,0.8416252136230469
5327,2,0,0,0.9192959666252136,0.008244949392974377,0.07245911657810211
5328,2,0,0,0.9399864077568054,0.012831303291022778,0.04718228057026863
5329,1,0,0,0.6719180345535278,0.23189355432987213,0.09618844836950302
5331,1,0,0,0.6910204291343689,0.018206089735031128,0.2907734811306
5332,1,0,0,0.903984785079956,0.003910451661795378,0.09210481494665146
5333,3,0,0,0.7568198442459106,0.048061802983284,0.19511836767196655
5334,0,0,0,0.9082515835762024,0.009613480418920517,0.08213495463132858
5335,4,0,0,0.8297324776649475,0.054092686623334885,0.11617482453584671
5336,1,0,0,0.9894437789916992,0.005369025748223066,0.00518724974244833
5337,1,0,1,0.03319383040070534,0.6270265579223633,0.3397796154022217
5339,1,0,0,0.6126347780227661,0.30284789204597473,0.08451735228300095
5340,4,0,0,0.7564716339111328,0.1530129313468933,0.09051544219255447
5342,1,0,0,0.7871726751327515,0.15927360951900482,0.05355372652411461
5345,4,0,0,0.945556640625,0.02297837845981121,0.03146493062376976
5346,2,0,0,0.8253867626190186,0.06277824193239212,0.11183496564626694
5347,1,0,1,0.28881993889808655,0.6982085108757019,0.01297153253108263
5348,4,0,0,0.9342347979545593,0.0033362319227308035,0.06242907792329788
5349,3,0,0,0.9272987842559814,0.025509411469101906,0.04719190672039986
5350,3,0,0,0.5569579601287842,0.1189735159277916,0.3240685760974884
5351,3,0,0,0.7578896880149841,0.13338927924633026,0.10872101783752441
5353,0,0,0,0.8756226897239685,0.01820911467075348,0.10616821050643921
5354,4,0,0,0.7961334586143494,0.14322999119758606,0.06063659489154816
5355,1,0,0,0.7898836135864258,0.10229756683111191,0.10781887918710709
5358,1,0,0,0.9597469568252563,0.002822643844410777,0.03743042051792145
5359,2,0,0,0.7977392077445984,0.009133746847510338,0.19312702119350433
5361,1,0,0,0.9226438999176025,0.029407616704702377,0.04794846475124359
5362,1,0,2,0.4106476306915283,0.02798493579030037,0.561367392539978
5363,1,0,0,0.8984454274177551,0.008701646700501442,0.09285289794206619
5364,2,0,0,0.8996588587760925,0.015924880281090736,0.0844162255525589
5365,4,0,0,0.967202365398407,0.008824476972222328,0.023973150178790092
5366,0,0,0,0.8048093318939209,0.08384811878204346,0.11134257167577744
5367,0,0,0,0.8744542598724365,0.06022718921303749,0.06531861424446106
5368,1,0,2,7.741594163235277e-05,3.586891762097366e-05,0.9998867511749268
5369,3,0,0,0.8224650621414185,0.09994665533304214,0.07758825272321701
5370,0,0,0,0.8810240626335144,0.08513109385967255,0.03384479507803917
5371,2,0,1,0.14715304970741272,0.7843131422996521,0.0685337707400322
5372,0,0,0,0.7691855430603027,0.18643184006214142,0.04438268020749092
5373,3,0,0,0.7493626475334167,0.007963696494698524,0.24267368018627167
5374,1,0,0,0.9805667996406555,0.003626910736784339,0.015806201845407486
5375,1,0,0,0.48030930757522583,0.4198741316795349,0.09981658309698105
5376,1,0,0,0.5874034762382507,0.020592043176293373,0.39200451970100403
5377,1,0,1,0.28881993889808655,0.6982085108757019,0.01297153253108263
5378,4,0,0,0.8171899914741516,0.01268475130200386,0.17012527585029602
5379,2,0,0,0.7158249616622925,0.052340783178806305,0.2318342924118042
5380,4,0,0,0.5383510589599609,0.4471828043460846,0.014466146007180214
5381,1,0,0,0.761651873588562,0.043856460601091385,0.1944916695356369
5382,3,0,0,0.8829339742660522,0.027630038559436798,0.08943603187799454
5383,4,0,0,0.5140703916549683,0.063435859978199,0.42249375581741333
5384,3,0,0,0.8462950587272644,0.02101873606443405,0.13268616795539856
5387,2,0,0,0.7912458181381226,0.027860192582011223,0.18089401721954346
5388,2,0,0,0.93365079164505,0.03405962511897087,0.03228956088423729
5389,3,0,0,0.9277167916297913,0.008620264008641243,0.06366302073001862
5390,3,0,1,0.31183743476867676,0.664619505405426,0.023543108254671097
5391,4,0,0,0.6808615922927856,0.09889523684978485,0.22024314105510712
5394,3,0,0,0.9660480618476868,0.0031661647371947765,0.03078581392765045
5395,3,0,0,0.6614992022514343,0.04038070887327194,0.29812005162239075
5397,1,0,0,0.9338530898094177,0.034952856600284576,0.031194118782877922
5399,1,0,2,0.267325758934021,0.08756003528833389,0.6451141834259033
5402,3,0,0,0.7898449301719666,0.031020937487483025,0.17913419008255005
5404,3,0,2,0.18539845943450928,0.006668186746537685,0.8079333305358887
5406,4,0,0,0.9438151121139526,0.011553436517715454,0.04463144391775131
5408,1,0,2,0.42272505164146423,0.14040936529636383,0.43686556816101074
5409,0,0,0,0.9326160550117493,0.006055885460227728,0.06132806837558746
5410,0,0,0,0.4667530059814453,0.1626293957233429,0.37061765789985657
5412,4,0,0,0.7385803461074829,0.1544942706823349,0.10692532360553741
5413,3,0,2,0.40923139452934265,0.037930864840745926,0.5528376698493958
5414,4,0,0,0.7336012721061707,0.012486416846513748,0.2539123296737671
5415,1,0,0,0.6504254341125488,0.07228642702102661,0.27728819847106934
5416,3,0,0,0.778903603553772,0.1280212551355362,0.09307510405778885
5417,1,0,0,0.8291321992874146,0.011877267621457577,0.15899060666561127
5420,2,0,0,0.9482853412628174,0.02520993910729885,0.026504749432206154
5421,2,0,0,0.6002699732780457,0.013236812315881252,0.3864932358264923
5422,1,0,0,0.8916416168212891,0.03693147748708725,0.07142697274684906
5425,1,0,0,0.7871726751327515,0.15927360951900482,0.05355372652411461
5428,4,0,0,0.945556640625,0.02297837845981121,0.03146493062376976
5429,2,0,0,0.8253867626190186,0.06277824193239212,0.11183496564626694
5430,1,0,1,0.28881993889808655,0.6982085108757019,0.01297153253108263
5431,4,0,0,0.9342347979545593,0.0033362319227308035,0.06242907792329788
5432,3,0,0,0.9272986650466919,0.025509415194392204,0.047191914170980453
5433,3,0,0,0.5569579601287842,0.11897352337837219,0.324068546295166
5434,3,0,0,0.7578896880149841,0.13338927924633026,0.10872101783752441
5436,0,0,0,0.8756226897239685,0.01820911467075348,0.10616821050643921
5437,4,0,0,0.7961334586143494,0.14322999119758606,0.06063659489154816
5438,1,0,0,0.7898836135864258,0.10229756683111191,0.10781887918710709
5441,1,0,0,0.9597469568252563,0.002822643844410777,0.03743042051792145
5442,2,0,0,0.7977392077445984,0.009133746847510338,0.19312702119350433
5444,1,0,0,0.9226438999176025,0.029407616704702377,0.04794846475124359
5445,1,0,2,0.4106476306915283,0.02798493579030037,0.561367392539978
5446,1,0,0,0.8984454274177551,0.008701646700501442,0.09285289794206619
5447,2,0,0,0.8996588587760925,0.015924880281090736,0.0844162255525589
5448,4,0,0,0.967202365398407,0.008824476972222328,0.023973150178790092
5449,0,0,0,0.8048093318939209,0.08384811878204346,0.11134257167577744
5450,0,0,0,0.8744542598724365,0.06022718921303749,0.06531861424446106
5451,1,0,2,7.741594163235277e-05,3.586891762097366e-05,0.9998867511749268
5452,3,0,0,0.8224651217460632,0.09994661808013916,0.07758826017379761
5453,0,0,0,0.8810240626335144,0.08513109385967255,0.03384479507803917
5454,2,0,1,0.14715304970741272,0.7843131422996521,0.0685337707400322
5455,0,0,0,0.7691855430603027,0.18643184006214142,0.04438268020749092
5456,3,0,0,0.7493626475334167,0.007963696494698524,0.24267368018627167
5457,1,0,0,0.9805667996406555,0.003626910736784339,0.015806201845407486
5458,1,0,0,0.48030930757522583,0.4198741316795349,0.09981658309698105
5459,1,0,0,0.5874034762382507,0.020592043176293373,0.39200451970100403
5460,1,0,1,0.28881993889808655,0.6982085108757019,0.01297153253108263
5461,4,0,0,0.8171899914741516,0.01268475130200386,0.17012527585029602
5462,2,0,0,0.7158249616622925,0.052340783178806305,0.2318342924118042
5463,4,0,0,0.5383510589599609,0.4471828043460846,0.014466146007180214
5464,1,0,0,0.761651873588562,0.043856460601091385,0.1944916695356369
5465,3,0,0,0.8829339742660522,0.027630038559436798,0.08943603187799454
5466,4,0,0,0.5140703916549683,0.063435859978199,0.42249375581741333
5467,3,0,0,0.8462950587272644,0.02101873978972435,0.13268616795539856
5470,2,0,0,0.7912458181381226,0.027860192582011223,0.18089401721954346
5471,2,0,0,0.93365079164505,0.03405962511897087,0.03228956088423729
5472,3,0,0,0.9277167916297913,0.008620264008641243,0.06366300582885742
5473,3,0,1,0.31183743476867676,0.664619505405426,0.023543108254671097
5474,4,0,0,0.6808615922927856,0.09889523684978485,0.22024314105510712
5477,3,0,0,0.9660480618476868,0.0031661647371947765,0.03078581392765045
5478,3,0,0,0.6614992022514343,0.04038070887327194,0.29812005162239075
5480,1,0,0,0.9338530898094177,0.034952856600284576,0.031194118782877922
5482,1,0,2,0.267325758934021,0.08756003528833389,0.6451141834259033
5485,3,0,0,0.7898449301719666,0.031020937487483025,0.17913419008255005
5487,3,0,2,0.18539845943450928,0.006668186746537685,0.8079333305358887
5489,4,0,0,0.9438151121139526,0.011553436517715454,0.04463144391775131
5491,1,0,2,0.42272505164146423,0.14040936529636383,0.43686556816101074
5492,0,0,0,0.9326160550117493,0.006055885460227728,0.06132806837558746
5493,0,0,0,0.4667530059814453,0.1626293957233429,0.37061765789985657
5495,4,0,0,0.7385803461074829,0.1544942706823349,0.10692532360553741
5496,3,0,2,0.40923139452934265,0.037930864840745926,0.5528376698493958
5497,4,0,0,0.7336012721061707,0.012486416846513748,0.2539123296737671
5498,1,0,0,0.6504254341125488,0.07228642702102661,0.27728819847106934
5499,3,0,0,0.778903603553772,0.1280212551355362,0.09307510405778885
5500,1,0,0,0.8291321992874146,0.011877267621457577,0.15899060666561127
5503,2,0,0,0.9482853412628174,0.02520993910729885,0.026504749432206154
5504,2,0,0,0.6002699732780457,0.013236812315881252,0.3864932358264923
5505,1,0,0,0.8916416168212891,0.03693147748708725,0.07142697274684906
5508,3,0,0,0.6558387875556946,0.0540253110229969,0.29013583064079285
5509,4,0,0,0.8696966171264648,0.031538330018520355,0.0987650603055954
5512,2,0,0,0.9482853412628174,0.02520993910729885,0.026504749432206154
5513,4,0,0,0.9797875881195068,0.00674109673127532,0.01347129512578249
5514,1,0,2,0.12925143539905548,0.14419545233249664,0.7265531420707703
5516,3,0,0,0.778903603553772,0.1280212551355362,0.09307510405778885
5518,0,0,0,0.6876808404922485,0.16023576259613037,0.15208345651626587
5520,4,0,0,0.9411137700080872,0.024049248546361923,0.03483700379729271
5521,1,0,0,0.8867866396903992,0.015505765564739704,0.09770755469799042
5522,1,0,0,0.7953592538833618,0.04980200529098511,0.15483872592449188
5523,0,0,2,0.37863361835479736,0.06050639599561691,0.5608599781990051
5524,1,0,0,0.8978375196456909,0.05216668173670769,0.04999583959579468
5525,0,0,2,0.0019938000477850437,0.00029187792097218335,0.9977142810821533
5528,1,0,0,0.8634031414985657,0.02293962799012661,0.11365724354982376
5529,4,0,0,0.9260686039924622,0.019464654847979546,0.05446668714284897
5530,1,0,0,0.6669595241546631,0.11043842136859894,0.22260203957557678
5531,1,0,0,0.5625097155570984,0.2192695140838623,0.2182207852602005
5534,1,0,0,0.8307892680168152,0.12780623137950897,0.04140455275774002
5535,2,0,0,0.49283894896507263,0.37373772263526917,0.13342322409152985
5536,3,0,1,0.21800582110881805,0.7736708521842957,0.008323303423821926
5537,3,0,0,0.4522989094257355,0.40349236130714417,0.14420874416828156
5538,1,0,0,0.8450298309326172,0.07882348448038101,0.0761466696858406
5539,1,0,0,0.8634031414985657,0.02293962799012661,0.11365724354982376
5542,4,0,0,0.9589516520500183,0.011134025640785694,0.029914358630776405
5543,1,0,0,0.8978375196456909,0.05216668173670769,0.04999583959579468
5544,1,0,0,0.7332671880722046,0.013743702322244644,0.25298911333084106
5545,4,0,0,0.7209906578063965,0.08204743266105652,0.19696199893951416
5546,2,0,0,0.871496856212616,0.10715551674365997,0.02134758234024048
5547,0,0,0,0.559423565864563,0.324380099773407,0.11619630455970764
5548,2,0,0,0.9439835548400879,0.02156667411327362,0.03444972634315491
5549,1,0,0,0.7970453500747681,0.08189250528812408,0.12106217443943024
5550,1,0,0,0.9599611759185791,0.01046908088028431,0.02956976369023323
5551,0,0,0,0.9034165740013123,0.01754831336438656,0.07903506606817245
5553,4,0,0,0.8539590239524841,0.07453879714012146,0.07150214910507202
5554,0,0,0,0.6547731161117554,0.09502951800823212,0.2501973807811737
5556,0,0,0,0.8305523991584778,0.02441711723804474,0.14503051340579987
5557,1,0,0,0.5183565020561218,0.46308067440986633,0.018562810495495796
5558,4,0,0,0.9637343883514404,0.0034190048463642597,0.03284663334488869
5559,2,0,0,0.8125947117805481,0.10754766315221786,0.07985764741897583
5560,0,0,0,0.8342612385749817,0.01814999058842659,0.14758872985839844
5561,4,0,0,0.9049929976463318,0.0025248771999031305,0.09248215705156326
5562,3,0,0,0.8864474892616272,0.03475812450051308,0.07879435271024704
5563,2,0,0,0.8891537189483643,0.034520912915468216,0.076325424015522
5564,4,0,0,0.8427248597145081,0.025802195072174072,0.1314728856086731
5565,2,0,0,0.871496856212616,0.10715551674365997,0.02134758234024048
5566,2,0,0,0.6746746897697449,0.30831894278526306,0.01700637862086296
5567,1,0,0,0.8680076003074646,0.05455761402845383,0.07743481546640396
5570,3,0,0,0.828957736492157,0.009280173107981682,0.16176211833953857
5571,4,0,0,0.7303619980812073,0.24156132340431213,0.028076648712158203
5573,3,0,0,0.9317454695701599,0.019543759524822235,0.04871077463030815
5574,0,0,0,0.8529781103134155,0.07084408402442932,0.07617780566215515
5575,3,0,0,0.5355333685874939,0.14722664654254913,0.3172399699687958
5576,3,2,2,5.581098230322823e-05,0.00030463060829788446,0.999639630317688
5577,4,0,2,0.35692504048347473,0.199329674243927,0.44374534487724304
5578,2,0,0,0.6548553705215454,0.022734764963388443,0.32240989804267883
5579,3,0,0,0.8366687893867493,0.10539683699607849,0.05793434754014015
5580,3,0,0,0.9102752804756165,0.010191468521952629,0.07953324168920517
5581,4,0,0,0.8877774477005005,0.06398443877696991,0.048238158226013184
5582,1,0,0,0.7953432202339172,0.18777623772621155,0.016880575567483902
5583,4,0,0,0.8397098183631897,0.04251127317547798,0.11777892708778381
5585,2,0,0,0.9640679955482483,0.01029721274971962,0.025634754449129105
5586,0,0,0,0.8494011163711548,0.02911594696342945,0.1214829683303833
5587,3,0,0,0.8302461504936218,0.03047175332903862,0.13928212225437164
5588,3,0,0,0.8988844156265259,0.016351131722331047,0.08476436138153076
5589,0,0,1,0.11743716895580292,0.8626713752746582,0.019891390576958656
5590,2,0,0,0.5292299389839172,0.021721281111240387,0.449048787355423
5591,1,0,0,0.7602613568305969,0.1947416067123413,0.04499708488583565
5592,4,0,0,0.7501898407936096,0.20987960696220398,0.03993059694766998
5593,1,0,2,0.08215689659118652,0.15960706770420074,0.7582360506057739
5595,1,0,0,0.5661799311637878,0.023257236927747726,0.41056281328201294
5596,2,0,0,0.8592749238014221,0.036378245800733566,0.10434681177139282
5597,4,0,0,0.782548725605011,0.010299699380993843,0.20715148746967316
5598,4,0,0,0.8654839396476746,0.05419847369194031,0.08031758666038513
5599,1,0,0,0.8114755153656006,0.05193321406841278,0.13659130036830902
5600,4,0,0,0.9089580178260803,0.002956017153337598,0.08808592706918716
5601,4,0,0,0.9334454536437988,0.03251337632536888,0.03404119610786438
5602,3,0,0,0.679144561290741,0.16911101341247559,0.15174448490142822
5604,4,0,0,0.9895806908607483,0.0021523600444197655,0.008266977965831757
5605,0,0,0,0.8478445410728455,0.0058800880797207355,0.14627531170845032
5606,4,0,0,0.8059882521629333,0.0055001345463097095,0.18851155042648315
5607,1,0,0,0.8041110038757324,0.09079695492982864,0.10509202629327774
5608,1,0,0,0.500048816204071,0.027326637879014015,0.4726245701313019
5609,4,0,0,0.9207091927528381,0.010733989998698235,0.0685567706823349
5610,0,0,0,0.865183413028717,0.05635995417833328,0.07845667749643326
5612,3,0,0,0.897589921951294,0.033823411911726,0.06858662515878677
5613,2,0,0,0.7805222868919373,0.0685151070356369,0.15096262097358704
5614,1,0,0,0.8093058466911316,0.00525257783010602,0.18544155359268188
5616,4,0,0,0.8114787340164185,0.006920726038515568,0.18160049617290497
5617,2,0,0,0.9511250257492065,0.018070442602038383,0.030804570764303207
5618,0,0,0,0.8311176896095276,0.0680948868393898,0.1007874608039856
5619,3,0,0,0.8345047831535339,0.10188180953264236,0.06361343711614609
5620,0,0,2,0.4175959825515747,0.1036207377910614,0.4787832498550415
5621,4,0,0,0.7259698510169983,0.14108723402023315,0.13294285535812378
5622,4,0,0,0.8242511749267578,0.13438673317432404,0.041362062096595764
5623,1,0,0,0.8171539306640625,0.021816864609718323,0.16102923452854156
5624,3,0,0,0.5843305587768555,0.39993035793304443,0.01573910377919674
5625,2,0,0,0.751015841960907,0.08503639698028564,0.1639477163553238
5626,4,0,0,0.731288731098175,0.19907893240451813,0.06963235884904861
5627,0,0,0,0.7775428891181946,0.04168107360601425,0.1807759553194046
5628,3,0,0,0.5777020454406738,0.2971300482749939,0.12516789138317108
5629,0,0,0,0.8709226250648499,0.0802711471915245,0.04880622401833534
5630,1,0,0,0.7802999019622803,0.11513589322566986,0.10456426441669464
5631,1,0,0,0.9300391674041748,0.03101014532148838,0.03895074501633644
5633,0,0,0,0.7358925342559814,0.09807458519935608,0.16603291034698486
5634,2,0,0,0.7801825404167175,0.05390482395887375,0.16591253876686096
5635,3,0,2,0.39508503675460815,0.01643277518451214,0.5884822607040405
5636,4,0,0,0.8441569805145264,0.14369791746139526,0.012145071290433407
5637,3,0,0,0.9317551851272583,0.012869642116129398,0.05537505820393562
5638,1,0,1,0.34502124786376953,0.5889073014259338,0.06607147306203842
5639,0,0,0,0.5993487238883972,0.017236437648534775,0.38341474533081055
5640,1,0,2,0.000239504428463988,0.0014620207948610187,0.9982984662055969
5641,3,0,1,0.4572320282459259,0.5082387328147888,0.03452920913696289
5642,3,0,0,0.6289145946502686,0.15514612197875977,0.21593931317329407
5643,4,0,0,0.8200353384017944,0.06099511682987213,0.11896956712007523
5644,0,0,2,0.04551597684621811,0.014095035381615162,0.9403889775276184
5646,4,0,2,0.26207131147384644,0.004946229979395866,0.7329824566841125
5647,4,0,0,0.4938417971134186,0.025793591514229774,0.480364590883255
5649,2,0,0,0.5335716009140015,0.021299269050359726,0.4451291859149933
5651,1,0,0,0.9361319541931152,0.016208214685320854,0.04765984043478966
5652,3,0,0,0.753024697303772,0.025304943323135376,0.22167038917541504
5654,4,0,0,0.4697982668876648,0.31335487961769104,0.21684688329696655
5655,4,0,0,0.9213001132011414,0.026345405727624893,0.05235444754362106
5656,0,2,2,0.001975587336346507,5.5109834647737443e-05,0.9979693293571472
5657,2,0,0,0.9230881929397583,0.05092292279005051,0.02598891407251358
5658,4,0,0,0.7576264142990112,0.21173588931560516,0.030637642368674278
5659,0,0,0,0.841912031173706,0.09887522459030151,0.05921272560954094
5660,2,0,0,0.96977698802948,0.008463499136269093,0.02175942063331604
5661,0,0,0,0.816122829914093,0.10529085248708725,0.07858631014823914
5662,2,0,0,0.5123916268348694,0.27314281463623047,0.21446561813354492
5664,3,0,0,0.8812391757965088,0.04855237528681755,0.07020850479602814
5666,1,0,2,0.15443070232868195,0.005604217294603586,0.8399651646614075
5667,4,0,0,0.8329076170921326,0.03725920617580414,0.1298331767320633
5669,1,0,0,0.7307923436164856,0.2056276798248291,0.06357994675636292
5670,2,0,0,0.7809853553771973,0.033129144459962845,0.18588556349277496
5671,1,0,0,0.5140407681465149,0.3666175305843353,0.11934172362089157
5673,0,0,0,0.44749027490615845,0.19287754595279694,0.3596321642398834
5674,0,0,0,0.678693950176239,0.007968473248183727,0.3133375942707062
5675,1,0,2,0.01486181654036045,0.006573501043021679,0.9785647392272949
5676,1,0,0,0.8725711107254028,0.01806742325425148,0.10936149209737778
5677,3,0,1,0.29347753524780273,0.6697156429290771,0.03680679574608803
5679,0,0,0,0.8826356530189514,0.030997581779956818,0.08636678010225296
5680,0,0,0,0.7590806484222412,0.05907529592514038,0.18184404075145721
5681,2,0,0,0.8896002173423767,0.021444598212838173,0.08895516395568848
5682,4,0,0,0.9233490824699402,0.021462133154273033,0.05518878623843193
5683,1,0,2,0.259676992893219,0.21641971170902252,0.5239033102989197
5684,2,0,0,0.6308060884475708,0.34546563029289246,0.023728294298052788
5685,4,0,0,0.8285934329032898,0.01249667163938284,0.1589098572731018
5686,0,0,0,0.8506172895431519,0.0515168271958828,0.09786593168973923
5688,0,0,0,0.5496323108673096,0.038238707929849625,0.41212892532348633
5689,3,0,0,0.7179811000823975,0.1804949790239334,0.10152393579483032
5690,2,0,0,0.963349461555481,0.0032797418534755707,0.03337082266807556
5691,2,0,2,0.1104506179690361,0.1630716323852539,0.7264777421951294
5693,2,0,0,0.8421238660812378,0.05539993196725845,0.10247617214918137
5694,3,0,0,0.940427303314209,0.0027393922209739685,0.056833311915397644
5695,2,0,0,0.8041938543319702,0.03537602722644806,0.16043011844158173
5696,1,0,1,0.30017364025115967,0.6679204702377319,0.031905896961688995
5697,0,0,0,0.862568736076355,0.06550110131502151,0.07193010300397873
5698,0,0,0,0.7055178284645081,0.03726912662386894,0.2572130262851715
5699,1,0,0,0.664191722869873,0.27054452896118164,0.06526371836662292
5700,2,0,0,0.8133947849273682,0.005349431652575731,0.18125583231449127
5701,0,0,0,0.9097213745117188,0.011506724171340466,0.07877199351787567
5702,2,0,0,0.6654332280158997,0.04846196994185448,0.2861047685146332
5703,3,0,0,0.8550668954849243,0.011985326185822487,0.13294772803783417
5704,2,0,2,0.004382449202239513,0.0003596107417251915,0.9952579140663147
5706,3,0,2,0.20632174611091614,0.047082770615816116,0.746595561504364
5707,1,0,0,0.8281297087669373,0.03816727548837662,0.13370296359062195
5709,0,0,0,0.8937020897865295,0.005396036431193352,0.10090188682079315
5711,3,0,2,0.20632174611091614,0.047082770615816116,0.746595561504364
5712,0,0,0,0.5445077419281006,0.018634898588061333,0.43685731291770935
5713,0,0,0,0.8339449167251587,0.04532795026898384,0.12072713673114777
5714,1,0,0,0.8817000389099121,0.0781879872083664,0.040111884474754333
5716,1,0,2,0.057509489357471466,4.1866071114782244e-05,0.942448616027832
5720,2,0,0,0.9432863593101501,0.041101254522800446,0.01561233215034008
5721,2,0,0,0.8403536677360535,0.018322838470339775,0.14132341742515564
5723,1,0,0,0.8702186346054077,0.08527839183807373,0.04450303688645363
5724,1,0,0,0.5193849802017212,0.009936586022377014,0.4706784188747406
5725,1,0,2,0.07316672801971436,0.016880903393030167,0.9099522829055786
5726,3,0,0,0.6320658326148987,0.2785668969154358,0.08936724811792374
5727,0,0,0,0.6498363614082336,0.00997963361442089,0.3401840329170227
5728,0,0,1,0.30350160598754883,0.6472963094711304,0.04920206591486931
5729,3,0,0,0.7688989043235779,0.03690056502819061,0.19420059025287628
5730,0,0,0,0.8869409561157227,0.0727861151099205,0.04027295112609863
5732,3,0,0,0.6915665864944458,0.15711170434951782,0.15132173895835876
5733,3,0,1,0.3765942454338074,0.388518750667572,0.23488695919513702
5734,1,0,0,0.9713397026062012,0.004656082484871149,0.02400430105626583
5736,3,0,0,0.6382892727851868,0.00803868193179369,0.353672057390213
5737,3,0,0,0.9022461175918579,0.04379090666770935,0.05396292358636856
5738,0,0,0,0.7573968172073364,0.0613853894174099,0.18121781945228577
5739,4,0,0,0.9018070101737976,0.029625678434967995,0.06856732815504074
5740,4,0,0,0.924423098564148,0.03715922683477402,0.03841760382056236
5741,1,0,0,0.9470086097717285,0.0050162579864263535,0.04797515273094177
5743,0,0,0,0.7293387055397034,0.08698105067014694,0.18368026614189148
5744,2,0,0,0.968958854675293,0.02064778283238411,0.010393328033387661
5745,2,0,0,0.8200160264968872,0.0936298742890358,0.08635413646697998
5747,0,0,0,0.8420931100845337,0.021753208711743355,0.1361537128686905
5748,2,0,0,0.6227766275405884,0.061371803283691406,0.3158515989780426
5749,3,2,2,0.0006776615045964718,0.024699293076992035,0.9746230840682983
5750,0,0,0,0.5347839593887329,0.049658168107271194,0.4155578017234802
5751,1,0,0,0.535840630531311,0.35847240686416626,0.10568692535161972
5752,3,0,0,0.7977308630943298,0.16789750754833221,0.034371644258499146
5753,1,0,1,0.31509634852409363,0.5371791124343872,0.14772453904151917
5754,1,0,2,0.1936318576335907,0.00541324308142066,0.8009549379348755
5755,0,0,0,0.6250778436660767,0.04050769284367561,0.33441442251205444
5756,3,0,0,0.7255053520202637,0.008248692378401756,0.26624596118927
5757,2,0,0,0.8124833703041077,0.014923580922186375,0.17259307205677032
5758,0,0,0,0.7137401700019836,0.17992953956127167,0.10633033514022827
5759,3,0,0,0.9003413319587708,0.0335870087146759,0.06607166677713394
5760,4,0,0,0.7660796046257019,0.03919534012675285,0.19472499191761017
5761,2,0,1,0.26446306705474854,0.6259741187095642,0.10956282168626785
5762,0,0,1,0.33793288469314575,0.6415742039680481,0.020492898300290108
5763,0,0,0,0.8092818856239319,0.08144020289182663,0.10927793383598328
5766,2,0,0,0.7584256529808044,0.020473508164286613,0.22110088169574738
5767,0,0,1,0.23434992134571075,0.7350679039955139,0.030582187697291374
5771,0,0,1,0.2352127879858017,0.7312167882919312,0.03357050195336342
5772,0,0,0,0.751126229763031,0.08139022439718246,0.16748356819152832
5773,4,2,2,0.0010371941607445478,0.00014118723629508168,0.9988215565681458
5774,0,0,0,0.8635038137435913,0.056567128747701645,0.07992903143167496
5775,1,0,2,0.07178140431642532,0.002941759070381522,0.9252768754959106
5776,3,0,0,0.7107322216033936,0.15652331709861755,0.1327444463968277
5777,4,0,0,0.9594393968582153,0.013520970940589905,0.027039578184485435
5778,1,0,2,0.16810443997383118,0.0031131370924413204,0.8287823796272278
5779,2,0,0,0.9297681450843811,0.0037054826971143484,0.06652632355690002
5781,4,0,2,0.060733504593372345,0.004695854615420103,0.9345705509185791
5782,1,0,2,0.3942374885082245,0.04289853572845459,0.5628639459609985
5784,1,0,0,0.845491886138916,0.010183864273130894,0.14432422816753387
5785,0,0,0,0.8635038137435913,0.056567128747701645,0.07992903143167496
5787,0,0,0,0.8536357879638672,0.07926953583955765,0.06709474325180054
5788,2,0,1,0.00482672406360507,0.9930154085159302,0.0021578276064246893
5789,1,0,0,0.9367780685424805,0.012278406880795956,0.050943486392498016
5790,0,0,0,0.805193305015564,0.09144055098295212,0.1033661738038063
5791,4,0,0,0.7474159598350525,0.040254876017570496,0.21232910454273224
5792,0,0,0,0.6988546848297119,0.08308765292167664,0.21805769205093384
5793,2,0,0,0.8062083721160889,0.048520661890506744,0.14527100324630737
5794,4,0,0,0.6707382202148438,0.0046717445366084576,0.3245900571346283
5795,4,2,2,1.0791769454954192e-05,0.023033160716295242,0.9769559502601624
5796,0,0,0,0.8015792965888977,0.14079952239990234,0.05762122943997383
5797,3,0,2,0.3468775153160095,0.042470257729291916,0.6106522679328918
5798,4,0,0,0.5431700944900513,0.12331114709377289,0.33351874351501465
5801,4,0,0,0.7505851984024048,0.16017945110797882,0.0892353281378746
5802,0,0,0,0.7440635561943054,0.05681740120053291,0.19911909103393555
5803,0,0,0,0.6916836500167847,0.004650442395359278,0.3036659061908722
5805,3,0,0,0.7879918813705444,0.11883924901485443,0.09316882491111755
5806,3,0,0,0.8923422694206238,0.03979085013270378,0.06786695122718811
5807,4,0,0,0.5841606855392456,0.23288778960704803,0.1829514354467392
5809,3,0,2,0.3984004259109497,0.043918758630752563,0.5576807856559753
5810,2,0,0,0.5780899524688721,0.04821520671248436,0.37369486689567566
5811,2,0,1,0.13430100679397583,0.8365415930747986,0.029157429933547974
5814,3,0,2,0.09462328255176544,0.032073818147182465,0.8733028769493103
5815,3,0,0,0.7831470966339111,0.023867107927799225,0.19298586249351501
5816,4,0,0,0.9174062609672546,0.007747395429760218,0.0748463124036789
5817,2,0,0,0.87977534532547,0.0164603590965271,0.10376427322626114
5818,0,0,0,0.808984100818634,0.03346986323595047,0.1575459986925125
5821,2,0,1,0.13430100679397583,0.8365415930747986,0.029157429933547974
5822,3,0,0,0.8256128430366516,0.028881043195724487,0.14550603926181793
5824,0,0,0,0.8580011129379272,0.004659393336623907,0.13733945786952972
5826,1,0,1,0.22856371104717255,0.6708012223243713,0.10063512623310089
5828,3,0,0,0.6981907486915588,0.033202022314071655,0.2686072587966919
5829,2,0,2,0.3191714882850647,0.029672127217054367,0.6511563658714294
5830,2,0,0,0.6089167594909668,0.01414851937443018,0.376934677362442
5832,2,0,0,0.7753185629844666,0.017674336209893227,0.20700711011886597
5833,4,0,0,0.8747406601905823,0.03093383088707924,0.09432554244995117
5834,1,0,1,0.4839800298213959,0.48868316411972046,0.027336789295077324
5835,1,0,2,0.25103139877319336,0.06650443375110626,0.6824641823768616
5836,2,0,0,0.9172025322914124,0.004551619291305542,0.07824589312076569
5837,3,0,0,0.5678921937942505,0.029145218431949615,0.4029625952243805
5838,4,0,0,0.6105105876922607,0.017416903749108315,0.3720724880695343
5839,2,0,2,0.37760594487190247,0.01744508184492588,0.604948878288269
5840,0,0,0,0.8953427076339722,0.023473305627703667,0.08118397742509842
5841,3,0,0,0.8716986179351807,0.03882390260696411,0.08947745710611343
5842,0,0,0,0.8929034471511841,0.04638640210032463,0.0607101172208786
5843,1,0,0,0.7259849309921265,0.1760268658399582,0.09798821061849594
5844,1,0,0,0.6722350716590881,0.06320410966873169,0.2645607888698578
5845,0,0,0,0.8953427076339722,0.023473305627703667,0.08118397742509842
5846,2,0,2,0.37760594487190247,0.01744508184492588,0.604948878288269
5847,4,0,0,0.6105105876922607,0.017416903749108315,0.3720724880695343
5848,3,0,2,0.36350953578948975,0.03651844710111618,0.5999720096588135
5850,3,0,0,0.8657325506210327,0.07603591680526733,0.05823161080479622
5852,3,0,1,0.12065547704696655,0.8315387964248657,0.047805700451135635
5854,1,0,0,0.9521666169166565,0.022304074838757515,0.025529302656650543
5855,4,0,0,0.761642575263977,0.08705616742372513,0.15130120515823364
5856,2,0,0,0.9067681431770325,0.014135880395770073,0.07909594476222992
5858,3,0,0,0.47962069511413574,0.052663516253232956,0.4677157402038574
5859,0,0,0,0.9092138409614563,0.029088003560900688,0.06169813498854637
5861,3,0,0,0.6607526540756226,0.012564677745103836,0.3266826868057251
5862,4,0,0,0.943604052066803,0.01571517623960972,0.040680836886167526
5863,0,0,0,0.648672342300415,0.12509171664714813,0.22623594105243683
5864,1,0,0,0.8091360330581665,0.003888451959937811,0.18697546422481537
5865,2,0,0,0.5555883646011353,0.2421141117811203,0.20229755342006683
5866,1,0,2,0.3102891147136688,0.021892821416258812,0.6678180694580078
5867,3,0,0,0.9728952050209045,0.006086335517466068,0.021018538624048233
5868,1,0,1,0.34605446457862854,0.6418036818504333,0.01214189175516367
5869,3,0,0,0.6607526540756226,0.012564677745103836,0.3266826868057251
5870,3,0,0,0.5136584639549255,0.22189176082611084,0.264449805021286
5871,0,0,0,0.7969415783882141,0.006765613332390785,0.19629278779029846
5872,4,0,0,0.761642575263977,0.08705616742372513,0.15130120515823364
5875,1,0,0,0.8822133541107178,0.08478475362062454,0.033001843839883804
5876,0,0,0,0.9200024604797363,0.012859491631388664,0.06713809072971344
5877,1,0,0,0.6998411417007446,0.03728831931948662,0.26287055015563965
5878,4,0,0,0.7893915176391602,0.14447250962257385,0.066135935485363
5880,3,0,2,0.39498668909072876,0.010488699190318584,0.5945245623588562
5881,0,0,0,0.849035918712616,0.012721918523311615,0.13824214041233063
5882,2,0,2,0.4069052040576935,0.03487509861588478,0.5582196712493896
5883,0,0,0,0.8838353753089905,0.04917232692241669,0.06699222326278687
5884,4,0,0,0.8512252569198608,0.03718167170882225,0.11159306019544601
5885,0,0,0,0.8734177350997925,0.020817242562770844,0.10576498508453369
5888,1,0,0,0.8726162910461426,0.01019294187426567,0.11719080060720444
5889,4,0,0,0.597114622592926,0.19226635992527008,0.21061895787715912
5890,1,0,0,0.9477658271789551,0.006337000522762537,0.0458972230553627
5891,2,0,2,0.4069052040576935,0.03487509861588478,0.5582196712493896
5892,0,0,0,0.5960953831672668,0.19115018844604492,0.21275442838668823
5894,3,0,0,0.6161861419677734,0.009665554389357567,0.3741483688354492
5895,1,0,0,0.8183886408805847,0.06952600926160812,0.11208532750606537
5896,2,0,0,0.9624016880989075,0.003150912933051586,0.03444741666316986
5897,3,0,0,0.519218921661377,0.11639492958784103,0.3643861711025238
5898,1,0,0,0.8776810765266418,0.0017414557514712214,0.12057749181985855
5899,1,0,0,0.8296783566474915,0.05558958277106285,0.11473206430673599
5900,1,0,0,0.8538649082183838,0.04491136223077774,0.10122367739677429
5901,1,0,0,0.7170603275299072,0.17459021508693695,0.10834940522909164
5902,1,0,1,0.023239899426698685,0.9093213677406311,0.06743873655796051
5903,2,0,2,0.48423629999160767,0.00841532927006483,0.507348358631134
5904,0,0,0,0.7624273896217346,0.10556942969560623,0.13200312852859497
5905,4,0,0,0.8493947386741638,0.049188531935214996,0.10141676664352417
5906,3,0,2,0.3119180202484131,0.01376427337527275,0.6743176579475403
5907,0,0,0,0.8501408100128174,0.06309306621551514,0.08676611632108688
5908,1,2,2,0.0001310988882323727,0.0029660186264663935,0.9969028830528259
5910,4,2,2,1.7703935100144008e-06,4.174527930445038e-06,0.9999940395355225
5911,2,0,1,0.21026797592639923,0.7771710753440857,0.01256097387522459
5912,0,0,0,0.842286229133606,0.04989374056458473,0.1078200563788414
5913,1,0,2,0.29797497391700745,0.09674273431301117,0.6052822470664978
5914,4,0,0,0.9620755314826965,0.005299735814332962,0.03262469172477722
5915,2,0,2,0.11311158537864685,0.12222737073898315,0.7646610140800476
5916,0,0,0,0.7189617156982422,0.06897734105587006,0.21206092834472656
5919,1,0,0,0.8977352380752563,0.06507892906665802,0.037185754626989365
5920,1,0,2,0.005232894793152809,0.001829128130339086,0.9929379820823669
5921,2,0,0,0.5683134198188782,0.06938212364912033,0.3623044788837433
5923,4,0,1,0.21402856707572937,0.7327035069465637,0.053267981857061386
5924,3,0,0,0.851646900177002,0.020216062664985657,0.12813697755336761
5925,4,2,2,0.0003650825237855315,0.48112890124320984,0.5185060501098633
5926,2,0,0,0.918009877204895,0.014881101436913013,0.06710897386074066
5927,2,0,0,0.9224776029586792,0.009133855812251568,0.06838859617710114
5928,4,0,0,0.6996589303016663,0.2551501393318176,0.04519098252058029
5929,4,0,2,0.29031112790107727,0.0019670529291033745,0.7077218294143677
5930,2,0,0,0.8249256610870361,0.028698360547423363,0.14637592434883118
5932,0,0,2,0.21275277435779572,0.3035944700241089,0.4836527705192566
5933,3,0,0,0.7840890884399414,0.07910075038671494,0.13681016862392426
5934,3,0,2,0.06681982427835464,0.0020503285340964794,0.9311298131942749
5935,0,0,0,0.6970828175544739,0.11751576513051987,0.18540148437023163
5936,3,0,0,0.6457234621047974,0.16320621967315674,0.19107025861740112
5937,1,0,1,0.03306242451071739,0.6922625303268433,0.27467507123947144
5938,0,0,2,0.2610628604888916,0.35046669840812683,0.38847047090530396
5939,0,0,2,0.14374564588069916,0.21697472035884857,0.6392796039581299
5940,3,0,2,0.13461966812610626,0.018746865913271904,0.8466333746910095
5941,3,0,1,4.9010428483597934e-05,0.999890923500061,6.000675421091728e-05
5942,0,0,2,0.18992148339748383,0.28234776854515076,0.5277307629585266
5943,1,2,2,9.285733540309593e-06,2.2155656552058645e-05,0.9999685287475586
5945,3,0,1,0.13780291378498077,0.8308009505271912,0.03139612823724747
5947,2,0,0,0.8249256610870361,0.028698360547423363,0.14637592434883118
5949,4,0,2,0.3349386751651764,0.005122716538608074,0.6599385738372803
5950,3,0,0,0.8962839245796204,0.03084210865199566,0.0728740319609642
5952,2,0,2,0.0547691211104393,0.0017407780978828669,0.943490207195282
5953,4,0,0,0.45000460743904114,0.26989269256591797,0.2801026999950409
5954,3,0,0,0.7312371134757996,0.024745052680373192,0.24401786923408508
5955,4,0,0,0.8841745853424072,0.04800571873784065,0.06781980395317078
5956,0,0,0,0.5895357728004456,0.055921006947755814,0.35454317927360535
5957,4,0,2,0.4095655679702759,0.05383147671818733,0.5366029143333435
5958,1,0,0,0.8685929179191589,0.019956961274147034,0.11145013570785522
5959,2,0,0,0.6157557964324951,0.02071620523929596,0.3635280430316925
5964,4,0,2,0.02012462541460991,0.00044258302659727633,0.9794327020645142
5965,0,0,2,0.3103591501712799,0.06171024963259697,0.6279306411743164
5966,4,0,0,0.7952830791473389,0.016960855573415756,0.18775606155395508
5967,3,0,1,0.24557185173034668,0.7125983238220215,0.04182983562350273
5968,0,0,0,0.6696969270706177,0.20452679693698883,0.1257762908935547
5970,4,0,0,0.7590089440345764,0.2114293873310089,0.029561631381511688
5971,4,0,0,0.4988768398761749,0.05108587071299553,0.45003730058670044
5972,1,0,0,0.6489311456680298,0.28949064016342163,0.06157813221216202
5973,2,0,0,0.9332633018493652,0.010345914401113987,0.05639076232910156
5974,3,0,0,0.6832613945007324,0.15520510077476501,0.16153347492218018
5975,4,0,2,0.0728093758225441,0.0023365914821624756,0.9248540997505188
5976,3,0,0,0.9319348335266113,0.030016973614692688,0.03804819658398628
5977,0,0,0,0.8500416278839111,0.07766938209533691,0.07228897511959076
5978,3,0,0,0.7649558782577515,0.011779104359447956,0.22326497733592987
5979,0,0,0,0.5330727100372314,0.2534502148628235,0.21347706019878387
5980,1,0,0,0.6408892273902893,0.06085392087697983,0.29825687408447266
5981,3,0,2,0.33618974685668945,0.011610452085733414,0.6521998047828674
5982,1,0,0,0.7011223435401917,0.14185799658298492,0.15701965987682343
5983,3,0,0,0.7110130190849304,0.22131448984146118,0.0676724910736084
5984,1,0,0,0.8615285754203796,0.030429814010858536,0.10804156959056854
5985,2,0,2,0.47425276041030884,0.002148828934878111,0.5235983729362488
5986,0,0,0,0.43180108070373535,0.2445954978466034,0.32360339164733887
5987,3,0,0,0.8632791638374329,0.032205790281295776,0.10451509803533554
5988,2,0,0,0.686710000038147,0.051080651581287384,0.26220935583114624
5989,4,0,0,0.4660305082798004,0.3514149785041809,0.18255449831485748
5990,1,0,0,0.6380957365036011,0.009571476839482784,0.3523327708244324
5991,4,0,0,0.6360698938369751,0.29047176241874695,0.07345829904079437
5993,1,0,0,0.6553824543952942,0.018998630344867706,0.3256189525127411
5994,4,0,0,0.8010343313217163,0.1254817545413971,0.07348397374153137
5995,4,0,0,0.9315341114997864,0.029971929267048836,0.03849399462342262
5996,2,0,0,0.9605776071548462,0.006576044950634241,0.03284630551934242
5997,3,0,2,0.20643699169158936,0.23426568508148193,0.5592972636222839
5998,1,0,0,0.8282037377357483,0.008688079193234444,0.163108229637146
5999,2,0,2,0.000771626946516335,0.0003950251266360283,0.9988333582878113
6000,4,2,2,0.0006526242359541357,3.012927481904626e-05,0.9993172883987427
6001,2,0,0,0.9036322832107544,0.024686714634299278,0.07168099284172058
6002,4,0,2,0.3977270722389221,0.014747966080904007,0.587524950504303
6006,1,1,1,4.863584763370454e-06,0.9999783039093018,1.6775309632066637e-05
6011,4,2,2,0.3470073342323303,0.004013171885162592,0.6489795446395874
6012,3,2,2,8.072619493759703e-06,9.073363798961509e-06,0.9999828338623047
6013,1,1,1,0.00010496607137611136,0.9998736381530762,2.1431495042634197e-05
6014,3,2,2,0.003883293829858303,0.002143269404768944,0.993973433971405
6016,0,2,2,1.150733851318364e-06,6.376206783897942e-06,0.9999924898147583
6019,4,2,0,0.6274898052215576,0.2089865803718567,0.1635235995054245
6020,4,0,1,4.35167976320372e-06,0.9981441497802734,0.0018514749826863408
6021,3,2,2,0.03181198984384537,0.0071178823709487915,0.9610700607299805
6022,2,2,2,0.06412076205015182,0.0016704541631042957,0.9342087507247925
6023,1,2,2,0.00022209863527677953,0.002843182533979416,0.9969346523284912
6024,3,2,2,9.346972262846975e-08,4.988875843991991e-06,0.9999948740005493
6025,2,2,2,2.517626853659749e-06,2.4036560262175044e-06,0.9999951124191284
6026,2,2,2,4.499728311202489e-05,2.398333526798524e-05,0.9999310970306396
6027,3,2,2,3.1541010230284883e-06,2.4635880890855333e-06,0.9999943971633911
6029,3,0,0,0.8890939950942993,0.016767701134085655,0.09413837641477585
6030,2,0,0,0.4928167164325714,0.047736745327711105,0.4594465494155884
6031,3,2,0,0.44801366329193115,0.16001996397972107,0.3919663727283478
6032,2,0,0,0.92778080701828,0.009310988709330559,0.06290824711322784
6034,1,2,1,0.2541862428188324,0.37975063920021057,0.36606311798095703
6035,4,0,0,0.7168601155281067,0.057961102575063705,0.2251788079738617
6036,2,2,2,9.529286217002664e-06,0.00015517060819547623,0.9998352527618408
6037,3,2,1,0.4709649384021759,0.4726909399032593,0.056344110518693924
6038,0,2,2,2.2820022138603235e-07,6.725269031448988e-06,0.999993085861206
6039,2,2,2,0.00025069163530133665,1.2977726328244898e-05,0.9997362494468689
6040,4,2,2,0.0001538574870210141,1.2053785212629009e-05,0.9998340606689453
6041,3,2,2,7.075757457641885e-05,4.318069477449171e-05,0.9998860359191895
6044,0,2,2,1.9944347513956018e-05,8.288687354252033e-07,0.9999792575836182
6045,4,2,2,0.00019507289107423276,7.152195394155569e-06,0.9997977614402771
6047,0,0,0,0.5703074932098389,0.3883369266986847,0.04135565087199211
6049,4,2,2,8.54051613714546e-05,5.2001187214045785e-06,0.9999094009399414
6050,2,2,2,4.303523724047409e-07,1.187361391430386e-07,0.9999994039535522
6051,3,2,2,9.469061296840664e-06,0.00014772829308640212,0.9998428821563721
6052,0,2,2,2.954787703401962e-08,7.93560866441112e-06,0.9999920129776001
6053,4,2,1,0.00011854018521262333,0.5150180459022522,0.48486343026161194
6055,1,2,2,5.473192459248821e-07,0.00034906863584183156,0.9996503591537476
6056,0,2,2,1.4791402236369322e-07,1.7670639863354154e-05,0.9999822378158569
6057,4,2,2,0.06929641216993332,0.0006152671994641423,0.9300883412361145
6058,2,2,2,1.3217285754762997e-07,1.736601916491054e-06,0.9999980926513672
6060,3,0,0,0.8700181245803833,0.05473484471440315,0.07524695247411728
6061,0,2,2,1.4791402236369322e-07,1.7670639863354154e-05,0.9999822378158569
6062,2,0,0,0.7413099408149719,0.036178141832351685,0.22251194715499878
6063,3,2,2,3.5130337892042007e-06,6.620263593504205e-05,0.9999303817749023
6064,3,2,2,3.6468458119998104e-07,1.7770273188943975e-05,0.9999818801879883
6065,4,2,2,2.5451445253565907e-06,0.0013785986229777336,0.9986188411712646
6066,1,0,0,0.6654776930809021,0.06456570327281952,0.2699565887451172
6067,4,1,1,0.0031301085837185383,0.9962474703788757,0.0006224248791113496
6068,3,1,1,7.533283678640146e-06,0.9999916553497314,8.374858566639887e-07
6069,2,1,1,0.15071916580200195,0.7525360584259033,0.0967448502779007
6071,0,2,2,1.7346175127386232e-06,0.00019543810049071908,0.9998027682304382
6072,2,2,2,4.493291214657802e-07,6.460230906668585e-06,0.999993085861206
6073,0,2,2,3.654798419461258e-08,2.7022721042158082e-05,0.999972939491272
6074,2,2,2,1.31791784951929e-06,2.7540225346456282e-05,0.9999711513519287
6075,2,2,2,6.181009553074546e-07,5.456805411085952e-06,0.9999939203262329
6076,1,0,0,0.6532503962516785,0.16018085181713104,0.18656878173351288
6077,4,2,2,3.886595095536904e-06,5.445828719530255e-06,0.9999905824661255
6078,1,2,2,1.2710821465589106e-05,1.662192153162323e-05,0.9999706745147705
6079,2,2,2,0.1734204888343811,0.006444884464144707,0.8201346397399902
6080,2,2,2,0.008926917798817158,5.129295459482819e-05,0.9910218119621277
6081,4,0,0,0.8622585535049438,0.007014124188572168,0.13072730600833893
6083,3,2,2,5.5604691624466795e-06,1.769270238582976e-05,0.9999767541885376
6084,1,2,2,3.651643282864825e-06,4.839012035517953e-06,0.9999914169311523
6085,1,2,2,0.002242491114884615,5.197128120926209e-05,0.9977055191993713
6086,0,2,0,0.7147214412689209,0.05444293096661568,0.23083560168743134
6087,1,0,2,0.31301578879356384,0.1686185896396637,0.5183656215667725
6088,3,0,2,0.07788437604904175,0.4186147153377533,0.5035008192062378
6089,2,2,2,3.700033062159491e-07,6.873950769659132e-05,0.9999308586120605
6091,0,2,2,8.1534485829593e-09,2.1600073978333967e-06,0.9999978542327881
6092,3,2,2,2.414391246929881e-07,1.8765822460409254e-05,0.9999810457229614
6094,1,2,2,1.3321637197805103e-06,3.0583480111090466e-05,0.9999680519104004
6095,2,1,1,0.04851530119776726,0.9363460540771484,0.015138722024857998
6096,0,2,2,3.6741516851179767e-06,0.0003163325891364366,0.9996800422668457
6097,2,2,2,7.481540933440556e-07,4.339593033364508e-06,0.9999949932098389
6098,1,2,2,0.031577158719301224,0.00033963684109039605,0.9680831432342529
6100,0,2,2,6.412743914552266e-06,0.0003819810226559639,0.9996115565299988
6101,0,2,2,0.11934014409780502,0.034912873059511185,0.8457469344139099
6102,3,0,1,0.03433823212981224,0.9587896466255188,0.0068720486015081406
6103,0,0,0,0.7744329571723938,0.11243906617164612,0.1131279394030571
6104,2,1,1,0.0005166015471331775,0.999441921710968,4.151055691181682e-05
6106,3,0,0,0.8282203078269958,0.03950106352567673,0.13227854669094086
6107,0,0,0,0.6609973311424255,0.010227597318589687,0.3287750482559204
6108,4,0,0,0.9530821442604065,0.016467295587062836,0.030450500547885895
6109,4,0,0,0.5343494415283203,0.38035914301872253,0.08529143780469894
6110,4,0,1,0.2987108826637268,0.5400146842002869,0.16127441823482513
6112,0,2,2,2.961908649012912e-06,2.207237457696465e-06,0.9999947547912598
6113,3,2,2,8.377053018193692e-05,0.11572775989770889,0.8841884732246399
6114,4,2,2,0.00023119563411455601,0.0004309116047807038,0.9993378520011902
6115,0,0,0,0.6911818385124207,0.10247516632080078,0.20634298026561737
6116,0,2,0,0.8178371787071228,0.10934632271528244,0.07281656563282013
6117,4,2,2,9.342220437247306e-07,2.0739137198688695e-06,0.9999970197677612
6118,1,2,2,0.1194821372628212,0.16955673694610596,0.710961103439331
6119,4,2,2,9.081733878701925e-06,1.588970553711988e-05,0.9999750852584839
6120,3,0,0,0.7562507390975952,0.09448380023241043,0.14926543831825256
6121,2,0,0,0.8311843276023865,0.14201641082763672,0.026799246668815613
6122,4,0,0,0.8039303421974182,0.05599728971719742,0.14007242023944855
6123,1,2,0,0.7686640620231628,0.019831929355859756,0.2115040421485901
6124,1,2,0,0.45088547468185425,0.35846441984176636,0.190650075674057
6125,2,0,0,0.8915469646453857,0.018794620409607887,0.08965852111577988
6127,0,0,0,0.7768158316612244,0.16213840246200562,0.061045825481414795
6129,4,2,0,0.8750849366188049,0.03235743194818497,0.09255757927894592
6130,3,1,1,0.006428707856684923,0.9935038685798645,6.747122824890539e-05
6131,4,0,2,0.20314136147499084,0.009548424743115902,0.7873102426528931
6133,3,2,0,0.5391221046447754,0.2637825012207031,0.19709542393684387
6134,4,2,2,3.669056241051294e-06,7.917730613371532e-07,0.9999954700469971
6135,1,0,0,0.7381596565246582,0.05665796995162964,0.20518232882022858
6136,4,1,1,4.556900421448518e-06,0.9999439716339111,5.1526425522752106e-05
6137,4,1,2,0.018462812528014183,0.21197329461574554,0.7695638537406921
6139,2,1,2,0.12839260697364807,0.001161433756351471,0.870445966720581
6140,1,2,1,0.037043455988168716,0.9561815857887268,0.006774906534701586
6141,3,2,2,1.3351544112083502e-05,0.0005601763259619474,0.9994264841079712
6143,1,2,0,0.7085076570510864,0.06647871434688568,0.22501367330551147
6145,3,2,2,7.835181463633489e-07,5.524143489310518e-07,0.9999985694885254
6146,2,2,2,2.454253035466536e-06,1.9167673599440604e-05,0.9999783039093018
6147,4,1,1,3.250099780416349e-06,0.9999940395355225,2.6950749543175334e-06
6148,2,2,2,1.6525037835890544e-06,3.725834903889336e-05,0.9999610185623169
6149,4,2,2,1.5543111658189446e-05,3.155662852805108e-05,0.9999529123306274
6150,2,1,1,6.0002683312632143e-05,0.9999394416809082,5.998642791382736e-07
6151,2,0,1,0.4074620306491852,0.535158097743988,0.057379867881536484
6152,4,2,2,2.4813447453198023e-05,0.00013528038107324392,0.9998399019241333
6153,3,0,0,0.5359988212585449,0.43722715973854065,0.02677404321730137
6154,2,1,1,0.00048536068061366677,0.9995130300521851,1.6046859627749654e-06
6157,3,2,2,0.0013506932882592082,0.0006992051494307816,0.9979501366615295
6158,3,1,1,7.135155328796827e-07,0.9999992847442627,4.198381731157497e-08
6159,4,2,2,5.5490485095788245e-08,1.1597473530855495e-05,0.9999884366989136
6160,2,2,2,3.416084526364216e-09,6.945809332137287e-07,0.9999992847442627
6161,3,0,0,0.48127031326293945,0.06315436959266663,0.45557528734207153
6162,4,2,1,0.23824138939380646,0.5277143120765686,0.23404434323310852
6163,3,2,0,0.4485386312007904,0.16027484834194183,0.39118650555610657
6164,1,1,1,6.0141068388475105e-05,0.9999333620071411,6.4513119468756486e-06
6165,0,2,2,1.4808703099333798e-06,1.815366886148695e-05,0.9999804496765137
6166,1,0,2,6.962259794818237e-05,0.0048368461430072784,0.995093584060669
6167,1,2,2,4.766146048496012e-06,4.2695273805293255e-06,0.9999909400939941
6168,3,0,0,0.5667511820793152,0.07798593491315842,0.3552629351615906
6169,1,2,1,0.06093437597155571,0.6248908638954163,0.3141747713088989
6171,3,1,0,0.8102520704269409,0.08740582317113876,0.10234203189611435
6172,1,2,2,1.8848505760615808e-06,0.0001224847510457039,0.999875545501709
6173,1,0,2,0.005523961037397385,0.45090189576148987,0.5435740947723389
6174,0,2,2,1.7698967269552668e-07,1.748217073327396e-06,0.9999980926513672
6175,2,2,2,1.3440035218081903e-05,1.7838874555309303e-05,0.9999686479568481
6176,4,2,2,6.776067311875522e-05,0.0004072377341799438,0.9995249509811401
6177,0,1,1,0.03426846116781235,0.9419752359390259,0.02375628612935543
6179,1,2,2,1.0597995242278557e-05,0.00042636183206923306,0.9995630383491516
6180,4,2,2,3.990245022578165e-05,8.368539965886157e-06,0.9999517202377319
6182,1,2,2,5.628908911603503e-05,7.197506783995777e-05,0.9998717308044434
6183,4,2,2,3.7976882595103234e-05,1.281463755731238e-05,0.9999490976333618
6184,4,2,2,0.48713788390159607,0.016052735969424248,0.4968094229698181
6185,2,0,2,0.010358994826674461,0.0004088102141395211,0.9892321825027466
6186,1,2,2,0.013560929335653782,0.00600074790418148,0.9804383516311646
6187,4,1,0,0.5767510533332825,0.12472796440124512,0.29852095246315
6188,1,0,0,0.6691266298294067,0.07181964069604874,0.25905370712280273
6189,0,2,2,0.18821381032466888,0.032275326550006866,0.7795108556747437
6190,1,2,2,6.300046152318828e-06,0.0002339794737054035,0.9997597336769104
6191,0,0,2,0.4390285611152649,0.09368101507425308,0.4672904312610626
6192,3,2,2,0.00013942069199401885,0.00011721134796971455,0.9997434020042419
6193,2,1,1,0.0003279801458120346,0.999647855758667,2.4117232896969654e-05
6194,4,2,2,0.10151278227567673,0.025032689794898033,0.8734545111656189
6195,1,2,2,2.4068975108093582e-05,0.00010045069211628288,0.9998754262924194
6196,3,2,2,0.00013942069199401885,0.00011721134796971455,0.9997434020042419
6197,4,2,2,0.0012456726981326938,0.0039048653561621904,0.9948493838310242
6198,2,1,1,2.6783776775118895e-05,0.9999680519104004,5.204491571930703e-06
6200,0,2,2,1.8626700182267086e-07,2.0252980448276503e-07,0.9999995231628418
6201,0,1,1,6.5986159825115465e-06,0.9999916553497314,1.759401811796124e-06
6202,0,2,2,1.4749311958439648e-06,7.315518359973794e-07,0.9999978542327881
6204,3,2,2,9.936657988873776e-06,7.676242603338324e-06,0.999982476234436
6205,0,2,2,5.867991035302111e-07,4.151916073169559e-05,0.9999579191207886
6206,4,2,2,0.006114967633038759,0.001103512360714376,0.9927815794944763
6208,2,2,0,0.5906165838241577,0.3322339951992035,0.0771494209766388
6210,1,2,2,0.00010448051034472883,1.321952458965825e-05,0.9998822212219238
6211,4,2,0,0.5495010018348694,0.016599340364336967,0.43389973044395447
6212,1,2,0,0.6367186307907104,0.00817060936242342,0.355110764503479
6213,0,2,2,2.3188620161818108e-06,0.00017320006736554205,0.999824583530426
6214,4,2,2,2.997968749696156e-06,1.0028839824371971e-05,0.999987006187439
6216,3,2,0,0.5937540531158447,0.07181335985660553,0.3344326317310333
6218,0,1,0,0.4329984486103058,0.39964157342910767,0.16735994815826416
6220,1,2,2,2.729228071984835e-05,2.3644379325560294e-05,0.9999490976333618
6221,0,2,2,5.808004175378301e-07,5.9149253502255306e-05,0.9999402761459351
6222,4,2,2,4.799281668965705e-05,8.67226901846152e-07,0.9999511241912842
6223,0,1,1,0.00021249086421448737,0.9997835755348206,3.8916496123420075e-06
6224,4,2,2,0.0037502525374293327,0.0010474370792508125,0.9952023029327393
6225,1,2,2,5.887448423891328e-06,1.752513890096452e-05,0.999976634979248
6226,0,2,0,0.6036564707756042,0.1647765189409256,0.23156699538230896
6227,4,2,0,0.7356853485107422,0.005788796115666628,0.25852587819099426
6228,0,2,0,0.7210030555725098,0.18378224968910217,0.09521465748548508
6229,2,1,1,3.3086758776335046e-05,0.9999659061431885,1.0021518619396375e-06
6230,1,1,1,0.0006323762936517596,0.9991639852523804,0.0002036283112829551
6231,1,1,1,0.022452455013990402,0.9724792838096619,0.0050682551227509975
6234,0,1,1,4.033221102872631e-06,0.9999942779541016,1.7427304328521132e-06
6235,3,0,0,0.8162568807601929,0.13776201009750366,0.045981161296367645
6236,4,1,1,1.1880902093253098e-06,0.9999945163726807,4.35183392255567e-06
6237,0,2,2,8.691662515047938e-06,1.3206753237682278e-06,0.9999899864196777
6240,4,1,1,3.7306569993234007e-06,0.9999961853027344,8.266135154144649e-08
6241,1,1,1,5.747826071456075e-05,0.9999409914016724,1.5563563238174538e-06
6242,2,2,2,7.863689461373724e-06,0.00024469729396514595,0.9997474551200867
6243,1,2,0,0.6314637064933777,0.04293543100357056,0.32560083270072937
6244,4,1,1,5.661319733007986e-07,0.999998927116394,4.546907632629882e-07
6245,2,2,2,4.809661504623364e-07,8.875767889549024e-06,0.999990701675415
6246,3,2,2,8.078452083282173e-06,0.00043287669541314244,0.9995589852333069
6247,0,0,0,0.9597265720367432,0.001790434354916215,0.038482967764139175
6248,2,2,2,0.00029306329088285565,0.0011551895877346396,0.9985517859458923
6249,2,0,0,0.9731684327125549,0.009929640218615532,0.016901949420571327
6250,1,0,0,0.8323355317115784,0.006203832570463419,0.16146057844161987
6251,1,2,2,2.5460492452111794e-06,0.00010007949458668008,0.9998973608016968
6252,3,1,1,0.00011072777851950377,0.9998700618743896,1.9137618437525816e-05
6253,3,0,0,0.7956173419952393,0.147468701004982,0.056914009153842926
6254,4,1,1,4.439073677531269e-07,0.9999974966049194,2.047255975412554e-06
6256,3,2,2,8.534419748684741e-07,1.9962290025432594e-05,0.9999792575836182
6257,3,1,1,5.424794267128163e-07,0.9999988079071045,6.036295303601946e-07
6258,4,2,2,7.371453421001206e-07,2.5305565941380337e-05,0.9999740123748779
6259,4,1,1,2.393287331869942e-06,0.9999932050704956,4.373905085230945e-06
6261,3,1,1,1.9806813966738446e-08,1.0,2.8568852172838888e-08
6262,4,2,2,1.3882945495424792e-05,5.165026959730312e-05,0.9999345541000366
6263,4,0,2,0.23245769739151,0.010837920010089874,0.7567043900489807
6265,0,1,1,4.942363011650741e-05,0.9999485015869141,2.0469196897465736e-06
6266,2,1,1,3.363279347468051e-06,0.9999926090240479,4.043069566250779e-06
6267,3,1,1,1.6956799697709357e-07,0.9999997615814209,5.014696569105581e-08
6268,3,1,1,2.6139414330828004e-06,0.9999972581863403,1.7180609290790017e-07
6269,2,2,2,0.0012470356887206435,0.0007713425438851118,0.9979815483093262
6270,3,0,0,0.9280722141265869,0.00314342207275331,0.06878431886434555
6271,2,2,2,0.0006660989602096379,8.669388626003638e-05,0.9992471933364868
6273,4,0,0,0.898121178150177,0.034335069358348846,0.06754365563392639
6274,0,0,0,0.9241576790809631,0.036763641983270645,0.03907860815525055
6275,3,2,2,0.026522347703576088,0.0058502028696238995,0.9676274061203003
6276,3,1,1,2.1486650325641676e-07,0.9999996423721313,1.4694812477955566e-07
6277,2,1,0,0.919019341468811,0.05798330157995224,0.02299737185239792
6279,3,2,2,0.00371420755982399,0.001603798707947135,0.9946818947792053
6280,3,1,1,1.3833479250990877e-08,0.9996339082717896,0.000366063613910228
6281,3,0,0,0.5565168857574463,0.00253129075281322,0.44095179438591003
6282,3,1,1,0.00010495397873455659,0.9998422861099243,5.2782179409405217e-05
6283,2,1,1,3.121836925856769e-06,0.9999921321868896,4.720396191260079e-06
6284,0,1,1,1.6157021036633523e-06,0.9999980926513672,2.7457542728370754e-07
6285,4,2,2,4.693474764394523e-08,2.4405655494774692e-05,0.9999755620956421
6286,0,2,2,1.6185913409572095e-07,3.418055712245405e-05,0.9999656677246094
6287,1,1,1,5.617558599624317e-06,0.9999938011169434,6.123906928223732e-07
6288,1,2,2,0.31480759382247925,0.01256237830966711,0.6726300120353699
6289,2,1,1,8.188996616809163e-06,0.9999902248382568,1.6311713579852949e-06
6290,1,0,0,0.5980246663093567,0.12122762948274612,0.2807476818561554
6291,3,0,0,0.8782436847686768,0.022708317264914513,0.09904804080724716
6292,3,2,2,3.869555200708419e-07,5.024963684263639e-06,0.9999946355819702
6293,2,1,1,5.6033945838862564e-06,0.9999926090240479,1.778177988853713e-06
6294,3,2,2,1.070848429662874e-05,0.06706146150827408,0.9329278469085693
6295,2,2,2,0.00020081928232684731,1.823728598537855e-05,0.9997809529304504
6296,3,2,0,0.5103957653045654,0.017659399658441544,0.47194480895996094
6297,3,2,2,6.0129823395982385e-05,1.5245638678607065e-05,0.9999246597290039
6298,3,2,2,2.925735680037178e-05,3.0736391636310145e-05,0.999940037727356
6299,3,2,2,9.672000942373415e-07,6.221708872544696e-07,0.9999984502792358
6301,3,2,2,2.685764911802835e-06,8.673902630107477e-05,0.9999104738235474
6302,3,0,0,0.9666972160339355,0.015516462735831738,0.01778622344136238
6303,3,0,1,0.25671491026878357,0.7362529039382935,0.0070321206003427505
6304,0,2,2,2.794647402382111e-09,3.227366732971859e-06,0.9999967813491821
6305,0,1,1,0.11504550278186798,0.8373436331748962,0.04761090502142906
6306,4,1,1,6.847711233604059e-07,0.9999992847442627,4.6922348673206216e-08
6309,3,2,2,6.795120043534553e-06,1.8450366042088717e-05,0.9999747276306152
6310,0,0,1,0.01691722497344017,0.9823130965232849,0.0007696867105551064
6311,3,2,2,5.509393190550327e-07,4.213771717331838e-06,0.999995231628418
6313,2,2,2,6.717877113260329e-06,0.00015483408060390502,0.9998384714126587
6314,4,2,2,1.2379204861190374e-07,1.0820199349836912e-05,0.9999890327453613
6315,1,2,2,2.069318497888162e-06,0.002603926695883274,0.9973940849304199
6316,2,1,1,1.2665309441217687e-06,0.9999985694885254,1.2981935526568122e-07
6317,1,2,2,1.82752927457841e-07,1.4832324268354569e-05,0.9999849796295166
6318,0,0,0,0.9136039018630981,0.021465199068188667,0.06493082642555237
6319,1,1,1,5.65653208468575e-05,0.9999338388442993,9.583762221154757e-06
6320,2,2,2,4.113906470593065e-06,0.0002028982707997784,0.9997929930686951
6322,0,1,1,0.1159963607788086,0.8827892541885376,0.001214329618960619
6323,0,1,1,1.1520289717736887e-06,0.9999986886978149,1.9995107436443504e-07
6324,0,0,1,0.1922995150089264,0.8012791872024536,0.006421252153813839
6326,3,1,1,0.00019496884488034993,0.9996857643127441,0.00011926984007004648
6327,0,2,0,0.6641245484352112,0.09665802866220474,0.23921746015548706
6328,0,2,2,1.2108992697434928e-09,2.5110574597420054e-07,0.9999997615814209
6329,3,2,2,5.20696914918517e-07,1.0069335985463113e-05,0.9999895095825195
6330,0,2,2,0.01569690927863121,0.002358795376494527,0.9819443225860596
6331,1,1,1,4.46238336735405e-05,0.9995957016944885,0.00035964976996183395
6332,0,2,2,6.895220963087922e-07,7.725471368758008e-05,0.9999220371246338
6333,2,1,1,0.0006911188247613609,0.9991501569747925,0.00015871503273956478
6334,0,1,1,3.1639705412089825e-05,0.9999386072158813,2.9802826247760095e-05
6336,0,2,2,1.2579384645050595e-08,4.2010037759609986e-07,0.9999995231628418
6337,2,2,2,3.559730146207585e-07,2.742368906183401e-06,0.9999969005584717
6339,2,2,2,2.3951889716045116e-07,1.3938422853243537e-05,0.9999858140945435
6340,4,1,0,0.8262209296226501,0.07938818633556366,0.09439082443714142
6341,1,1,0,0.8903434872627258,0.09508952498435974,0.014567060396075249
6342,0,1,1,9.012527880258858e-05,0.9998914003372192,1.8426864698994905e-05
6343,3,2,2,2.2387327192063822e-07,6.831618975411402e-06,0.9999929666519165
6344,1,1,1,0.0005172200035303831,0.9994032382965088,7.948795973788947e-05
6346,2,1,1,4.7613414722036396e-07,0.9999995231628418,5.652493939578562e-08
6347,0,1,1,0.4398273229598999,0.5128644108772278,0.04730828478932381
6349,1,0,0,0.7250909805297852,0.06903001666069031,0.20587901771068573
6351,4,2,2,3.362472398293903e-07,1.9427954612183385e-05,0.9999802112579346
6352,0,0,0,0.7842391729354858,0.04313275218009949,0.17262805998325348
6353,2,1,2,0.01580328680574894,0.353356271982193,0.6308404803276062
6354,4,1,1,0.013486173003911972,0.9853065013885498,0.0012073327088728547
6355,1,1,1,6.511469052838947e-08,0.9999996423721313,3.3528706921970297e-07
6356,1,0,0,0.8241087794303894,0.1218421682715416,0.054049041122198105
6358,1,2,2,1.4643794656876707e-06,0.013495516031980515,0.9865031242370605
6359,4,2,2,6.090527335800289e-07,4.105902917217463e-05,0.9999583959579468
6360,1,0,0,0.8772035241127014,0.06105497479438782,0.06174144893884659
6361,2,1,1,1.7789509001886472e-05,0.9999803304672241,1.937314436872839e-06
6362,3,0,0,0.9146640300750732,0.038682080805301666,0.04665384441614151
6363,2,2,2,3.36173457071709e-06,8.265718633992947e-07,0.9999958276748657
6364,0,0,0,0.8220254778862,0.01274107675999403,0.16523346304893494
6365,1,1,1,0.0074208518490195274,0.9913544058799744,0.001224755309522152
6367,1,0,0,0.9377182722091675,0.039914414286613464,0.022367317229509354
6368,3,2,2,6.643719530075032e-08,4.3801342144433875e-06,0.9999954700469971
6369,0,2,2,1.9794651251459072e-08,2.6697185603552498e-05,0.9999732971191406
6370,3,1,1,3.836528605916101e-07,0.9999994039535522,1.5370905259715073e-07
6371,1,2,2,1.9653993149404414e-05,0.005702468566596508,0.994277834892273
6372,1,2,2,0.00011236334830755368,0.0006053506513126194,0.9992823004722595
6373,1,1,1,0.001349934609606862,0.9985417127609253,0.00010841093171620741
6374,1,1,1,0.00013047947140876204,0.9998629093170166,6.645722805842524e-06
6375,0,1,1,0.024559564888477325,0.9749173521995544,0.0005231348914094269
6376,4,1,1,0.0007508808630518615,0.9917712807655334,0.007477765902876854
6377,0,2,2,9.355073416372761e-06,1.7434527762816288e-05,0.9999732971191406
6378,0,0,0,0.4692769944667816,0.436441570520401,0.09428147971630096
6379,4,2,2,2.1290900065196183e-07,8.370720024686307e-05,0.9999160766601562
6380,1,2,2,3.231182006402378e-07,7.2998227551579475e-06,0.9999923706054688
6381,1,2,2,1.8238147276861127e-06,5.513731230166741e-05,0.9999430179595947
6382,4,0,0,0.8528919816017151,0.08300597965717316,0.06410203874111176
6383,4,0,0,0.9004219174385071,0.02531852200627327,0.07425955682992935
6384,2,1,1,1.3779908840660937e-06,0.9999985694885254,6.698530796711566e-08
6385,3,2,0,0.4964613914489746,0.03173739090561867,0.4718012511730194
6387,1,0,1,0.26377400755882263,0.4514380693435669,0.2847878932952881
6388,2,0,0,0.685227632522583,0.025572694838047028,0.2891996502876282
6390,1,0,0,0.6400742530822754,0.20326438546180725,0.15666142106056213
6392,2,1,2,2.689692882995587e-05,1.1074137546529528e-05,0.9999619722366333
6393,2,2,0,0.7191713452339172,0.24547502398490906,0.03535359352827072
6394,1,1,0,0.7465963363647461,0.211216002702713,0.042187683284282684
6396,3,0,0,0.7429637312889099,0.13766123354434967,0.1193750649690628
6397,3,0,0,0.9843823313713074,0.0034343264997005463,0.012183329090476036
6398,2,0,0,0.8062132000923157,0.11961942166090012,0.07416742295026779
6399,0,1,1,1.829116627050098e-05,0.9999796152114868,2.1274238406476798e-06
6400,3,2,0,0.758206844329834,0.01492355391383171,0.22686967253684998
6402,1,1,1,0.006007826887071133,0.9896767735481262,0.0043154205195605755
6403,4,1,0,0.8976474404335022,0.007878844626247883,0.09447360038757324
6404,1,0,0,0.8673434853553772,0.053918201476335526,0.07873828709125519
6407,0,2,2,1.47318999665913e-07,5.966706794424681e-06,0.9999939203262329
6409,3,1,1,1.729788345983252e-05,0.9999784231185913,4.267446456651669e-06
6410,0,1,0,0.4609469771385193,0.45889580249786377,0.08015723526477814
6411,4,2,2,0.0005196199053898454,0.0020935970824211836,0.9973868727684021
6412,4,2,2,0.00040372120565734804,0.0010505149839445949,0.99854576587677
6413,4,2,2,2.10787129617529e-06,7.4698605203593615e-06,0.9999903440475464
6414,4,1,1,0.0003970023535657674,0.9994502663612366,0.00015278038335964084
6415,0,2,2,0.00010115261102328077,0.00017821368237491697,0.9997206330299377
6416,3,1,1,0.00037092759157530963,0.9996101260185242,1.9017290469491854e-05
6417,3,1,1,0.050715260207653046,0.9139596819877625,0.03532510995864868
6418,3,1,1,3.7177424019319005e-06,0.9999959468841553,3.346274297655327e-07
6419,0,2,2,0.0005946296732872725,0.002422100631520152,0.9969832301139832
6420,2,1,1,2.1864720110897906e-05,0.9999755620956421,2.535687599447556e-06
6422,3,2,2,9.04530406842241e-06,0.0003731506585609168,0.9996178150177002
6423,0,2,2,3.384229785297066e-07,1.7441436284570955e-05,0.9999822378158569
6424,3,1,1,0.00017008530267048627,0.9998210072517395,8.898847227101214e-06
6425,2,1,1,7.77961304265773e-06,0.9999921321868896,1.1300835467409343e-07
6426,3,2,2,2.4055952962953597e-05,0.0002849049342330545,0.9996910095214844
6427,4,2,2,0.0035266627091914415,2.284684705955442e-05,0.9964505434036255
6428,4,2,2,0.0006732139736413956,0.021972300484776497,0.9773544669151306
6429,2,2,2,7.211120191641385e-06,9.065673657460138e-05,0.9999021291732788
6431,4,2,2,5.001049430575222e-05,0.0008453328046016395,0.9991045594215393
6432,3,2,2,0.00073288130806759,0.0029928074218332767,0.9962743520736694
6433,2,2,2,0.07876630127429962,0.00029373972211033106,0.9209399223327637
6434,1,2,2,1.9968440028605983e-05,0.0001428939722245559,0.9998370409011841
6435,2,1,1,0.3165898025035858,0.5979901552200317,0.08542004227638245
6436,0,1,1,4.6752738853683695e-05,0.9999508857727051,2.3572790723846992e-06
6437,1,1,1,0.031898338347673416,0.9644792079925537,0.0036225097719579935
6438,4,2,2,0.0018830152694135904,1.5915018593659624e-05,0.9981010556221008
6439,4,1,1,0.00019812010577879846,0.9997052550315857,9.660207433626056e-05
6442,1,1,1,0.004238578490912914,0.995680570602417,8.080941188381985e-05
6443,1,1,1,0.00015333657211158425,0.9997690320014954,7.767992065055296e-05
6444,3,1,1,7.534327596658841e-05,0.9999179840087891,6.706229669362074e-06
6445,2,1,1,0.2750171422958374,0.5901552438735962,0.13482767343521118
6446,0,2,2,1.146583983313576e-07,3.674591062008403e-05,0.9999631643295288
6447,2,1,1,0.000164966651936993,0.99982088804245,1.4117916180111933e-05
6448,4,1,1,0.000190084392670542,0.9997618794441223,4.798794543603435e-05
6449,3,1,1,6.1089976952644065e-06,0.9999932050704956,6.85877409978275e-07
6450,3,0,0,0.8793968558311462,0.027353841811418533,0.09324928373098373
6451,4,0,0,0.7699514031410217,0.04947037622332573,0.18057826161384583
6452,3,1,1,0.025174710899591446,0.951064944267273,0.02376028150320053
6453,2,0,0,0.9029814004898071,0.039075545966625214,0.05794302374124527
6454,0,1,1,0.0006097946316003799,0.9993829727172852,7.216227459139191e-06
6455,1,0,0,0.916092038154602,0.01629115827381611,0.06761690229177475
6456,3,1,1,0.028548283502459526,0.9693053364753723,0.002146392595022917
6457,2,2,2,0.0008066562586463988,0.002095034345984459,0.9970983266830444
6458,4,2,2,3.0424595024669543e-05,2.0374764062580653e-05,0.9999492168426514
6459,1,1,1,5.5401767895091325e-05,0.9999403953552246,4.236414497427177e-06
6461,4,0,0,0.8594775795936584,0.022014504298567772,0.11850786954164505
6462,4,2,2,1.855863956734538e-05,0.00013395010319072753,0.999847412109375
6463,0,1,1,0.0076894876547157764,0.9919112324714661,0.0003993368591181934
6464,3,1,1,1.631550730962772e-06,0.9999977350234985,6.044867291166156e-07
6465,4,1,1,2.0881029740849044e-06,0.9999977350234985,1.6837695682170306e-07
6466,3,2,2,2.0967050318176916e-09,1.4936580328139826e-07,0.9999998807907104
6467,4,1,1,4.237086614011787e-06,0.9999951124191284,7.058363848955196e-07
6468,3,0,0,0.8928104639053345,0.005729117430746555,0.10146047919988632
6469,4,1,1,1.2678390703513287e-05,0.9999812841415405,6.025599304848583e-06
6470,1,1,0,0.48970839381217957,0.4875626862049103,0.022728880867362022
6471,0,2,0,0.781840443611145,0.08594874292612076,0.13221079111099243
6472,0,0,0,0.8896562457084656,0.0296916663646698,0.08065203577280045
6474,3,1,1,9.277040953747928e-05,0.9998830556869507,2.4200675397878513e-05
6476,0,1,1,0.3949238955974579,0.49488118290901184,0.11019492894411087
6477,2,1,1,5.9418034652480856e-06,0.9999903440475464,3.743686647794675e-06
6478,4,1,1,0.00012682353553827852,0.9998526573181152,2.0487555957515724e-05
6479,1,2,2,5.765612513641827e-06,1.1962599273829255e-05,0.9999823570251465
6480,3,1,1,1.3001187653571833e-05,0.999987006187439,2.259995923736824e-08
6481,0,0,0,0.9554086923599243,0.004248881712555885,0.04034233093261719
6482,2,2,2,5.638760558213107e-05,9.317283547716215e-05,0.9998503923416138
6483,3,1,1,3.522816768963821e-05,0.9999632835388184,1.478247213526629e-06
6484,0,2,2,5.522269566426985e-05,0.0003340747207403183,0.9996107220649719
6485,2,2,2,0.00016332822269760072,0.0017510815523564816,0.998085618019104
6487,4,2,2,1.1023321349057369e-05,2.9190823624958284e-06,0.9999861717224121
6488,0,1,1,2.8659345844062045e-05,0.9999699592590332,1.4084697568250704e-06
6489,1,2,2,0.000283179891994223,9.903121281240601e-06,0.9997069239616394
6491,0,2,2,4.6587843826273456e-05,3.5590852348832414e-05,0.99991774559021
6492,1,2,2,3.5522409689292544e-06,4.27171517003444e-06,0.9999921321868896
6493,3,2,2,1.4540634083459736e-06,2.2486549369205022e-06,0.9999963045120239
6494,2,2,2,1.1025362255168147e-05,1.9463909666228574e-06,0.9999871253967285
6496,0,1,1,1.8375052604824305e-05,0.9999691247940063,1.2484154467529152e-05
6498,1,0,0,0.703135073184967,0.11240321397781372,0.18446174263954163
6500,2,2,2,2.1906969777774066e-05,0.00024833777570165694,0.9997296929359436
6501,4,2,2,0.006240541581064463,0.01351669616997242,0.9802426695823669
6502,3,2,2,0.02235650084912777,0.0001862397912191227,0.9774572849273682
6503,2,1,1,0.00027695720200426877,0.9996376037597656,8.546683966415003e-05
6504,3,2,2,2.7571395548875444e-05,1.6419289750047028e-05,0.9999560117721558
6505,2,2,2,1.7555962585902307e-06,3.1767588097864063e-06,0.9999949932098389
6506,2,2,2,6.131665577413514e-05,8.940949192037806e-05,0.9998493194580078
6507,0,2,2,7.633270797668956e-06,1.4167995686875656e-05,0.9999781847000122
6508,1,2,2,0.0035321887116879225,0.04996736720204353,0.9465004205703735
6509,1,1,1,0.00029252711101435125,0.9996387958526611,6.86726561980322e-05
6510,2,1,1,0.0008481923723593354,0.9990218877792358,0.0001299014693358913
6511,4,1,1,0.001088227378204465,0.9985342025756836,0.0003775952209252864
6512,4,2,2,0.0034123281948268414,0.005968185607343912,0.990619421005249
6513,1,1,1,1.675286694080569e-05,0.9999717473983765,1.1521787200763356e-05
6514,3,1,1,1.5104923249964486e-06,0.9999983310699463,1.7180562394969456e-07
6515,2,2,2,0.00010484406811883673,0.0001172457923530601,0.9997778534889221
6516,2,2,2,0.0010819046292454004,0.000229253142606467,0.9986887574195862
6517,0,2,2,7.604935348126673e-08,1.4707080481457524e-05,0.9999852180480957
6518,2,1,1,4.6176035539247096e-05,0.9999473094940186,6.52999506201013e-06
6519,4,1,1,1.1201562301721424e-05,0.9999881982803345,5.995789820190112e-07
6520,0,1,1,1.857642018876504e-05,0.9999810457229614,3.8525388390553417e-07
6521,4,1,1,0.10979656130075455,0.8586475849151611,0.031555868685245514
6522,4,2,2,4.401397745823488e-06,0.0006074551492929459,0.9993880987167358
6523,3,1,1,3.7290706131898332e-06,0.9999961853027344,6.102394678464407e-08
6524,1,2,2,1.6350899159078836e-06,1.1004408406734001e-05,0.9999873638153076
6525,4,1,1,0.005412200000137091,0.9944151639938354,0.00017259418382309377
6526,2,1,0,0.6370643377304077,0.34947046637535095,0.013465171679854393
6527,0,1,1,0.1884688138961792,0.7843790650367737,0.02715209126472473
6529,4,2,2,2.773410415102262e-06,2.7619710181170376e-06,0.9999945163726807
6530,4,2,2,2.3645882265554974e-06,0.0076227677054703236,0.992374837398529
6531,2,0,0,0.6641298532485962,0.09021594375371933,0.24565424025058746
6532,1,1,1,0.056836485862731934,0.9235554337501526,0.01960809901356697
6533,0,0,0,0.8382334113121033,0.03642718866467476,0.1253393441438675
6534,4,2,2,1.6779007637524046e-05,0.008187873288989067,0.9917953610420227
6537,4,1,1,2.3517590364008356e-07,0.9999997615814209,1.6116342038685616e-08
6538,1,2,2,0.00021088708308525383,0.00021442778233904392,0.999574601650238
6539,1,0,0,0.8721051216125488,0.006745091639459133,0.12114979326725006
6540,1,1,1,1.9917858935514232e-06,0.9999973773956299,5.968255436528125e-07
6541,2,0,1,0.031273964792490005,0.9642707705497742,0.004455254878848791
6542,4,0,0,0.9123603701591492,0.013614309951663017,0.07402537018060684
6543,0,2,2,5.264987521513831e-07,2.8933103749295697e-05,0.999970555305481
6544,4,2,2,1.3300612408784218e-05,7.191723852884024e-05,0.9999147653579712
6545,0,1,1,0.0006150879198685288,0.9992302656173706,0.00015465653268620372
6546,4,2,2,2.0464472072490025e-06,0.00023076904471963644,0.9997672438621521
6547,1,2,2,3.790264599956572e-05,0.004182842094451189,0.995779275894165
6549,1,2,0,0.5801441073417664,0.06869197636842728,0.35116395354270935
6550,3,0,0,0.8237831592559814,0.16680774092674255,0.00940904300659895
6551,1,2,2,0.002264718757942319,0.009765757247805595,0.9879695177078247
6552,3,0,0,0.8171396851539612,0.007946939207613468,0.17491334676742554
6554,0,1,0,0.7098427414894104,0.08067771792411804,0.2094794511795044
6555,2,1,0,0.6720865368843079,0.042277973145246506,0.28563550114631653
6556,3,2,2,8.68077768245712e-06,4.0405517211183906e-05,0.9999508857727051
6557,0,2,2,7.860616460675374e-05,0.0005107690813019872,0.9994106292724609
6559,4,0,0,0.8746355175971985,0.09558987617492676,0.0297746229916811
6560,2,1,1,6.4041178120533004e-06,0.9999934434890747,1.742744757393666e-07
6561,1,0,0,0.771074116230011,0.05017632991075516,0.17874951660633087
6562,2,0,1,0.4304223954677582,0.4727913439273834,0.09678620100021362
6563,1,2,2,2.4330995074706152e-05,0.0030430397018790245,0.9969326257705688
6564,0,2,2,2.8870104085143566e-09,3.802631169946835e-07,0.9999996423721313
6565,2,1,1,1.188104420180025e-06,0.9999988079071045,3.698998440881951e-08
6566,3,1,1,8.911081386031583e-05,0.9998830556869507,2.785964352369774e-05
6567,0,2,2,1.0590753163342015e-06,3.282283796579577e-05,0.9999661445617676
6568,2,1,1,0.0011059733806177974,0.99872225522995,0.00017168863269034773
6569,4,2,2,8.544344382244162e-06,0.04361245781183243,0.9563790559768677
6571,2,1,1,0.002019398845732212,0.9977601766586304,0.00022036477457731962
6572,2,2,2,1.0406175761090708e-06,1.2096936643501977e-06,0.9999977350234985
6573,1,0,0,0.6160407662391663,0.03437561169266701,0.34958359599113464
6574,1,1,1,0.005343977827578783,0.9944913387298584,0.00016466464148834348
6575,3,2,2,3.2744994769018376e-06,1.074847205018159e-05,0.9999860525131226
6577,1,1,1,0.0039764526300132275,0.9953603148460388,0.0006632896838709712
6578,3,0,1,0.4187576472759247,0.5672016143798828,0.014040730893611908
6579,3,2,2,5.324574203768861e-07,9.341226359538268e-06,0.9999902248382568
6580,2,0,0,0.7933986783027649,0.13784337043762207,0.06875789165496826
6581,2,0,0,0.7816512584686279,0.04106336459517479,0.17728541791439056
6582,1,0,0,0.9477280378341675,0.019453803077340126,0.032818183302879333
6583,3,0,0,0.7524742484092712,0.16114991903305054,0.08637581765651703
6584,3,1,1,0.0005559594719670713,0.9993318915367126,0.00011211556557100266
6585,4,1,1,0.001864679274149239,0.9974862337112427,0.0006490816012956202
6586,3,2,0,0.8336541056632996,0.019830048084259033,0.1465158313512802
6588,0,1,1,8.089395851129666e-05,0.9998688697814941,5.021321339881979e-05
6589,0,0,0,0.8807899951934814,0.010356999933719635,0.10885293036699295
6590,2,1,1,2.743478489719564e-06,0.9999971389770508,1.2293328666146408e-07
6591,4,0,0,0.7765786051750183,0.014469189569354057,0.20895230770111084
6592,1,2,2,0.00010151872993446887,1.810006142477505e-05,0.999880313873291
6593,1,1,1,4.961340778208978e-07,0.9999988079071045,6.872824656056764e-07
6594,1,2,2,2.6634779715095647e-05,0.00031553886947222054,0.9996577501296997
6596,1,0,0,0.6344671249389648,0.010574673302471638,0.3549582362174988
6597,0,1,0,0.7897650599479675,0.10822158306837082,0.10201332718133926
6598,2,1,1,6.233607564354315e-06,0.9999927282333374,1.064576849785226e-06
6599,2,1,1,8.23269544980576e-07,0.9999990463256836,1.29767173007167e-07
6600,0,0,0,0.5814732909202576,0.38298118114471436,0.03554549813270569
6601,4,1,1,0.00037097162567079067,0.9993979930877686,0.0002309772535227239
6603,0,0,0,0.7496640682220459,0.03032362274825573,0.22001232206821442
6605,3,0,0,0.8951687812805176,0.004373831208795309,0.10045735538005829
6606,2,0,0,0.8488613963127136,0.05032205209136009,0.10081658512353897
6607,4,1,1,0.0006909305811859667,0.9991432428359985,0.00016583548858761787
6608,4,0,0,0.9656917452812195,0.00949225202202797,0.024815931916236877
6609,4,1,1,0.38827094435691833,0.5793717503547668,0.03235723450779915
6610,1,2,2,0.19662097096443176,0.12003272771835327,0.6833462715148926
6611,4,1,1,0.4796067774295807,0.4976225197315216,0.022770708426833153
6613,4,1,1,5.170158328837715e-05,0.9999395608901978,8.75345358508639e-06
6614,4,1,0,0.4985547959804535,0.44118791818618774,0.06025733798742294
6615,4,1,1,0.03803250566124916,0.9592499136924744,0.002717534778639674
6616,1,0,0,0.7499098777770996,0.039157215505838394,0.21093285083770752
6617,3,0,0,0.7051674723625183,0.010213825851678848,0.28461870551109314
6618,4,1,0,0.6901652216911316,0.09456686675548553,0.2152678668498993
6620,2,1,0,0.6733295321464539,0.11909635365009308,0.20757409930229187
6622,1,0,0,0.6805059909820557,0.30471524596214294,0.014778797514736652
6624,3,0,0,0.7132455110549927,0.24210457503795624,0.04464990645647049
6625,3,0,0,0.6619939804077148,0.15976619720458984,0.17823979258537292
6627,3,1,2,0.10954276472330093,0.09626273065805435,0.7941945195198059
6628,3,0,2,0.2787214517593384,0.1966475397348404,0.5246309638023376
6629,2,0,0,0.8067436218261719,0.033424269407987595,0.1598321795463562
6630,1,0,0,0.977033257484436,0.004648155998438597,0.01831858605146408
6633,4,1,1,0.00010724143066909164,0.9998633861541748,2.9392982469289564e-05
6635,4,1,1,0.3056982159614563,0.6483966112136841,0.045905210077762604
6637,2,0,0,0.7920487523078918,0.11106100678443909,0.09689028561115265
6639,0,1,0,0.841577410697937,0.09223995357751846,0.0661826878786087
6640,2,0,0,0.8604480028152466,0.07161269336938858,0.06793929636478424
6641,1,1,1,0.37728646397590637,0.5391656160354614,0.0835479274392128
6642,2,1,1,0.33194684982299805,0.49060535430908203,0.17744778096675873
6643,3,1,1,0.23841698467731476,0.7290096879005432,0.03257330507040024
6645,3,0,0,0.8077756762504578,0.049652475863695145,0.1425718516111374
6646,1,2,0,0.8862167596817017,0.026200400665402412,0.08758276700973511
6647,2,2,0,0.7892628908157349,0.00668339803814888,0.20405369997024536
6648,0,1,1,0.00019477719615679234,0.9997770190238953,2.816541018546559e-05
6650,1,2,0,0.5088706016540527,0.44058358669281006,0.05054578185081482
6651,1,1,1,1.408800244462327e-06,0.9999966621398926,1.950642399606295e-06
6652,2,1,1,6.200776260811836e-05,0.9999337196350098,4.3065524550911505e-06
6654,3,0,0,0.7527582049369812,0.06335347890853882,0.18388831615447998
6655,1,1,2,0.17064566910266876,0.2832382321357727,0.5461161136627197
6656,0,1,1,0.0012796979863196611,0.99835604429245,0.00036420210381038487
6657,1,2,0,0.7645280957221985,0.007325141225010157,0.22814683616161346
6658,1,1,1,0.17286740243434906,0.8210651278495789,0.006067523267120123
6659,4,1,1,2.3626775202956196e-07,0.9999997615814209,2.4909255103011674e-08
6660,2,0,0,0.829291820526123,0.016806738451123238,0.15390139818191528
6661,2,1,0,0.8273725509643555,0.03093905560672283,0.14168839156627655
6662,4,2,0,0.6736422181129456,0.3002839684486389,0.026073791086673737
6663,4,2,2,0.290854275226593,0.00818118266761303,0.7009645104408264
6664,0,0,0,0.73097163438797,0.13715887069702148,0.13186950981616974
6665,0,1,1,0.0010706721805036068,0.9987032413482666,0.0002260269975522533
6666,4,1,1,0.00026672452804632485,0.9995362758636475,0.00019702005374711007
6667,0,2,0,0.8385636806488037,0.08968542516231537,0.07175091654062271
6668,1,2,2,0.32990169525146484,0.004573192447423935,0.6655250787734985
6669,0,1,1,0.012668119743466377,0.9865348935127258,0.0007969064172357321
6670,3,0,0,0.8607962131500244,0.009125218726694584,0.1300785392522812
6672,2,2,0,0.7523092031478882,0.07522252202033997,0.17246828973293304
6673,2,1,2,1.4428091162699275e-05,0.003119947388768196,0.9968656897544861
6675,3,1,1,0.00041277927812188864,0.9995778203010559,9.406615390616935e-06
6676,4,0,0,0.9731176495552063,0.003802228718996048,0.023080017417669296
6677,0,1,1,6.354535344144097e-06,0.9999935626983643,1.1422041978903508e-07
6678,0,0,0,0.9041996002197266,0.008688589558005333,0.08711177855730057
6680,4,1,1,0.0037629161961376667,0.9954432249069214,0.0007938260678201914
6681,3,1,1,0.348264217376709,0.613799512386322,0.03793630376458168
6682,2,1,0,0.8713834285736084,0.02025236189365387,0.10836415737867355
6683,3,0,0,0.9150310158729553,0.05264851078391075,0.03232046216726303
6685,2,0,0,0.5671690702438354,0.40256956219673157,0.03026137873530388
6686,4,0,0,0.8413928747177124,0.14682188630104065,0.011785256676375866
6687,2,2,0,0.7128400802612305,0.06144889444112778,0.22571101784706116
6689,4,2,2,0.00388130359351635,0.00013039857731200755,0.9959883093833923
6691,2,1,0,0.4975694417953491,0.3926413655281067,0.1097891628742218
6692,1,0,0,0.8765547871589661,0.04794420301914215,0.07550103962421417
6693,3,0,0,0.8209612965583801,0.1328112781047821,0.04622739180922508
6695,0,2,2,0.47446274757385254,0.020237475633621216,0.5052998065948486
6696,3,0,0,0.8942705988883972,0.012218683958053589,0.09351075440645218
6698,0,0,0,0.9200791120529175,0.0118597112596035,0.06806115806102753
6699,0,2,0,0.817863941192627,0.07464879751205444,0.1074872612953186
6700,1,1,1,2.1305909285729285e-06,0.9999947547912598,3.059566097363131e-06
6701,2,1,1,0.3445433974266052,0.6285525560379028,0.026904067024588585
6703,0,1,1,0.09419345110654831,0.9031096696853638,0.002696896903216839
6704,4,2,2,0.46122199296951294,0.004442335572093725,0.5343356728553772
6708,0,0,0,0.5891743898391724,0.050436560064554214,0.36038899421691895
6709,1,1,1,4.418231469571765e-07,0.9999985694885254,1.0165881576540414e-06
6711,2,0,0,0.6215955018997192,0.28306519985198975,0.09533927589654922
6712,4,1,1,4.878126492258161e-05,0.999950647354126,5.743420956605405e-07
6713,0,0,0,0.9014121294021606,0.0323428250849247,0.06624502688646317
6714,2,0,0,0.6702038645744324,0.0993603989481926,0.23043571412563324
6715,4,0,0,0.9266706109046936,0.008616626262664795,0.0647127777338028
6716,0,0,0,0.7844793796539307,0.09107405692338943,0.12444660067558289
6717,0,1,1,8.76028661878081e-06,0.99998939037323,1.902014332699764e-06
6719,3,2,2,1.744478322507348e-05,0.0002605256740935147,0.9997220635414124
6720,4,1,1,0.07308480143547058,0.8985187411308289,0.0283964816480875
6721,3,1,1,0.017116382718086243,0.9820337891578674,0.0008498116512782872
6722,0,1,0,0.8277041912078857,0.10649161040782928,0.06580427289009094
6724,3,1,1,2.484018750692485e-06,0.9999972581863403,2.943450567727268e-07
6726,2,1,1,2.8184530265207286e-07,0.9999997615814209,9.513349219503198e-09
6727,1,2,2,1.0699873200792354e-05,1.2644956768781412e-05,0.999976634979248
6728,2,0,0,0.8738611340522766,0.044647783041000366,0.08149107545614243
6729,1,2,2,2.8491886041592807e-06,2.3627893824595958e-05,0.9999735355377197
6730,0,0,0,0.8184084296226501,0.0958157554268837,0.08577586710453033
6731,4,1,1,1.044831151375547e-05,0.9999887943267822,7.831018820070312e-07
6732,2,0,0,0.8428732752799988,0.04151928052306175,0.11560748517513275
6733,0,0,0,0.8685135841369629,0.07303721457719803,0.05844918638467789
6734,3,2,2,2.6797781174536794e-05,0.00011468945012893528,0.9998584985733032
6735,1,1,0,0.572551965713501,0.37373724579811096,0.05371072515845299
6736,2,1,1,7.520102371927351e-05,0.9998992681503296,2.5542416551616043e-05
6737,0,2,2,8.942749474272205e-08,2.0037803096784046e-06,0.9999978542327881
6738,0,2,2,1.2363112546154298e-05,0.00010658690734999254,0.9998810291290283
6739,0,0,0,0.686355471611023,0.015913132578134537,0.29773133993148804
6740,2,0,0,0.9020280241966248,0.02621816098690033,0.07175371795892715
6741,3,0,0,0.9486932754516602,0.01127883605659008,0.04002780839800835
6742,0,1,1,0.001024793484248221,0.9989070892333984,6.814747757744044e-05
6744,3,0,0,0.454872727394104,0.31766003370285034,0.22746729850769043
6745,0,1,1,1.1496408660605084e-06,0.9999988079071045,8.568239451278714e-08
6746,0,2,2,4.4234664528630674e-05,0.0009422794100828469,0.9990135431289673
6747,0,1,1,0.004526036791503429,0.9949479103088379,0.0005259756580926478
6749,2,1,1,5.692971171811223e-06,0.9999938011169434,4.97641337915411e-07
6751,4,1,1,0.0010250891791656613,0.9937629103660583,0.005211982410401106
6753,1,1,1,0.00021721189841628075,0.9997166991233826,6.604529335163534e-05
6754,1,2,0,0.8228642344474792,0.0713065043091774,0.10582929104566574
6758,4,0,0,0.9392907023429871,0.0013519737403839827,0.059357382357120514
6759,1,1,1,0.0004419609031174332,0.9994982481002808,5.972443977952935e-05
6761,4,0,0,0.9456038475036621,0.005536585580557585,0.048859525471925735
6763,3,1,1,1.5735851093268138e-06,0.9999979734420776,4.71956184355804e-07
6764,0,0,0,0.7447699308395386,0.1123516783118248,0.14287836849689484
6766,3,0,0,0.8148725628852844,0.02579990215599537,0.15932747721672058
6767,3,1,1,6.0615784605033696e-06,0.9999922513961792,1.6853227862156928e-06
6768,2,0,0,0.9621897339820862,0.016229305416345596,0.02158089354634285
6770,2,1,1,2.3967555762283155e-07,0.9999997615814209,4.7798938140886094e-08
6772,1,1,0,0.9152317643165588,0.06477958709001541,0.019988615065813065
6774,0,2,2,2.0693501312507578e-07,1.554408845549915e-05,0.9999842643737793
6775,0,1,1,3.652506620710483e-06,0.9999960660934448,2.544464052789408e-07
6776,3,1,1,3.3853341392386938e-06,0.9999961853027344,4.3046836140092637e-07
6777,4,2,2,5.137199536875414e-07,6.352415948640555e-05,0.9999359846115112
6779,4,0,0,0.7869081497192383,0.12484492361545563,0.08824693411588669
6780,4,1,1,5.420945399237098e-06,0.9999942779541016,2.4980312218758627e-07
6781,3,1,1,0.000442585616838187,0.9991971850395203,0.00036027003079652786
6782,4,1,1,1.5498575294259354e-06,0.9999984502792358,5.109608025577472e-08
6784,1,0,0,0.8247185945510864,0.015506218187510967,0.15977521240711212
6785,3,1,1,0.00027424163999967277,0.9996138215065002,0.0001119332664529793
6786,1,2,2,3.684416697069537e-06,0.0003187086258549243,0.9996776580810547
6788,4,1,1,1.949923216670868e-06,0.9999978542327881,2.4394424258389336e-07
6789,4,1,1,0.014729367569088936,0.9842897057533264,0.0009808725444599986
6790,1,1,1,1.8970422388520092e-06,0.9999945163726807,3.534818461048417e-06
6791,1,1,1,1.6701620779713267e-06,0.999997615814209,6.747343945789908e-07
6792,4,1,1,5.597471954388311e-06,0.9999936819076538,7.075971097947331e-07
6793,0,1,0,0.8982377052307129,0.034645285457372665,0.06711697578430176
6794,0,1,1,2.4119433419400593e-06,0.9999960660934448,1.5436967260029633e-06
6795,4,0,0,0.8330387473106384,0.07783092558383942,0.08913030475378036
6797,0,1,1,2.132303961843718e-06,0.9999973773956299,4.4840729174211447e-07
6798,1,0,0,0.8818472623825073,0.04087887331843376,0.0772738978266716
6799,2,1,1,5.726268227590481e-06,0.9999938011169434,5.042214183959004e-07
6800,2,2,2,3.1987362945073983e-06,5.4208321671467274e-06,0.9999914169311523
6801,0,0,0,0.8702977895736694,0.06784326583147049,0.06185893714427948
6802,2,2,2,0.00012109875387977809,2.1425283193821087e-05,0.9998574256896973
6805,3,0,0,0.8972272276878357,0.023103388026356697,0.07966939359903336
6806,1,0,0,0.8555431962013245,0.07728433609008789,0.06717246770858765
6807,2,0,0,0.891115665435791,0.02827673964202404,0.0806075930595398
6808,3,1,1,0.0006708516739308834,0.9991320967674255,0.00019708187028300017
6809,4,1,1,9.63059733294358e-07,0.999998927116394,7.957284253734542e-08
6810,1,1,0,0.9007570147514343,0.04453371837735176,0.05470934137701988
6811,1,0,0,0.893775463104248,0.0773630440235138,0.028861453756690025
6815,0,2,2,2.6146295567741618e-05,0.00014022925461176783,0.9998335838317871
6816,3,2,2,1.2631388017325662e-05,8.77104903338477e-05,0.9998996257781982
6817,3,0,0,0.9202157855033875,0.05091490224003792,0.028869252651929855
6818,4,1,0,0.6088950037956238,0.25848060846328735,0.13262435793876648
6819,1,0,0,0.6953175067901611,0.024871153756976128,0.27981138229370117
6820,0,0,0,0.9349598288536072,0.010355690494179726,0.05468455329537392
6821,0,0,1,0.2684943974018097,0.7221482396125793,0.009357376024127007
6822,3,1,1,5.235739990894217e-06,0.9999936819076538,1.0237730521112098e-06
6823,1,1,0,0.860205888748169,0.04761306941509247,0.09218108654022217
6824,4,0,0,0.7859216928482056,0.13060259819030762,0.08347569406032562
6826,3,1,1,5.5378252000082284e-05,0.9999420642852783,2.5077883947233204e-06
6828,4,2,0,0.8519002199172974,0.01744925044476986,0.13065049052238464
6829,0,0,0,0.8564555048942566,0.06890371441841125,0.07464078068733215
6830,4,0,0,0.8389049172401428,0.014522524550557137,0.14657248556613922
6831,3,1,1,6.605929229408503e-05,0.9998999834060669,3.396156171220355e-05
6832,4,1,1,8.25369806989329e-06,0.9999914169311523,3.262035477291647e-07
6835,4,2,2,2.7380852429814695e-07,1.4850390925857937e-06,0.9999983310699463
6836,3,1,1,8.39804852148518e-05,0.9998433589935303,7.260382699314505e-05
6838,1,2,1,0.00019247883756179363,0.9371334910392761,0.06267403066158295
6839,2,1,1,1.9896187950507738e-06,0.9999978542327881,1.7080864722629485e-07
6840,0,2,2,1.7184172307338486e-08,2.7519690775079653e-06,0.9999972581863403
6841,3,1,1,0.1880287230014801,0.7197650074958801,0.09220629185438156
6842,1,2,2,8.775541573413648e-06,9.063239303941373e-06,0.9999821186065674
6843,3,1,1,1.5049987496240647e-06,0.9999969005584717,1.6057522316259565e-06
6844,1,1,1,0.011389287188649178,0.9880234003067017,0.0005873438203707337
6845,1,2,2,5.224806045589503e-06,2.998334593939944e-06,0.999991774559021
6847,2,2,2,0.00013808792573399842,7.338811701629311e-05,0.9997884631156921
6849,4,2,2,1.0281726645189337e-05,0.00015153983258642256,0.9998382329940796
6850,2,2,2,0.028335686773061752,0.0017471940955147147,0.9699171781539917
6851,4,2,2,9.71178337749734e-07,5.306133516569389e-06,0.9999936819076538
6853,2,1,1,0.11212098598480225,0.8695849776268005,0.01829403266310692
6855,2,1,1,4.303435162000824e-06,0.9999954700469971,2.3109426194878324e-07
6856,2,2,2,0.00010310524521628395,1.3585286069428548e-05,0.9998832941055298
6857,3,0,0,0.5764565467834473,0.19450528919696808,0.22903822362422943
6858,1,0,0,0.642973780632019,0.09737163782119751,0.25965461134910583
6861,4,2,2,2.5646318135841284e-07,4.266786618245533e-06,0.9999954700469971
6862,2,2,2,1.217377393913921e-05,3.7482650441234e-06,0.9999841451644897
6863,0,2,2,2.3161142053140793e-06,0.0002871185715775937,0.9997106194496155
6865,2,2,2,9.874024544842541e-05,0.00012671062722802162,0.9997746348381042
6867,1,1,1,7.605581942016215e-08,0.9999997615814209,2.1593366739125486e-07
6868,3,1,2,9.225274880009238e-06,2.7449218578112777e-06,0.9999880790710449
6869,2,1,0,0.7012817859649658,0.1417231410741806,0.15699505805969238
6871,2,2,2,0.4420645534992218,0.028076818212866783,0.5298585891723633
6872,1,0,0,0.8244670629501343,0.002111634938046336,0.17342127859592438
6873,4,2,2,1.1717432244040538e-05,0.0003848248743452132,0.9996035695075989
6874,1,2,2,0.00012856801913585514,0.00041634964873082936,0.9994551539421082
6875,0,2,2,1.2599380170286167e-06,1.803233681130223e-05,0.9999806880950928
6877,2,2,2,1.0191562978434376e-05,2.7015437353838934e-06,0.9999871253967285
6878,4,2,2,5.5212247218605626e-08,1.1159334007970756e-06,0.999998927116394
6879,4,0,0,0.9602426886558533,0.0029500070959329605,0.03680737316608429
6881,3,0,0,0.6071853041648865,0.24496491253376007,0.14784973859786987
6882,4,2,2,1.644354057361852e-07,1.2908265034639044e-06,0.9999985694885254
6883,3,2,2,3.1536681035504444e-06,5.011115149500256e-07,0.9999964237213135
6884,1,0,0,0.7777388691902161,0.15278927981853485,0.0694718137383461
6885,0,0,0,0.8070491552352905,0.06084254011511803,0.13210825622081757
6888,0,2,2,4.317079856264172e-06,1.1149095371365547e-05,0.9999845027923584
6889,3,0,2,0.32683971524238586,0.0471239909529686,0.6260362863540649
6891,3,1,1,0.12615567445755005,0.8442956209182739,0.02954874560236931
6892,0,2,2,5.405181127571268e-06,1.4394460777111817e-05,0.9999802112579346
6894,0,2,2,3.03583043148592e-08,3.5777757148025557e-06,0.9999964237213135
6895,3,0,0,0.6229052543640137,0.2904638946056366,0.08663076907396317
6896,1,1,1,0.02892387844622135,0.8312289714813232,0.13984714448451996
6899,0,2,2,7.0727214733778965e-06,2.814398249029182e-05,0.9999648332595825
6900,4,0,0,0.9065932631492615,0.00410153903067112,0.08930521458387375
6901,0,0,0,0.8912347555160522,0.030703982338309288,0.07806137204170227
6902,1,0,0,0.8640552759170532,0.03985319659113884,0.09609157592058182
6903,0,0,0,0.7646543979644775,0.11151324212551117,0.12383241206407547
6904,3,0,0,0.6841330528259277,0.049690041691064835,0.26617687940597534
6905,0,2,0,0.8528063297271729,0.04544803127646446,0.10174573957920074
6906,2,1,0,0.7385926842689514,0.06953240185976028,0.1918749362230301
6909,3,1,1,0.056465357542037964,0.9398305416107178,0.003704075701534748
6910,1,0,0,0.565389096736908,0.1992015838623047,0.23540934920310974
6911,2,0,0,0.9283960461616516,0.018641216680407524,0.05296281352639198
6912,0,1,1,0.2839857041835785,0.7042561173439026,0.011758176609873772
6913,3,1,1,0.001768532209098339,0.9981040954589844,0.00012735059135593474
6914,3,1,1,2.607057467685081e-05,0.9999737739562988,1.7719547429351223e-07
6915,0,1,1,0.013928471133112907,0.9859289526939392,0.00014258598093874753
6916,2,0,2,0.24885311722755432,0.011756018735468388,0.7393908500671387
6917,4,1,1,0.0005041261320002377,0.9986017346382141,0.0008941300911828876
6918,3,0,2,0.4504920542240143,0.007032366935163736,0.5424755215644836
6919,3,0,0,0.9606342315673828,0.0020680446177721024,0.03729768469929695
6922,0,0,0,0.7667545676231384,0.11420261114835739,0.11904285103082657
6923,2,0,2,0.4642534554004669,0.012074237689375877,0.523672342300415
6924,3,0,1,0.005922236479818821,0.9935171604156494,0.000560620566830039
6925,0,1,0,0.7453380227088928,0.1549101024866104,0.09975185245275497
6926,3,1,0,0.519132137298584,0.44273287057876587,0.038135021924972534
6928,1,1,0,0.6032904982566833,0.2634212076663971,0.13328833878040314
6929,1,1,1,0.047523126006126404,0.9494256973266602,0.0030511280056089163
6931,2,2,0,0.7197348475456238,0.11918462067842484,0.16108055412769318
6932,0,2,0,0.8501634001731873,0.0281956996768713,0.12164100259542465
6933,3,1,1,0.04477894306182861,0.9540336728096008,0.0011874022893607616
6934,1,0,0,0.816696047782898,0.04024166613817215,0.1430622935295105
6935,0,0,0,0.8341040015220642,0.1287657469511032,0.0371301993727684
6936,1,0,1,0.20212450623512268,0.7744710445404053,0.023404475301504135
6937,2,0,0,0.9551628828048706,0.0227548535913229,0.022082265466451645
6938,4,0,0,0.8688509464263916,0.010651075281202793,0.12049803137779236
6939,0,0,0,0.8490191698074341,0.06422551721334457,0.08675531297922134
6940,2,1,1,0.3231407403945923,0.6288830637931824,0.047976233065128326
6941,1,0,0,0.8816118240356445,0.03684438765048981,0.08154384791851044
6943,2,0,0,0.6327903270721436,0.04290706664323807,0.32430264353752136
6944,4,0,0,0.8829044103622437,0.01914222538471222,0.0979534313082695
6945,0,2,0,0.8645046949386597,0.0058923461474478245,0.12960290908813477
6947,3,0,0,0.8671990633010864,0.071108378469944,0.06169254705309868
6948,1,0,1,0.47392919659614563,0.4973496198654175,0.028721196576952934
6950,2,0,0,0.8430100679397583,0.06634266674518585,0.09064728766679764
6951,1,1,1,0.0005037873634137213,0.9991200566291809,0.0003762061824090779
6953,3,0,0,0.7398890852928162,0.012090764008462429,0.24802014231681824
6954,1,2,2,0.008193197660148144,0.0038327404763549566,0.9879740476608276
6955,1,1,0,0.5233191847801208,0.13371245563030243,0.3429683744907379
6956,3,0,0,0.8012906312942505,0.028927301988005638,0.1697821021080017
6958,4,1,1,0.004734837915748358,0.9944766163825989,0.0007886134553700686
6959,0,0,1,0.303470253944397,0.5886779427528381,0.10785176604986191
6960,4,1,1,0.19927802681922913,0.7238091826438904,0.0769127830862999
6961,4,0,0,0.48977938294410706,0.023691751062870026,0.48652884364128113
6962,4,1,1,0.010070309042930603,0.9881693124771118,0.0017603870946913958
6963,0,1,1,0.03602402284741402,0.9606580138206482,0.003317993599921465
6964,2,1,0,0.5057277083396912,0.4393768012523651,0.05489550158381462
6966,2,2,0,0.7695114016532898,0.12880726158618927,0.10168136656284332
6967,3,0,0,0.7632647752761841,0.06876615434885025,0.1679690182209015
6968,0,0,0,0.8951901197433472,0.021494796499609947,0.08331505954265594
6969,0,0,0,0.708998441696167,0.1459992676973343,0.1450023502111435
6970,2,1,1,0.11979500204324722,0.8671165108680725,0.013088473118841648
6971,3,1,1,0.035083506256341934,0.9575052857398987,0.007411257829517126
6973,4,2,0,0.7192755937576294,0.09437214583158493,0.1863522082567215
6974,1,0,0,0.8966422080993652,0.06049772724509239,0.042860135436058044
6976,4,0,0,0.7978253960609436,0.03581973910331726,0.16635487973690033
6977,1,2,0,0.925821840763092,0.00401268107816577,0.07016544789075851
6978,3,1,0,0.6358510255813599,0.28459039330482483,0.07955850660800934
6980,3,2,0,0.806366503238678,0.0986248031258583,0.09500875324010849
6981,3,0,0,0.865847110748291,0.02165188081562519,0.1125010997056961
6982,0,1,1,1.6893141946638934e-05,0.9999827146530151,4.0609498341837025e-07
6983,0,0,0,0.7375163435935974,0.04784955084323883,0.21463413536548615
6985,2,2,0,0.5325121283531189,0.008051726967096329,0.4594361484050751
6986,4,1,1,0.0001215790252899751,0.9996100068092346,0.0002684366190806031
6987,3,0,0,0.9100807905197144,0.015684086829423904,0.07423514872789383
6988,2,1,1,1.3011831470066682e-06,0.9999979734420776,7.046425594126049e-07
6991,0,0,2,0.3071385324001312,0.05551767349243164,0.6373437643051147
6992,4,1,1,0.009007889777421951,0.9864206314086914,0.004571498371660709
6993,3,0,0,0.8845863938331604,0.014391697011888027,0.1010219156742096
6994,2,0,2,0.4362277686595917,0.014152878895401955,0.5496193766593933
6995,4,1,1,0.0001373442792100832,0.9998557567596436,6.862839654786512e-06
6996,1,0,0,0.8827998638153076,0.01820916309952736,0.09899107366800308
6998,0,0,0,0.8951832056045532,0.04979389160871506,0.05502292513847351
6999,2,0,0,0.825756311416626,0.06678087264299393,0.10746274888515472
7000,2,0,0,0.9019021391868591,0.027008790522813797,0.07108910381793976
7001,4,2,2,0.45382779836654663,0.013168382458388805,0.5330038070678711
7002,2,2,2,0.0005383322713896632,7.257774996105582e-05,0.9993890523910522
7003,3,0,0,0.9378988742828369,0.04771410673856735,0.014387060888111591
7007,2,2,2,0.0003308540617581457,4.954558335157344e-06,0.9996641874313354
7011,2,0,0,0.7189081311225891,0.0215451680123806,0.2595467269420624
7012,2,1,1,7.343867736153697e-08,0.9999998807907104,1.4587810959199032e-08
7013,1,1,2,0.00211435672827065,0.2393425554037094,0.758543074131012
7014,1,2,2,2.897471495089121e-05,3.196783654857427e-05,0.9999390840530396
7015,2,2,0,0.6627392172813416,0.010588280856609344,0.3266724646091461
7016,1,1,1,0.007731704507023096,0.9920375347137451,0.0002307387621840462
7017,1,0,0,0.5739591121673584,0.4051364064216614,0.0209044162184
7018,3,0,0,0.56903076171875,0.3861093819141388,0.0448598638176918
7019,0,0,2,0.41381096839904785,0.0683545395731926,0.517834484577179
7021,2,1,1,0.15496766567230225,0.791487455368042,0.05354492366313934
7022,2,2,2,0.0008961858693510294,0.00030190928373485804,0.9988018274307251
7023,2,2,2,0.1928350180387497,0.0003269398876000196,0.8068380355834961
7024,4,0,0,0.9716729521751404,0.003902912139892578,0.024424191564321518
7026,3,0,0,0.8059108257293701,0.007120118476450443,0.1869691163301468
7027,0,0,0,0.7686262726783752,0.16213007271289825,0.06924363970756531
7029,1,1,1,7.5876628216065e-06,0.9999363422393799,5.6072462029987946e-05
7030,2,0,0,0.7530884146690369,0.045040398836135864,0.20187121629714966
7031,1,0,0,0.8151252269744873,0.0573219433426857,0.1275528371334076
7032,0,0,0,0.9073320627212524,0.020967688411474228,0.07170023769140244
7033,4,0,2,0.23288828134536743,0.010526354424655437,0.7565852999687195
7034,1,2,2,1.7323102952104819e-07,1.8148232356907101e-06,0.9999980926513672
7036,3,0,0,0.710411548614502,0.16503137350082397,0.12455709278583527
7037,4,0,0,0.8532813191413879,0.018747130408883095,0.1279715895652771
7039,1,1,0,0.462072491645813,0.44805166125297546,0.08987585455179214
7040,0,2,2,1.3872475790321914e-07,4.661208663492289e-07,0.9999994039535522
7041,3,1,1,1.171206463368435e-06,0.9999983310699463,4.908749815513147e-07
7042,0,1,1,0.00030071649234741926,0.9996929168701172,6.374867552949581e-06
7043,1,0,0,0.8472776412963867,0.0137654272839427,0.1389569193124771
7045,4,0,0,0.7573083639144897,0.05194816738367081,0.19074347615242004
7046,1,2,2,2.4131797545123845e-05,1.2389709809212945e-05,0.9999635219573975
7047,3,2,2,2.6573886771075195e-06,3.415221499381005e-06,0.9999939203262329
7048,1,0,1,0.2556276023387909,0.3883611857891083,0.35601115226745605
7049,0,0,1,0.0735248401761055,0.9208148121833801,0.0056603699922561646
7050,1,0,0,0.8687109351158142,0.043444909155368805,0.08784419298171997
7051,0,0,0,0.7949097156524658,0.004741242621093988,0.20034906268119812
7052,2,0,0,0.6992723345756531,0.1914396435022354,0.10928808897733688
7053,1,0,1,0.3928182125091553,0.459877610206604,0.14730416238307953
7054,2,1,1,1.4807681509410031e-05,0.999983549118042,1.5878682688708068e-06
7055,4,1,1,0.008014780469238758,0.9909371733665466,0.0010480480268597603
7056,0,0,0,0.7034526467323303,0.15188716351985931,0.1446601152420044
7057,0,1,0,0.8260288834571838,0.05969516560435295,0.1142759919166565
7058,0,0,0,0.8938091397285461,0.022537758573889732,0.08365309983491898
7059,3,1,1,9.606847015675157e-06,0.9999897480010986,6.299167125689564e-07
7060,4,2,2,9.169438271783292e-06,8.35528044262901e-06,0.999982476234436
7061,3,2,2,4.456233455130132e-06,0.003847176441922784,0.9961483478546143
7062,3,1,1,9.281892562285066e-05,0.9998432397842407,6.392542854882777e-05
7063,1,2,2,4.695316238212399e-05,2.5340834326925687e-05,0.9999276399612427
7064,4,0,0,0.7606956958770752,0.029996808618307114,0.20930756628513336
7065,2,0,0,0.8220451474189758,0.033750876784324646,0.14420396089553833
7067,3,2,2,7.679058739995526e-07,2.907931775553152e-05,0.9999701976776123
7069,4,0,0,0.8697836995124817,0.007821624167263508,0.12239475548267365
7072,2,2,2,8.893967788026202e-06,0.0005391748854890466,0.9994519352912903
7073,2,1,1,1.0119116495843627e-06,0.9999986886978149,3.1857672411206295e-07
7074,1,1,1,1.027736743708374e-06,0.9999973773956299,1.589835733284417e-06
7075,0,1,1,9.688447607913986e-05,0.9998929500579834,1.0210886102868244e-05
7076,2,0,1,0.2705375552177429,0.6519220471382141,0.07754041999578476
7077,3,2,2,4.056495072291e-06,0.005335201974958181,0.9946607947349548
7080,1,2,2,2.660145810295944e-07,0.0001747199712553993,0.9998250603675842
7081,4,2,2,7.810122610862891e-07,0.001115694409236312,0.9988834261894226
7082,0,0,0,0.7201991081237793,0.0811564177274704,0.1986445039510727
7083,2,2,2,1.0522308002691716e-06,3.639937494881451e-05,0.999962568283081
7084,2,0,0,0.7852916121482849,0.005968545097857714,0.20873986184597015
7085,4,0,0,0.8976820707321167,0.023456227034330368,0.07886180281639099
7086,2,2,2,1.1855126103910152e-05,3.550761175574735e-05,0.9999526739120483
7087,3,0,0,0.7859134674072266,0.04550177603960037,0.16858482360839844
7088,0,0,0,0.9404942989349365,0.01084812544286251,0.048657651990652084
7089,4,1,1,4.4760813011635037e-07,0.999998927116394,6.267029561968229e-07
7090,1,1,1,0.36836764216423035,0.6177751421928406,0.013857176527380943
7091,2,1,1,0.00015139889728743583,0.9998243451118469,2.4296585252159275e-05
7092,4,1,0,0.736271321773529,0.1442442387342453,0.11948440968990326
7094,3,2,2,1.188109308714047e-06,4.159264426562004e-05,0.9999572038650513
7096,0,2,2,3.4591806752359844e-07,3.607217877288349e-06,0.9999960660934448
7097,3,2,2,1.6926422858887236e-06,5.919511750107631e-05,0.9999390840530396
7098,3,2,2,8.551910468668211e-07,1.6365671399398707e-05,0.9999828338623047
7099,0,1,1,6.731874600518495e-05,0.9999204874038696,1.2140571925556287e-05
7101,4,0,0,0.9019954204559326,0.014959624037146568,0.08304501324892044
7102,2,1,1,0.2116001844406128,0.7497204542160034,0.038679350167512894
7103,4,2,2,2.029718416451942e-06,3.5005952668143436e-05,0.9999629259109497
7104,0,1,1,0.00019339956634212285,0.9998039603233337,2.64727782450791e-06
7105,4,1,0,0.8433458209037781,0.07336735725402832,0.08328687399625778
7106,2,2,2,1.777936086000409e-05,3.947677032556385e-05,0.9999427795410156
7107,1,0,0,0.7915067672729492,0.04507584124803543,0.16341742873191833
7108,4,1,1,2.9187787731643766e-05,0.9999655485153198,5.288434294925537e-06
7109,4,1,1,2.8885990559501806e-06,0.9999970197677612,1.3767532891506562e-07
7110,4,1,1,1.1083291155955521e-06,0.9999980926513672,7.954966463330493e-07
7111,3,2,2,1.7638743884162977e-05,0.00023420224897563457,0.999748170375824
7112,4,1,1,0.02764068730175495,0.9493179321289062,0.02304134890437126
7115,2,0,0,0.8193886876106262,0.10974593460559845,0.07086529582738876
7116,0,2,2,6.1369984649672915e-09,2.102205826304271e-06,0.9999978542327881
7117,2,2,2,3.8011319247743813e-06,0.005938379559665918,0.9940577745437622
7118,0,2,2,0.0013242179993540049,0.00401446595788002,0.994661271572113
7119,2,2,2,4.790682623934117e-07,2.479946772382391e-07,0.9999992847442627
7120,1,1,1,0.09826469421386719,0.8895225524902344,0.012212701141834259
7121,3,2,2,1.2310161991990753e-06,1.4805345017521176e-05,0.9999840259552002
7122,1,1,1,0.000943093909882009,0.9989615678787231,9.532384137855843e-05
7123,1,0,0,0.8592748641967773,0.05303015187382698,0.08769495785236359
7124,0,0,1,0.051111746579408646,0.9457225203514099,0.00316569278948009
7126,2,2,2,3.404107701499015e-06,1.1073447240050882e-05,0.9999854564666748
7127,1,1,1,6.694527598938294e-08,0.9999997615814209,1.1748612394058e-07
7128,3,2,2,0.40408214926719666,0.021067796275019646,0.5748500227928162
7129,0,1,1,4.16827060689684e-05,0.9999268054962158,3.147366442135535e-05
7131,3,0,0,0.7830994725227356,0.10216730833053589,0.11473322659730911
7133,0,1,1,5.547098771785386e-05,0.9999425411224365,2.0153690911683952e-06
7134,4,1,1,0.017684269696474075,0.9782504439353943,0.004065257031470537
7135,0,0,0,0.9297278523445129,0.014253031462430954,0.056019119918346405
7136,4,1,1,1.7601802028366365e-05,0.9999680519104004,1.428612358722603e-05
7138,0,1,1,0.0006932032410986722,0.9991432428359985,0.0001635508961044252
7140,4,2,2,0.2135378122329712,0.02977347932755947,0.7566887140274048
7141,3,2,1,0.03377459570765495,0.9584854245185852,0.00773997837677598
7142,1,0,0,0.8830514550209045,0.03383932635188103,0.08310923725366592
7144,1,1,1,0.00014958050451241434,0.9998459815979004,4.3674012886185665e-06
7147,2,0,0,0.6592768430709839,0.24779747426509857,0.09292570501565933
7148,0,0,0,0.8784169554710388,0.028059905394911766,0.09352318197488785
7150,1,2,2,0.0020808123517781496,0.0002260321780340746,0.9976932406425476
7151,3,2,2,3.7193552998360246e-05,8.089524635579437e-05,0.9998818635940552
7154,4,1,1,0.3450981378555298,0.5539045333862305,0.10099732875823975
7155,3,1,0,0.6677547097206116,0.20504066348075867,0.12720461189746857
7156,4,0,0,0.7649297118186951,0.01009930670261383,0.2249709963798523
7158,3,0,0,0.9068633317947388,0.0038429233245551586,0.0892936959862709
7159,4,2,2,4.362395702628419e-05,0.0022126042749732733,0.9977437257766724
7160,1,2,2,0.0003243664978072047,2.203294116043253e-06,0.9996734857559204
7161,4,0,0,0.8765665888786316,0.004619952291250229,0.11881352216005325
7162,2,0,0,0.785466194152832,0.06452261656522751,0.15001119673252106
7163,2,0,0,0.7830053567886353,0.019212165847420692,0.19778239727020264
7164,1,1,1,3.452575401752256e-05,0.9999167919158936,4.8632231482770294e-05
7165,2,1,1,0.12476151436567307,0.8747121095657349,0.00052644032984972
7166,4,1,1,0.0014376844046637416,0.9980897307395935,0.00047257807455025613
7167,4,0,0,0.9047455191612244,0.004478554241359234,0.09077589958906174
7170,4,0,0,0.9171318411827087,0.026775386184453964,0.05609272047877312
7171,4,0,0,0.8527226448059082,0.011036446318030357,0.1362408846616745
7172,2,0,0,0.9465868473052979,0.010697956196963787,0.04271513968706131
7173,2,1,0,0.4596359133720398,0.2668943703174591,0.2734697163105011
7175,1,0,0,0.7811657190322876,0.03192029520869255,0.18691392242908478
7176,2,1,1,0.005985638592392206,0.9921202659606934,0.0018940868321806192
7177,4,2,2,0.00010960742656607181,0.0002191445091739297,0.999671220779419
7178,3,1,2,0.00011883149272762239,0.0330144539475441,0.966866672039032
7179,0,2,2,3.0956264254200505e-06,7.906756945885718e-05,0.9999178647994995
7180,3,2,2,0.00012819524272345006,0.0010670139454305172,0.9988048076629639
7182,0,1,1,0.1259089559316635,0.859928548336029,0.014162499457597733
7183,0,0,0,0.886406660079956,0.01907123252749443,0.09452206641435623
7184,2,1,1,0.0823257640004158,0.9051705002784729,0.012503771111369133
7185,3,0,0,0.8054780960083008,0.06679169833660126,0.1277303248643875
7186,2,1,1,0.3019542396068573,0.6370524764060974,0.060993194580078125
7187,4,0,0,0.8500633835792542,0.013468682765960693,0.13646790385246277
7188,1,0,0,0.772148847579956,0.146846204996109,0.08100493252277374
7190,0,1,1,0.00018904019088950008,0.9997923970222473,1.8604789147502743e-05
7191,4,1,1,3.985999137512408e-05,0.9999485015869141,1.1612237358349375e-05
7192,1,2,2,3.283479600213468e-05,0.002098651370033622,0.997868537902832
7193,0,0,1,0.2879505753517151,0.6246150732040405,0.0874343067407608
7194,4,0,0,0.8372280597686768,0.12044700235128403,0.0423249714076519
7195,4,0,2,0.192550927400589,0.008402377367019653,0.7990467548370361
7196,3,1,1,0.0032563633285462856,0.9957148432731628,0.001028784434311092
7197,0,0,0,0.8812462091445923,0.022962063550949097,0.09579174220561981
7199,0,0,0,0.8767890334129333,0.057491764426231384,0.06571922451257706
7200,3,0,0,0.6578025817871094,0.24508154392242432,0.09711592644453049
7201,4,2,2,2.192656154420547e-07,2.5407232897123322e-05,0.9999743700027466
7202,2,0,0,0.8407222628593445,0.11698780953884125,0.04228993505239487
7203,1,1,1,0.0055837249383330345,0.9848542213439941,0.009562056511640549
7204,2,0,0,0.8778008222579956,0.017475057393312454,0.10472419857978821
7207,2,1,1,0.000719515432137996,0.9992160797119141,6.43291205051355e-05
7208,0,1,1,1.956924052137765e-06,0.9999978542327881,1.9114196447844733e-07
7209,1,0,0,0.9213935136795044,0.01484366599470377,0.06376273930072784
7212,0,0,0,0.9438108801841736,0.008611774072051048,0.047577276825904846
7213,4,1,1,5.03659357491415e-05,0.9996471405029297,0.00030243751825764775
7214,4,0,0,0.8311027884483337,0.033116649836301804,0.13578057289123535
7215,3,1,1,0.0002534964878577739,0.9997313618659973,1.5147225894907024e-05
7216,1,0,0,0.8112796545028687,0.011954911053180695,0.17676545679569244
7217,3,0,0,0.49360960721969604,0.3615284562110901,0.14486192166805267
7218,2,1,0,0.784853458404541,0.042545024305582047,0.17260153591632843
7221,3,1,1,0.0010114508913829923,0.9988952875137329,9.327666339231655e-05
7224,2,1,1,0.18070414662361145,0.8038241267204285,0.015471714548766613
7226,4,1,1,7.2541583904239815e-06,0.9999924898147583,2.8501165161287645e-07
7228,3,1,1,8.428080764133483e-05,0.9999130964279175,2.6041202545457054e-06
7229,4,0,0,0.6888335943222046,0.014640439301729202,0.2965260148048401
7230,2,0,0,0.741087794303894,0.1816272735595703,0.07728489488363266
7231,2,1,1,0.0004034810699522495,0.9992693066596985,0.0003272452449891716
7232,3,0,2,0.2766832411289215,0.002379531506448984,0.720937192440033
7234,4,0,0,0.9522895216941833,0.008813191205263138,0.0388973169028759
7235,4,1,1,0.0001066512122633867,0.9998691082000732,2.425466118438635e-05
7236,0,0,0,0.8943973183631897,0.011448606848716736,0.09415411949157715
7237,1,0,0,0.6611911058425903,0.29205799102783203,0.04675086960196495
7238,3,0,0,0.838025689125061,0.028440328314900398,0.13353398442268372
7239,2,0,0,0.8440755605697632,0.02935645543038845,0.12656792998313904
7240,4,2,0,0.6576546430587769,0.14732332527637482,0.19502204656600952
7242,4,1,1,0.003975163213908672,0.995522141456604,0.0005026903818361461
7244,3,1,1,0.06324148923158646,0.9336642026901245,0.003094291314482689
7246,0,1,1,0.001495875185355544,0.9983377456665039,0.0001662989379838109
7247,2,0,0,0.5367398858070374,0.009147753939032555,0.45411232113838196
7248,1,0,2,0.16500437259674072,0.36712929606437683,0.46786636114120483
7249,1,0,0,0.9442191123962402,0.0037862653844058514,0.05199461430311203
7250,0,1,1,0.2611880898475647,0.696333110332489,0.0424787774682045
7252,1,0,1,0.0319092757999897,0.9669883847236633,0.0011023418046534061
7253,1,1,1,2.119524424415431e-06,0.9999969005584717,9.522427149022406e-07
7254,1,1,1,5.0334897423454095e-06,0.9999923706054688,2.565138856880367e-06
7255,4,1,2,0.03911476209759712,0.04282664880156517,0.9180585741996765
7256,4,2,2,0.000737861089874059,0.00039076220127753913,0.9988712668418884
7257,3,0,0,0.8803909420967102,0.06320397555828094,0.05640505626797676
7258,1,0,0,0.6456541419029236,0.2549934387207031,0.09935245662927628
7259,2,0,0,0.9363811612129211,0.01027168519794941,0.05334721878170967
7260,2,2,2,5.091224375064485e-05,1.4539160474669188e-05,0.9999345541000366
7261,3,1,1,0.0004174679343122989,0.999477207660675,0.0001053395462804474
7262,4,2,2,2.1800350680223346e-07,1.5016436009318568e-05,0.9999847412109375
7263,0,0,1,0.32108163833618164,0.6351081728935242,0.04381020739674568
7264,1,2,2,4.8347137635573745e-06,5.671513463312294e-07,0.9999945163726807
7265,3,0,1,0.44435760378837585,0.5273919701576233,0.02825041301548481
7266,1,2,2,1.6090605186036555e-06,7.129674486350268e-06,0.9999912977218628
7267,2,0,0,0.9136956930160522,0.009695464745163918,0.07660883665084839
7268,1,0,0,0.9300476908683777,0.021187078207731247,0.04876525327563286
7269,3,0,0,0.9231222867965698,0.010596889071166515,0.06628087908029556
7271,3,1,1,0.07378407567739487,0.9144126772880554,0.01180324051529169
7272,0,2,2,8.790840411165846e-08,0.00010600275709293783,0.9998939037322998
7273,3,0,1,0.4431607127189636,0.5502723455429077,0.006566956173628569
7274,0,1,1,0.0008954788791015744,0.999100923538208,3.6064502637600526e-06
7276,0,0,0,0.9207686185836792,0.00435751723125577,0.0748739242553711
7277,2,1,1,2.843160018528579e-06,0.9999943971633911,2.7557771318242885e-06
7279,0,0,0,0.862381637096405,0.0734841525554657,0.06413420289754868
7280,4,1,1,4.41365409642458e-06,0.999995231628418,3.385277693723765e-07
7281,2,0,0,0.8330649733543396,0.013781294226646423,0.1531537026166916
7282,2,1,1,7.855373041820712e-06,0.9999920129776001,1.2320894882122957e-07
7286,1,2,2,2.4164517071767477e-06,3.2285779525409453e-06,0.9999943971633911
7288,4,1,1,2.59420139627764e-05,0.9999617338180542,1.2278154827072285e-05
7289,2,0,0,0.846460223197937,0.10399558395147324,0.049544211477041245
7290,3,2,2,0.0005695667932741344,0.003709981916472316,0.9957205653190613
7291,3,0,2,0.3394160866737366,0.03443242236971855,0.6261515021324158
7292,3,0,0,0.9548764824867249,0.0007444911752827466,0.044379085302352905
7293,3,2,2,2.214092091890052e-06,1.6468021613036399e-06,0.9999960660934448
7295,0,0,0,0.7998178601264954,0.031733859330415726,0.1684482991695404
7296,2,2,2,0.0006294858758337796,5.284405779093504e-05,0.9993176460266113
7298,4,0,0,0.896603524684906,0.03277573734521866,0.0706208273768425
7299,1,2,2,2.877731958506047e-06,4.4248987251194194e-05,0.9999529123306274
7300,1,1,1,9.166028576146346e-07,0.9999924898147583,6.53593542665476e-06
7301,0,1,1,2.0976378891646164e-06,0.9999978542327881,4.5336943088614134e-08
7302,3,2,2,8.110196745292342e-07,1.7270891703446978e-06,0.9999974966049194
7304,3,0,0,0.9467726945877075,0.019922899082303047,0.03330441191792488
7305,2,0,0,0.8353914022445679,0.03355184569954872,0.1310567557811737
7306,4,1,1,0.00027983757900074124,0.9996622800827026,5.7851320889312774e-05
7307,4,0,2,0.33482426404953003,0.002864767797291279,0.6623109579086304
7309,1,0,0,0.8168384432792664,0.04828892648220062,0.1348726898431778
7311,3,2,2,1.7148873894257122e-06,6.979182671784656e-06,0.9999912977218628
7312,0,1,1,0.004526036791503429,0.9949479103088379,0.0005259756580926478
7313,3,2,2,6.909272656230314e-07,2.878574036913051e-07,0.9999990463256836
7314,1,1,1,1.802247950877245e-08,1.0,1.721318554359641e-08
7315,1,0,1,0.04011799395084381,0.9575836658477783,0.0022983408998697996
7316,3,0,0,0.9095579981803894,0.027852598577737808,0.06258935481309891
7318,4,2,2,7.244188537924856e-08,9.460331057198346e-06,0.9999904632568359
7319,4,1,1,2.161291803304266e-07,0.9999997615814209,8.825066011297622e-09
7320,3,1,1,5.548776971409097e-05,0.9999094009399414,3.5141012631356716e-05
7321,4,0,0,0.9638106822967529,0.0073013827204704285,0.028887975960969925
7322,3,1,0,0.5748953819274902,0.2624744176864624,0.16263021528720856
7324,0,0,0,0.7267591953277588,0.043815646320581436,0.22942514717578888
7326,2,0,1,0.007801348343491554,0.9841375946998596,0.00806102342903614
7327,2,0,0,0.9600556492805481,0.00484419846907258,0.03510020673274994
7328,1,2,0,0.5484108328819275,0.21731631457805634,0.23427283763885498
7329,1,2,2,7.83899758971529e-06,0.0001527020358480513,0.9998394250869751
7330,1,2,2,0.0008982020663097501,0.00011192669626325369,0.9989898800849915
7331,2,0,0,0.7636440992355347,0.13284097611904144,0.10351496189832687
7332,4,0,0,0.9096028208732605,0.022355470806360245,0.06804180890321732
7333,4,0,0,0.9023781418800354,0.04767448082566261,0.049947455525398254
7334,2,0,0,0.9105729460716248,0.012037941254675388,0.07738909870386124
7335,0,2,2,1.08094170059303e-07,6.869753974569903e-07,0.9999991655349731
7336,4,0,0,0.8305224180221558,0.006532393395900726,0.16294516623020172
7337,1,2,0,0.8031193614006042,0.010744091123342514,0.18613658845424652
7338,2,1,1,1.4033856814421597e-06,0.9999977350234985,8.14319889741455e-07
7339,0,0,0,0.8879862427711487,0.06106666848063469,0.05094707012176514
7340,2,2,2,3.0888142532603524e-07,4.978883225703612e-06,0.9999946355819702
7342,1,0,0,0.721318244934082,0.1564839631319046,0.12219778448343277
7343,1,0,0,0.9275063872337341,0.01222277246415615,0.060270849615335464
7344,2,0,0,0.9679096937179565,0.006799306254833937,0.025290945544838905
7345,2,1,1,5.7011639000847936e-05,0.9999387264251709,4.299212378100492e-06
7346,3,1,1,8.987004548544064e-06,0.9999895095825195,1.5167682931860327e-06
7347,3,2,2,2.8815986752306344e-06,2.2672350041830214e-06,0.9999948740005493
7348,0,0,0,0.8017868995666504,0.12422561645507812,0.07398747652769089
7350,4,0,1,0.13351070880889893,0.8527145385742188,0.013774752616882324
7351,0,2,2,0.0008762481738813221,0.0011192472884431481,0.9980044960975647
7352,4,2,1,4.0310587792191654e-06,0.9999958276748657,1.2959411321844527e-07
7353,1,0,0,0.7863497734069824,0.013611208647489548,0.2000390738248825
7354,0,1,1,1.7021528037730604e-05,0.9999825954437256,3.9990885625229566e-07
7355,0,0,0,0.707624614238739,0.044902365654706955,0.24747300148010254
7356,2,0,0,0.8928494453430176,0.10091450065374374,0.006236131768673658
7357,4,1,1,0.19969114661216736,0.5451188683509827,0.25518998503685
7359,4,0,0,0.6788153052330017,0.08813761919736862,0.23304705321788788
7360,4,0,0,0.5638234615325928,0.17361754179000854,0.2625589966773987
7363,0,0,0,0.7139729261398315,0.07076716423034668,0.21525989472866058
7364,2,1,1,0.0511448048055172,0.9396080374717712,0.009247196838259697
7366,4,0,1,0.23589155077934265,0.7133017182350159,0.05080674961209297
7367,2,0,0,0.8471048474311829,0.03272874280810356,0.12016651034355164
7369,3,1,0,0.7426007986068726,0.14934569597244263,0.1080535426735878
7370,1,0,0,0.812820315361023,0.02114337868988514,0.1660362333059311
7371,2,1,2,0.0028949417173862457,0.0004153241461608559,0.9966896772384644
7372,3,0,0,0.7336239218711853,0.14047136902809143,0.12590472400188446
7373,1,1,1,0.00020709270029328763,0.9995676875114441,0.0002252216509077698
7374,2,2,0,0.6526781320571899,0.010133784264326096,0.33718806505203247
7375,3,1,1,0.0006282772519625723,0.9993454813957214,2.6221281586913392e-05
7376,4,1,1,0.15039311349391937,0.8217031359672546,0.027903728187084198
7378,3,2,2,0.002243668306618929,0.009551276452839375,0.988205075263977
7379,3,0,0,0.9727832078933716,0.006202101241797209,0.021014630794525146
7380,4,1,0,0.49065208435058594,0.16499736905097961,0.3443506062030792
7381,0,0,0,0.7902975678443909,0.12332791090011597,0.08637458831071854
7382,0,2,0,0.5482085943222046,0.1541123390197754,0.29767906665802
7383,0,0,1,0.295867383480072,0.6704843044281006,0.03364831954240799
7384,1,0,2,0.0007141716778278351,0.004000186454504728,0.99528568983078
7385,2,1,1,0.00023064194829203188,0.9997245669364929,4.4755877752322704e-05
7386,2,0,0,0.9321359395980835,0.01517120935022831,0.05269290879368782
7387,2,0,0,0.8220343589782715,0.06830931454896927,0.10965628921985626
7388,2,0,0,0.9267931580543518,0.004579657223075628,0.06862723082304001
7389,4,1,0,0.9332423806190491,0.013741015456616879,0.05301666632294655
7390,3,0,1,0.011489289812743664,0.9863082766532898,0.0022024286445230246
7391,0,2,2,7.628890307387337e-05,0.0004447055980563164,0.9994791150093079
7392,4,1,0,0.48671939969062805,0.2784813642501831,0.23479925096035004
7393,1,2,2,4.888737748842686e-06,1.6779278666945174e-05,0.9999783039093018
7395,1,1,1,0.0005826825508847833,0.9991227984428406,0.00029446868575178087
7396,3,1,1,0.07879304885864258,0.8767633438110352,0.04444360360503197
7398,0,1,1,0.0006608706898987293,0.99930739402771,3.175990059389733e-05
7399,0,1,1,0.04256352037191391,0.956645667552948,0.0007907590479589999
7400,3,1,1,0.0007893047877587378,0.998569130897522,0.0006416001706384122
7401,0,1,1,0.04753299430012703,0.9485631585121155,0.0039038138929754496
7402,4,0,0,0.9428929090499878,0.0203707255423069,0.03673633560538292
7403,2,0,0,0.7865922451019287,0.19255462288856506,0.020853077992796898
7404,4,0,0,0.9361042380332947,0.0011466675205156207,0.06274903565645218
7405,1,1,0,0.5239191651344299,0.4320612847805023,0.044019490480422974
7406,0,0,0,0.8660540580749512,0.06644625961780548,0.06749976426362991
7407,4,0,0,0.882277250289917,0.022465934976935387,0.09525679796934128
7408,4,2,0,0.7866519689559937,0.04768844321370125,0.1656595766544342
7409,0,0,0,0.8815999031066895,0.036347679793834686,0.08205238729715347
7410,1,2,0,0.6279663443565369,0.03642647713422775,0.33560726046562195
7411,1,1,1,0.002388217719271779,0.9975773692131042,3.4467753721401095e-05
7414,1,0,0,0.512816309928894,0.46644148230552673,0.020742259919643402
7415,1,0,1,0.3662201166152954,0.6264342069625854,0.007345686666667461
7417,4,0,0,0.9082287549972534,0.05418400093913078,0.03758717700839043
7418,4,0,0,0.7640916109085083,0.14657661318778992,0.08933176100254059
7419,1,1,1,0.024321187287569046,0.9710143208503723,0.0046645053662359715
7421,2,0,0,0.9123436212539673,0.052339423447847366,0.03531697392463684
7422,3,2,2,1.9026960274004523e-07,5.83245821417222e-07,0.9999991655349731
7423,1,1,1,0.19329991936683655,0.8009850978851318,0.0057149347849190235
7424,0,1,0,0.7978582978248596,0.05239064618945122,0.14975112676620483
7426,2,0,0,0.8010227084159851,0.09041529148817062,0.10856196284294128
7427,2,1,1,0.06797350943088531,0.9286245107650757,0.00340191344730556
7429,2,0,1,0.09521669894456863,0.8921710252761841,0.0126122385263443
7430,4,2,0,0.5338184237480164,0.24293479323387146,0.223246768116951
7431,2,2,2,0.00029964870191179216,0.00013232075434643775,0.9995680451393127
7432,4,0,0,0.614476203918457,0.01590898633003235,0.36961477994918823
7433,1,1,1,0.01196973118931055,0.9872783422470093,0.0007518901256844401
7434,1,2,2,0.4296795427799225,0.009224404580891132,0.5610960125923157
7435,0,1,1,5.981558933854103e-05,0.999937891960144,2.2304552658169996e-06
7437,4,1,0,0.7494924068450928,0.2303660660982132,0.020141584798693657
7438,1,1,0,0.7746589183807373,0.08435278385877609,0.14098834991455078
7440,4,0,0,0.9555749297142029,0.01559088472276926,0.028834233060479164
7441,2,0,0,0.9109982848167419,0.026692625135183334,0.06230909749865532
7442,2,0,0,0.6866000294685364,0.23351317644119263,0.0798867717385292
7443,4,1,1,0.03475291281938553,0.9641187191009521,0.0011284267529845238
7447,1,1,1,5.635633897327352e-07,0.9999967813491821,2.6188656647718744e-06
7449,3,1,1,0.0003366172022651881,0.999647855758667,1.5522564353886992e-05
7450,3,0,0,0.8783380389213562,0.029393518343567848,0.09226839989423752
7451,3,0,0,0.8383475542068481,0.03279116749763489,0.12886129319667816
7452,2,1,1,0.00026135737425647676,0.9997230172157288,1.5623552826582454e-05
7454,4,0,0,0.7852290272712708,0.01491511706262827,0.19985587894916534
7457,1,1,1,0.09850335866212845,0.8969870209693909,0.004509626422077417
7459,4,0,0,0.6989383697509766,0.020300818607211113,0.28076082468032837
7460,1,0,0,0.7535979747772217,0.11479421705007553,0.13160789012908936
7461,4,0,0,0.9553313851356506,0.032433103770017624,0.01223553717136383
7463,4,0,0,0.894631028175354,0.03957109898328781,0.06579790264368057
7466,1,0,0,0.8686067461967468,0.03811186924576759,0.09328137338161469
7468,2,1,0,0.9207497239112854,0.03240589424967766,0.04684438183903694
7469,4,1,0,0.7239252328872681,0.15739917755126953,0.11867564171552658
7470,3,2,0,0.7140353918075562,0.1187552958726883,0.16720931231975555
7471,1,0,0,0.7959309816360474,0.024643778800964355,0.1794252246618271
7473,1,1,1,0.0012938384898006916,0.9985684156417847,0.0001377531443722546
7476,4,1,1,0.31023141741752625,0.6239455938339233,0.0658230260014534
7477,2,2,0,0.8543778657913208,0.0755782499909401,0.07004394382238388
7478,0,1,1,4.6888311771908775e-05,0.9999339580535889,1.9140812582918443e-05
7479,3,1,1,0.041080545634031296,0.9321549534797668,0.026764439418911934
7480,3,2,2,9.895068797050044e-05,4.117583739571273e-05,0.9998599290847778
7481,4,0,0,0.9212489128112793,0.007379855029284954,0.0713711678981781
7482,4,0,0,0.8469745516777039,0.06933349370956421,0.08369194716215134
7483,0,2,2,0.14369261264801025,0.09256145358085632,0.7637460231781006
7484,0,0,1,0.0505831353366375,0.948893666267395,0.0005232365219853818
7485,1,1,0,0.5001136660575867,0.1554691046476364,0.3444172143936157
7486,4,0,0,0.8158058524131775,0.0254361592233181,0.1587579846382141
7487,4,0,0,0.7628266215324402,0.17405110597610474,0.06312232464551926
7489,0,0,0,0.6774051785469055,0.07326206564903259,0.24933278560638428
7490,0,1,1,9.688447607913986e-05,0.9998929500579834,1.0210886102868244e-05
7491,4,1,0,0.516810953617096,0.40976446866989136,0.07342458516359329
7492,1,2,0,0.6585644483566284,0.042022157460451126,0.2994134724140167
7495,2,1,1,0.0013502731453627348,0.9984797835350037,0.0001699457789072767
7496,4,0,0,0.9143577814102173,0.026560762897133827,0.059081412851810455
7497,0,0,2,0.12195485085248947,0.03676442429423332,0.8412807583808899
7499,2,1,0,0.8504915833473206,0.03778998553752899,0.11171843111515045
7500,3,2,0,0.7622053027153015,0.025343161076307297,0.21245159208774567
7501,1,0,0,0.9814112782478333,0.004626470617949963,0.013962187804281712
7502,2,1,1,0.03587662801146507,0.9627225399017334,0.0014007937861606479
7503,0,1,1,0.007219282444566488,0.9825820922851562,0.0101986238732934
7505,4,2,2,0.3398681879043579,0.018762417137622833,0.6413694024085999
7506,2,0,1,0.3177652060985565,0.624009370803833,0.058225423097610474
7507,4,2,0,0.9247144460678101,0.023394593968987465,0.05189097672700882
7508,3,2,2,7.299386197701097e-05,4.537836866802536e-05,0.9998816251754761
7509,2,1,1,1.0776441428106409e-07,0.9999994039535522,4.956505677000678e-07
7510,0,0,0,0.9599869847297668,0.0059036435559391975,0.03410928323864937
7511,4,1,1,0.06811656802892685,0.9041628837585449,0.02772059291601181
7513,2,1,2,7.661263225600123e-05,0.0002085118758259341,0.9997147917747498
7515,4,1,1,8.103866275632754e-05,0.9998736381530762,4.5292748836800456e-05
7517,1,1,1,1.691484430921264e-05,0.9999589920043945,2.4128581571858376e-05
7518,4,1,1,0.011973886750638485,0.9867163896560669,0.0013096692273393273
7519,2,1,1,9.322742698714137e-06,0.9999903440475464,2.968154149129987e-07
7521,0,0,0,0.925681471824646,0.005761450622230768,0.06855704635381699
7522,0,0,0,0.8042970895767212,0.02117598056793213,0.17452695965766907
7523,0,1,1,0.0001881927892100066,0.9998096823692322,2.1729053969465895e-06
7524,4,1,0,0.7930935025215149,0.034988775849342346,0.17191773653030396
7525,4,1,1,0.00022697722306475043,0.9997581839561462,1.4889213161950465e-05
7526,3,0,0,0.9442036151885986,0.04717174544930458,0.0086246058344841
7527,2,0,0,0.9140348434448242,0.013668601401150227,0.0722966268658638
7528,4,2,2,0.30777376890182495,0.30851802229881287,0.3837082087993622
7529,3,0,0,0.804311990737915,0.01748230867087841,0.1782056838274002
7531,3,0,0,0.8664371371269226,0.013597710989415646,0.11996511369943619
7532,0,0,0,0.8607921600341797,0.08021215349435806,0.05899573117494583
7534,0,1,1,0.002521677641198039,0.9971797466278076,0.00029857346089556813
7535,1,1,1,0.20341016352176666,0.5853557586669922,0.21123410761356354
7536,2,2,2,1.5133123270061333e-06,3.5552773624658585e-05,0.9999629259109497
7537,4,2,2,5.477812464960152e-06,2.0727136870846152e-05,0.9999737739562988
7538,2,1,0,0.7293505072593689,0.15664814412593842,0.11400134861469269
7539,3,1,1,1.0044633199868258e-05,0.9999850988388062,4.850920504395617e-06
7540,0,1,1,0.011322173289954662,0.988444447517395,0.00023332182900048792
7542,4,1,1,0.00014308078971225768,0.9998514652252197,5.384570613387041e-06
7543,2,2,0,0.6608391404151917,0.03587958589196205,0.3032812774181366
7544,1,0,0,0.809581458568573,0.13494007289409637,0.05547846481204033
7545,0,1,1,0.0673258826136589,0.9304171800613403,0.0022568958811461926
7546,4,1,0,0.8378661870956421,0.05538144335150719,0.10675235837697983
7547,3,0,0,0.4598389267921448,0.24972616136074066,0.290434867143631
7548,3,0,0,0.9385823607444763,0.016433915123343468,0.04498366639018059
7549,1,1,1,9.073143155546859e-05,0.9997950196266174,0.0001142745022661984
7550,3,0,0,0.8434399962425232,0.07508397102355957,0.08147601038217545
7551,4,1,1,7.255574473674642e-06,0.9999921321868896,5.547965429286705e-07
7552,1,0,0,0.9233996868133545,0.06665639579296112,0.009943850338459015
7554,1,2,2,4.912308941129595e-05,4.2196457798127085e-05,0.9999086856842041
7556,0,1,1,1.925097603816539e-05,0.9999794960021973,1.2664006590057397e-06
7557,4,2,2,2.1758403363492107e-06,0.0003336026566103101,0.999664306640625
7558,1,1,0,0.5811734199523926,0.008862397633492947,0.4099642038345337
7559,3,2,2,0.007340084295719862,0.00638885423541069,0.9862710237503052
7561,3,1,0,0.866374135017395,0.06017454341053963,0.07345133274793625
7562,3,2,0,0.5913434624671936,0.025223856791853905,0.38343265652656555
7563,0,1,2,1.1909227737305628e-07,0.00010498752089915797,0.9998948574066162
7564,3,0,0,0.7950388789176941,0.009747004136443138,0.19521407783031464
7565,3,2,2,0.24883830547332764,0.00863869208842516,0.7425229549407959
7566,4,1,0,0.600217342376709,0.21965405344963074,0.18012863397598267
7568,0,1,0,0.704143762588501,0.10738460719585419,0.18847163021564484
7569,0,1,0,0.868135929107666,0.019837403669953346,0.11202678084373474
7570,4,1,0,0.8855456113815308,0.03301800787448883,0.0814364030957222
7572,2,2,0,0.8928850889205933,0.008491480723023415,0.09862341731786728
7573,0,0,0,0.7370690703392029,0.0895041972398758,0.1734267771244049
7574,3,0,0,0.8019065260887146,0.03455120325088501,0.1635422706604004
7575,3,0,0,0.8946341872215271,0.0031543420627713203,0.10221147537231445
7577,1,1,0,0.7322150468826294,0.040760356932878494,0.22702457010746002
7578,4,1,1,0.0011530140182003379,0.9987412095069885,0.00010582644608803093
7579,4,0,0,0.6959017515182495,0.002818497596308589,0.3012797236442566
7580,3,1,1,4.2091771319974214e-05,0.9999566078186035,1.3046767435298534e-06
7581,2,2,0,0.4817191958427429,0.04719231277704239,0.4710884392261505
7582,2,0,0,0.8346599340438843,0.05752561241388321,0.10781444609165192
7583,4,0,0,0.8461434841156006,0.0014824292156845331,0.1523740589618683
7584,0,2,1,1.208812500408385e-05,0.9999876022338867,2.8516251404653303e-07
7586,1,1,1,0.054814815521240234,0.9369342923164368,0.008250920102000237
7587,3,1,1,0.00012968707596883178,0.9998692274093628,1.0797530194395222e-06
7588,3,0,0,0.9130762815475464,0.014704344794154167,0.07221928983926773
7590,0,1,1,0.002628485905006528,0.9972864389419556,8.507688471581787e-05
7591,2,2,2,6.601421046070755e-05,4.2463136196602136e-05,0.9998915195465088
7592,3,2,2,3.580275688364054e-06,6.910207594046369e-05,0.999927282333374
7593,1,1,0,0.8723835349082947,0.055235959589481354,0.07238053530454636
7594,1,2,0,0.6514201760292053,0.17981432378292084,0.16876545548439026
7595,3,0,0,0.8396044373512268,0.12668080627918243,0.033714741468429565
7597,0,2,1,0.23926734924316406,0.5883823037147522,0.17235033214092255
7598,4,1,1,0.0035135983489453793,0.9960414171218872,0.0004450228298082948
7599,1,2,0,0.7495424747467041,0.011701972223818302,0.23875562846660614
7600,0,2,2,2.7179133610388817e-08,3.996539089712314e-05,0.9999600648880005
7601,4,2,2,0.008921075612306595,0.000820900546386838,0.990257978439331
7602,2,2,2,0.0001193638818222098,8.20081913843751e-05,0.9997987151145935
7603,2,1,0,0.8204463124275208,0.08438016474246979,0.09517359733581543
7605,1,0,0,0.6941413283348083,0.28206267952919006,0.023795921355485916
7606,3,2,2,0.15493473410606384,0.00612578634172678,0.8389394879341125
7607,1,0,0,0.9718126654624939,0.00964411348104477,0.018543211743235588
7608,4,2,0,0.6498883962631226,0.07239854335784912,0.27771303057670593
7609,2,1,1,0.0002362338564125821,0.9996840953826904,7.964530232129619e-05
7610,3,1,1,0.2351103574037552,0.709745466709137,0.055144138634204865
7611,2,1,0,0.5671177506446838,0.010187612846493721,0.422694593667984
7612,1,1,1,0.015347267501056194,0.9828341007232666,0.0018186218803748488
7613,0,2,0,0.7570738196372986,0.0011433016043156385,0.24178285896778107
7614,4,1,0,0.9156992435455322,0.03994126245379448,0.04435954988002777
7615,0,2,2,0.0007369891973212361,0.0009629105916246772,0.9983001351356506
7617,2,0,0,0.9062910079956055,0.03826388344168663,0.05544501543045044
7618,3,0,1,0.02165406197309494,0.9735751748085022,0.004770786967128515
7619,0,0,2,0.00010925655806204304,1.5521047316724434e-05,0.9998751878738403
7620,2,1,1,0.24899353086948395,0.7324400544166565,0.018566403537988663
7621,1,0,0,0.8820964097976685,0.017917729914188385,0.09998589009046555
7622,3,2,2,0.35666605830192566,0.04710206016898155,0.5962319374084473
7623,4,1,1,0.0289873369038105,0.9588189125061035,0.012193694710731506
7624,0,0,0,0.8637738227844238,0.09106894582509995,0.04515720531344414
7625,3,0,0,0.7177155613899231,0.08479689061641693,0.19748753309249878
7626,2,1,2,0.2599909007549286,0.19814804196357727,0.5418611168861389
7628,4,2,2,0.24611513316631317,0.014301828108727932,0.7395830154418945
7630,1,0,0,0.47828787565231323,0.3654918670654297,0.15622028708457947
7632,1,0,0,0.9205883145332336,0.039945174008607864,0.03946658596396446
7634,3,2,1,0.07973500341176987,0.9047779440879822,0.01548703107982874
7635,1,0,0,0.8170793652534485,0.0503409318625927,0.13257968425750732
7636,1,0,0,0.7742267847061157,0.07516579329967499,0.1506073921918869
7638,2,0,0,0.7067153453826904,0.18225398659706116,0.11103063821792603
7639,0,1,1,2.857573599612806e-05,0.999969482421875,1.949101942955167e-06
7640,2,1,0,0.6385964155197144,0.05949697270989418,0.3019065856933594
7641,3,0,2,0.22676892578601837,0.012944210320711136,0.760286808013916
7642,2,2,0,0.82923823595047,0.012968875467777252,0.1577928513288498
7643,3,1,1,0.00025353036471642554,0.9995694756507874,0.00017700757598504424
7644,0,0,0,0.9700361490249634,0.007070858497172594,0.02289290353655815
7645,3,0,0,0.8521174192428589,0.02403022162616253,0.12385232001543045
7646,4,1,1,0.10315430164337158,0.8268099427223206,0.07003576308488846
7648,2,0,1,0.12109760195016861,0.8553401827812195,0.023562178015708923
7649,4,0,0,0.8862161040306091,0.026589030399918556,0.08719488233327866
7650,2,0,0,0.8863940238952637,0.00938983354717493,0.1042160913348198
7651,1,0,0,0.8532617092132568,0.01821969635784626,0.12851855158805847
7654,0,0,0,0.838654637336731,0.01846982166171074,0.14287546277046204
7655,3,1,1,0.09269625693559647,0.8852252960205078,0.022078508511185646
7656,2,0,0,0.8708465695381165,0.017792362719774246,0.111361064016819
7657,1,2,0,0.8112490177154541,0.0314071886241436,0.15734371542930603
7658,3,0,0,0.9081124663352966,0.052037984132766724,0.039849575608968735
7659,1,0,0,0.7525120973587036,0.015689508989453316,0.2317984253168106
7660,1,0,0,0.914320170879364,0.010514550842344761,0.07516518235206604
7661,2,1,0,0.74814373254776,0.1316889077425003,0.1201673373579979
7663,1,0,0,0.8159046769142151,0.013435089960694313,0.17066024243831635
7664,4,0,0,0.8091501593589783,0.017514193430542946,0.17333559691905975
7667,1,0,0,0.9132424592971802,0.04008856415748596,0.04666897654533386
7668,0,0,0,0.7569738030433655,0.049582622945308685,0.19344361126422882
7669,4,0,0,0.7983717918395996,0.023686684668064117,0.17794156074523926
7670,0,0,0,0.9217461347579956,0.017235374078154564,0.06101849302649498
7671,1,1,0,0.7350290417671204,0.13303780555725098,0.13193315267562866
7673,3,1,1,0.0024183779023587704,0.996885359287262,0.0006961996550671756
7674,4,2,0,0.6735641360282898,0.24033451080322266,0.08610142767429352
7675,0,1,0,0.7011680006980896,0.08870191872119904,0.21013006567955017
7676,2,2,0,0.8059490919113159,0.12086290121078491,0.07318802177906036
7677,1,2,0,0.8449413180351257,0.022062450647354126,0.13299615681171417
7678,0,2,0,0.9587966799736023,0.004274917300790548,0.036928337067365646
7679,1,2,0,0.7853909134864807,0.1446000188589096,0.07000904530286789
7680,2,0,0,0.8730597496032715,0.015741994604468346,0.11119818687438965
7681,2,1,1,9.462324328524119e-07,0.9999985694885254,4.5899417955297395e-07
7682,0,1,1,0.001666486612521112,0.9981599450111389,0.00017358499462716281
7683,1,0,0,0.7974209189414978,0.07838455587625504,0.12419449537992477
7684,3,0,0,0.8730525970458984,0.07092537730932236,0.056021999567747116
7685,3,1,1,0.10149457305669785,0.8939529061317444,0.0045525250025093555
7686,0,0,0,0.9446064829826355,0.01002321857959032,0.0453701987862587
7687,3,0,0,0.6686719059944153,0.011355827562510967,0.31997227668762207
7688,2,0,0,0.8024023175239563,0.10237226635217667,0.09522544592618942
7690,3,2,2,0.17565731704235077,0.17092366516590118,0.653419017791748
7691,2,2,0,0.6692801713943481,0.21701189875602722,0.11370785534381866
7693,3,0,0,0.9312126040458679,0.003985677845776081,0.06480172276496887
7694,0,2,0,0.6441764831542969,0.24674183130264282,0.10908164829015732
7695,2,1,0,0.6885681748390198,0.06131204962730408,0.25011980533599854
7697,4,0,0,0.9730058312416077,0.011219887062907219,0.015774309635162354
7698,2,0,0,0.8702015280723572,0.043649908155202866,0.08614859730005264
7699,1,2,2,0.4394930303096771,0.02923838049173355,0.5312686562538147
7700,0,0,1,0.3903454840183258,0.5352644324302673,0.07439008355140686
7701,0,0,0,0.9559729099273682,0.007471627090126276,0.03655540570616722
7702,2,0,0,0.6211065053939819,0.010561850853264332,0.368331640958786
7703,1,0,0,0.8882833123207092,0.01645452156662941,0.09526222199201584
7704,3,1,1,0.014034798368811607,0.984398603439331,0.0015665766550228
7706,0,1,1,0.001346361474134028,0.99846351146698,0.00019019813043996692
7707,2,1,1,0.024046732112765312,0.9658107161521912,0.010142529383301735
7709,3,1,0,0.9602494835853577,0.007304948288947344,0.03244556114077568
7710,2,1,1,0.3041563928127289,0.6182834506034851,0.0775601789355278
7711,1,1,0,0.7528908848762512,0.1386033445596695,0.1085057333111763
7712,2,1,1,0.00010893905709963292,0.9996629953384399,0.00022807432105764747
7713,4,2,0,0.7415024042129517,0.02332502231001854,0.2351725548505783
7714,4,2,0,0.5312376022338867,0.30708467960357666,0.16167773306369781
7715,3,2,2,0.17583037912845612,0.017198074609041214,0.806971549987793
7716,2,0,0,0.9645637273788452,0.011755728162825108,0.023680604994297028
7717,2,2,2,2.473011045367457e-05,4.388280103739817e-06,0.9999709129333496
7719,4,0,0,0.8749837279319763,0.07673292607069016,0.04828337952494621
7720,4,1,1,0.0007347135106101632,0.9991031885147095,0.00016214676725212485
7721,2,2,0,0.9226576685905457,0.015437150374054909,0.06190523877739906
7722,0,1,1,0.04912763461470604,0.9385911822319031,0.012281165458261967
7723,0,0,0,0.6129783987998962,0.050568837672472,0.336452841758728
7724,3,0,0,0.8645180463790894,0.08484603464603424,0.050635844469070435
7726,1,2,2,0.42618367075920105,0.006726640742272139,0.5670896768569946
7727,4,1,0,0.681284487247467,0.09906341135501862,0.21965208649635315
7728,4,2,0,0.6755760312080383,0.3170267641544342,0.007397226523607969
7730,2,0,0,0.9410771131515503,0.006217360962182283,0.052705518901348114
7731,0,0,1,0.36431387066841125,0.44370967149734497,0.19197653234004974
7733,1,2,0,0.8091119527816772,0.07447106391191483,0.11641697585582733
7734,3,0,0,0.9453800916671753,0.011372247710824013,0.043247684836387634
7735,3,0,0,0.8294105529785156,0.13760407269001007,0.03298533335328102
7736,2,1,0,0.7053765654563904,0.28214311599731445,0.012480342760682106
7737,2,1,0,0.7306226491928101,0.18457509577274323,0.08480225503444672
7738,2,0,0,0.7415657043457031,0.014504370279610157,0.2439299374818802
7740,0,0,0,0.8732889294624329,0.04152075573801994,0.0851903036236763
7741,4,1,0,0.7539037466049194,0.12775462865829468,0.11834163963794708
7743,2,0,0,0.8590803742408752,0.03539825603365898,0.10552135854959488
7744,3,2,2,0.013348021544516087,0.004682580474764109,0.9819693565368652
7746,0,0,0,0.7024263739585876,0.029004257172346115,0.2685694396495819
7747,0,0,0,0.8565375208854675,0.07605893909931183,0.06740354001522064
7748,1,1,0,0.8658886551856995,0.10208924859762192,0.032022152096033096
7749,1,1,0,0.5323204398155212,0.39532870054244995,0.0723508894443512
7750,1,0,0,0.8639345765113831,0.10705221444368362,0.029013168066740036
7751,0,0,0,0.7822445034980774,0.09600181877613068,0.12175369262695312
7752,0,1,0,0.7419378161430359,0.06367013603448868,0.19439202547073364
7753,2,0,0,0.652098536491394,0.05748320743441582,0.2904182970523834
7754,2,1,1,5.899423740629572e-06,0.9999935626983643,4.947013394485111e-07
7755,4,1,0,0.6457359790802002,0.2906179428100586,0.06364613026380539
7757,4,0,0,0.9318772554397583,0.012953574769198895,0.055169183760881424
7758,4,0,0,0.9371494054794312,0.021887479349970818,0.04096314683556557
7759,4,2,0,0.6605790853500366,0.049585793167352676,0.28983503580093384
7760,4,0,2,0.3787515461444855,0.04461035504937172,0.5766381621360779
7761,0,2,0,0.714433491230011,0.2087477147579193,0.0768187940120697
7762,2,1,0,0.7784069180488586,0.17811286449432373,0.043480243533849716
7764,1,2,2,0.2989158034324646,0.11432264745235443,0.5867615342140198
7765,1,1,1,0.03949334844946861,0.9586219191551208,0.0018846902530640364
7766,2,0,0,0.8260824680328369,0.08910596370697021,0.08481157571077347
7767,1,1,1,0.0013090769061818719,0.9986571073532104,3.38368299708236e-05
7769,2,1,1,0.34872445464134216,0.6116544008255005,0.03962114825844765
7770,0,1,0,0.54195636510849,0.42367660999298096,0.03436703607439995
7771,1,1,1,0.07646580040454865,0.9190532565116882,0.0044809491373598576
7773,4,1,0,0.7493491172790527,0.14723512530326843,0.10341569036245346
7774,3,1,1,0.28065726161003113,0.6905368566513062,0.028805863112211227
7775,0,1,1,0.003949271515011787,0.9959612488746643,8.951558265835047e-05
7776,1,0,0,0.76385498046875,0.12515991926193237,0.11098501831293106
7778,3,2,2,0.0012255484471097589,0.020097987726330757,0.9786764979362488
7779,2,2,2,0.0028436521533876657,0.06678860634565353,0.930367648601532
7781,4,0,0,0.8499956727027893,0.04217668995261192,0.10782765597105026
7782,2,0,0,0.8696938157081604,0.015355772338807583,0.11495040357112885
7783,0,0,0,0.8284438848495483,0.09978877007961273,0.0717674270272255
7784,0,0,0,0.859618067741394,0.02246546559035778,0.11791642755270004
7785,0,2,0,0.8771328330039978,0.06532392650842667,0.057543251663446426
7787,1,0,0,0.9021298885345459,0.03283335641026497,0.06503667682409286
7788,4,2,0,0.7974898815155029,0.003397365566343069,0.19911278784275055
7789,1,0,0,0.5989946126937866,0.03226907178759575,0.3687363266944885
7790,4,2,0,0.5402433276176453,0.32974621653556824,0.1300104260444641
7791,3,1,0,0.9029929041862488,0.042397744953632355,0.05460932105779648
7792,0,0,0,0.8801099061965942,0.03301502764225006,0.08687503635883331
7793,4,0,0,0.7179895639419556,0.09882965683937073,0.1831808239221573
7794,2,1,1,0.0009969451930373907,0.9987094402313232,0.00029358459869399667
7795,4,1,1,0.02992657944560051,0.968393862247467,0.0016796374693512917
7796,3,2,0,0.7946997284889221,0.08920476585626602,0.11609554290771484
7797,1,1,0,0.5687958002090454,0.39799681305885315,0.033207397907972336
7800,2,1,0,0.596295952796936,0.07565240561962128,0.3280515670776367
7801,3,1,2,0.15263453125953674,0.027999643236398697,0.8193658590316772
7802,1,2,1,0.46991103887557983,0.4758094847202301,0.05427945777773857
7804,1,1,0,0.855535089969635,0.06353114545345306,0.08093380928039551
7806,3,1,1,0.0013568656286224723,0.9984908103942871,0.00015228243137244135
7807,3,0,0,0.9566816091537476,0.01388570573180914,0.02943267486989498
7808,1,0,0,0.795015811920166,0.05649428814649582,0.14848987758159637
7809,4,2,0,0.87874436378479,0.05033542960882187,0.07092010974884033
7810,3,0,0,0.6401059627532959,0.29015764594078064,0.06973635405302048
7812,0,2,2,0.0015137342270463705,0.0022725227754563093,0.9962137341499329
7813,1,2,0,0.7045769691467285,0.029505344107747078,0.26591774821281433
7815,0,2,0,0.6976327896118164,0.17626218497753143,0.12610505521297455
7816,4,0,0,0.7487022280693054,0.18169093132019043,0.06960689276456833
7817,3,1,1,0.00893209595233202,0.9868992567062378,0.0041687157936394215
7818,4,0,0,0.8861048221588135,0.03276583552360535,0.08112934976816177
7819,4,2,0,0.5497413873672485,0.02285303734242916,0.42740559577941895
7820,1,0,0,0.893997073173523,0.04664590209722519,0.059356942772865295
7821,2,0,0,0.5135276317596436,0.05764566361904144,0.4288266599178314
7822,3,1,1,0.045819491147994995,0.9528983235359192,0.001282120356336236
7823,0,1,1,0.001227955217473209,0.9986348748207092,0.00013716373359784484
7824,0,1,0,0.8225347995758057,0.0840597003698349,0.09340543299913406
7825,2,0,0,0.6174782514572144,0.020154127851128578,0.3623676598072052
7826,4,0,0,0.7935324907302856,0.003562747500836849,0.20290473103523254
7827,1,0,0,0.6502845287322998,0.06886468827724457,0.28085073828697205
7828,0,1,1,0.0002593779645394534,0.6156668066978455,0.38407382369041443
7829,2,1,1,0.001408545533195138,0.9983413219451904,0.0002500626433175057
7831,3,2,0,0.5689310431480408,0.027124544605612755,0.4039444029331207
7832,3,0,0,0.911842405796051,0.025818057358264923,0.06233956664800644
7833,2,0,0,0.568446159362793,0.32780858874320984,0.10374530404806137
7835,2,1,1,0.010061845183372498,0.9894318580627441,0.0005063202115707099
7836,2,0,0,0.864065408706665,0.03661809489130974,0.09931640326976776
7838,1,1,1,0.1098351702094078,0.8810349106788635,0.00912997405976057
7839,2,0,0,0.5036118030548096,0.4304719865322113,0.06591618061065674
7840,2,2,2,0.008406010456383228,0.008784870617091656,0.9828091263771057
7842,1,1,1,2.8989952625124715e-06,0.9999961853027344,8.967489293354447e-07
7843,1,1,1,0.3926928639411926,0.5860379934310913,0.021269092336297035
7844,0,1,0,0.6396901607513428,0.31136786937713623,0.0489419624209404
7845,2,2,0,0.7502930164337158,0.17445577681064606,0.07525121420621872
7846,1,1,1,7.204261692095315e-06,0.9999910593032837,1.758572011567594e-06
7847,2,2,0,0.7485795021057129,0.05642404779791832,0.19499646127223969
7848,4,0,0,0.8895859718322754,0.013927772641181946,0.09648622572422028
7849,2,1,0,0.4946112036705017,0.29131263494491577,0.21407613158226013
7850,2,0,0,0.9305890798568726,0.009718512184917927,0.05969240516424179
7851,1,2,0,0.7184870839118958,0.09430932253599167,0.18720361590385437
7852,0,2,2,0.08747590333223343,0.016339313238859177,0.8961847424507141
7853,4,2,2,0.00023358302132692188,4.882531720795669e-05,0.9997175335884094
7856,4,0,0,0.8125784993171692,0.1261959671974182,0.06122545525431633
7857,0,0,0,0.7652860283851624,0.1344008445739746,0.10031310468912125
7858,4,1,0,0.6770796775817871,0.2749764323234558,0.04794386774301529
7859,2,1,1,0.39159613847732544,0.5857204794883728,0.02268334850668907
7860,3,1,1,0.013476613909006119,0.9852802157402039,0.0012431617360562086
7862,1,1,1,0.03810414299368858,0.9575626850128174,0.004333206918090582
7863,1,1,1,0.40990501642227173,0.5140480995178223,0.0760469064116478
7864,1,1,0,0.6799557209014893,0.1808643490076065,0.13917993009090424
7865,4,2,0,0.7823825478553772,0.04876404255628586,0.16885338723659515
7866,0,1,1,0.0732501894235611,0.9254245758056641,0.0013252142816781998
7867,2,0,2,0.32689428329467773,0.0008034518687054515,0.6723023056983948
7868,2,2,1,0.38722848892211914,0.4974742531776428,0.11529717594385147
7869,3,1,1,0.000234812920098193,0.9996657371520996,9.951474203262478e-05
7870,3,1,0,0.7295520901679993,0.1712367683649063,0.09921114146709442
7871,0,1,1,0.08303257077932358,0.8412341475486755,0.07573328167200089
7872,2,1,1,0.0036704542580991983,0.9958868622779846,0.0004426378582138568
7873,1,0,0,0.8810756802558899,0.02804648131132126,0.09087781608104706
7874,3,1,0,0.5077775716781616,0.2541053593158722,0.23811709880828857
7876,2,0,0,0.833199143409729,0.08315414190292358,0.08364672213792801
7877,1,1,1,0.03172451630234718,0.9625710248947144,0.005704453215003014
7878,0,1,1,0.0012796979863196611,0.99835604429245,0.00036420210381038487
7879,1,0,0,0.8313508629798889,0.08620352298021317,0.08244561403989792
7880,1,1,0,0.8298583030700684,0.00864027813076973,0.16150137782096863
7881,3,2,2,0.38302016258239746,0.07799253612756729,0.5389873385429382
7882,2,0,0,0.8749734163284302,0.0870833694934845,0.037943243980407715
7883,3,1,1,3.4669844808377093e-06,0.9999964237213135,1.3965673417715152e-07
7884,3,1,1,0.013005241751670837,0.986370861530304,0.0006238974165171385
7885,1,1,1,3.2221774745266885e-05,0.9998805522918701,8.72356686159037e-05
7886,3,2,0,0.676312267780304,0.113021120429039,0.210666686296463
7887,4,1,0,0.8678760528564453,0.04600311815738678,0.08612079918384552
7888,2,1,1,0.0034201417583972216,0.9884030222892761,0.008176888339221478
7889,1,2,0,0.7003119587898254,0.13307544589042664,0.1666126251220703
7890,1,0,1,0.13136622309684753,0.8658567667007446,0.0027769911102950573
7893,0,0,0,0.8672851324081421,0.011804084293544292,0.12091083079576492
7895,3,0,0,0.7836493849754333,0.03726505860686302,0.17908555269241333
7896,1,0,0,0.7468851208686829,0.07459447532892227,0.17852041125297546
7897,2,0,0,0.9196107387542725,0.001294088433496654,0.07909515500068665
7899,4,1,1,0.004342421889305115,0.9922400712966919,0.0034175096079707146
7900,1,1,1,0.03216108679771423,0.9673063158988953,0.0005326535319909453
7901,3,0,0,0.647943913936615,0.011914058588445187,0.34014204144477844
7902,0,0,0,0.8209465742111206,0.05452529340982437,0.12452811002731323
7903,4,0,0,0.894095778465271,0.041133854538202286,0.06477037072181702
7904,2,1,0,0.699350118637085,0.13617192208766937,0.16447798907756805
7906,2,1,0,0.7854549884796143,0.04526272416114807,0.16928227245807648
7907,4,0,0,0.6915123462677002,0.1393437683582306,0.16914387047290802
7908,0,2,0,0.8703146576881409,0.006025176495313644,0.12366021424531937
7909,4,0,0,0.9518202543258667,0.0052349139004945755,0.04294488951563835
7911,1,1,0,0.7084665298461914,0.13970141112804413,0.15183210372924805
7912,0,2,0,0.6560092568397522,0.09277185052633286,0.25121888518333435
7913,4,1,0,0.8503091335296631,0.12567810714244843,0.02401282638311386
7914,4,1,1,9.991383194574155e-06,0.9999873638153076,2.6511568194109714e-06
7915,1,0,0,0.9035271406173706,0.03687571734189987,0.059597086161375046
7916,0,1,1,0.00017222836322616786,0.999792754650116,3.504565393086523e-05
7917,4,1,0,0.7970901131629944,0.024378933012485504,0.1785309910774231
7919,2,1,1,0.06797350943088531,0.9286245107650757,0.00340191344730556
7920,4,0,0,0.859272301197052,0.04757137596607208,0.09315639734268188
7921,0,2,0,0.7175177931785583,0.07256781309843063,0.2099144160747528
7922,4,2,0,0.6024490594863892,0.35456982254981995,0.042981140315532684
7923,4,0,0,0.7353785037994385,0.14497041702270508,0.11965110898017883
7924,0,2,0,0.6774323582649231,0.041304707527160645,0.28126299381256104
7925,3,1,1,0.2240886092185974,0.5745384097099304,0.20137299597263336
7927,2,0,0,0.6588584184646606,0.3142143785953522,0.026927227154374123
7928,0,1,1,1.1806429029093124e-05,0.9999878406524658,3.179083023496787e-07
7929,0,0,0,0.8550801277160645,0.031937431544065475,0.11298249661922455
7933,3,0,0,0.6822989583015442,0.0711066722869873,0.24659430980682373
7934,4,0,0,0.8097745180130005,0.05703682079911232,0.1331886649131775
7935,1,1,1,0.0036163046024739742,0.9963051080703735,7.861213089199737e-05
7936,4,1,0,0.757549524307251,0.22215408086776733,0.02029642090201378
7937,4,1,0,0.6189269423484802,0.014013604260981083,0.3670594394207001
7938,3,1,1,5.0713160817394964e-06,0.9999948740005493,8.391685923925252e-08
7939,4,2,0,0.7940239906311035,0.06609591841697693,0.13988012075424194
7940,2,0,0,0.7469019889831543,0.1688094139099121,0.08428855985403061
7941,1,1,1,0.0034667314030230045,0.9960021376609802,0.0005310959531925619
7942,1,0,0,0.9046350121498108,0.03253958001732826,0.06282544136047363
7943,3,0,2,0.3437042534351349,0.17958223819732666,0.47671347856521606
7945,4,0,0,0.8145970702171326,0.06165836378931999,0.12374464422464371
7946,1,2,0,0.8009047508239746,0.0681842491030693,0.13091103732585907
7947,2,0,0,0.8174513578414917,0.0669310986995697,0.11561750620603561
7948,1,0,0,0.7298686504364014,0.2078372985124588,0.06229405477643013
7949,0,1,1,0.05779936537146568,0.9395942091941833,0.002606357214972377
7951,3,2,0,0.5100480914115906,0.16100050508975983,0.3289513885974884
7952,2,0,0,0.8046513795852661,0.03333733603358269,0.1620112657546997
7953,2,2,2,0.24593697488307953,0.0709904357790947,0.683072566986084
7954,3,0,0,0.9932287931442261,0.00420165853574872,0.0025695443619042635
7955,3,2,0,0.8793683648109436,0.048726052045822144,0.07190558314323425
7957,2,0,1,0.002090447349473834,0.9974332451820374,0.000476273475214839
7958,2,0,0,0.9334602952003479,0.0034876703284680843,0.06305211782455444
7960,4,1,0,0.8206848502159119,0.12571395933628082,0.053601209074258804
7961,3,2,0,0.47802987694740295,0.1135176494717598,0.40845248103141785
7963,3,1,1,0.00011204024485778064,0.9998059868812561,8.194959809770808e-05
7964,1,0,0,0.908120334148407,0.0076643554493784904,0.08421535789966583
7965,4,1,0,0.9177660346031189,0.01398836262524128,0.06824567914009094
7966,2,1,1,1.39507415042317e-06,0.9999980926513672,4.690459718403872e-07
7967,3,2,0,0.5559998750686646,0.008991989307105541,0.43500813841819763
7968,3,2,0,0.5276720523834229,0.2693726718425751,0.20295526087284088
7969,1,1,0,0.8004868030548096,0.07881809026002884,0.12069503217935562
7970,1,2,0,0.7383796572685242,0.008919993415474892,0.2527003586292267
7971,1,1,1,3.675609150377568e-06,0.999991774559021,4.491903837333666e-06
7972,4,2,0,0.9733617901802063,0.006693451199680567,0.01994478702545166
7973,0,0,0,0.9186824560165405,0.059510890394449234,0.021806588396430016
7974,2,0,1,0.363166868686676,0.5180354118347168,0.11879773437976837
7977,1,2,2,0.0024647966492921114,0.06354651600122452,0.9339886903762817
7979,3,1,1,8.69808136485517e-05,0.9999046325683594,8.339863597939257e-06
7982,3,0,0,0.9452751278877258,0.008915111422538757,0.045809682458639145
7983,0,0,0,0.8033696413040161,0.052885133773088455,0.1437452882528305
7984,1,2,2,0.2767673432826996,0.03518008813261986,0.6880525946617126
7986,1,0,0,0.822958767414093,0.019945329055190086,0.15709595382213593
7988,0,2,0,0.5938783884048462,0.22194047272205353,0.1841810941696167
7989,4,0,0,0.9102243781089783,0.011547069996595383,0.07822848856449127
7990,4,0,0,0.9280216097831726,0.0037495512515306473,0.06822891533374786
7991,2,2,0,0.5523276925086975,0.0254269540309906,0.4222453534603119
7992,0,0,0,0.5018858909606934,0.4039342999458313,0.09417977184057236
7994,4,0,0,0.9474181532859802,0.019225550815463066,0.03335637226700783
7995,2,0,1,0.3911983072757721,0.572616457939148,0.036185234785079956
7997,4,1,1,0.0006715958588756621,0.9993098974227905,1.849313048296608e-05
7998,1,0,0,0.8161157369613647,0.023567743599414825,0.16031652688980103
7999,2,0,0,0.8858122825622559,0.02083105780184269,0.09335669130086899
8001,0,2,2,0.04158013314008713,0.0008309003314934671,0.9575889110565186
8002,3,0,0,0.8080727458000183,0.12840327620506287,0.06352397054433823
8003,4,0,0,0.48435062170028687,0.3780972957611084,0.13755202293395996
8004,4,2,0,0.7494201064109802,0.11744753271341324,0.13313230872154236
8005,3,1,2,0.00011930241453228518,0.00111518451012671,0.9987655878067017
8006,3,0,0,0.5145919322967529,0.015062273479998112,0.47034576535224915
8009,2,0,0,0.8625221252441406,0.07188092172145844,0.06559696793556213
8010,2,0,0,0.8919755220413208,0.0925387516617775,0.015485708601772785
8011,4,0,0,0.6302207708358765,0.3283931612968445,0.04138599708676338
8012,1,1,1,0.40990501642227173,0.5140480995178223,0.0760469064116478
8013,1,0,0,0.7143694758415222,0.1864379644393921,0.0991925597190857
8014,2,0,0,0.7709155678749084,0.00433338200673461,0.2247510850429535
8015,2,0,0,0.7154346704483032,0.09216529130935669,0.1924000382423401
8016,2,0,0,0.9367452263832092,0.010019224137067795,0.05323547124862671
8017,3,1,1,0.00035295754787512124,0.9995973706245422,4.965075640939176e-05
8018,1,2,2,0.0010216098744422197,0.0007050583953969181,0.9982732534408569
8019,2,2,0,0.9036090970039368,0.022506941109895706,0.07388400286436081
8020,1,0,0,0.8226690292358398,0.05975331738591194,0.11757761240005493
8021,4,0,0,0.6836621165275574,0.14592644572257996,0.17041143774986267
8022,1,0,2,0.39463430643081665,0.039620883762836456,0.5657448172569275
8023,1,2,2,0.004363765474408865,0.009246333502233028,0.9863899350166321
8024,2,2,0,0.9186679720878601,0.01612642966210842,0.06520562618970871
8025,4,0,0,0.7532504200935364,0.17584997415542603,0.07089966535568237
8026,0,1,0,0.8704566359519958,0.03265136480331421,0.09689197689294815
8027,0,0,2,0.4562745690345764,0.06946570426225662,0.4742596447467804
8028,2,0,0,0.7390676140785217,0.07825198024511337,0.18268045783042908
8029,4,0,0,0.9080396890640259,0.03515966609120369,0.05680070072412491
8030,0,0,0,0.8495946526527405,0.01565452292561531,0.1347508728504181
8031,4,0,0,0.8794429302215576,0.05995086953043938,0.0606062188744545
8032,4,0,0,0.7027275562286377,0.18355806171894073,0.11371442675590515
8033,2,1,0,0.8053770065307617,0.04192781075835228,0.1526951789855957
8034,2,0,1,0.2469261735677719,0.6278550028800964,0.12521882355213165
8035,0,2,0,0.7571454644203186,0.10549812763929367,0.13735629618167877
8037,2,0,0,0.502412736415863,0.06490734219551086,0.4326799511909485
8038,2,1,1,0.01474201399832964,0.9851266741752625,0.00013125910481903702
8039,4,1,1,0.02054605633020401,0.9782156348228455,0.001238325727172196
8040,2,1,1,0.0003285650454927236,0.9996377229690552,3.373013169039041e-05
8041,2,2,2,0.139444962143898,0.004461419302970171,0.8560936450958252
8042,0,0,0,0.8988754749298096,0.007972127757966518,0.09315237402915955
8043,3,2,2,0.02723439410328865,0.07543602585792542,0.8973296284675598
8044,3,0,0,0.8270759582519531,0.03473734110593796,0.1381867229938507
8045,2,0,0,0.942173421382904,0.02958933636546135,0.02823716588318348
8046,3,1,1,0.0005646368954330683,0.9994283318519592,6.963337000343017e-06
8047,3,1,1,0.003399946726858616,0.9963823556900024,0.00021769030718132854
8048,3,0,0,0.8832429647445679,0.030265165492892265,0.08649184554815292
8049,0,0,0,0.9113459587097168,0.002349221147596836,0.08630480617284775
8050,1,1,0,0.7101582884788513,0.23346033692359924,0.056381404399871826
8051,1,1,1,0.08493556082248688,0.9102449417114258,0.00481946999207139
8052,3,1,1,6.662403757218271e-05,0.9999278783798218,5.479144419950899e-06
8053,4,2,2,0.0002586101763881743,0.00033132085809484124,0.9994100332260132
8054,0,0,0,0.6432091593742371,0.18350739777088165,0.17328348755836487
8055,0,1,1,0.1470765471458435,0.8481391072273254,0.004784323275089264
8057,4,1,0,0.5512928366661072,0.4080909192562103,0.0406162329018116
8058,3,0,0,0.8298804759979248,0.036363232880830765,0.13375632464885712
8059,1,0,1,0.12221168726682663,0.871465802192688,0.0063224295154213905
8063,1,2,0,0.5342550873756409,0.010491401888430119,0.4552535116672516
8066,0,0,0,0.8109163045883179,0.0946546345949173,0.09442906081676483
8067,2,1,1,0.00011760092456825078,0.9998762607574463,6.078756086935755e-06
8069,2,2,0,0.9061033725738525,0.008625689893960953,0.0852709636092186
8070,1,1,1,0.000639441073872149,0.9992383718490601,0.00012216587492730469
8071,3,2,0,0.7226946949958801,0.00955444760620594,0.26775091886520386
8072,2,0,0,0.8669044375419617,0.0014120738487690687,0.13168351352214813
8073,0,0,0,0.8494768738746643,0.028284426778554916,0.12223868072032928
8074,2,2,1,0.0455622673034668,0.9537041187286377,0.000733542547095567
8075,1,1,0,0.6753584742546082,0.2530829608440399,0.07155858725309372
8076,4,2,1,0.3993993103504181,0.48458045721054077,0.11602022498846054
8078,2,2,2,0.07052024453878403,0.002373984782025218,0.9271057844161987
8079,1,0,0,0.9689609408378601,0.015917660668492317,0.015121415257453918
8080,3,1,1,0.21355856955051422,0.7754560708999634,0.010985317640006542
8081,4,1,0,0.48612138628959656,0.4008888304233551,0.11298982053995132
8083,4,2,0,0.8386179208755493,0.012881839647889137,0.14850015938282013
8085,4,0,0,0.5021684765815735,0.4093506932258606,0.08848085254430771
8088,0,1,1,0.0022590721491724253,0.997479259967804,0.0002616793499328196
8090,1,2,0,0.7199594378471375,0.14602339267730713,0.13401712477207184
8091,3,1,1,0.06559932231903076,0.9317334890365601,0.0026672077365219593
8092,0,0,0,0.753331184387207,0.2087743878364563,0.037894416600465775
8093,0,0,0,0.7971494197845459,0.07120665907859802,0.13164395093917847
8094,2,2,0,0.700157105922699,0.025332966819405556,0.27450990676879883
8096,1,2,0,0.711560845375061,0.17286813259124756,0.11557094007730484
8097,0,1,0,0.6373313069343567,0.2744186818599701,0.08825000375509262
8099,3,1,0,0.7389335632324219,0.0975891500711441,0.16347725689411163
8100,1,1,2,0.3066521883010864,0.15761001408100128,0.5357378125190735
8101,0,0,0,0.6143476366996765,0.022615769878029823,0.3630366325378418
8102,3,1,1,0.05570331588387489,0.9413897395133972,0.0029069369193166494
8103,3,1,1,0.00020795853924937546,0.9997621178627014,2.991153633047361e-05
8104,1,1,1,0.3722584545612335,0.4454299211502075,0.18231162428855896
8106,1,0,0,0.9450173377990723,0.003583359532058239,0.05139932781457901
8107,2,1,1,8.832650928525254e-05,0.9997324347496033,0.00017919624224305153
8108,3,1,0,0.8821578025817871,0.05247058346867561,0.06537163257598877
8109,3,1,1,0.00011097369133494794,0.9998884201049805,5.346532248040603e-07
8110,1,2,1,0.347124844789505,0.6345935463905334,0.01828167773783207
8111,0,0,0,0.8525220155715942,0.04105979949235916,0.1064181700348854
8112,3,1,1,0.0018002104479819536,0.9981422424316406,5.7571582146920264e-05
8113,2,1,0,0.7824779152870178,0.15855152904987335,0.05897059291601181
8115,2,1,0,0.8149406909942627,0.07397262006998062,0.11108667403459549
8117,4,0,0,0.7198301553726196,0.07007203251123428,0.21009773015975952
8119,3,0,0,0.8730607628822327,0.010527979582548141,0.11641117930412292
8120,3,1,1,0.31463122367858887,0.6620820164680481,0.023286789655685425
8121,0,0,0,0.6623327136039734,0.24321722984313965,0.09445002675056458
8122,0,0,0,0.7897166609764099,0.0279341172426939,0.18234916031360626
8123,4,2,0,0.701056718826294,0.11269911378622055,0.18624410033226013
8124,3,1,1,0.0043225414119660854,0.9951488375663757,0.0005286356899887323
8125,3,0,0,0.722878634929657,0.021983785554766655,0.25513756275177
8126,1,2,2,0.0029649497009813786,0.003125691320747137,0.9939093589782715
8128,3,0,0,0.6721162796020508,0.0526970811188221,0.2751866579055786
8130,1,0,0,0.871237576007843,0.08197038620710373,0.04679206386208534
8131,1,1,1,0.4463566243648529,0.5204171538352966,0.033226221799850464
8132,4,0,0,0.8079129457473755,0.03669536113739014,0.155391663312912
8133,1,0,0,0.8087977170944214,0.046265773475170135,0.1449364572763443
8134,3,1,1,0.40447625517845154,0.5911388993263245,0.004384827800095081
8136,4,0,0,0.7590306401252747,0.006229358725249767,0.2347399741411209
8137,2,1,0,0.7464156746864319,0.07280124723911285,0.18078309297561646
8139,4,0,0,0.7591926455497742,0.008100923150777817,0.23270641267299652
8141,0,0,0,0.749876856803894,0.02815721370279789,0.22196592390537262
8142,3,1,1,8.859835247676529e-07,0.9999979734420776,1.1798854302469408e-06
8145,0,0,2,0.2661966383457184,0.010762554593384266,0.723040759563446
8146,2,0,0,0.9361182451248169,0.021370764821767807,0.04251095652580261
8147,0,0,0,0.8951014280319214,0.0125508401542902,0.09234762191772461
8148,1,0,0,0.8880912661552429,0.04592759907245636,0.06598123908042908
8149,3,1,0,0.7999293804168701,0.05049098655581474,0.14957962930202484
8151,2,0,0,0.9185581207275391,0.025540553033351898,0.055901288986206055
8153,1,0,1,8.9402383309789e-05,0.9998995065689087,1.1029791494365782e-05
8154,4,1,0,0.4866873323917389,0.4703763425350189,0.0429363027215004
8155,3,0,2,0.23195365071296692,0.013254924677312374,0.7547914385795593
8156,2,0,0,0.7996926307678223,0.11673448979854584,0.0835728570818901
8157,2,1,0,0.8686210513114929,0.09171468019485474,0.03966427221894264
8158,1,0,2,0.08684218674898148,0.012957129627466202,0.9002007246017456
8159,0,1,0,0.48126810789108276,0.3958529233932495,0.12287899851799011
8160,4,1,0,0.8769725561141968,0.047739192843437195,0.07528825849294662
8161,0,0,0,0.9501249194145203,0.005210280418395996,0.0446649007499218
8162,2,0,2,0.08838783204555511,0.0017158105038106441,0.9098963141441345
8163,1,2,2,9.799923282116652e-05,0.00013493039296008646,0.9997671246528625
8164,2,0,0,0.573768138885498,0.01754157245159149,0.40869033336639404
8166,0,0,0,0.5155583620071411,0.43483659625053406,0.049605000764131546
8167,1,1,1,0.00017875066259875894,0.9997605681419373,6.0664333432214335e-05
8168,2,0,0,0.8806836605072021,0.023464372381567955,0.09585189074277878
8170,1,0,2,0.3458952307701111,0.12359549850225449,0.5305092334747314
8171,3,0,1,0.26779061555862427,0.5489306449890137,0.18327872455120087
8172,0,0,0,0.9532694220542908,0.0030281131621450186,0.043702416121959686
8173,1,0,0,0.5678421258926392,0.31205451488494873,0.12010329961776733
8174,3,0,0,0.4895801842212677,0.3314746618270874,0.1789451241493225
8175,0,0,0,0.5985349416732788,0.02628311701118946,0.3751819431781769
8176,0,0,0,0.8989483118057251,0.04094419628381729,0.0601075179874897
8177,1,0,0,0.6470335125923157,0.23579229414463043,0.11717411875724792
8178,0,1,1,0.0006444238242693245,0.9993376135826111,1.798002267605625e-05
8179,3,0,0,0.8655577301979065,0.05879341810941696,0.07564886659383774
8180,0,1,1,0.00017393601592630148,0.9998180270195007,8.033896847337019e-06
8181,0,1,1,0.0015221742214635015,0.998127281665802,0.0003505320055410266
8183,3,2,2,0.0006568515673279762,0.006860204506665468,0.9924829602241516
8184,1,0,0,0.7968674898147583,0.032347701489925385,0.17078480124473572
8185,1,1,1,1.280811738979537e-05,0.9999837875366211,3.3466376407886855e-06
8186,2,0,0,0.6570823788642883,0.060149308294057846,0.2827683389186859
8187,0,1,1,0.0028742370195686817,0.9970515966415405,7.420744077535346e-05
8188,4,0,2,0.35450464487075806,0.06136214733123779,0.5841332674026489
8189,3,0,0,0.8064047694206238,0.14950837194919586,0.044086821377277374
8190,0,1,1,2.6579930363368476e-06,0.9999972581863403,5.78311656340702e-08
8192,4,1,1,5.032667104387656e-05,0.9999476671218872,2.0272402707632864e-06
8194,3,1,0,0.708741307258606,0.19034312665462494,0.1009155884385109
8195,1,1,0,0.9486937522888184,0.010006221942603588,0.04129999130964279
8196,0,0,0,0.8283646702766418,0.009319222532212734,0.16231611371040344
8197,1,0,0,0.7706316113471985,0.07860128581523895,0.15076708793640137
8199,0,0,0,0.6822853684425354,0.047909460961818695,0.2698052227497101
8200,4,0,0,0.6984338164329529,0.23253776133060455,0.06902839243412018
8201,4,0,0,0.9490305185317993,0.014029239304363728,0.0369403250515461
8203,2,1,0,0.7301919460296631,0.22810418903827667,0.04170379787683487
8204,2,0,0,0.9229223132133484,0.02262810990214348,0.05444957688450813
8205,0,1,1,0.432577908039093,0.47540178894996643,0.09202027320861816
8206,4,2,2,0.042326197028160095,0.018006356433033943,0.9396674036979675
8207,3,0,1,0.1739375740289688,0.8044643402099609,0.02159806713461876
8208,3,0,0,0.6413628458976746,0.22917112708091736,0.12946602702140808
8209,1,0,0,0.7551713585853577,0.037550099194049835,0.2072785198688507
8210,1,0,0,0.8039835095405579,0.12492429465055466,0.0710921585559845
8211,3,0,0,0.9652748107910156,0.007033337373286486,0.027691876515746117
8212,0,0,0,0.7536531686782837,0.13799647986888885,0.10835040360689163
8214,3,2,0,0.6205951571464539,0.15308351814746857,0.2263212949037552
8215,1,1,0,0.48719197511672974,0.47275814414024353,0.040049824863672256
8216,1,0,1,0.18784596025943756,0.5296181440353394,0.2825359106063843
8218,4,1,1,0.00737339211627841,0.9918072819709778,0.0008193005924113095
8219,1,0,0,0.7246527671813965,0.2499430775642395,0.025404231622815132
8220,2,0,0,0.9168787598609924,0.05353375896811485,0.029587505385279655
8221,0,1,1,0.003038213588297367,0.996777355670929,0.00018441663996782154
8222,3,1,2,0.39251092076301575,0.03986997529864311,0.5676190853118896
8223,4,1,1,0.0015717096393927932,0.9981610178947449,0.00026724301278591156
8224,0,0,0,0.8074148893356323,0.051276177167892456,0.1413089781999588
8226,4,2,2,0.15393564105033875,0.0028168815188109875,0.8432475328445435
8228,4,0,0,0.7536929249763489,0.16257251799106598,0.08373450487852097
8231,3,1,1,0.004095690790563822,0.9957633018493652,0.00014100901898927987
8232,2,0,0,0.8153911232948303,0.025357412174344063,0.15925143659114838
8233,4,0,0,0.8526474237442017,0.03782027214765549,0.10953234881162643
8234,3,0,0,0.8414025902748108,0.13272921741008759,0.025868162512779236
8235,1,0,0,0.8967269659042358,0.027231983840465546,0.07604105025529861
8237,3,0,0,0.7693561911582947,0.06857357174158096,0.16207025945186615
8238,1,1,1,0.00017206872871611267,0.9997389912605286,8.894440543372184e-05
8239,1,1,1,0.021596500650048256,0.9777718782424927,0.0006316344370134175
8240,2,0,0,0.5766215324401855,0.032573238015174866,0.3908052146434784
8242,0,0,0,0.8051895499229431,0.10596927255392075,0.08884112536907196
8243,2,0,0,0.893785834312439,0.028468914330005646,0.07774528115987778
8244,2,0,2,0.008845904842019081,0.0011986122699454427,0.9899554252624512
8245,4,0,0,0.49533921480178833,0.4843098223209381,0.020351026207208633
8246,0,1,1,0.1046798899769783,0.8704528212547302,0.024867279455065727
8250,4,0,0,0.9762235283851624,0.011448119767010212,0.012328293174505234
8254,1,0,1,0.32729166746139526,0.6133678555488586,0.059340495616197586
8255,0,0,0,0.6376956105232239,0.14537687599658966,0.21692752838134766
8256,1,0,2,0.336523175239563,0.012670415453612804,0.6508063673973083
8257,2,0,0,0.836393415927887,0.021028753370046616,0.14257781207561493
8258,2,1,2,0.0034260842949151993,0.0005485578440129757,0.9960253238677979
8259,2,1,1,0.014314272440969944,0.972561776638031,0.013123931363224983
8260,1,0,0,0.4803670644760132,0.08048716932535172,0.4391458034515381
8261,1,1,1,0.000508574943523854,0.9994705319404602,2.086219137709122e-05
8262,1,0,0,0.9295251965522766,0.03630926087498665,0.034165605902671814
8263,2,0,0,0.5261034965515137,0.013361013494431973,0.46053546667099
8264,1,0,2,0.10459040850400925,0.02018631063401699,0.8752233386039734
8265,2,1,1,0.01035907119512558,0.9886749982833862,0.0009659611387178302
8267,4,1,1,0.03917992487549782,0.9590936303138733,0.0017264499329030514
8268,4,0,0,0.6907721757888794,0.1854504644870758,0.12377732247114182
8269,3,0,0,0.6449390649795532,0.09886955469846725,0.2561914026737213
8270,0,0,0,0.7481397986412048,0.10863412171602249,0.14322607219219208
8272,2,0,0,0.7271924614906311,0.004162654280662537,0.26864486932754517
8273,3,0,1,0.41579949855804443,0.4282720685005188,0.15592841804027557
8274,1,0,0,0.6908727288246155,0.06827574223279953,0.2408515065908432
8275,2,0,0,0.4801139235496521,0.1411615014076233,0.3787246346473694
8276,3,0,0,0.9267188310623169,0.00955792237073183,0.06372322142124176
8278,4,1,1,0.0006984194624237716,0.9979616403579712,0.0013399303425103426
8279,2,1,1,3.1623817449144553e-06,0.999996542930603,3.096015745995828e-07
8280,0,0,0,0.6392689943313599,0.010370666161179543,0.35036027431488037
8281,1,0,0,0.665449857711792,0.23036552965641022,0.10418452322483063
8282,3,0,0,0.7180446982383728,0.058099739253520966,0.22385559976100922
8283,4,0,0,0.6774150729179382,0.27750617265701294,0.04507873207330704
8285,3,1,1,0.006525557488203049,0.9847803115844727,0.008694079704582691
8286,3,0,0,0.8143836259841919,0.04647879675030708,0.13913759589195251
8287,3,0,1,0.21226753294467926,0.6837886571884155,0.10394378006458282
8288,3,1,1,0.00417657196521759,0.9953201413154602,0.0005032310145907104
8290,0,0,0,0.980985701084137,0.008005987852811813,0.011008307337760925
8292,0,0,0,0.7783578038215637,0.11174856871366501,0.1098935604095459
8293,4,0,0,0.6541778445243835,0.20252977311611176,0.1432924121618271
8294,4,0,0,0.9156283736228943,0.032826442271471024,0.05154517665505409
8295,0,0,0,0.6482442021369934,0.23967143893241882,0.11208431422710419
8296,2,0,0,0.9072734713554382,0.006762781646102667,0.08596372604370117
8297,1,1,1,0.006951305083930492,0.9927839040756226,0.0002648445952218026
8299,4,1,0,0.7416720986366272,0.14897041022777557,0.10935751348733902
8301,2,0,0,0.9403884410858154,0.003481368999928236,0.056130267679691315
8303,1,2,2,2.7338955987943336e-08,5.752390279667452e-06,0.9999942779541016
8304,3,2,2,6.407440650946228e-06,0.0001842947385739535,0.9998093247413635
8305,2,2,2,7.46360928616241e-09,4.4367510554366163e-07,0.9999995231628418
8306,3,2,2,6.936564886927954e-07,2.4352515538339503e-05,0.9999749660491943
8307,4,2,2,4.297942837183655e-07,6.947455403860658e-05,0.9999300241470337
8309,3,2,2,2.812917728078901e-06,3.830136847682297e-05,0.999958872795105
8311,3,2,2,0.02295021153986454,0.008300113491714,0.9687497019767761
8312,0,0,0,0.9372164011001587,0.016142500564455986,0.04664114490151405
8313,1,2,2,1.457129769733001e-06,3.1630445391783724e-06,0.9999953508377075
8314,4,2,2,3.61843740392942e-05,0.00010523019591346383,0.9998584985733032
8315,1,2,2,1.1383407581888605e-05,3.444003368713311e-06,0.9999852180480957
8316,1,2,2,4.437409188540187e-06,2.4500715881003998e-05,0.9999710321426392
8317,2,2,2,0.007418707013130188,0.0006813695072196424,0.9918999671936035
8318,0,2,2,0.04907868802547455,0.014097325503826141,0.9368239045143127
8319,0,0,0,0.8476366996765137,0.045594651252031326,0.1067686453461647
8320,1,0,0,0.8675997853279114,0.050545211881399155,0.08185505867004395
8321,2,0,0,0.8831526637077332,0.006106603890657425,0.11074075847864151
8322,1,1,1,8.349128620466217e-06,0.9999897480010986,1.961968791874824e-06
8323,0,1,0,0.8645755052566528,0.03553953021764755,0.09988495707511902
8324,0,1,1,0.4059899151325226,0.5806082487106323,0.013401840813457966
8325,1,0,0,0.9408584237098694,0.021870531141757965,0.03727100044488907
8326,1,2,2,0.004330637399107218,0.020382795482873917,0.9752864837646484
8327,3,0,2,0.35846397280693054,0.014134114608168602,0.6274018287658691
8328,4,0,0,0.5126147270202637,0.320025235414505,0.16736003756523132
8330,2,0,0,0.6280912756919861,0.15793442726135254,0.21397428214550018
8331,1,0,2,0.005341154523193836,0.007022836711257696,0.9876360297203064
8332,2,0,0,0.8046922087669373,0.0077545917592942715,0.18755321204662323
8333,1,1,1,0.00010681799903977662,0.9998562335968018,3.697492866194807e-05
8334,1,0,1,0.25920045375823975,0.7379013299942017,0.0028982104267925024
8335,3,1,1,0.012233761139214039,0.9872042536735535,0.0005620209267362952
8336,3,1,0,0.7718087434768677,0.17082373797893524,0.0573674812912941
8337,1,1,1,0.07254855334758759,0.9204176068305969,0.007033858448266983
8338,1,0,0,0.8327353596687317,0.07692550867795944,0.09033911675214767
8339,4,0,0,0.7635996341705322,0.1509423702955246,0.0854579359292984
8340,4,0,1,0.01551202591508627,0.9821458458900452,0.0023420932702720165
8341,3,1,1,0.030797773972153664,0.9668315052986145,0.002370685338973999
8342,1,0,0,0.8001659512519836,0.08015082776546478,0.11968321353197098
8344,3,1,1,0.004657872021198273,0.9951578974723816,0.0001842364581534639
8345,0,0,0,0.8154242634773254,0.030471311882138252,0.15410441160202026
8346,3,0,1,0.02687853015959263,0.9692525863647461,0.0038688601925969124
8347,0,0,0,0.8020349144935608,0.10049799084663391,0.09746714681386948
8348,1,0,2,0.02327149175107479,0.00022442043700721115,0.9765040278434753
8349,3,0,0,0.8917675018310547,0.023608069866895676,0.08462439477443695
8350,0,0,0,0.7503215670585632,0.14832261204719543,0.10135579109191895
8352,3,1,0,0.8036925792694092,0.13597290217876434,0.060334544628858566
8353,0,0,0,0.916271448135376,0.028018860146403313,0.05570971593260765
8354,2,1,1,0.009521464817225933,0.9899619817733765,0.000516547414008528
8355,3,0,0,0.7714737057685852,0.039076220244169235,0.18945004045963287
8356,3,0,0,0.8347962498664856,0.03281952440738678,0.1323842853307724
8357,3,1,1,0.2466329038143158,0.7188007831573486,0.03456634655594826
8358,3,0,0,0.7723894119262695,0.1326533406972885,0.09495726227760315
8359,2,0,2,0.29616326093673706,0.2353723794221878,0.46846437454223633
8360,2,1,1,0.0031801448203623295,0.9961196184158325,0.0007002933998592198
8362,1,0,2,0.3841289281845093,0.02045377716422081,0.595417320728302
8363,2,0,0,0.5760725736618042,0.1321762055158615,0.2917512059211731
8365,2,0,1,0.0012523805489763618,0.604293704032898,0.39445388317108154
8367,2,0,0,0.8824996948242188,0.04683780297636986,0.0706624761223793
8368,4,0,1,0.19782251119613647,0.757147490978241,0.045030031353235245
8369,0,1,1,0.11185148358345032,0.8802880644798279,0.007860453799366951
8370,3,0,0,0.6704927086830139,0.12906646728515625,0.20044082403182983
8372,2,0,0,0.8029739856719971,0.08940292149782181,0.10762303322553635
8373,1,1,1,0.40990501642227173,0.5140480995178223,0.0760469064116478
8374,3,0,1,0.3241705298423767,0.6601517796516418,0.015677712857723236
8375,0,0,0,0.7983837127685547,0.04416820406913757,0.15744805335998535
8376,2,0,0,0.5133391618728638,0.4231356084346771,0.06352521479129791
8377,4,1,1,0.00224972702562809,0.9972993731498718,0.0004508751444518566
8378,0,0,0,0.5503410696983337,0.3383715748786926,0.11128737777471542
8379,2,1,1,0.008908015675842762,0.9899117350578308,0.0011802688241004944
8381,4,1,1,0.21334600448608398,0.7834556698799133,0.0031983100343495607
8382,2,1,1,0.0020152165088802576,0.9978029131889343,0.00018188807007391006
8383,4,0,0,0.9073067307472229,0.04418525472283363,0.04850802943110466
8384,3,0,0,0.5472779273986816,0.09286579489707947,0.3598563075065613
8385,1,0,0,0.6849297285079956,0.28187963366508484,0.033190757036209106
8386,4,0,0,0.7590606212615967,0.04308611899614334,0.197853222489357
8387,4,2,2,8.637728751637042e-05,0.004099082201719284,0.9958145022392273
8388,2,2,0,0.9846490025520325,0.006566849537193775,0.008784080855548382
8389,3,2,2,0.00014973341603763402,0.0001441215572413057,0.9997062087059021
8390,3,2,2,1.7098716853070073e-05,2.922404291894054e-06,0.9999799728393555
8391,2,2,2,2.679360932233976e-06,9.946805221261457e-06,0.9999874830245972
8392,1,2,2,1.1651372915366665e-05,4.667093435273273e-06,0.9999836683273315
8393,0,2,2,9.230018804373685e-06,1.7039144950103946e-05,0.9999737739562988
8396,1,2,2,7.4053550633834675e-06,1.5189303894658224e-06,0.9999910593032837
8398,0,1,1,0.1318022608757019,0.8657476305961609,0.002450116677209735
8399,2,1,1,1.1605926601987449e-06,0.9999985694885254,2.919615553764743e-07
8401,1,2,0,0.8201821446418762,0.020380038768053055,0.1594378501176834
8402,3,0,0,0.9719927906990051,0.005437394138425589,0.022569838911294937
8403,2,1,2,0.006420701742172241,0.0924542099237442,0.9011250138282776
8404,3,1,1,0.002576109254732728,0.9959145188331604,0.0015093706315383315
8405,2,1,1,0.015352016314864159,0.979718804359436,0.004929195158183575
8406,0,1,1,0.05015111342072487,0.9424558281898499,0.0073930649086833
8407,3,1,1,0.011328855529427528,0.9885426759719849,0.00012849045742768794
8408,4,1,0,0.8919858932495117,0.05358559638261795,0.054428599774837494
8409,3,1,1,8.79524159245193e-05,0.9998759031295776,3.6120043660048395e-05
8410,4,0,0,0.9393947124481201,0.008047660812735558,0.05255761370062828
8411,2,1,1,0.00609296141192317,0.993556559085846,0.000350452697603032
8412,4,0,0,0.8579114675521851,0.036828916519880295,0.10525953769683838
8413,1,0,0,0.9007479548454285,0.011336829513311386,0.08791523426771164
8414,0,0,0,0.8777827620506287,0.026680340990424156,0.09553695470094681
8415,0,0,0,0.660551905632019,0.114542156457901,0.22490595281124115
8417,2,1,1,0.007201559841632843,0.9925040006637573,0.0002944101288449019
8418,1,2,0,0.882891833782196,0.038945041596889496,0.07816305756568909
8419,4,2,0,0.49321019649505615,0.3136632740497589,0.19312655925750732
8420,0,2,0,0.9584614634513855,0.0027415973600000143,0.038796983659267426
8421,2,0,0,0.9684402346611023,0.0051375036127865314,0.026422303169965744
8423,1,2,0,0.7847465872764587,0.007672359701246023,0.20758114755153656
8424,1,2,2,0.02606888674199581,0.2742670178413391,0.6996641755104065
8425,0,1,0,0.8645933270454407,0.05242248624563217,0.08298409730195999
8426,3,0,0,0.6802611947059631,0.1117931380867958,0.20794565975666046
8427,4,0,0,0.5057372450828552,0.0021679324563592672,0.49209484457969666
8429,3,2,0,0.6377553343772888,0.02417343109846115,0.3380712568759918
8431,4,1,0,0.6535637378692627,0.27417898178100586,0.07225722819566727
8432,2,2,0,0.6015710830688477,0.0039605628699064255,0.39446836709976196
8433,1,0,0,0.8164130449295044,0.04259739816188812,0.14098966121673584
8434,4,0,0,0.6345165967941284,0.23431240022182465,0.1311710774898529
8435,4,0,0,0.9825789928436279,0.0016847408842295408,0.01573629304766655
8437,1,1,1,7.149145858420525e-06,0.9999873638153076,5.508060439751716e-06
8438,0,1,1,0.1959218531847,0.7949457168579102,0.009132464416325092
8439,3,1,0,0.6739516258239746,0.08909542113542557,0.23695291578769684
8441,2,0,0,0.788894534111023,0.05490174517035484,0.1562037616968155
8442,3,2,0,0.6401564478874207,0.01934538409113884,0.3404981791973114
8443,1,2,1,0.14404502511024475,0.7836639285087585,0.07229112833738327
8444,0,2,2,7.400624599540606e-05,0.0009126314544118941,0.9990134239196777
8446,3,1,1,0.002008667681366205,0.97441565990448,0.02357562631368637
8447,4,2,2,0.0004898909828625619,0.0011532024946063757,0.9983568787574768
8450,1,1,0,0.6714421510696411,0.3188391625881195,0.009718742221593857
8452,0,2,2,0.04619654268026352,0.0007066241232678294,0.9530969262123108
8453,3,0,0,0.9688392281532288,0.004749137442559004,0.02641161158680916
8454,1,2,2,0.004421890247613192,0.0012886814074590802,0.9942893981933594
8455,2,1,1,0.013299704529345036,0.9832518100738525,0.003448458621278405
8457,2,1,0,0.6855061650276184,0.2871359586715698,0.027357881888747215
8458,2,0,1,0.18543577194213867,0.8028796911239624,0.011684559285640717
8459,2,1,1,0.004918129649013281,0.9945057034492493,0.0005761696374975145
8460,2,0,0,0.827292263507843,0.0539669431746006,0.11874072998762131
8461,3,0,0,0.7242488265037537,0.11639753729104996,0.159353569149971
8462,4,0,0,0.9692418575286865,0.002660211641341448,0.028097890317440033
8463,1,0,0,0.7714777588844299,0.06199726462364197,0.1665249764919281
8464,2,0,0,0.7115271687507629,0.06627810746431351,0.22219474613666534
8465,4,0,0,0.9195542335510254,0.004942522384226322,0.07550317049026489
8466,2,0,0,0.875793993473053,0.03866733983159065,0.08553868532180786
8467,0,1,1,0.000249750999500975,0.9997193217277527,3.0929713830119e-05
8468,2,1,1,0.013620111159980297,0.9840366244316101,0.002343331230804324
8469,3,0,0,0.47169187664985657,0.3868536651134491,0.1414545327425003
8470,1,0,0,0.767623245716095,0.04884102940559387,0.18353578448295593
8471,4,0,0,0.8871070742607117,0.061965808272361755,0.050927117466926575
8473,1,2,0,0.8837735652923584,0.00794900581240654,0.10827744752168655
8474,1,2,2,0.10625189542770386,0.006035114638507366,0.8877129554748535
8475,4,0,0,0.6946431398391724,0.11363973468542099,0.19171716272830963
8476,3,0,0,0.7606160044670105,0.17582228779792786,0.06356167048215866
8477,4,2,2,1.859914675605978e-07,0.0006411833455786109,0.999358594417572
8478,1,0,0,0.5739508867263794,0.37373772263526917,0.05231132730841637
8479,0,1,1,0.01984921284019947,0.9770136475563049,0.0031371701043099165
8480,0,0,0,0.8877497315406799,0.021252023056149483,0.09099821746349335
8481,3,1,1,2.4560961264796788e-06,0.9999974966049194,8.611119284296365e-08
8482,0,2,2,0.4841768443584442,0.014547677710652351,0.5012754201889038
8483,2,0,0,0.9524090886116028,0.01454007625579834,0.0330507792532444
8484,4,2,0,0.8287209272384644,0.008754927664995193,0.1625242382287979
8485,1,1,0,0.818793773651123,0.14475974440574646,0.03644649311900139
8486,2,1,0,0.8448103070259094,0.10942365229129791,0.04576599597930908
8487,4,1,1,0.3784947395324707,0.43335846066474915,0.18814682960510254
8491,0,1,1,0.07662119716405869,0.9172917008399963,0.006087103858590126
8494,0,1,1,0.46327754855155945,0.5125475525856018,0.024174900725483894
8495,3,0,0,0.5059739947319031,0.022704463452100754,0.47132155299186707
8496,3,1,1,0.01565723493695259,0.9824762344360352,0.0018665229436010122
8498,3,0,0,0.769716739654541,0.038588691502809525,0.19169457256793976
8499,0,0,0,0.7875614762306213,0.15477460622787476,0.057663943618535995
8500,0,0,0,0.8487215638160706,0.020957456901669502,0.13032089173793793
8502,4,0,0,0.9486483335494995,0.00285847089253366,0.04849310219287872
8503,2,0,1,0.1695365309715271,0.8226583003997803,0.007805145811289549
8504,1,0,0,0.911677896976471,0.008631839416921139,0.07969032227993011
8505,0,0,0,0.8354676365852356,0.11483454704284668,0.04969784617424011
8506,4,2,0,0.8418626189231873,0.0786355584859848,0.07950175553560257
8508,3,0,0,0.9340392351150513,0.025316271930933,0.040644560009241104
8510,1,0,2,0.4047911465167999,0.035078488290309906,0.5601303577423096
8512,4,1,0,0.9138319492340088,0.02237510494887829,0.06379301100969315
8513,3,0,0,0.5455585718154907,0.39115431904792786,0.06328708678483963
8514,1,2,0,0.8723222017288208,0.039887554943561554,0.08779022842645645
8515,3,2,0,0.6959594488143921,0.11373995989561081,0.1903005987405777
8516,1,0,1,0.43703800439834595,0.4802441895008087,0.08271784335374832
8517,0,2,0,0.6331821084022522,0.05549921840429306,0.3113187253475189
8518,1,2,2,1.107233856600942e-06,0.00010928855772363022,0.999889612197876
8521,4,1,0,0.8490114808082581,0.07747667282819748,0.07351182401180267
8522,3,0,0,0.982465386390686,0.008021608926355839,0.009512977674603462
8523,2,2,0,0.8396208882331848,0.01368051115423441,0.14669859409332275
8524,4,0,0,0.9154317378997803,0.05650395527482033,0.02806437760591507
8525,4,1,1,0.08947978168725967,0.9043412804603577,0.006178974639624357
8526,0,0,0,0.805366575717926,0.12574739754199982,0.06888605654239655
8527,4,1,0,0.7021315693855286,0.19171060621738434,0.1061578094959259
8528,2,0,0,0.7360554933547974,0.23364482820034027,0.030299624428153038
8529,1,0,1,0.38063329458236694,0.5967137813568115,0.02265298180282116
8530,4,2,2,9.090101116271398e-07,8.616588274890091e-06,0.9999904632568359
8531,0,2,2,4.4513538455248636e-07,3.1017276569400565e-07,0.9999991655349731
8532,4,2,2,0.19873328506946564,0.02753051184117794,0.7737361788749695
8533,4,2,2,2.344522499697632e-06,2.8472546546254307e-05,0.9999691247940063
8534,1,2,1,0.34700116515159607,0.4515761733055115,0.20142263174057007
8535,1,2,0,0.6203861236572266,0.17138245701789856,0.20823143422603607
8536,1,2,1,0.018209950998425484,0.932357907295227,0.04943213239312172
8537,2,2,1,0.08148297667503357,0.8897064328193665,0.028810586780309677
8539,0,2,2,1.6214434594985505e-07,6.421859779948136e-06,0.9999934434890747
8540,0,0,0,0.5712835788726807,0.040328819304704666,0.38838765025138855
8541,2,0,2,0.06886941939592361,0.007243791129440069,0.9238868355751038
8542,4,1,1,0.006001999601721764,0.9900406002998352,0.003957383334636688
8543,3,1,1,0.006570439785718918,0.9932746887207031,0.00015488658391404897
8544,2,0,0,0.966966986656189,0.0017707687802612782,0.03126221522688866
8545,0,0,0,0.8755640983581543,0.08655412495136261,0.037881817668676376
8547,2,0,0,0.7146541476249695,0.10266953706741333,0.18267633020877838
8548,4,0,0,0.951633870601654,0.005211773794144392,0.04315432906150818
8549,0,0,0,0.6609527468681335,0.11205900460481644,0.226988285779953
8550,1,0,1,0.43923720717430115,0.502189040184021,0.05857372283935547
8551,3,0,1,0.0009614665759727359,0.9990150928497314,2.3365708329947665e-05
8552,3,0,1,0.03538858890533447,0.9559494853019714,0.008661915548145771
8555,3,2,1,0.28948312997817993,0.6725281476974487,0.037988726049661636
8556,2,1,1,1.855299706221558e-05,0.999980092048645,1.4110290749158594e-06
8557,2,0,0,0.9160916209220886,0.011438244953751564,0.07247022539377213
8558,4,0,0,0.90834641456604,0.03908441215753555,0.0525691956281662
8559,1,0,0,0.8551526665687561,0.021050864830613136,0.12379647046327591
8560,4,0,0,0.6500553488731384,0.2632378041744232,0.08670677989721298
8561,0,2,0,0.886853039264679,0.012371469289064407,0.10077548772096634
8562,4,2,2,0.08368685841560364,0.008060618303716183,0.908252477645874
8563,4,1,0,0.571772038936615,0.3111594021320343,0.11706861108541489
8564,1,2,2,0.26352959871292114,0.01702873408794403,0.7194415926933289
8565,1,0,0,0.5877524018287659,0.0618259571492672,0.35042157769203186
8566,0,0,0,0.9760304689407349,0.004263082519173622,0.019706416875123978
8568,0,1,1,3.792512870859355e-05,0.9999606609344482,1.4291800880528172e-06
8569,3,0,0,0.7913276553153992,0.016882648691534996,0.19178976118564606
8572,1,1,0,0.8433629870414734,0.005414525978267193,0.15122249722480774
8573,4,1,1,0.002711630892008543,0.9964461922645569,0.0008421658421866596
8575,2,0,0,0.8152529001235962,0.023243753239512444,0.16150341928005219
8579,4,0,0,0.913176953792572,0.044010087847709656,0.042812950909137726
8581,3,0,0,0.8400282859802246,0.02843744494020939,0.13153432309627533
8582,3,0,0,0.618076503276825,0.3027229607105255,0.07920052856206894
8583,4,1,1,0.0002516436215955764,0.9232924580574036,0.07645592093467712
8584,0,2,0,0.6882108449935913,0.028871817514300346,0.2829173803329468
8585,3,0,0,0.7692750096321106,0.09795159846544266,0.13277345895767212
8587,0,1,1,0.0018169790273532271,0.991664707660675,0.006518342532217503
8589,1,1,1,0.41553205251693726,0.5293901562690735,0.05507780611515045
8591,2,0,0,0.7855214476585388,0.012558775022625923,0.20191970467567444
8592,1,1,1,9.582622442394495e-05,0.9998754262924194,2.868094088626094e-05
8593,0,2,0,0.797951340675354,0.0629124715924263,0.13913612067699432
8594,1,1,1,2.0585614038282074e-05,0.9999773502349854,2.112569291057298e-06
8595,4,0,0,0.8675040602684021,0.0553288497030735,0.07716704905033112
8596,4,0,0,0.732619047164917,0.2138761579990387,0.0535048246383667
8597,3,0,0,0.4235292673110962,0.35559096932411194,0.22087977826595306
8598,3,0,2,0.4360373020172119,0.003657790133729577,0.5603049397468567
8599,1,0,0,0.764559268951416,0.09327146410942078,0.1421692818403244
8600,0,1,1,0.0001256812538485974,0.9998581409454346,1.61408752319403e-05
8601,1,2,0,0.581454336643219,0.1343640387058258,0.2841816544532776
8602,1,1,2,9.660951036494225e-05,0.11097795516252518,0.8889254331588745
8603,1,1,0,0.7769396901130676,0.07403863221406937,0.1490216851234436
8604,0,2,1,0.37032338976860046,0.5328384041786194,0.09683816134929657
8605,0,2,0,0.8136680722236633,0.05413215234875679,0.1321997195482254
8606,0,2,0,0.7766299843788147,0.08817490935325623,0.13519510626792908
8607,3,2,2,0.057571880519390106,0.05785039812326431,0.884577751159668
8608,3,1,0,0.7531353235244751,0.21584251523017883,0.031022148206830025
8609,3,2,0,0.5885353684425354,0.11902327835559845,0.2924412786960602
8610,2,2,0,0.6003631949424744,0.00817883387207985,0.39145800471305847
8611,2,0,0,0.840064287185669,0.0621001273393631,0.09783552587032318
8612,4,0,0,0.9363749027252197,0.009441141039133072,0.05418406054377556
8613,3,0,1,0.0865900069475174,0.910967230796814,0.002442804863676429
8614,2,0,0,0.7315722107887268,0.22708983719348907,0.04133795201778412
8615,4,0,0,0.893811047077179,0.04084361344575882,0.06534536182880402
8616,0,1,1,0.041416991502046585,0.9573290348052979,0.0012539735762402415
8617,4,2,0,0.4901460111141205,0.41365846991539,0.0961955338716507
8618,0,1,0,0.8857088685035706,0.048675537109375,0.06561566889286041
8619,4,2,0,0.7230037450790405,0.02152654156088829,0.25546979904174805
8621,4,2,2,0.19617538154125214,0.2048153132200241,0.5990093350410461
8625,1,2,2,7.246246241265908e-06,0.0005373592721298337,0.9994553923606873
8627,3,0,0,0.6860524415969849,0.012962177395820618,0.3009853661060333
8629,1,1,1,5.955150754743954e-06,0.999993085861206,9.947577837010613e-07
8630,3,1,0,0.5500541925430298,0.34587374329566956,0.10407213866710663
8631,4,1,1,0.31922104954719543,0.6704965233802795,0.01028246060013771
8632,2,0,0,0.6451972126960754,0.2871946096420288,0.06760819256305695
8634,3,0,1,0.45544907450675964,0.5114558935165405,0.03309505805373192
8635,2,2,0,0.8714202046394348,0.014700680039823055,0.11387909203767776
8637,0,1,1,0.004526036791503429,0.9949479103088379,0.0005259756580926478
8638,2,1,1,0.010596083477139473,0.9887871146202087,0.0006168301915749907
8640,0,1,1,0.09703212976455688,0.9009294509887695,0.002038445556536317
8641,0,2,0,0.9035695791244507,0.007911228574812412,0.0885191485285759
8642,4,0,0,0.8311420679092407,0.07104206085205078,0.09781593829393387
8643,3,0,1,0.1898943930864334,0.8066662549972534,0.0034393626265227795
8645,2,0,0,0.7700130343437195,0.07569953799247742,0.15428750216960907
8646,0,1,0,0.49543648958206177,0.3987470865249634,0.10581634938716888
8647,0,0,0,0.7435489296913147,0.10781633108854294,0.14863476157188416
8648,1,0,1,0.06776563823223114,0.912021815776825,0.020212547853589058
8650,2,1,0,0.8677025437355042,0.12097321450710297,0.011324163526296616
8651,1,2,0,0.5043017268180847,0.4498913288116455,0.045806970447301865
8652,1,2,0,0.7717651724815369,0.021831786260008812,0.20640303194522858
8653,4,2,0,0.751001238822937,0.06784924864768982,0.18114952743053436
8654,4,1,0,0.4158830940723419,0.3927234411239624,0.19139350950717926
8655,0,2,2,2.674282313819276e-06,5.4835672926856205e-06,0.9999918937683105
8656,3,2,1,0.2526455521583557,0.4498904049396515,0.2974640429019928
8657,0,0,2,0.015812471508979797,0.004119104240089655,0.9800685048103333
8659,3,0,0,0.899937093257904,0.030428992584347725,0.06963382661342621
8660,0,1,1,0.004526036791503429,0.9949479103088379,0.0005259756580926478
8661,0,0,0,0.5340885519981384,0.44148287177085876,0.02442856691777706
8663,2,2,0,0.926011323928833,0.03061165101826191,0.04337698593735695
8665,2,2,0,0.6935650110244751,0.004401027224957943,0.3020339906215668
8666,3,1,1,5.78818580834195e-05,0.9999382495880127,3.878815277857939e-06
8667,2,2,0,0.8658596873283386,0.040286436676979065,0.09385386854410172
8668,1,2,0,0.8583803772926331,0.03996572270989418,0.10165392607450485
8669,2,0,0,0.8809947967529297,0.03723915293812752,0.08176599442958832
8671,0,1,0,0.7094893455505371,0.1824353039264679,0.10807537287473679
8674,4,0,0,0.7237083315849304,0.19936268031597137,0.07692895084619522
8675,4,1,1,0.0002109040506184101,0.9997475743293762,4.157504372415133e-05
8677,1,2,2,0.4831479787826538,0.02839236706495285,0.4884597361087799
8678,3,1,0,0.7957580089569092,0.09657587856054306,0.10766608268022537
8679,0,0,0,0.8258262872695923,0.04952491074800491,0.12464877218008041
8680,4,1,1,0.19075945019721985,0.7876189947128296,0.021621549502015114
8681,1,0,0,0.7900657653808594,0.1234220638871193,0.08651217073202133
8682,4,0,0,0.8847494721412659,0.001476320088841021,0.11377429962158203
8683,4,0,1,0.171732559800148,0.8034775257110596,0.02478998526930809
8685,1,0,0,0.527769923210144,0.00956123135983944,0.46266892552375793
8686,4,2,0,0.8582507371902466,0.018542088568210602,0.12320712953805923
8688,0,2,1,0.1331651210784912,0.796566903591156,0.07026799768209457
8689,2,0,0,0.8275729417800903,0.11938363313674927,0.05304339900612831
8692,3,2,2,0.47171276807785034,0.05571460351347923,0.4725726544857025
8693,4,2,2,2.020667125179898e-05,0.03515838459134102,0.9648213982582092
8694,1,2,0,0.9589513540267944,0.00357952737249434,0.0374690443277359
8696,3,1,1,4.189685205346905e-05,0.999946117401123,1.1968407306994777e-05
8697,1,1,1,0.00023085108841769397,0.9997584223747253,1.0700701750465669e-05
8698,4,2,2,0.33561238646507263,0.11248695850372314,0.5519006848335266
8699,2,0,0,0.9298252463340759,0.02388986386358738,0.04628494009375572
8703,0,0,0,0.9086232781410217,0.01673474721610546,0.07464198023080826
8704,3,0,1,0.41115519404411316,0.5564464330673218,0.032398395240306854
8705,2,0,0,0.831092357635498,0.04747554287314415,0.12143212556838989
8706,3,0,0,0.779697060585022,0.14154300093650818,0.07875999808311462
8707,1,1,1,0.002269323915243149,0.9976925849914551,3.8101894460851327e-05
8708,3,2,2,0.36188197135925293,0.0072607253678143024,0.6308573484420776
8709,1,0,0,0.8226074576377869,0.0720863863825798,0.10530617833137512
8710,0,0,0,0.717529296875,0.038864731788635254,0.24360594153404236
8711,2,0,0,0.8321173191070557,0.041232630610466,0.12665003538131714
8712,0,0,0,0.8264250755310059,0.052606597542762756,0.1209683045744896
8713,3,2,2,2.4743399990256876e-05,0.001992245903238654,0.9979829788208008
8714,2,1,1,0.4138442873954773,0.5304881930351257,0.055667538195848465
8715,0,0,0,0.855306088924408,0.08009522408246994,0.0645987018942833
8716,2,0,1,0.13188479840755463,0.8244166970252991,0.04369845613837242
8717,3,1,1,8.001719106687233e-05,0.9998927116394043,2.724008845689241e-05
8719,2,0,2,0.4554157555103302,0.029572533443570137,0.515011727809906
8721,3,1,1,0.001768532209098339,0.9981040954589844,0.00012735059135593474
8722,2,1,0,0.7993590235710144,0.05102303624153137,0.1496179699897766
8723,1,0,0,0.4950619637966156,0.1803600788116455,0.32457801699638367
8724,1,1,1,0.006278268992900848,0.9934579730033875,0.00026378786424174905
8725,2,1,1,0.004371229093521833,0.9953991770744324,0.000229569137445651
8726,0,0,0,0.9207863807678223,0.007041127420961857,0.07217246294021606
8728,1,1,1,0.0009688425925560296,0.9989448189735413,8.632236131234095e-05
8729,3,0,2,0.10105524212121964,0.016571050509810448,0.8823736310005188
8730,0,2,2,0.1431853324174881,0.30409327149391174,0.5527214407920837
8731,3,0,0,0.8713787198066711,0.03965837508440018,0.08896290510892868
8732,1,2,0,0.7572315335273743,0.004269775934517384,0.23849865794181824
8733,0,1,0,0.732224702835083,0.15759441256523132,0.1101808026432991
8734,2,1,0,0.7860152721405029,0.15552449226379395,0.058460257947444916
8735,4,1,1,0.011534078978002071,0.986770510673523,0.0016954385209828615
8736,3,0,0,0.4768846035003662,0.1791130155324936,0.3440023362636566
8737,4,0,0,0.41991838812828064,0.3018609285354614,0.27822068333625793
8738,2,1,0,0.8935431241989136,0.06784429401159286,0.03861256688833237
8739,4,1,0,0.7477559447288513,0.16570669412612915,0.08653740584850311
8740,0,1,0,0.7397478818893433,0.0897444635629654,0.17050759494304657
8741,1,2,0,0.859969437122345,0.007269297260791063,0.13276121020317078
8742,2,2,0,0.7747498154640198,0.021895356476306915,0.20335491001605988
8743,2,0,0,0.7386683821678162,0.05087589472532272,0.21045568585395813
8744,3,1,1,1.6606618373771198e-05,0.9999440908432007,3.9251801354112104e-05
8746,3,1,0,0.7728334665298462,0.09798364341259003,0.12918289005756378
8747,3,1,1,0.00026193782105110586,0.9997318387031555,6.186521659401478e-06
8748,2,0,0,0.9091359376907349,0.01883838325738907,0.07202571630477905
8749,2,2,1,0.2579517066478729,0.7009585499763489,0.04108971729874611
8750,4,2,0,0.9231511354446411,0.03552088141441345,0.041327908635139465
8752,1,1,0,0.5816325545310974,0.255492627620697,0.16287477314472198
8753,2,1,0,0.7788138389587402,0.09695129096508026,0.12423483282327652
8754,2,2,0,0.6286653876304626,0.04135812819004059,0.32997646927833557
8755,4,0,0,0.9367550015449524,0.0182260200381279,0.045019105076789856
8756,0,0,1,0.0003988121752627194,0.999437153339386,0.0001639891997911036
8757,3,1,1,3.1511874112766236e-05,0.9999442100524902,2.431765096844174e-05
8758,1,0,0,0.7612336277961731,0.09601810574531555,0.14274828135967255
8759,3,2,1,0.26155054569244385,0.6509140729904175,0.08753542602062225
8761,3,1,0,0.7684293389320374,0.06590315699577332,0.16566747426986694
8762,2,0,0,0.7452319264411926,0.12857775390148163,0.12619031965732574
8763,2,0,0,0.6566429138183594,0.005938772112131119,0.3374182879924774
8764,3,0,0,0.5232399702072144,0.24918532371520996,0.2275746613740921
8765,1,0,0,0.7150545120239258,0.19847995042800903,0.08646554499864578
8766,3,0,0,0.9558183550834656,0.024145949631929398,0.020035680383443832
8767,0,1,1,0.2605816721916199,0.7302634119987488,0.009154940024018288
8768,3,0,0,0.8926267623901367,0.04294786602258682,0.06442534178495407
8769,3,0,0,0.6514143943786621,0.0472816601395607,0.301303893327713
8770,2,1,0,0.8284681439399719,0.040660690516233444,0.13087113201618195
8772,2,0,0,0.8822124600410461,0.02701067365705967,0.09077683091163635
8773,1,0,1,0.021163111552596092,0.9433090686798096,0.0355277843773365
8774,0,2,0,0.8895807862281799,0.011347017250955105,0.09907219558954239
8778,1,1,1,0.4117373824119568,0.5506108403205872,0.03765176609158516
8779,1,1,2,0.44526204466819763,0.04940691217780113,0.5053310394287109
8780,2,1,0,0.9039925336837769,0.014689545147120953,0.08131788671016693
8781,2,0,0,0.9443771839141846,0.004125560168176889,0.05149724707007408
8782,3,1,1,6.1089976952644065e-06,0.9999932050704956,6.85877409978275e-07
8783,0,0,0,0.9748830199241638,0.005306542385369539,0.019810548052191734
8784,0,0,0,0.7971922159194946,0.05081801861524582,0.15198977291584015
8786,0,0,0,0.9471049308776855,0.0044805677607655525,0.04841449856758118
8787,0,1,1,0.00017194122483488172,0.9997519850730896,7.612111221533269e-05
8788,2,2,0,0.9005568027496338,0.06616324186325073,0.033279985189437866
8789,1,0,0,0.7753961682319641,0.13814058899879456,0.08646328747272491
8790,4,1,0,0.8624856472015381,0.03078700602054596,0.10672736167907715
8791,4,1,1,0.0015961896860972047,0.9983662962913513,3.752841803361662e-05
8792,1,0,0,0.8762954473495483,0.0353749543428421,0.08832961320877075
8794,4,0,0,0.5945755839347839,0.3699971139431,0.035427264869213104
8796,0,1,1,5.394771869760007e-05,0.9999421834945679,3.915872184734326e-06
8797,0,1,0,0.8650426268577576,0.046473775058984756,0.08848355710506439
8798,4,1,1,0.03631368651986122,0.9613429307937622,0.0023433573078364134
8799,3,2,0,0.7712888717651367,0.08310705423355103,0.14560402929782867
8800,1,2,1,0.42726102471351624,0.5245594382286072,0.048179566860198975
8801,0,2,0,0.7533812522888184,0.026472724974155426,0.22014595568180084
8803,4,1,1,0.12637117505073547,0.8632298707962036,0.010398933663964272
8804,2,0,0,0.9124836325645447,0.06763969361782074,0.019876670092344284
8805,2,1,1,0.2502935528755188,0.6223333477973938,0.12737306952476501
8806,3,1,1,0.000637166784144938,0.9991968274116516,0.00016603303083684295
8807,2,1,0,0.9351805448532104,0.02346792258322239,0.041351571679115295
8808,3,0,0,0.7957206964492798,0.0961395800113678,0.10813970863819122
8809,1,0,0,0.9022272825241089,0.012242552824318409,0.08553018420934677
8811,3,0,0,0.6321080327033997,0.057977624237537384,0.30991432070732117
8812,0,1,1,0.20945169031620026,0.7592360973358154,0.031312186270952225
8813,3,1,1,0.33500921726226807,0.614785373210907,0.05020541325211525
8815,2,0,0,0.7728623747825623,0.14449581503868103,0.08264177292585373
8817,3,0,0,0.7752015590667725,0.11947953701019287,0.10531894862651825
8818,2,1,1,0.012303759343922138,0.9873642325401306,0.0003320382093079388
8819,3,1,1,0.002502294722944498,0.9974789023399353,1.8817867385223508e-05
8820,4,0,0,0.9613648056983948,0.0009409558260813355,0.037694137543439865
8821,4,1,0,0.7184594869613647,0.08486860245466232,0.19667193293571472
8822,0,2,0,0.8078864216804504,0.10952244699001312,0.08259112387895584
8823,4,0,0,0.8953754901885986,0.017574375495314598,0.08705012500286102
8825,2,0,0,0.6805510520935059,0.09884365648031235,0.22060520946979523
8827,3,0,0,0.7192213535308838,0.0558524914085865,0.2249262034893036
8828,0,0,0,0.8700231313705444,0.04016296938061714,0.08981397747993469
8829,3,0,0,0.8475552201271057,0.10241805762052536,0.050026748329401016
8831,3,0,0,0.6928192973136902,0.03418916091322899,0.2729915380477905
8832,4,1,2,0.028491953387856483,0.13009780645370483,0.8414102792739868
8835,0,2,0,0.6670837998390198,0.019792059436440468,0.3131241798400879
8836,2,0,0,0.6966260671615601,0.15495485067367554,0.1484191119670868
8837,0,0,0,0.8879101872444153,0.058784157037734985,0.05330565199255943
8838,4,1,1,0.30943453311920166,0.6617098450660706,0.02885565347969532
8839,3,1,0,0.551957368850708,0.3940025269985199,0.054040130227804184
8840,1,1,0,0.6258384585380554,0.1859767735004425,0.18818476796150208
8841,1,0,0,0.7879533171653748,0.06901659071445465,0.14303000271320343
8842,4,0,0,0.8094249963760376,0.014719638973474503,0.17585539817810059
8844,1,0,0,0.8888949155807495,0.036574672907590866,0.07453038543462753
8845,4,0,0,0.9161027073860168,0.03733619302511215,0.04656100645661354
8846,2,2,0,0.9011985063552856,0.005175374448299408,0.09362608939409256
8847,0,1,1,0.0009189488482661545,0.9990485310554504,3.254971670685336e-05
8848,2,2,2,0.0033195153810083866,0.0012929559452459216,0.995387613773346
8849,4,0,1,0.17605650424957275,0.7800189852714539,0.04392446577548981
8850,3,2,0,0.8269872665405273,0.022461295127868652,0.15055139362812042
8851,1,0,0,0.7772725820541382,0.10698141157627106,0.11574602872133255
8852,0,0,0,0.7226542234420776,0.08315671980381012,0.19418898224830627
8854,3,0,0,0.7067591547966003,0.21031206846237183,0.08292873203754425
8855,3,1,1,0.00013964538811706007,0.9997859597206116,7.438504690071568e-05
8856,1,1,0,0.5231531858444214,0.4347445070743561,0.04210229590535164
8857,3,1,1,0.0021243186201900244,0.9977869987487793,8.862947288434952e-05
8860,2,0,0,0.8035576939582825,0.1575186401605606,0.03892368823289871
8861,1,0,0,0.6067954897880554,0.29902106523513794,0.09418339282274246
8862,0,2,1,0.09747787564992905,0.9002177715301514,0.0023044219706207514
8863,4,0,0,0.9100184440612793,0.004287107847630978,0.08569443970918655
8865,1,0,0,0.8677124381065369,0.01879769004881382,0.11348989605903625
8866,4,2,0,0.8059007525444031,0.04943463206291199,0.14466463029384613
8867,2,2,2,0.1705600619316101,0.0050506871193647385,0.8243892788887024
8868,2,0,0,0.8525596261024475,0.01987035758793354,0.1275699883699417
8869,2,0,0,0.826233983039856,0.07406225055456161,0.09970378875732422
8870,3,0,0,0.9465608596801758,0.03153202310204506,0.02190713956952095
8871,1,1,1,0.07816555351018906,0.9164115786552429,0.005422862246632576
8872,0,0,1,0.25206252932548523,0.6658204793930054,0.08211699873209
8873,2,0,0,0.8501694798469543,0.06664200872182846,0.08318846672773361
8874,0,0,0,0.7292413711547852,0.05043501779437065,0.2203235775232315
8875,3,2,2,0.006061821710318327,0.0005221693427301943,0.9934160709381104
8876,2,1,2,0.32681483030319214,0.006000729743391275,0.6671844124794006
8877,2,1,1,0.36086419224739075,0.5173935294151306,0.12174225598573685
8878,0,0,0,0.6052870750427246,0.3333347737789154,0.06137816980481148
8879,0,1,1,0.0003933035768568516,0.9995182752609253,8.844377589412034e-05
8880,1,1,2,0.40184757113456726,0.146097332239151,0.4520551264286041
8881,0,0,0,0.7576358914375305,0.014612878672778606,0.227751225233078
8883,1,1,0,0.6753584742546082,0.2530829608440399,0.07155858725309372
8884,4,1,1,0.06745035201311111,0.9246368408203125,0.007912809029221535
8885,2,1,0,0.49872416257858276,0.39178213477134705,0.10949371755123138
8886,2,0,0,0.8192548155784607,0.059923071414232254,0.12082210928201675
8887,2,1,0,0.8306964039802551,0.046651143580675125,0.12265250831842422
8888,0,1,2,0.23996713757514954,0.3642101585865021,0.395822674036026
8889,4,1,0,0.8834562301635742,0.02583756111562252,0.0907062515616417
8890,0,0,0,0.8115188479423523,0.05592096969485283,0.1325601190328598
8891,4,0,0,0.6066770553588867,0.08210384845733643,0.31121915578842163
8894,1,0,1,0.18346913158893585,0.7921391725540161,0.024391749873757362
8895,2,0,0,0.8631469011306763,0.05684018135070801,0.08001294732093811
8897,1,0,0,0.8132377862930298,0.14172013103961945,0.04504207521677017
8901,3,1,0,0.9011603593826294,0.055710889399051666,0.04312879592180252
8902,1,1,1,0.06266406178474426,0.9300611019134521,0.007274866569787264
8903,0,0,0,0.7742680311203003,0.13253769278526306,0.09319423139095306
8904,1,0,0,0.8468400835990906,0.1107698306441307,0.04239014536142349
8906,1,0,0,0.6695979237556458,0.1596224159002304,0.17077969014644623
8907,0,0,0,0.9731393456459045,0.0010218691313639283,0.025838768109679222
8908,4,0,0,0.49968382716178894,0.07076196372509003,0.42955416440963745
8909,2,0,0,0.9280656576156616,0.021702036261558533,0.050232235342264175
8910,1,0,0,0.7412540912628174,0.19049476087093353,0.06825117021799088
8911,1,0,0,0.7609643936157227,0.04635327681899071,0.19268229603767395
8912,3,0,0,0.7914847135543823,0.09438927471637726,0.11412607133388519
8913,2,0,0,0.7371389269828796,0.2106657475233078,0.05219532921910286
8914,3,1,0,0.8323708176612854,0.0476260706782341,0.1200030967593193
8915,0,1,0,0.83477783203125,0.09098313748836517,0.0742391049861908
8916,0,1,0,0.822791337966919,0.14759133756160736,0.02961728721857071
8917,0,0,1,0.002558056963607669,0.9974141120910645,2.7769789085141383e-05
8918,0,0,0,0.9116678833961487,0.01704001985490322,0.07129206508398056
8919,0,1,0,0.7587760090827942,0.08097875863313675,0.16024529933929443
8920,3,0,0,0.9806963801383972,0.008146463893353939,0.01115716528147459
8921,2,1,1,0.002401577075943351,0.9908872842788696,0.006711136549711227
8922,1,2,1,0.19430072605609894,0.7954995036125183,0.010199785232543945
8923,2,2,0,0.8337791562080383,0.008902213536202908,0.15731863677501678
8924,2,0,0,0.9202089309692383,0.005205014254897833,0.07458603382110596
8925,2,1,1,0.018992140889167786,0.9799760580062866,0.0010317614069208503
8926,1,0,0,0.9001614451408386,0.05441960692405701,0.04541894793510437
8927,0,0,0,0.8982762694358826,0.05012921243906021,0.05159444361925125
8928,0,0,0,0.49720504879951477,0.07393916696310043,0.428855836391449
8929,3,2,0,0.5234199166297913,0.30023130774497986,0.1763487458229065
8930,4,1,1,3.0018047254998237e-05,0.9999606609344482,9.299450539401732e-06
8931,4,2,0,0.8292844891548157,0.0139314578846097,0.15678414702415466
8932,3,2,0,0.9613896012306213,0.008013734593987465,0.030596613883972168
8934,0,1,1,0.018706481903791428,0.9807409644126892,0.0005525852902792394
8935,4,1,1,0.005133581813424826,0.9924895763397217,0.0023768667597323656
8936,3,2,2,0.2707696557044983,0.014224809594452381,0.7150054574012756
8937,0,0,0,0.8796705007553101,0.05001279339194298,0.07031677663326263
8938,4,2,2,0.001531457994133234,0.005438579246401787,0.9930300116539001
8939,4,1,1,0.31922104954719543,0.6704965233802795,0.01028246060013771
8940,1,1,1,6.977475550229428e-06,0.9999879598617554,5.050093932368327e-06
8942,1,0,2,0.2719080448150635,0.036190178245306015,0.6919017434120178
8945,1,2,2,0.0007002761121839285,0.0011655085254460573,0.9981343150138855
8947,1,1,0,0.5346419215202332,0.1386793553829193,0.3266787528991699
8948,3,1,0,0.6253717541694641,0.10448214411735535,0.27014613151550293
8949,1,2,2,0.26849493384361267,0.015759633854031563,0.7157454490661621
8950,3,0,0,0.8894140124320984,0.03177524358034134,0.07881072908639908
8955,3,0,1,0.3793554902076721,0.5737095475196838,0.046934980899095535
8956,1,0,0,0.8893010020256042,0.05803770199418068,0.05266131833195686
8958,3,0,0,0.8742458820343018,0.022298159077763557,0.10345599055290222
8959,2,1,0,0.669035017490387,0.25345706939697266,0.07750793546438217
8960,4,0,0,0.760189950466156,0.15415894985198975,0.08565112948417664
8961,4,2,2,2.00285721803084e-05,0.00020674984261859208,0.9997732043266296
8962,2,1,1,0.08630071580410004,0.9083532691001892,0.005345978774130344
8963,3,0,0,0.8000212907791138,0.06780783087015152,0.13217084109783173
8964,2,1,1,0.0012521815951913595,0.9986786246299744,6.92124740453437e-05
8965,4,0,0,0.8709087371826172,0.07883533835411072,0.05025589466094971
8967,0,0,0,0.8232583403587341,0.04507356882095337,0.1316680759191513
8968,3,0,0,0.8650171160697937,0.07576387375593185,0.05921902135014534
8971,2,0,0,0.90489262342453,0.016142455860972404,0.07896494120359421
8973,3,0,1,0.32927313446998596,0.6116446256637573,0.05908224731683731
8974,0,0,0,0.5887162089347839,0.22534193098545074,0.1859419047832489
8975,2,1,1,0.01292298175394535,0.9859243035316467,0.0011527329916134477
8976,0,0,0,0.8549792766571045,0.04459325969219208,0.10042740404605865
8977,1,1,0,0.6393111944198608,0.30434685945510864,0.05634196102619171
8978,2,1,1,0.0035985687281936407,0.9954315423965454,0.0009699568618088961
8980,1,2,2,0.000656198593787849,0.0008884337730705738,0.9984554052352905
8981,2,1,2,0.16232959926128387,0.2886902689933777,0.5489801168441772
8982,2,1,0,0.7127577662467957,0.2705947458744049,0.016647443175315857
8984,0,1,0,0.610535204410553,0.021253500133752823,0.3682112991809845
8985,1,2,0,0.7950785160064697,0.10640779882669449,0.09851368516683578
8986,0,2,0,0.7492339611053467,0.16980913281440735,0.08095689862966537
8987,2,2,0,0.9095055460929871,0.008834299631416798,0.08166012912988663
8988,0,0,0,0.6929275989532471,0.03128112480044365,0.2757912278175354
8989,0,2,0,0.5751982927322388,0.1370704174041748,0.2877312898635864
8991,3,1,1,0.36904874444007874,0.6043851375579834,0.026566114276647568
8993,2,0,1,0.05826246365904808,0.9367174506187439,0.005020097363740206
8994,0,0,1,0.059929169714450836,0.9352906942367554,0.004780175630003214
8995,3,0,1,0.22701704502105713,0.7498860955238342,0.02309693768620491
8996,4,1,1,2.227981212854502e-06,0.9999973773956299,3.416876666051394e-07
8998,4,1,0,0.5097227096557617,0.19784462451934814,0.2924326956272125
8999,3,1,1,0.0006124208448454738,0.9993307590484619,5.690176476491615e-05
9000,4,2,2,0.13898402452468872,0.026760892942547798,0.8342550992965698
9001,1,2,0,0.622218668460846,0.1637994349002838,0.21398189663887024
9002,4,2,0,0.8478381633758545,0.08043083548545837,0.07173100858926773
9003,3,2,0,0.8454596996307373,0.042746756225824356,0.11179352551698685
9004,1,0,2,0.238170325756073,0.010586649179458618,0.7512430548667908
9006,4,0,0,0.8158140778541565,0.05203752592206001,0.1321483552455902
9008,2,0,0,0.7323756217956543,0.16331197321414948,0.10431243479251862
9009,4,0,2,0.06569898128509521,0.09697307646274567,0.8373280167579651
9011,2,0,0,0.5859162211418152,0.05001481994986534,0.3640689551830292
9013,3,2,0,0.9365324378013611,0.00489453412592411,0.05857306346297264
9015,2,0,0,0.8683632016181946,0.05645238980650902,0.07518447190523148
9016,2,0,0,0.752829909324646,0.025170905515551567,0.2219991683959961
9017,2,0,0,0.8805302381515503,0.0231548473238945,0.0963149145245552
9018,2,0,0,0.880290687084198,0.05897164344787598,0.06073760986328125
9020,3,0,0,0.780826985836029,0.05029783397912979,0.16887518763542175
9021,4,0,0,0.861723005771637,0.053947076201438904,0.08432996273040771
9022,0,1,0,0.8463502526283264,0.030531655997037888,0.12311813235282898
9023,2,0,0,0.8072946667671204,0.02854045480489731,0.16416491568088531
9024,3,0,0,0.7447330355644226,0.09744798392057419,0.1578189730644226
9025,4,1,0,0.6677002906799316,0.17287003993988037,0.1594296544790268
9027,4,0,1,0.27566009759902954,0.7140163779258728,0.010323484428226948
9029,1,0,0,0.827110767364502,0.046738095581531525,0.12615105509757996
9030,1,1,0,0.6255353689193726,0.04426617920398712,0.3301984667778015
9031,0,2,0,0.8484300971031189,0.008802635595202446,0.14276719093322754
9032,0,2,1,0.23448514938354492,0.7363228797912598,0.02919195592403412
9033,2,1,1,0.0004428515676409006,0.999420166015625,0.00013697946269530803
9034,3,1,1,0.2539626657962799,0.7183301448822021,0.02770715206861496
9035,4,1,1,0.3439672291278839,0.6312519907951355,0.024780744686722755
9037,3,1,1,0.01012659352272749,0.9892427325248718,0.0006306418217718601
9038,0,0,0,0.895694375038147,0.02717076614499092,0.0771348625421524
9039,3,1,1,0.00023294422135222703,0.9992251396179199,0.0005419452791102231
9040,3,0,0,0.6095576882362366,0.285340815782547,0.10510145127773285
9041,2,0,0,0.6924741268157959,0.14226573705673218,0.16526015102863312
9044,2,0,0,0.7275993227958679,0.1389230489730835,0.13347764313220978
9046,3,1,0,0.6177398562431335,0.16009946167469025,0.2221606820821762
9047,4,1,1,0.2364819198846817,0.610179603099823,0.1533384919166565
9050,0,0,0,0.870707631111145,0.01983468420803547,0.10945766419172287
9051,3,2,0,0.7704059481620789,0.033086683601140976,0.19650743901729584
9052,1,2,0,0.8546324372291565,0.02401147224009037,0.12135607749223709
9053,2,2,0,0.8320603966712952,0.01601528376340866,0.15192434191703796
9054,1,1,1,0.009585835970938206,0.9897798299789429,0.0006342947599478066
9055,4,1,1,0.00891908910125494,0.9889272451400757,0.0021536070853471756
9056,2,0,2,0.11722052842378616,0.00684952549636364,0.8759298920631409
9057,4,1,0,0.7714203596115112,0.1467910259962082,0.08178859949111938
9059,4,2,0,0.681969165802002,0.22718721628189087,0.09084363281726837
9060,3,0,0,0.8307287693023682,0.13294246792793274,0.0363287478685379
9061,0,1,1,0.023163344711065292,0.9728614687919617,0.003975195344537497
9062,1,1,0,0.6589322090148926,0.1142798587679863,0.22678792476654053
9063,4,2,0,0.6167387366294861,0.0038988583255559206,0.37936240434646606
9064,4,1,0,0.8843766450881958,0.09106028825044632,0.024563031271100044
9066,2,0,0,0.9115259051322937,0.017885690554976463,0.07058831304311752
9067,1,1,0,0.8807570934295654,0.03927448391914368,0.07996833324432373
9070,3,1,1,3.5933028357248986e-06,0.9999963045120239,5.770660393977778e-08
9071,0,0,0,0.800962507724762,0.06569357216358185,0.1333439201116562
9072,4,1,1,0.059674106538295746,0.9322408437728882,0.008085005916655064
9073,1,0,0,0.761928379535675,0.11925427615642548,0.11881730705499649
9074,2,0,2,0.3510948121547699,0.08861254900693893,0.560292661190033
9075,0,2,2,0.009450506418943405,0.0010223736753687263,0.9895271062850952
9077,1,0,1,0.3294994533061981,0.6328807473182678,0.037619832903146744
9078,1,1,1,0.33699989318847656,0.6402061581611633,0.02279393933713436
9081,1,1,0,0.4449637532234192,0.4225110709667206,0.13252513110637665
9082,3,2,0,0.8456106185913086,0.06635565310716629,0.08803366869688034
9083,1,0,1,0.07274118065834045,0.8674854636192322,0.05977337807416916
9084,4,0,0,0.8905314803123474,0.040927816182374954,0.06854074448347092
9085,3,2,0,0.8536560535430908,0.0021573163103312254,0.14418672025203705
9086,2,1,0,0.720448911190033,0.1784609854221344,0.10109010338783264
9087,2,0,1,0.24694915115833282,0.727773904800415,0.025276953354477882
9089,2,0,0,0.9443950653076172,0.020055899396538734,0.035549063235521317
9091,4,1,1,0.04712001606822014,0.9113416075706482,0.041538409888744354
9092,4,1,1,0.38646990060806274,0.41400718688964844,0.19952288269996643
9093,2,0,0,0.6722146272659302,0.013936342671513557,0.3138490915298462
9094,3,1,0,0.7508475184440613,0.11810070276260376,0.13105182349681854
9096,3,1,1,0.002608294365927577,0.9939479827880859,0.0034436953719705343
9097,3,2,2,0.4202382564544678,0.06439005583524704,0.5153716802597046
9098,4,0,0,0.6737534403800964,0.04401874914765358,0.2822278141975403
9099,0,2,0,0.6467838287353516,0.04795914515852928,0.30525702238082886
9100,2,1,0,0.8736359477043152,0.03746149316430092,0.08890259265899658
9101,0,2,0,0.7148607969284058,0.04247889295220375,0.2426602691411972
9102,1,1,0,0.4993784427642822,0.47731801867485046,0.023303521797060966
9103,2,2,0,0.8228991031646729,0.021479547023773193,0.15562129020690918
9104,0,1,1,0.07569079846143723,0.9208756685256958,0.0034335933160036802
9105,2,2,2,0.002238547895103693,0.0012501500314101577,0.9965112805366516
9106,0,2,0,0.8288999795913696,0.020472003147006035,0.15062804520130157
9107,2,0,0,0.7268170714378357,0.03541086986660957,0.23777206242084503
9108,4,2,2,0.4479243755340576,0.021063365042209625,0.5310122966766357
9109,4,1,1,0.00019650078320410103,0.9997647404670715,3.880064468830824e-05
9110,4,1,1,0.0021513078827410936,0.9974431991577148,0.0004054619639646262
9111,1,1,1,0.00035067962016910315,0.9996161460876465,3.3177351724589244e-05
9112,1,1,1,5.638072707370156e-06,0.999993085861206,1.3000627632209216e-06
9113,4,0,0,0.9427915811538696,0.017656240612268448,0.03955211862921715
9115,2,1,1,0.1416119486093521,0.8214902281761169,0.036897849291563034
9116,4,1,1,0.00023138822871260345,0.9997259974479675,4.2613781261025e-05
9117,0,1,1,0.006230193190276623,0.9935376048088074,0.00023224316828418523
9118,4,2,0,0.8503761887550354,0.003558180760592222,0.1460656076669693
9119,1,1,1,0.0005265986546874046,0.9987518787384033,0.0007215065998025239
9120,0,1,1,0.24060732126235962,0.7344903349876404,0.024902349337935448
9121,1,1,1,2.083652589135454e-06,0.9999974966049194,4.224369263283734e-07
9122,3,0,0,0.5937681794166565,0.043297093361616135,0.36293482780456543
9123,3,2,2,0.21746289730072021,0.376370906829834,0.4061661958694458
9125,2,2,0,0.5204676389694214,0.03168022632598877,0.44785216450691223
9126,3,0,0,0.9027854800224304,0.04918446019291878,0.048029981553554535
9127,0,0,0,0.8940297961235046,0.03862164169549942,0.06734860688447952
9129,2,0,0,0.9473596215248108,0.03414762765169144,0.01849273592233658
9130,3,0,0,0.6185133457183838,0.16774339973926544,0.21374325454235077
9134,0,0,0,0.5581709742546082,0.07420282065868378,0.3676261901855469
9135,2,0,0,0.8140009045600891,0.013713313266634941,0.172285795211792
9137,3,0,0,0.5062769055366516,0.44739776849746704,0.046325307339429855
9138,2,0,0,0.9222630858421326,0.006372946314513683,0.07136401534080505
9139,3,0,0,0.920871376991272,0.037086084485054016,0.042042460292577744
9140,1,1,1,0.07899791747331619,0.9183942675590515,0.0026078319642692804
9143,0,0,0,0.9286527037620544,0.004498892929404974,0.06684841960668564
9144,1,0,2,0.43106675148010254,0.03578025475144386,0.5331529974937439
9145,1,0,0,0.6472914218902588,0.14913249015808105,0.20357611775398254
9146,2,1,0,0.5232100486755371,0.03992478549480438,0.4368651509284973
9148,0,1,1,0.10293455421924591,0.8809311389923096,0.016134286299347878
9149,0,2,0,0.7237420082092285,0.05479240044951439,0.2214655578136444
9150,2,0,0,0.5897229313850403,0.320623517036438,0.08965352177619934
9152,4,1,1,0.00033649918623268604,0.999527096748352,0.00013643100101035088
9153,2,1,0,0.8093265891075134,0.1365220993757248,0.05415128916501999
9155,4,0,0,0.8843681812286377,0.017760127782821655,0.09787176549434662
9156,0,1,0,0.8338124752044678,0.08442316949367523,0.08176437020301819
9157,3,1,1,0.02518599107861519,0.9729647040367126,0.0018492356175556779
9158,3,2,2,0.3452795147895813,0.06047935038805008,0.5942411422729492
9159,0,1,0,0.862969696521759,0.059458017349243164,0.077572301030159
9160,3,1,0,0.6258636116981506,0.3203100860118866,0.053826358169317245
9161,1,0,0,0.8074501156806946,0.033267538994550705,0.15928232669830322
9162,3,1,1,8.895173232303932e-05,0.9862205982208252,0.013690410181879997
9164,0,0,0,0.8314310312271118,0.03735439479351044,0.13121451437473297
9165,4,1,1,0.00038142254925332963,0.9995893836021423,2.9176168027333915e-05
9166,2,2,0,0.9526805877685547,0.0056024882942438126,0.04171697795391083
9167,1,2,0,0.735773503780365,0.09012976288795471,0.17409676313400269
9168,1,0,0,0.689915657043457,0.18279990553855896,0.12728439271450043
9169,1,0,0,0.8433278799057007,0.05429937317967415,0.10237262398004532
9170,4,0,0,0.9433631896972656,0.008839943446218967,0.047796882688999176
9171,0,0,0,0.9110555648803711,0.008560108952224255,0.080384261906147
9172,4,0,0,0.7079571485519409,0.22237201035022736,0.0696709081530571
9173,0,2,2,4.385047702726297e-07,1.0588546501821838e-05,0.9999889135360718
9176,3,2,2,2.2553900635102764e-05,0.00014961973647587,0.9998278617858887
9177,3,2,2,0.0003493339754641056,9.769217285793275e-05,0.9995529055595398
9178,3,2,2,0.00028581524384208024,0.0005141383153386414,0.9992000460624695
9180,0,2,2,5.372562839056627e-08,9.18617115530651e-06,0.9999908208847046
9182,3,2,2,2.295516424055677e-06,0.0002078966936096549,0.9997898936271667
9183,2,2,2,1.6478894622196094e-06,1.265037826669868e-05,0.9999856948852539
9184,4,0,0,0.8335568904876709,0.0838809609413147,0.08256211876869202
9185,1,1,0,0.7859928607940674,0.11945472657680511,0.09455235302448273
9186,2,0,0,0.8579193353652954,0.017974529415369034,0.12410622090101242
9187,0,0,0,0.8877153992652893,0.052864521741867065,0.05942004919052124
9189,1,0,0,0.9118273258209229,0.006891637574881315,0.08128102123737335
9190,0,0,0,0.8070942163467407,0.10309085249900818,0.08981495350599289
9191,4,1,1,0.004104055929929018,0.9942255616188049,0.0016703876899555326
9192,3,0,0,0.9699281454086304,0.0067254831083118916,0.02334628254175186
9194,1,1,1,0.00495543098077178,0.9931895732879639,0.0018550206441432238
9195,0,0,0,0.8650535941123962,0.05662188678979874,0.07832459360361099
9196,3,0,0,0.9797288775444031,0.00420765345916152,0.01606339029967785
9197,2,1,1,0.0009815816301852465,0.9989153146743774,0.00010310606012353674
9198,3,0,0,0.6399076581001282,0.30849382281303406,0.051598478108644485
9199,0,0,0,0.8863154649734497,0.03679301589727402,0.07689151912927628
9200,0,1,1,7.965960685396567e-05,0.9996329545974731,0.0002874214551411569
9201,3,1,1,0.3099920153617859,0.6560803651809692,0.03392765671014786
9202,0,0,0,0.8713045120239258,0.02425680123269558,0.1044386699795723
9203,3,0,0,0.5522423982620239,0.2075733244419098,0.24018427729606628
9204,3,0,0,0.8384319543838501,0.08071033656597137,0.08085771650075912
9205,0,0,0,0.8664026856422424,0.07569248229265213,0.057904817163944244
9206,0,1,0,0.8639209866523743,0.0404321514070034,0.09564685076475143
9207,0,0,0,0.8669863343238831,0.024043342098593712,0.10897029936313629
9208,2,1,1,0.0006973302224650979,0.9992934465408325,9.215948921337258e-06
9209,3,1,0,0.8987137675285339,0.06699150055646896,0.03429468348622322
9210,1,0,0,0.7571714520454407,0.07846569269895554,0.1643628478050232
9211,4,0,0,0.8858118653297424,0.007751605939120054,0.10643656551837921
9212,4,2,0,0.7190923094749451,0.030719725415110588,0.2501879632472992
9213,0,0,0,0.919928789138794,0.032346211373806,0.04772508144378662
9214,1,1,1,1.89117399713723e-05,0.9999618530273438,1.9276503735454753e-05
9215,3,1,1,0.021483127027750015,0.9710639715194702,0.0074528856202960014
9217,3,1,1,0.21014580130577087,0.7551119327545166,0.03474229574203491
9218,3,1,1,0.008278222754597664,0.9914408922195435,0.00028090461273677647
9219,1,2,2,0.03107193112373352,0.0007705933530814946,0.9681574702262878
9220,2,0,0,0.8660526871681213,0.021762657910585403,0.11218461394309998
9221,4,0,0,0.8891407251358032,0.051704470068216324,0.059154801070690155
9225,4,0,1,0.2925991117954254,0.5585231184959412,0.14887778460979462
9226,3,0,0,0.874218761920929,0.030293840914964676,0.09548743814229965
9227,4,0,0,0.8729469180107117,0.05201207473874092,0.07504093647003174
9230,2,0,1,0.25018274784088135,0.6806488633155823,0.0691683441400528
9231,0,0,0,0.8560677766799927,0.08756882697343826,0.05636337399482727
9233,0,0,0,0.8893516063690186,0.05651338770985603,0.05413493886590004
9234,2,1,1,0.07510337978601456,0.8949953317642212,0.0299012903124094
9235,1,1,0,0.6652730703353882,0.2773447036743164,0.057382263243198395
9236,1,0,0,0.8318546414375305,0.07151009887456894,0.09663517028093338
9237,3,1,1,0.0012471285881474614,0.9986252784729004,0.00012756639625877142
9238,1,0,0,0.9185682535171509,0.026686379685997963,0.05474531650543213
9239,0,2,2,0.3393024802207947,0.07540522515773773,0.5852923393249512
9240,4,1,1,0.2690124213695526,0.7101423740386963,0.020845239982008934
9241,4,0,0,0.7688544392585754,0.11235560476779938,0.11878997832536697
9242,4,0,0,0.7815573215484619,0.14227671921253204,0.07616597414016724
9243,0,0,0,0.9043744802474976,0.010227729566395283,0.08539774268865585
9244,1,0,0,0.8316090703010559,0.0383981317281723,0.12999273836612701
9246,3,1,0,0.6566748023033142,0.04920896515250206,0.2941162586212158
9247,2,1,1,0.05799775943160057,0.9393894672393799,0.0026127356104552746
9248,3,0,0,0.7983096241950989,0.012415967881679535,0.1892743706703186
9249,2,0,0,0.9206903576850891,0.06956155598163605,0.009748142212629318
9251,2,2,2,0.43941786885261536,0.044540636241436005,0.5160415172576904
9253,3,0,0,0.6682471036911011,0.027419371530413628,0.30433350801467896
9255,1,1,1,0.15353849530220032,0.8136807084083557,0.032780811190605164
9256,3,0,0,0.885166585445404,0.04850190132856369,0.06633151322603226
9257,0,0,0,0.6417446732521057,0.23730923235416412,0.12094608694314957
9258,3,1,2,1.2466731277527288e-05,0.012433767318725586,0.9875537157058716
9259,4,1,1,0.00037144304951652884,0.9996011853218079,2.7416770535637625e-05
9260,0,1,1,0.015567464753985405,0.9842564463615417,0.00017604762979317456
9261,2,2,2,0.3626771867275238,0.0010465673403814435,0.6362761855125427
9262,0,0,0,0.829666793346405,0.08989446610212326,0.08043883740901947
9263,3,0,0,0.8283947706222534,0.05867007002234459,0.1129351407289505
9266,1,0,0,0.9603981375694275,0.006998961791396141,0.03260283172130585
9269,4,0,0,0.8245165944099426,0.035046547651290894,0.14043675363063812
9271,4,2,0,0.8709085583686829,0.0026944889687001705,0.12639692425727844
9273,1,0,0,0.9288617372512817,0.009256728924810886,0.061881501227617264
9274,4,0,0,0.9601172804832458,0.006979471072554588,0.03290323540568352
9275,0,2,1,0.0550704300403595,0.7209278345108032,0.22400179505348206
9276,3,0,0,0.609459638595581,0.34436166286468506,0.04617873206734657
9277,0,1,1,7.0351393333112355e-06,0.999992847442627,1.2138879412759707e-07
9278,1,0,0,0.9396631717681885,0.002562400884926319,0.05777445435523987
9281,3,0,0,0.9492526054382324,0.02321070060133934,0.027536682784557343
9282,0,0,2,0.12399609386920929,0.053281281143426895,0.8227226734161377
9283,3,0,1,0.024993497878313065,0.974494457244873,0.0005120201967656612
9284,3,1,1,0.0009513019467703998,0.9985226988792419,0.0005260080797597766
9285,0,1,1,0.4161067605018616,0.5379441976547241,0.04594902694225311
9287,3,0,0,0.9052162170410156,0.06051463633775711,0.034269120544195175
9288,0,0,0,0.8411042094230652,0.06205588951706886,0.09683985263109207
9289,0,1,1,0.0007124666590243578,0.9991220831871033,0.00016550160944461823
9290,4,2,0,0.6612086892127991,0.0017455549677833915,0.3370457887649536
9291,0,1,1,9.688447607913986e-05,0.9998929500579834,1.0210886102868244e-05
9293,4,1,0,0.6929872035980225,0.17198114097118378,0.13503167033195496
9294,1,0,1,0.0721469298005104,0.9110607504844666,0.016792332753539085
9295,1,0,0,0.731089174747467,0.16422080993652344,0.10468999296426773
9296,2,0,0,0.5503541231155396,0.18488961458206177,0.2647562623023987
9297,4,1,1,0.012509355321526527,0.9844278693199158,0.003062834497541189
9298,0,0,0,0.9213288426399231,0.006011351477354765,0.07265982031822205
9299,0,0,0,0.811138927936554,0.014295656234025955,0.17456543445587158
9300,3,1,0,0.7861414551734924,0.011030107736587524,0.20282843708992004
9301,2,0,0,0.9087316393852234,0.04723488911986351,0.0440334677696228
9302,0,1,0,0.6923685073852539,0.039315275847911835,0.2683161795139313
9304,1,1,1,0.035941340029239655,0.962781548500061,0.0012770678149536252
9305,2,0,0,0.877011775970459,0.02245929464697838,0.10052891820669174
9306,4,1,1,0.4881284832954407,0.4895416796207428,0.022329920902848244
9307,4,1,1,0.0003888274368364364,0.9994695782661438,0.00014156909310258925
9308,0,2,0,0.7189329862594604,0.08034276962280273,0.200724259018898
9310,0,0,0,0.8268844485282898,0.13901592791080475,0.03409962356090546
9311,2,2,2,0.13274222612380981,0.10138607025146484,0.7658717036247253
9314,0,0,1,0.3666413128376007,0.6193282604217529,0.014030423015356064
9315,4,0,0,0.6831105947494507,0.0354452021420002,0.2814441919326782
9316,1,0,0,0.8688278198242188,0.04237121716141701,0.08880094438791275
9317,0,0,0,0.858678936958313,0.01764490455389023,0.12367609143257141
9318,0,1,1,0.42815324664115906,0.5258995294570923,0.045947227627038956
9319,2,1,1,0.06767988204956055,0.9287335276603699,0.0035866526886820793
9320,1,2,0,0.7519923448562622,0.0532207265496254,0.19478684663772583
9322,1,2,0,0.8106474280357361,0.09689335525035858,0.09245917201042175
9323,0,0,0,0.8798969984054565,0.03763590380549431,0.08246704190969467
9324,1,1,1,0.009061726741492748,0.9905597567558289,0.00037854956462979317
9325,4,2,0,0.7805268168449402,0.06551326811313629,0.1539599746465683
9326,3,0,0,0.9595721960067749,0.005839040502905846,0.034588754177093506
9327,4,0,0,0.7867228388786316,0.11608077585697174,0.09719641506671906
9328,1,0,0,0.8817806839942932,0.04932435601949692,0.06889497488737106
9330,3,0,0,0.7828702330589294,0.1581413447856903,0.05898844450712204
9333,2,1,1,0.001533488743007183,0.9983946681022644,7.186298898886889e-05
9336,4,0,0,0.9064411520957947,0.040633659809827805,0.05292515084147453
9337,1,0,0,0.9621689915657043,0.02149112895131111,0.01633981429040432
9338,2,0,1,0.04354322329163551,0.9362791180610657,0.02017761394381523
9340,0,0,1,0.027659958228468895,0.9448152184486389,0.02752482332289219
9341,0,1,0,0.7988461256027222,0.08055241405963898,0.12060153484344482
9342,3,1,1,0.008851763792335987,0.9885427951812744,0.0026054680347442627
9343,1,0,0,0.8907189965248108,0.06574077159166336,0.04354026913642883
9344,1,1,1,0.00873427465558052,0.9901534914970398,0.0011122432770207524
9345,4,2,0,0.872435450553894,0.04856434464454651,0.07900022715330124
9346,3,1,1,0.011156110092997551,0.9883813261985779,0.00046248198486864567
9348,0,1,0,0.7727653384208679,0.07771597802639008,0.14951872825622559
9349,2,0,0,0.9421952962875366,0.0027517417911440134,0.0550529770553112
9350,1,2,0,0.89715975522995,0.011254481971263885,0.09158585220575333
9353,3,1,1,9.125457836489659e-06,0.9999896287918091,1.2178467159174033e-06
9354,1,0,0,0.5984602570533752,0.10327169299125671,0.29826802015304565
9355,1,2,0,0.9130955338478088,0.03396451100707054,0.05293991416692734
9356,2,2,2,0.43899157643318176,0.02668817900121212,0.5343202352523804
9358,1,1,0,0.6356754302978516,0.02836383692920208,0.33596071600914
9359,0,1,0,0.8845005631446838,0.010057907551527023,0.10544158518314362
9360,4,2,0,0.8632346391677856,0.011386029422283173,0.12537932395935059
9361,1,1,0,0.600307285785675,0.21653017401695251,0.18316255509853363
9362,1,0,0,0.7340212464332581,0.20486463606357574,0.061114054173231125
9363,2,0,0,0.9116605520248413,0.06361028552055359,0.024729173630475998
9364,2,0,0,0.8162977695465088,0.0430622473359108,0.1406400203704834
9365,2,0,0,0.929749608039856,0.014220303855836391,0.05603009834885597
9367,1,1,1,5.357010377338156e-05,0.9999418258666992,4.622241704055341e-06
9368,2,0,0,0.9048910737037659,0.010606948286294937,0.08450189977884293
9369,1,1,2,0.4758160710334778,0.033768948167562485,0.49041497707366943
9370,2,0,0,0.7476111054420471,0.027296826243400574,0.2250920832157135
9371,4,1,1,1.373414079353097e-06,0.9999980926513672,5.607345201497083e-07
9372,2,2,0,0.7657690644264221,0.08269644528627396,0.15153448283672333
9373,0,1,1,0.0027337451465427876,0.996605634689331,0.0006605954840779305
9375,4,0,0,0.9252892732620239,0.023980936035513878,0.050729796290397644
9376,1,2,0,0.6419408917427063,0.261443167924881,0.09661595523357391
9377,3,0,0,0.7417948246002197,0.06640856713056564,0.19179667532444
9380,4,2,2,0.11884034425020218,0.07462996244430542,0.8065297603607178
9382,3,2,0,0.724669873714447,0.12452030181884766,0.15080977976322174
9387,0,2,0,0.6327223777770996,0.009684372693300247,0.35759323835372925
9389,0,0,0,0.8254910111427307,0.09619022905826569,0.07831881195306778
9390,2,1,1,0.010511290282011032,0.9849087595939636,0.00457988865673542
9392,1,1,0,0.5225892663002014,0.03656606748700142,0.44084465503692627
9393,0,0,0,0.9649437069892883,0.0023172320798039436,0.03273903578519821
9394,3,0,0,0.9590045809745789,0.010276672430336475,0.0307187307626009
9395,1,1,1,0.16586853563785553,0.8183322548866272,0.01579914800822735
9398,0,1,1,0.07351578027009964,0.8996621370315552,0.026822049170732498
9399,3,2,0,0.8450299501419067,0.07118438184261322,0.08378571271896362
9400,3,1,2,0.007876962423324585,0.004129977431148291,0.9879930019378662
9401,1,1,1,0.23854079842567444,0.7540134787559509,0.0074456967413425446
9402,2,1,1,0.23741090297698975,0.7570111751556396,0.005577912088483572
9403,0,1,0,0.6656848788261414,0.2858147919178009,0.04850039258599281
9404,4,0,0,0.9688291549682617,0.005141684785485268,0.02602916955947876
9405,2,0,0,0.9375388026237488,0.00308343768119812,0.05937774479389191
9406,4,0,0,0.9023197889328003,0.036057714372873306,0.06162255257368088
9408,3,0,0,0.9414854645729065,0.014098369516432285,0.04441623017191887
9409,1,2,0,0.9341724514961243,0.01470266468822956,0.05112485587596893
9410,3,0,0,0.9285871982574463,0.021168574690818787,0.05024420842528343
9411,0,2,0,0.8442280888557434,0.065394327044487,0.0903775542974472
9413,0,0,0,0.675297737121582,0.07969240844249725,0.2450098693370819
9414,1,0,0,0.8032329082489014,0.01631842367351055,0.18044868111610413
9415,3,1,2,0.00034162195515818894,0.0002686602238100022,0.9993897676467896
9416,3,0,0,0.8393675088882446,0.08075018972158432,0.07988235354423523
9417,3,2,2,8.000794878171291e-06,0.000778615300077945,0.9992133378982544
9419,4,2,2,0.0002526106545701623,0.0038477310445159674,0.9958996176719666
9420,0,2,2,0.0007877002353779972,0.005477540194988251,0.9937347769737244
9421,4,1,1,0.0043464782647788525,0.9953820109367371,0.00027148937806487083
9423,4,0,0,0.5544779300689697,0.3899058699607849,0.055616214871406555
9425,1,1,1,0.40990501642227173,0.5140480995178223,0.0760469064116478
9427,4,0,0,0.8065351843833923,0.12836307287216187,0.06510177999734879
9428,4,0,0,0.6941413879394531,0.12821371853351593,0.17764489352703094
9429,4,1,0,0.7251818180084229,0.06691964715719223,0.2078985869884491
9430,1,0,0,0.9538525938987732,0.021735021844506264,0.024412348866462708
9431,3,0,0,0.7655854821205139,0.08734538406133652,0.14706921577453613
9432,4,1,1,2.367662455071695e-05,0.9993341565132141,0.0006421179859898984
9433,1,0,0,0.8433108925819397,0.05053669214248657,0.10615246742963791
9434,1,1,1,1.372847236780217e-05,0.999972939491272,1.3289136404637247e-05
9435,3,1,0,0.7327816486358643,0.08448292315006256,0.1827353984117508
9436,1,0,0,0.9036499857902527,0.019083386287093163,0.07726655900478363
9437,0,1,1,9.905867773341015e-05,0.9998997449874878,1.2247789982211543e-06
9438,4,1,1,0.000452423031674698,0.9994292855262756,0.00011822864325949922
9441,0,0,0,0.5962456464767456,0.2892758548259735,0.11447849124670029
9442,3,0,0,0.8617970943450928,0.011682168580591679,0.12652072310447693
9443,3,0,0,0.7000272870063782,0.008932887576520443,0.29103991389274597
9445,2,2,2,0.026412764564156532,0.17922864854335785,0.7943585515022278
9446,2,2,2,0.03465336933732033,0.42945700883865356,0.5358896255493164
9447,0,1,1,4.32312699558679e-05,0.9999464750289917,1.0234694855171256e-05
9448,2,0,0,0.47342777252197266,0.45653924345970154,0.070032998919487
9449,3,0,2,0.4180254340171814,0.020153243094682693,0.5618213415145874
9450,3,0,1,0.44081375002861023,0.5357665419578552,0.023419687524437904
9451,3,2,2,0.3442988991737366,0.09692727029323578,0.5587737560272217
9452,4,1,1,0.020872393622994423,0.9778297543525696,0.0012978615704923868
9453,0,0,0,0.8509686589241028,0.026115888729691505,0.12291545420885086
9454,2,0,0,0.7796299457550049,0.13857501745224,0.08179497718811035
9455,0,1,1,0.0002479295071680099,0.9996597766876221,9.228515409631655e-05
9456,4,0,1,0.392473042011261,0.5211428999900818,0.08638405799865723
9457,0,0,0,0.8929052352905273,0.009106187149882317,0.09798862040042877
9458,4,0,0,0.8404136300086975,0.03658228740096092,0.12300404906272888
9460,2,1,2,0.06886941939592361,0.007243791129440069,0.9238868355751038
9462,1,0,0,0.8934159874916077,0.023318827152252197,0.08326512575149536
9463,3,0,0,0.8918284773826599,0.017734678462147713,0.09043679386377335
9464,3,0,0,0.9722622632980347,0.015576688572764397,0.01216092985123396
9465,3,0,0,0.5251986384391785,0.4691449701786041,0.005656382534652948
9466,2,1,1,0.0006785188452340662,0.999148964881897,0.00017251563258469105
9468,2,0,0,0.8988885879516602,0.028525685891509056,0.07258579134941101
9469,0,0,0,0.9308505058288574,0.003124665003269911,0.06602483987808228
9470,4,2,2,0.0003581464115995914,0.000145658734254539,0.9994962215423584
9472,2,2,0,0.75360506772995,0.16579990088939667,0.08059506863355637
9473,4,1,0,0.4643099904060364,0.20535491406917572,0.3303350508213043
9474,0,2,0,0.8878058791160583,0.022121982648968697,0.09007205814123154
9475,0,0,0,0.9632446765899658,0.008966490626335144,0.027788907289505005
9476,3,0,1,0.35862287878990173,0.46471816301345825,0.1766589879989624
9477,2,0,0,0.7022715210914612,0.02551257610321045,0.27221590280532837
9478,4,1,1,0.03811582177877426,0.9585034847259521,0.0033806972205638885
9479,1,0,1,0.10905451327562332,0.8865655660629272,0.004379878286272287
9480,4,0,0,0.8650945425033569,0.01761043816804886,0.11729507893323898
9481,3,0,0,0.8460421562194824,0.04534773528575897,0.10861007869243622
9482,3,0,0,0.8700382113456726,0.02979411743581295,0.10016769170761108
9484,3,1,1,0.0001544232218293473,0.9998440742492676,1.5240988204823225e-06
9485,3,2,0,0.8844719529151917,0.05709629878401756,0.05843174085021019
9487,0,0,0,0.8777196407318115,0.02181261219084263,0.10046779364347458
9489,2,2,0,0.6105530858039856,0.2708152234554291,0.11863165348768234
9490,2,2,0,0.8157197833061218,0.006820596754550934,0.17745956778526306
9491,1,2,2,3.549819894033135e-06,8.027591320569627e-06,0.9999884366989136
9492,2,2,2,7.318024472624529e-06,5.773012617282802e-06,0.999987006187439
9493,4,2,2,2.6912283601632225e-07,5.819540547236102e-06,0.9999939203262329
9494,4,2,2,2.3732384306640597e-06,6.456280243583024e-05,0.9999330043792725
9495,0,2,2,3.461611584043567e-07,1.0135263437405229e-06,0.9999985694885254
9496,1,0,0,0.5384843349456787,0.023625995963811874,0.4378896653652191
9497,0,2,2,7.30025476514129e-06,1.2629188859136775e-05,0.999980092048645
9498,0,0,0,0.7836974859237671,0.020579364150762558,0.19572310149669647
9499,1,2,2,4.181739313935395e-06,3.824248051387258e-05,0.9999575614929199
9500,0,0,1,0.004986436106264591,0.9943825006484985,0.0006310653407126665
9501,0,2,2,5.6580506679893006e-06,0.0003789188922382891,0.9996154308319092
9502,3,2,2,0.00024300767108798027,9.982200936065055e-06,0.9997469782829285
9503,3,2,2,2.1957314402243355e-06,1.0917298823187593e-05,0.9999868869781494
9504,0,2,2,2.712541515847988e-07,0.00016667482850607485,0.9998331069946289
9505,2,2,2,1.211953531310428e-05,0.00017556070815771818,0.9998123049736023
9506,3,0,0,0.9457542896270752,0.04181266948580742,0.012433056719601154
9507,3,0,0,0.9417301416397095,0.007179108448326588,0.05109075456857681
9508,4,0,0,0.9345940947532654,0.004658935591578484,0.06074702367186546
9509,3,1,1,0.38021498918533325,0.4797118604183197,0.14007316529750824
9510,3,2,0,0.9323069453239441,0.03025204874575138,0.0374409481883049
9511,1,1,1,0.07390604168176651,0.9118241667747498,0.014269770123064518
9512,1,1,0,0.6640902161598206,0.0195308830589056,0.3163788914680481
9513,1,0,0,0.8632512092590332,0.04028283804655075,0.09646601229906082
9514,2,0,0,0.604754626750946,0.04660319536924362,0.3486422002315521
9515,3,0,0,0.4303553104400635,0.3647419512271881,0.2049027383327484
9516,3,0,1,0.42328062653541565,0.43945392966270447,0.1372653990983963
9517,4,1,0,0.6025171279907227,0.14672355353832245,0.2507593333721161
9518,1,1,1,4.734860965527332e-07,0.999997615814209,1.9041226551053114e-06
9519,4,0,0,0.8629204034805298,0.06584274768829346,0.0712367445230484
9520,3,0,0,0.9264823198318481,0.03143024072051048,0.042087454348802567
9521,2,1,1,2.485774712113198e-05,0.9999747276306152,4.1687127350087394e-07
9522,4,1,0,0.8026151657104492,0.07597927749156952,0.1214054748415947
9523,1,2,2,0.0028017139993608,0.0012542508775368333,0.995944082736969
9524,1,1,1,0.00154020672198385,0.9983205199241638,0.00013920805940870196
9525,4,0,0,0.8966065645217896,0.06912630796432495,0.03426716849207878
9526,0,2,0,0.7663795351982117,0.04996886104345322,0.1836516261100769
9529,3,2,0,0.6530061960220337,0.013935202732682228,0.33305859565734863
9530,0,0,0,0.8918495774269104,0.022537896409630775,0.08561249822378159
9531,2,0,0,0.768922746181488,0.06540968269109726,0.1656675636768341
9532,1,0,0,0.7622597217559814,0.14074000716209412,0.09700027853250504
9533,1,0,2,0.13038207590579987,0.01619257964193821,0.8534253835678101
9536,0,0,0,0.7010794878005981,0.20765723288059235,0.0912632867693901
9537,0,0,0,0.967477560043335,0.008159562014043331,0.024362966418266296
9539,0,1,0,0.5485271215438843,0.2557803988456726,0.19569243490695953
9540,1,0,1,0.3264245390892029,0.6396674513816833,0.03390800580382347
9541,3,0,0,0.8220813870429993,0.09758124500513077,0.08033733069896698
9543,2,1,1,0.3047012388706207,0.6745321154594421,0.02076667919754982
9544,1,0,0,0.8405080437660217,0.09154012054204941,0.06795185804367065
9546,0,2,0,0.8118384480476379,0.020807325839996338,0.16735422611236572
9547,2,2,0,0.7470628619194031,0.10184022784233093,0.15109696984291077
9548,1,0,0,0.7554633021354675,0.005437154322862625,0.23909950256347656
9550,4,0,0,0.7710679769515991,0.00397151056677103,0.22496052086353302
9551,1,1,1,0.260513573884964,0.6446495056152344,0.09483691304922104
9552,2,1,1,0.05609674006700516,0.9351191520690918,0.008784128352999687
9553,4,1,1,5.28977980138734e-05,0.9999275207519531,1.9536922991392203e-05
9554,1,1,0,0.8076185584068298,0.023060476407408714,0.1693209558725357
9557,2,2,2,0.44238948822021484,0.10198484361171722,0.45562565326690674
9559,4,0,0,0.9157522320747375,0.009363312274217606,0.07488445937633514
9560,4,0,0,0.7101854681968689,0.1339176595211029,0.1558968424797058
9561,0,0,1,0.16729328036308289,0.7927147150039673,0.039991989731788635
9563,4,1,0,0.9035149812698364,0.06763055920600891,0.02885443903505802
9564,1,0,0,0.6066685318946838,0.3219068944454193,0.07142455875873566
9565,3,0,0,0.7840590476989746,0.02584293857216835,0.19009798765182495
9566,4,1,1,0.0004107606946490705,0.9994059801101685,0.00018326225108467042
9567,1,1,0,0.7593432068824768,0.10760097950696945,0.13305580615997314
9568,3,2,0,0.8815832138061523,0.03594798967242241,0.08246884495019913
9569,1,1,1,1.6817373307276284e-06,0.9999978542327881,5.17688363288471e-07
9570,2,1,2,6.200169991643634e-06,0.00017261970788240433,0.9998212456703186
9571,0,0,0,0.8949215412139893,0.012581691145896912,0.09249681979417801
9573,0,0,0,0.8493615984916687,0.021298259496688843,0.12934012711048126
9574,2,0,0,0.7109220027923584,0.07602795213460922,0.21305003762245178
9576,4,0,0,0.9587810039520264,0.007853283546864986,0.03336574137210846
9578,3,0,0,0.8909326791763306,0.017457660287618637,0.09160968661308289
9579,4,2,2,0.14429868757724762,0.017065327614545822,0.8386359810829163
9580,2,0,0,0.9454259872436523,0.012290813960134983,0.04228317365050316
9581,2,1,1,0.0003288926964160055,0.9996424913406372,2.8555987228173763e-05
9582,3,0,0,0.901346743106842,0.007881282828748226,0.09077198058366776
9583,1,2,2,0.3776140511035919,0.13186194002628326,0.4905239939689636
9584,2,1,1,0.00023544776195194572,0.9997478127479553,1.670876554271672e-05
9585,4,0,0,0.6134647727012634,0.004004393704235554,0.3825308084487915
9586,2,2,0,0.9099763631820679,0.033019647002220154,0.057004060596227646
9587,4,2,0,0.6705654859542847,0.019544782117009163,0.3098897337913513
9588,1,0,0,0.6812108159065247,0.028002599254250526,0.2907865643501282
9589,0,0,0,0.8698627948760986,0.043900810182094574,0.08623632788658142
9590,1,1,1,0.4433836340904236,0.5403048396110535,0.01631154492497444
9591,0,1,1,6.19710554019548e-05,0.9978895783424377,0.0020484609995037317
9592,3,0,0,0.7014232873916626,0.13481545448303223,0.16376130282878876
9593,1,2,0,0.9471558332443237,0.02291285991668701,0.0299312062561512
9594,2,0,1,0.009396770037710667,0.9894546270370483,0.0011485675349831581
9596,4,0,0,0.9116597771644592,0.03173983469605446,0.056600406765937805
9597,1,0,0,0.7463318705558777,0.09526844322681427,0.15839967131614685
9598,4,0,0,0.7591504454612732,0.07387936115264893,0.16697020828723907
9599,0,0,0,0.49179908633232117,0.42119842767715454,0.0870024710893631
9600,0,1,0,0.8759577870368958,0.05280499905347824,0.07123717665672302
9601,1,0,1,0.30053088068962097,0.6835737228393555,0.015895390883088112
9602,1,1,1,0.01213756948709488,0.9868588447570801,0.0010035654995590448
9604,2,2,2,0.3623892664909363,0.011094803921878338,0.6265158653259277
9605,1,0,0,0.8282840251922607,0.02959240786731243,0.1421235352754593
9606,4,2,2,0.08925848454236984,0.03938782215118408,0.8713537454605103
9607,1,0,0,0.8027691841125488,0.06792791187763214,0.12930282950401306
9608,3,0,0,0.7030174136161804,0.11864536255598068,0.1783371865749359
9609,3,1,1,0.16882111132144928,0.8090064525604248,0.022172441706061363
9612,2,0,0,0.9361771941184998,0.008875303901731968,0.054947514086961746
9613,2,0,0,0.9171739816665649,0.0250753965228796,0.05775069817900658
9614,3,1,1,0.027590811252593994,0.9716674089431763,0.0007417346350848675
9616,2,0,0,0.6086757183074951,0.3303772807121277,0.060947075486183167
9618,3,1,0,0.47523942589759827,0.14281101524829865,0.38194960355758667
9619,4,1,1,0.1034807488322258,0.8364405632019043,0.0600786991417408
9620,3,1,1,0.38409852981567383,0.6076368689537048,0.008264577947556973
9623,0,2,0,0.7186616063117981,0.10940355062484741,0.17193485796451569
9624,0,0,2,0.0005292252171784639,0.00014719982573296875,0.9993236064910889
9625,1,0,0,0.8577086329460144,0.07896847277879715,0.06332293152809143
9627,0,0,0,0.8201384544372559,0.08868684619665146,0.09117475152015686
9628,1,2,0,0.933349072933197,0.042442742735147476,0.0242081917822361
9629,0,2,0,0.8548774123191833,0.011915159411728382,0.13320744037628174
9630,0,0,0,0.886855959892273,0.04126792773604393,0.0718761533498764
9631,1,1,1,5.353025244403398e-06,0.9999924898147583,2.1589660263998667e-06
9632,0,0,0,0.937390923500061,0.02703680470585823,0.03557238727807999
9633,0,1,0,0.6750144362449646,0.2712469696998596,0.05373863875865936
9634,3,0,0,0.8557907342910767,0.037093549966812134,0.107115738093853
9635,4,2,2,1.5717871065135114e-05,0.00021067092893645167,0.9997735619544983
9636,3,0,0,0.7184385657310486,0.25687485933303833,0.024686535820364952
9637,2,2,0,0.53785240650177,0.017863662913441658,0.44428396224975586
9638,3,2,2,3.1821571610635146e-05,0.00011821153020719066,0.9998499155044556
9639,4,2,2,5.882038294657832e-06,0.0014069456374272704,0.9985872507095337
9640,3,2,2,6.39669451629743e-07,2.647474320838228e-05,0.999972939491272
9641,2,2,2,4.1021840502253326e-07,3.8471313018817455e-05,0.9999611377716064
9642,1,2,2,0.0008660034509375691,1.399920347466832e-05,0.9991199374198914
9643,0,2,2,2.0817596535493976e-08,1.1061442819482181e-05,0.9999889135360718
9644,3,2,2,8.83130996953696e-06,6.862587906653062e-05,0.999922513961792
9645,3,0,0,0.9381103515625,0.0400039441883564,0.02188572846353054
9646,2,0,0,0.810412585735321,0.08913829922676086,0.1004491001367569
9647,3,0,0,0.9087715744972229,0.002625301480293274,0.08860313147306442
9648,1,2,0,0.5982294678688049,0.009820237755775452,0.3919503092765808
9649,0,2,0,0.8770390152931213,0.030205896124243736,0.09275510907173157
9650,1,2,2,6.896615332152578e-07,0.0003080857277382165,0.9996912479400635
9651,3,2,0,0.6028372049331665,0.25121361017227173,0.14594919979572296
9652,2,0,0,0.7121374607086182,0.03517678752541542,0.2526857852935791
9653,4,2,0,0.8809032440185547,0.03656478598713875,0.08253196626901627
9654,4,0,0,0.8523662686347961,0.009931286796927452,0.13770243525505066
9655,0,0,0,0.5649309158325195,0.2823416292667389,0.15272748470306396
9656,3,0,0,0.9330133199691772,0.028896169736981392,0.03809046745300293
9657,2,2,2,0.0007836547447368503,0.0009180008783005178,0.9982983469963074
9658,0,1,0,0.6043766736984253,0.2907087504863739,0.1049145832657814
9659,2,1,1,0.0001208418034366332,0.9998724460601807,6.737038347637281e-06
9661,2,2,0,0.7247076630592346,0.043351564556360245,0.2319408357143402
9662,1,1,0,0.8928675651550293,0.054224781692028046,0.052907612174749374
9663,0,0,0,0.7937911152839661,0.046954184770584106,0.15925480425357819
9665,4,0,0,0.9040442705154419,0.018903784453868866,0.07705192267894745
9666,0,1,0,0.46495240926742554,0.39840248227119446,0.13664506375789642
9667,0,0,0,0.8567395806312561,0.02250416949391365,0.12075625360012054
9668,3,2,0,0.8713069558143616,0.07823511958122253,0.050457898527383804
9669,2,2,0,0.7939927577972412,0.0123729994520545,0.1936342567205429
9670,0,2,2,2.915854224738723e-07,2.0054962078575045e-05,0.9999797344207764
9671,0,0,0,0.8103125095367432,0.10816091299057007,0.0815265029668808
9675,2,0,0,0.8651456832885742,0.07613041996955872,0.058723971247673035
9676,4,1,0,0.8303220272064209,0.05610650032758713,0.11357148736715317
9679,3,1,1,0.3458234667778015,0.636163055896759,0.018013449385762215
9681,3,1,1,6.906181806698442e-05,0.9999206066131592,1.0365880370954983e-05
9682,4,0,0,0.8490421175956726,0.10685687512159348,0.044101037085056305
9684,4,0,0,0.8498343825340271,0.04892227053642273,0.10124330967664719
9685,3,2,2,0.00045737691107206047,0.005337398499250412,0.9942052960395813
9686,1,0,0,0.5668846964836121,0.027053985744714737,0.4060612916946411
9687,0,1,1,0.0012489515356719494,0.9986901879310608,6.087846486479975e-05
9688,4,2,2,0.3685914874076843,0.012929642572999,0.6184789538383484
9690,4,1,1,0.00019769900245591998,0.9997366070747375,6.565004150616005e-05
9692,3,0,0,0.7546971440315247,0.21410679817199707,0.031196143478155136
9693,3,0,0,0.8942915797233582,0.08525430411100388,0.02045406773686409
9694,0,0,0,0.874732255935669,0.05286462977528572,0.07240313291549683
9695,1,0,0,0.8387607932090759,0.13430273532867432,0.026936478912830353
9696,0,0,0,0.837866485118866,0.0038860354106873274,0.15824754536151886
9698,1,0,0,0.8726065754890442,0.015544964000582695,0.11184845864772797
9701,4,1,0,0.9131295680999756,0.006817651446908712,0.08005283027887344
9702,1,1,0,0.7867316603660583,0.021300846710801125,0.19196760654449463
9703,1,1,0,0.8414785265922546,0.10145600885152817,0.05706540122628212
9704,3,0,0,0.8497586846351624,0.035456933081150055,0.11478433758020401
9705,0,0,0,0.871565043926239,0.02740161307156086,0.1010332852602005
9706,1,0,0,0.6794114708900452,0.02924342453479767,0.2913450598716736
9707,0,1,0,0.8351014852523804,0.1249711886048317,0.039927225559949875
9708,1,2,0,0.5694261789321899,0.11510152369737625,0.3154723048210144
9710,3,1,1,0.36590901017189026,0.5168958902359009,0.11719512194395065
9711,1,0,0,0.8176608681678772,0.1515180468559265,0.030821064487099648
9712,3,0,0,0.8079438805580139,0.025490207597613335,0.1665659099817276
9713,0,0,0,0.9026100635528564,0.02131671831011772,0.07607314735651016
9715,0,1,1,8.989744674181566e-05,0.999908447265625,1.7051955865099444e-06
9716,0,1,1,0.013328216038644314,0.9860905408859253,0.0005812986637465656
9717,3,2,0,0.5247423052787781,0.2287510186433792,0.24650666117668152
9718,2,2,2,0.0013092088047415018,0.00010212852066615596,0.9985886216163635
9720,1,1,1,0.0003235842741560191,0.9996260404586792,5.030885586165823e-05
9721,0,1,1,0.001491657574661076,0.998314380645752,0.0001939289941219613
9722,4,1,1,0.016501247882843018,0.9828100204467773,0.0006886873161420226
9723,2,0,0,0.8192078471183777,0.10435283929109573,0.07643929123878479
9724,2,0,0,0.7547445893287659,0.101496621966362,0.14375880360603333
9725,3,0,0,0.6793233156204224,0.0040793525986373425,0.3165973126888275
9726,1,0,0,0.8138418197631836,0.04927366226911545,0.13688451051712036
9727,3,0,0,0.7664488554000854,0.1664031594991684,0.06714799255132675
9729,0,0,0,0.9392626285552979,0.0223270021378994,0.03841032087802887
9730,3,0,0,0.8732424378395081,0.09782207012176514,0.02893541008234024
9731,4,0,0,0.744420051574707,0.10499393194913864,0.15058602392673492
9732,4,1,1,0.0007741893641650677,0.9991784691810608,4.730455111712217e-05
9735,3,2,0,0.8368229866027832,0.017720242962241173,0.14545676112174988
9736,0,1,1,0.27455568313598633,0.7215966582298279,0.003847687505185604
9738,1,2,0,0.9052451252937317,0.033140890300273895,0.06161392852663994
9739,4,2,1,0.3894309401512146,0.5974007844924927,0.013168285600841045
9742,0,1,0,0.8630338311195374,0.03339548408985138,0.10357066988945007
9743,2,0,1,0.013917568139731884,0.6464165449142456,0.339665949344635
9745,2,0,0,0.8330859541893005,0.08924819529056549,0.07766585052013397
9746,0,1,0,0.8459393382072449,0.044188715517520905,0.10987190902233124
9747,4,0,0,0.891060471534729,0.06174519658088684,0.047194357961416245
9748,3,0,0,0.7652084827423096,0.13245348632335663,0.10233805328607559
9749,3,0,0,0.7696806192398071,0.014996825717389584,0.21532252430915833
9750,2,0,0,0.7759049534797668,0.04308505356311798,0.18101002275943756
9751,0,0,0,0.6676796674728394,0.1982421576976776,0.13407814502716064
9752,1,1,1,0.01960185542702675,0.9427587389945984,0.037639424204826355
9753,1,1,1,0.15790924429893494,0.8351214528083801,0.006969287060201168
9754,4,0,0,0.8975273370742798,0.0019803608302026987,0.10049235820770264
9755,3,1,0,0.7483261823654175,0.07908029109239578,0.17259354889392853
9756,0,0,1,0.3934305012226105,0.4045141041278839,0.20205539464950562
9758,4,0,0,0.7157668471336365,0.025809500366449356,0.25842365622520447
9759,1,2,2,0.02365603670477867,0.0065430873073637486,0.9698007702827454
9761,3,0,0,0.6292374134063721,0.01714450865983963,0.35361814498901367
9762,1,2,2,0.12286476790904999,0.2681550085544586,0.6089802384376526
9765,3,2,0,0.5380697250366211,0.06740177422761917,0.39452850818634033
9766,3,2,0,0.5446728467941284,0.0144572202116251,0.4408699870109558
9767,4,0,0,0.9461960792541504,0.007940336130559444,0.045863568782806396
9768,2,1,1,0.004233350045979023,0.9949878454208374,0.0007788361399434507
9770,1,0,0,0.877498209476471,0.015904931351542473,0.1065969318151474
9772,1,1,0,0.5883178114891052,0.33985233306884766,0.07182985544204712
9773,1,1,1,0.0011949128238484263,0.9987531900405884,5.189147486817092e-05
9774,2,0,0,0.7369350790977478,0.04117995873093605,0.22188495099544525
9775,4,0,0,0.8818354606628418,0.0034649905283004045,0.114699587225914
9776,3,1,1,0.00019780639559030533,0.9997933506965637,8.815956789476331e-06
9777,0,0,0,0.8573490977287292,0.03981291130185127,0.10283798724412918
9779,2,1,1,0.04900239035487175,0.942901074886322,0.00809656735509634
9780,0,1,0,0.7930763363838196,0.08654716610908508,0.12037644535303116
9781,0,1,1,0.19092944264411926,0.8025405406951904,0.006530039012432098
9782,1,1,0,0.8116255402565002,0.09748230129480362,0.09089211374521255
9785,1,1,0,0.676749587059021,0.14240001142024994,0.18085041642189026
9786,2,2,2,8.765806705923751e-05,9.096595022128895e-05,0.9998214840888977
9787,4,2,0,0.742920994758606,0.02633121982216835,0.23074780404567719
9788,4,0,2,0.18021348118782043,0.023857301101088524,0.7959292531013489
9789,4,2,2,0.17282310128211975,0.0061155809089541435,0.8210612535476685
9791,3,1,1,9.597090684110299e-05,0.9998067021369934,9.730286546982825e-05
9792,1,1,1,7.245363121910486e-06,0.9999914169311523,1.3795273616779014e-06
9793,1,1,1,0.00387781229801476,0.9960585832595825,6.366753223119304e-05
9794,3,1,1,0.2150285840034485,0.7707990407943726,0.014172370545566082
9795,4,0,0,0.7733227014541626,0.08646377921104431,0.1402135044336319
9796,1,0,0,0.5629209280014038,0.029237937182188034,0.4078410863876343
9797,1,1,1,0.013017126359045506,0.9861337542533875,0.0008491248008795083
9798,4,1,1,0.3547499477863312,0.5541365742683411,0.09111351519823074
9799,4,0,0,0.9049292206764221,0.00973332766443491,0.08533746004104614
9802,0,1,1,1.0239702532999218e-05,0.9999892711639404,4.3711497710319236e-07
9803,1,1,0,0.7353114485740662,0.12514768540859222,0.13954083621501923
9804,4,1,1,7.70976475905627e-06,0.9999921321868896,1.5886718074398232e-07
9805,4,1,1,3.130905497528147e-06,0.999996542930603,2.830759910921188e-07
9808,3,1,1,6.1089976952644065e-06,0.9999932050704956,6.85877409978275e-07
9809,2,0,0,0.9210323691368103,0.03521093726158142,0.04375670105218887
9810,2,0,0,0.8280216455459595,0.06680723279714584,0.10517104715108871
9811,0,1,1,0.0001085200856323354,0.9998903274536133,1.1224798299735994e-06
9812,0,1,1,2.7112362658954225e-05,0.9999725818634033,2.616639278585353e-07
9813,4,0,0,0.9404474496841431,0.003698049345985055,0.05585445463657379
9814,4,1,0,0.5562450289726257,0.363980770111084,0.07977421581745148
9816,2,1,1,0.000103219055745285,0.9998793601989746,1.741728738124948e-05
9817,3,1,1,0.017864499241113663,0.9803531169891357,0.0017824267270043492
9818,2,0,0,0.9555816650390625,0.0032421306241303682,0.04117623344063759
9819,3,0,0,0.679919958114624,0.13246342539787292,0.18761657178401947
9820,4,0,1,0.012784682214260101,0.9868379235267639,0.0003774314245674759
9821,0,1,1,0.0011786732356995344,0.998742401599884,7.889528205851093e-05
9823,4,0,1,0.35784804821014404,0.6058183312416077,0.03633362427353859
9824,4,1,1,4.47183774667792e-05,0.9999144077301025,4.0895443817134947e-05
9826,3,0,2,0.20930971205234528,0.004370252601802349,0.7863199710845947
9827,4,1,1,0.013935632072389126,0.9846082329750061,0.0014561066636815667
9828,3,2,0,0.7583890557289124,0.08057406544685364,0.1610369086265564
9829,0,0,0,0.8181350827217102,0.08695001900196075,0.09491496533155441
9830,2,1,1,0.18063214421272278,0.7607877254486084,0.05858013778924942
9831,0,1,1,0.0002013578632613644,0.9997594952583313,3.914210537914187e-05
9833,2,2,2,0.004176741000264883,0.0011991149513050914,0.9946241974830627
9835,4,0,0,0.8826841115951538,0.028669137507677078,0.08864668011665344
9836,2,2,0,0.8913135528564453,0.017830003052949905,0.09085648506879807
9837,2,0,1,0.2288130819797516,0.6908558011054993,0.08033110201358795
9838,3,0,0,0.8993210792541504,0.040104225277900696,0.06057462841272354
9839,0,2,1,0.15891596674919128,0.4797130525112152,0.36137092113494873
9840,1,2,0,0.8952558040618896,0.009524260647594929,0.09521994739770889
9841,1,2,2,0.09982189536094666,0.1310015171766281,0.7691766023635864
9843,2,0,0,0.8784710764884949,0.005645158234983683,0.11588377505540848
9844,3,0,0,0.4788450002670288,0.4772140383720398,0.043940868228673935
9845,2,0,0,0.8733473420143127,0.03452885150909424,0.09212372452020645
9846,2,0,0,0.8759848475456238,0.04205964505672455,0.0819554254412651
9847,1,1,1,0.0001943243114510551,0.9998028874397278,2.852135821740376e-06
9848,1,1,1,0.16394373774528503,0.789850115776062,0.046206146478652954
9850,3,1,1,0.0004215118824504316,0.9993041753768921,0.00027435654192231596
9851,0,0,0,0.924919068813324,0.007512091659009457,0.06756887584924698
9852,1,1,1,0.2785136103630066,0.6597136855125427,0.06177264451980591
9853,4,0,0,0.5825580954551697,0.38119617104530334,0.03624569997191429
9854,3,0,0,0.7827540636062622,0.12458352744579315,0.09266237169504166
9855,4,0,0,0.829685628414154,0.014576788991689682,0.15573753416538239
9856,4,2,0,0.8998549580574036,0.030321484431624413,0.06982356309890747
9857,3,0,0,0.9457178115844727,0.022472335025668144,0.031809840351343155
9859,0,1,1,0.0002917886304203421,0.9805616736412048,0.019146496430039406
9860,4,1,0,0.7028188109397888,0.16812129318714142,0.12905986607074738
9861,1,1,0,0.7822016477584839,0.06453566253185272,0.15326271951198578
9862,0,0,0,0.7873885631561279,0.07172436267137527,0.1408870816230774
9863,0,1,1,0.09782803058624268,0.8965526223182678,0.005619323346763849
9864,4,1,1,0.09281253814697266,0.7820373177528381,0.1251501739025116
9865,1,0,0,0.5594277381896973,0.33956000208854675,0.10101217776536942
9866,4,0,0,0.9181313514709473,0.02009347826242447,0.06177518144249916
9867,2,1,1,0.44515377283096313,0.4963779151439667,0.058468397706747055
9869,2,0,2,0.43017467856407166,0.06444047391414642,0.5053848624229431
9870,0,0,0,0.621520459651947,0.14383096992969513,0.23464864492416382
9871,0,2,0,0.7309750914573669,0.1823195517063141,0.08670536428689957
9872,2,0,0,0.6323191523551941,0.029304103925824165,0.3383767902851105
9873,4,1,0,0.8217979073524475,0.15192021429538727,0.026281902566552162
9874,0,0,0,0.8683048486709595,0.011809597723186016,0.11988558620214462
9875,3,0,0,0.8758141994476318,0.01480775885283947,0.10937805473804474
9876,0,1,1,0.020858466625213623,0.9778057336807251,0.0013358615105971694
9879,2,0,0,0.9108109474182129,0.05373303219676018,0.03545591980218887
9880,0,1,1,0.11948336660861969,0.8704648613929749,0.010051815770566463
9881,1,1,0,0.8400570154190063,0.05298860743641853,0.1069544181227684
9882,1,1,1,0.0017058360390365124,0.9979038238525391,0.0003904045734088868
9884,4,2,0,0.5777934789657593,0.31364959478378296,0.10855688154697418
9885,4,1,1,0.026169756427407265,0.9596474170684814,0.014182809740304947
9886,0,0,0,0.8490221500396729,0.07161783427000046,0.07935995608568192
9887,1,0,0,0.8300761580467224,0.024788586422801018,0.14513523876667023
9888,3,1,1,0.0598212406039238,0.9378423690795898,0.0023364208173006773
9889,0,2,2,0.00463462620973587,0.009819076396524906,0.985546350479126
9890,4,0,0,0.7690690755844116,0.014855733141303062,0.21607515215873718
9893,4,0,0,0.634218692779541,0.12067342549562454,0.24510785937309265
9894,0,0,0,0.8256910443305969,0.09653586894273758,0.0777730941772461
9897,1,1,0,0.9119170308113098,0.06005914881825447,0.028023893013596535
9898,1,1,0,0.8007675409317017,0.08451654762029648,0.11471583694219589
9900,1,0,0,0.9330518245697021,0.005111604928970337,0.06183656305074692
9902,2,0,0,0.7301243543624878,0.04133111611008644,0.22854457795619965
9903,4,0,1,0.19206613302230835,0.7865628600120544,0.021371066570281982
9904,0,0,0,0.7344763875007629,0.022632045671343803,0.24289162456989288
9905,1,1,1,0.010513698682188988,0.9893562197685242,0.00013008028327021748
9906,3,0,0,0.9266705513000488,0.015120238065719604,0.058209218084812164
9907,1,1,1,0.0002455769572407007,0.9997033476829529,5.1049133617198095e-05
9908,1,1,0,0.8935432434082031,0.05414944514632225,0.0523073673248291
9909,1,1,1,0.00042708971886895597,0.9995403289794922,3.261046003899537e-05
9910,1,0,0,0.475723534822464,0.059395115822553635,0.4648813307285309
9911,4,1,1,0.3091583549976349,0.5764570832252502,0.11438455432653427
9912,1,0,0,0.8618639707565308,0.04067181050777435,0.09746420383453369
9913,4,0,0,0.7907611131668091,0.06743504106998444,0.14180384576320648
9914,3,1,0,0.8681632876396179,0.09116823226213455,0.04066842421889305
9915,3,0,0,0.9601503610610962,0.0016344765899702907,0.038215212523937225
9916,4,0,0,0.9590776562690735,0.011734704487025738,0.029187628999352455
9919,0,0,0,0.9651354551315308,0.0011417720234021544,0.033722806721925735
9920,2,1,1,2.33848595598829e-06,0.9999974966049194,1.999176646449996e-07
9921,1,2,0,0.7910221815109253,0.018682654947042465,0.19029517471790314
9922,4,2,0,0.8913576006889343,0.010297844186425209,0.09834466874599457
9924,3,0,0,0.9729645848274231,0.003591077635064721,0.02344437688589096
9925,2,0,1,0.06963790208101273,0.9079110622406006,0.022451039403676987
9926,3,0,0,0.9031935334205627,0.05786886438727379,0.03893750160932541
9928,1,0,0,0.8852959275245667,0.031903982162475586,0.08280013501644135
9929,2,0,0,0.8903639912605286,0.07326216995716095,0.03637387976050377
9930,4,0,0,0.787550687789917,0.08138922601938248,0.13106000423431396
9932,0,1,1,0.00022330712818074971,0.9997548460960388,2.184147342632059e-05
9933,3,0,0,0.7962615489959717,0.01296946220099926,0.1907690465450287
9935,4,1,1,1.776208409864921e-05,0.9999767541885376,5.535468972084345e-06
9936,4,0,0,0.7845049500465393,0.00903867743909359,0.20645642280578613
9937,0,0,0,0.9099551439285278,0.03204667568206787,0.05799815431237221
9938,1,0,1,0.39147573709487915,0.5802646279335022,0.0282596405595541
9940,4,0,0,0.8322049975395203,0.14428669214248657,0.023508287966251373
9941,4,1,1,0.07810158282518387,0.9188184142112732,0.003080054884776473
9942,3,1,0,0.7534551024436951,0.019719542935490608,0.22682534158229828
9943,4,1,1,0.0004841156187467277,0.9994670748710632,4.880996857536957e-05
9944,4,2,0,0.5320430397987366,0.012044083327054977,0.45591285824775696
9946,0,0,0,0.8070411086082458,0.10302268713712692,0.0899362787604332
9947,2,1,0,0.8859360814094543,0.039424531161785126,0.07463937997817993
9948,3,0,0,0.7290366888046265,0.07813268899917603,0.1928306519985199
9949,2,1,0,0.6398988962173462,0.2772272825241089,0.08287376165390015
9950,3,1,1,5.7115980780508835e-06,0.9999940395355225,1.9632189207641204e-07
9951,2,2,2,0.010015678592026234,0.0019080371130257845,0.9880762100219727
9952,4,2,0,0.7554722428321838,0.13166600465774536,0.11286181956529617
9953,2,2,0,0.7287253737449646,0.022337529808282852,0.24893711507320404
9956,2,0,0,0.9603747129440308,0.0027421987615525723,0.03688311576843262
9957,0,0,0,0.42910516262054443,0.18051910400390625,0.39037570357322693
9958,4,0,0,0.9357525706291199,0.014016162604093552,0.050231292843818665
9960,0,0,1,0.39781495928764343,0.5679244995117188,0.034260522574186325
9961,1,1,1,0.01301396545022726,0.9842117428779602,0.0027742690872401
9962,1,1,0,0.7735268473625183,0.189717635512352,0.0367555245757103
9963,1,2,0,0.8445450663566589,0.13325439393520355,0.0222005695104599
9964,3,0,0,0.5142029523849487,0.15332987904548645,0.3324671685695648
9965,1,2,1,0.12322673201560974,0.867898166179657,0.008875139057636261
9966,0,0,0,0.8369204998016357,0.07542898505926132,0.08765050023794174
9967,0,1,0,0.8775627017021179,0.015883775427937508,0.10655348002910614
9968,3,0,0,0.838438868522644,0.03376072645187378,0.12780041992664337
9969,0,0,0,0.8763019442558289,0.03318464383482933,0.09051339328289032
9970,3,1,1,0.001768532209098339,0.9981040954589844,0.00012735059135593474
9972,3,0,0,0.7664499878883362,0.11014217883348465,0.12340783327817917
9973,3,1,1,6.43245002720505e-05,0.9999239444732666,1.1736087799363304e-05
9974,0,2,2,0.011608784087002277,0.16894997656345367,0.8194412589073181
9975,4,0,0,0.9080374836921692,0.00212748721241951,0.089835025370121
9976,4,0,0,0.8418830037117004,0.020578036084771156,0.13753896951675415
9977,0,1,1,0.020039284601807594,0.9795362949371338,0.00042434310307726264
9979,2,0,0,0.8400900363922119,0.029635965824127197,0.13027407228946686
9981,1,1,1,0.026811333373188972,0.9676350355148315,0.005553640425205231
9982,3,2,0,0.851271390914917,0.022694865241646767,0.126033753156662
9983,1,0,0,0.6174848079681396,0.020228438079357147,0.36228668689727783
9984,3,1,1,5.4779768106527627e-05,0.9999423027038574,2.9506088594644098e-06
9985,0,0,0,0.8941931128501892,0.005815634969621897,0.09999124705791473
9987,1,0,0,0.8774632215499878,0.05895499885082245,0.06358172744512558
9989,4,0,0,0.6275773644447327,0.31063082814216614,0.06179186329245567
9990,2,0,0,0.8887698650360107,0.07045721262693405,0.0407729372382164
9991,0,1,1,0.00010015473526436836,0.9998973608016968,2.455068170093e-06
9992,2,2,2,0.26690688729286194,0.008925916627049446,0.7241672277450562
9994,1,1,1,0.0012075328268110752,0.9987279772758484,6.442100129788741e-05
9995,3,1,0,0.7919744253158569,0.19966910779476166,0.00835645291954279
9996,0,0,0,0.8171111941337585,0.07702293246984482,0.10586589574813843
9998,4,0,0,0.768863320350647,0.04882565140724182,0.18231101334095
9999,2,1,1,1.716601946100127e-05,0.9999802112579346,2.61212267105293e-06
10000,3,1,1,6.1089976952644065e-06,0.9999932050704956,6.85877409978275e-07
10001,3,0,0,0.9707002639770508,0.007573314942419529,0.02172643318772316
10003,1,0,0,0.9007716178894043,0.04836295545101166,0.050865475088357925
10004,4,1,1,0.27984556555747986,0.7004449963569641,0.019709371030330658
10005,3,1,1,0.006923081818968058,0.9924455285072327,0.0006313681369647384
10006,3,1,1,0.001768532209098339,0.9981040954589844,0.00012735059135593474
10008,2,0,0,0.8991246223449707,0.01958232745528221,0.08129306882619858
10009,4,1,1,0.004197440110146999,0.9949302077293396,0.0008723459905013442
10010,4,0,0,0.8891052007675171,0.009592830203473568,0.10130202770233154
10011,2,0,0,0.774501621723175,0.08414509147405624,0.14135333895683289
10012,4,1,1,0.3694392442703247,0.6144760847091675,0.016084693372249603
10013,0,0,0,0.6877451539039612,0.16876883804798126,0.14348594844341278
10014,0,1,1,0.0005947534227743745,0.9992566704750061,0.000148563995026052
10016,0,2,0,0.7632583975791931,0.023142078891396523,0.21359950304031372
10017,1,1,2,1.8625323718879372e-05,0.06853293627500534,0.9314484596252441
10018,3,0,1,0.01978255622088909,0.9779804944992065,0.0022369057405740023
10019,0,1,1,0.006493983790278435,0.9931239485740662,0.0003821339050773531
10020,0,0,0,0.8508850932121277,0.016718551516532898,0.13239634037017822
10022,3,0,0,0.7519029378890991,0.2091445028781891,0.03895249590277672
10023,2,0,0,0.777739405632019,0.0722416415810585,0.15001897513866425
10025,3,0,0,0.6449390649795532,0.09886955469846725,0.2561914026737213
10027,3,0,0,0.667557954788208,0.003581406781449914,0.32886070013046265
10028,3,0,2,0.03041682578623295,0.00019519974011927843,0.9693880081176758
10029,2,0,0,0.7766435146331787,0.06763505190610886,0.15572145581245422
10030,2,0,0,0.6794930100440979,0.08746576309204102,0.23304127156734467
10031,3,1,1,0.014011049643158913,0.9854879975318909,0.0005009567248634994
10032,1,0,0,0.7842782735824585,0.009286567568778992,0.2064352035522461
10034,4,0,0,0.8138300776481628,0.1388804167509079,0.04728954657912254
10035,0,2,2,0.2735123932361603,0.018902525305747986,0.7075850963592529
10037,4,0,1,0.3779342472553253,0.5861966013908386,0.03586912527680397
10039,3,1,1,6.311252491286723e-06,0.9999929666519165,7.117827180991299e-07
10040,4,1,1,0.0022284321021288633,0.9950850605964661,0.0026864875108003616
10041,0,0,0,0.8347291946411133,0.03260002285242081,0.1326707899570465
10042,0,0,0,0.5434702634811401,0.10307839512825012,0.3534514009952545
10043,0,2,0,0.8984903693199158,0.01435560267418623,0.08715404570102692
10044,4,1,0,0.707914412021637,0.07505131512880325,0.21703429520130157
10045,0,1,1,0.044379591941833496,0.9474738836288452,0.008146459236741066
10047,1,0,0,0.9019860029220581,0.046213533729314804,0.05180046334862709
10048,0,0,0,0.8482946753501892,0.023480864241719246,0.1282244622707367
10049,3,2,0,0.8299412727355957,0.07545384764671326,0.09460483491420746
10052,1,0,0,0.7981776595115662,0.10281790792942047,0.09900448471307755
10053,0,2,0,0.6599907875061035,0.0774947851896286,0.26251447200775146
10054,4,0,0,0.680408239364624,0.14472371339797974,0.17486807703971863
10055,0,0,0,0.7464337944984436,0.13779351115226746,0.11577271670103073
10056,1,0,0,0.873489260673523,0.05899324640631676,0.06751751899719238
10057,2,0,1,0.2543890178203583,0.7335719466209412,0.012038995511829853
10058,4,0,0,0.7775059938430786,0.04238404333591461,0.1801099181175232
10059,1,0,0,0.8708385229110718,0.05146702006459236,0.07769450545310974
10060,1,0,0,0.7367396354675293,0.2303914874792099,0.03286886215209961
10063,3,0,0,0.9034304022789001,0.017210515215992928,0.07935906201601028
10065,3,1,1,0.001833573100157082,0.9980498552322388,0.00011657450522761792
10066,0,1,1,0.0272689126431942,0.9714288711547852,0.0013021922204643488
10067,2,1,1,0.010313822887837887,0.9868417978286743,0.002844381844624877
10068,2,0,0,0.8316987156867981,0.08812467753887177,0.08017656952142715
10069,3,2,2,0.0005749581032432616,0.007763722445815802,0.9916613101959229
10070,1,2,2,0.19317050278186798,0.004736592061817646,0.802092969417572
10071,1,0,0,0.8943553566932678,0.006777164060622454,0.0988675057888031
10072,0,0,0,0.7113223671913147,0.017762044444680214,0.270915687084198
10073,1,1,0,0.5647155046463013,0.3768973648548126,0.0583871454000473
10074,4,1,1,0.0036426428705453873,0.9960137605667114,0.0003436038678046316
10075,2,0,0,0.5904263257980347,0.24444133043289185,0.16513235867023468
10076,2,0,0,0.5710412263870239,0.2497260719537735,0.17923276126384735
10077,2,1,1,4.888673629466211e-06,0.9999947547912598,3.6133050684838963e-07
10078,3,1,1,0.00874194223433733,0.9908016324043274,0.00045650036190636456
10079,4,0,0,0.7842888832092285,0.15254104137420654,0.06317006796598434
10080,4,1,0,0.3712908923625946,0.3648761212825775,0.2638329863548279
10082,0,0,0,0.9017797708511353,0.01860538311302662,0.07961487770080566
10084,1,1,1,0.05586405098438263,0.9433800578117371,0.0007559558725915849
10085,3,1,0,0.7705593705177307,0.12814031541347504,0.10130038112401962
10088,0,0,0,0.6833718419075012,0.09629341959953308,0.2203347086906433
10089,3,0,0,0.5769963264465332,0.22156567871570587,0.20143797993659973
10090,0,0,2,0.25694215297698975,0.035319432616233826,0.7077383399009705
10091,2,0,0,0.8226615786552429,0.039244394749403,0.1380940079689026
10092,0,0,2,0.02325543761253357,0.178000345826149,0.798744261264801
10094,4,1,1,0.13353890180587769,0.8606178164482117,0.005843291059136391
10095,4,0,0,0.8767504692077637,0.022962361574172974,0.10028720647096634
10096,4,0,0,0.8335076570510864,0.06329575926065445,0.10319648683071136
10098,2,0,0,0.5746164917945862,0.043043140321969986,0.38234034180641174
10100,4,0,0,0.912338137626648,0.029758108779788017,0.057903699576854706
10101,0,0,0,0.6861141920089722,0.22453263401985168,0.08935312926769257
10102,1,0,1,0.33606427907943726,0.6521992087364197,0.011736496351659298
10103,1,0,0,0.8577507734298706,0.03224577009677887,0.11000346392393112
10104,4,1,1,0.03693374618887901,0.9599299430847168,0.0031363556627184153
10105,3,2,0,0.9076412916183472,0.05913763493299484,0.03322107344865799
10106,1,1,1,0.0004406874650157988,0.9993384480476379,0.00022086284297984093
10107,0,1,1,8.207320206565782e-05,0.9999159574508667,1.9942638118664036e-06
10108,0,0,0,0.7128448486328125,0.022116802632808685,0.26503831148147583
10109,1,2,0,0.6314252614974976,0.0064174155704677105,0.36215731501579285
10110,0,1,1,0.06677205860614777,0.7484904527664185,0.18473754823207855
10111,4,0,0,0.9223043322563171,0.01085684448480606,0.06683877855539322
10113,0,0,0,0.8497620820999146,0.011635602451860905,0.1386023312807083
10114,4,1,1,1.0436474440211896e-05,0.9999862909317017,3.2816844850458438e-06
10115,2,1,1,0.0002694012364372611,0.9997074007987976,2.312563083251007e-05
10116,1,1,1,3.8271031371550635e-05,0.9999284744262695,3.327506055939011e-05
10117,2,0,2,0.25785231590270996,0.12151356786489487,0.620634138584137
10118,3,0,0,0.8873797059059143,0.03934602066874504,0.07327423989772797
10119,1,1,1,0.07488236576318741,0.9132674336433411,0.01185017079114914
10120,1,1,1,0.13475583493709564,0.8479923009872437,0.017251815646886826
10121,2,0,0,0.9009028077125549,0.032856546342372894,0.06624066084623337
10122,4,0,0,0.8672862648963928,0.002303077606484294,0.13041067123413086
10124,2,1,1,0.0006766524747945368,0.9987081289291382,0.0006152022397145629
10125,0,1,0,0.579228401184082,0.3334712088108063,0.08730039745569229
10126,4,0,0,0.940984845161438,0.014442529529333115,0.04457267001271248
10127,3,0,0,0.8475005030632019,0.08515220135450363,0.06734731793403625
10128,2,0,2,0.3880765438079834,0.011014577001333237,0.6009088754653931
10129,0,0,0,0.862302303314209,0.009781061671674252,0.127916619181633
10130,0,0,0,0.9074112772941589,0.007147968281060457,0.08544071018695831
10131,0,1,1,0.0020251453388482332,0.9979524612426758,2.2364140022546053e-05
10132,2,2,1,0.05454985424876213,0.9389452338218689,0.006504931021481752
10133,1,0,0,0.7193217873573303,0.038026366382837296,0.2426518201828003
10134,0,0,0,0.8700742721557617,0.03864623233675957,0.0912795290350914
10135,1,0,0,0.5522142648696899,0.021020160987973213,0.4267655909061432
10139,4,0,0,0.9376162886619568,0.0024921908043324947,0.05989156290888786
10140,3,0,2,0.32398661971092224,0.0031796328257769346,0.6728337407112122
10141,4,0,0,0.9391173124313354,0.021069983020424843,0.03981272503733635
10143,2,1,1,9.708168363431469e-05,0.9998987913131714,4.109032488486264e-06
10145,1,1,1,0.0002512137289159,0.999733030796051,1.574773523316253e-05
10146,4,0,0,0.9324380159378052,0.009539298713207245,0.05802258476614952
10148,1,0,0,0.5958949327468872,0.02712908759713173,0.37697601318359375
10149,0,0,0,0.877415657043457,0.02176380716264248,0.10082045197486877
10150,2,0,0,0.6835445761680603,0.09989874809980392,0.21655668318271637
10152,4,2,2,0.03609961271286011,0.003214365802705288,0.9606859683990479
10154,0,1,1,0.033489890396595,0.9662380218505859,0.00027212503482587636
10155,0,1,1,0.03102819249033928,0.9379027485847473,0.03106907196342945
10156,0,0,0,0.7926262617111206,0.006384912878274918,0.2009887397289276
10157,2,0,0,0.6993772387504578,0.17482562363147736,0.12579715251922607
10159,4,0,0,0.8414580225944519,0.04725952073931694,0.1112823486328125
10160,4,0,0,0.826125979423523,0.0343426950275898,0.13953132927417755
10161,2,0,0,0.8363194465637207,0.061044614762067795,0.10263587534427643
10162,4,1,1,2.392156147834612e-06,0.9999971389770508,4.304224034967774e-07
10163,3,0,0,0.9252985119819641,0.04099667817354202,0.03370491415262222
10165,1,1,0,0.5793222784996033,0.17793303728103638,0.24274471402168274
10166,3,0,0,0.693270742893219,0.0106663778424263,0.29606279730796814
10167,4,0,0,0.9420855641365051,0.001740186009556055,0.056174203753471375
10168,2,1,1,0.1229061484336853,0.8661683201789856,0.01092556957155466
10170,1,0,0,0.672065258026123,0.1377541869878769,0.19018055498600006
10171,0,1,1,0.05899994447827339,0.9381057024002075,0.0028943773359060287
10172,4,0,0,0.9029719233512878,0.02167234756052494,0.07535579055547714
10173,3,0,0,0.7320894598960876,0.18461333215236664,0.0832972452044487
10174,3,2,0,0.8523346781730652,0.034436941146850586,0.11322833597660065
10176,0,0,1,0.14515958726406097,0.8185452222824097,0.03629515320062637
10178,4,0,2,0.14508235454559326,0.0016648018499836326,0.8532528877258301
10179,2,2,0,0.6928247809410095,0.10169289261102676,0.20548230409622192
10180,3,0,0,0.9181610941886902,0.020127058029174805,0.061711907386779785
10181,1,1,1,5.2990621952631045e-06,0.9999799728393555,1.4668440599052701e-05
10183,4,1,1,0.0039499239064753056,0.9958640336990356,0.00018608735990710557
10185,3,0,0,0.5397443771362305,0.0034341493155807257,0.4568215012550354
10186,0,0,0,0.7497628927230835,0.026672206819057465,0.22356489300727844
10187,2,0,1,0.07526443153619766,0.907836377620697,0.016899140551686287
10188,4,0,0,0.9023931622505188,0.03504396975040436,0.06256294250488281
10189,2,1,1,0.32980218529701233,0.6087458729743958,0.061451997607946396
10190,0,0,0,0.7872647047042847,0.020201601088047028,0.19253362715244293
10191,2,2,2,0.00017646457126829773,0.0009075070847757161,0.9989160299301147
10192,4,0,0,0.6568343043327332,0.2996218800544739,0.04354381933808327
10193,3,0,0,0.9718780517578125,0.01107723731547594,0.017044730484485626
10194,2,0,0,0.9514697194099426,0.0029959457460790873,0.04553428292274475
10196,0,1,1,0.0006105408538132906,0.9993046522140503,8.4834304288961e-05
10197,0,0,0,0.9106605648994446,0.009504152461886406,0.07983525097370148
10198,4,0,0,0.6974665522575378,0.017175909131765366,0.2853575348854065
10199,3,0,0,0.7431305050849915,0.11986378580331802,0.13700571656227112
10201,4,1,1,0.0006462495075538754,0.9992770552635193,7.664936856599525e-05
10202,1,0,0,0.9249886274337769,0.03425043076276779,0.04076090827584267
10204,4,0,0,0.8583210110664368,0.042106881737709045,0.09957214444875717
10205,0,0,1,0.3708488941192627,0.6071663498878479,0.02198471873998642
10206,4,0,0,0.8696574568748474,0.02232399396598339,0.10801855474710464
10207,2,0,0,0.8177262544631958,0.08979393541812897,0.09247981011867523
10208,3,0,0,0.5634785890579224,0.11586909741163254,0.32065239548683167
10212,2,1,1,0.09299053251743317,0.8959656357765198,0.01104390062391758
10213,4,0,0,0.7342649102210999,0.17543168365955353,0.090303435921669
10214,1,1,1,0.0035212740767747164,0.9963018894195557,0.0001767976355040446
10215,2,0,0,0.7351638078689575,0.02597946673631668,0.2388567328453064
10218,4,0,0,0.8409486413002014,0.0023161766584962606,0.15673522651195526
10220,3,2,0,0.8838348388671875,0.024489302188158035,0.09167580306529999
10221,2,1,1,2.244828465336468e-06,0.9999973773956299,3.4800277148860914e-07
10222,3,0,0,0.7058741450309753,0.20436161756515503,0.08976433426141739
10223,1,0,0,0.8231732845306396,0.1316307783126831,0.045196015387773514
10225,2,0,0,0.7028743028640747,0.07074254751205444,0.22638310492038727
10226,1,0,2,0.3837139904499054,0.021240755915641785,0.595045268535614
10227,3,0,0,0.8207038044929504,0.06942084431648254,0.10987531393766403
10228,2,1,0,0.6919497847557068,0.295892596244812,0.012157648801803589
10229,0,0,0,0.9060643315315247,0.032488126307725906,0.06144753843545914
10230,0,0,0,0.6387990117073059,0.04949681833386421,0.3117041289806366
10231,2,0,0,0.8550052046775818,0.0106393713504076,0.13435544073581696
10232,1,1,1,0.14681735634803772,0.8411977887153625,0.011984787881374359
10233,4,0,2,0.2857924997806549,0.028130818158388138,0.6860767006874084
10234,2,2,0,0.7745187878608704,0.0054135448299348354,0.2200675904750824
10236,1,0,0,0.8597601056098938,0.05617734417319298,0.08406249433755875
10237,1,1,1,0.01759718358516693,0.980668306350708,0.0017344855004921556
10238,3,0,0,0.7707660794258118,0.17239010334014893,0.05684387683868408
10239,3,0,0,0.8711843490600586,0.029337363317608833,0.09947828948497772
10243,2,0,0,0.5170726180076599,0.016249198466539383,0.4666782021522522
10244,2,0,0,0.8291016817092896,0.06048343703150749,0.11041485518217087
10245,2,2,1,0.031852152198553085,0.5863544940948486,0.3817932903766632
10246,1,1,1,0.08805875480175018,0.8978893160820007,0.01405197661370039
10247,3,0,0,0.862529993057251,0.012834670022130013,0.12463531643152237
10248,4,0,0,0.5675907135009766,0.04483095929026604,0.3875783681869507
10250,3,1,1,0.10740146785974503,0.8885746002197266,0.004023944027721882
10251,0,0,0,0.7552651166915894,0.08993928134441376,0.1547955721616745
10253,0,1,1,0.0006886172923259437,0.9992590546607971,5.236823562881909e-05
10254,2,0,0,0.9082736968994141,0.04766010865569115,0.044066160917282104
10255,1,1,1,0.19148950278759003,0.767557680606842,0.04095284640789032
10256,3,0,1,0.19701100885868073,0.7624922394752502,0.04049674794077873
10257,4,0,0,0.7023453712463379,0.1473829746246338,0.1502716988325119
10260,0,1,1,0.1085151731967926,0.8885002136230469,0.002984589897096157
10261,2,0,0,0.8265973329544067,0.03977002575993538,0.133632630109787
10262,3,0,0,0.9092547297477722,0.013447586447000504,0.07729768753051758
10263,0,1,1,0.004480717238038778,0.9944907426834106,0.0010285775642842054
10264,0,2,0,0.7421871423721313,0.04024477303028107,0.2175680547952652
10265,1,0,2,0.4741845428943634,0.026333125308156013,0.4994823932647705
10267,3,2,2,0.07742248475551605,0.011361900717020035,0.911215603351593
10268,4,2,2,0.06138603389263153,0.010018832050263882,0.9285951256752014
10269,1,0,0,0.8265342116355896,0.0647459402680397,0.10871992260217667
10270,0,0,0,0.852947473526001,0.08762823790311813,0.059424322098493576
10271,2,0,0,0.9322814345359802,0.012130864895880222,0.05558767542243004
10272,3,1,1,0.21200455725193024,0.6980310678482056,0.08996430784463882
10273,3,0,0,0.579407811164856,0.014482788741588593,0.40610942244529724
10274,3,2,2,0.0001066566037479788,0.001564085017889738,0.9983293414115906
10275,2,0,0,0.7805148959159851,0.12815408408641815,0.09133104979991913
10276,3,0,1,0.03002375178039074,0.962525486946106,0.007450740784406662
10277,3,0,0,0.5642955899238586,0.01605287939310074,0.4196515679359436
10279,0,0,0,0.7936937808990479,0.09148303419351578,0.11482322961091995
10280,3,0,0,0.9250476956367493,0.026367638260126114,0.04858461022377014
10281,1,1,1,0.007315164431929588,0.990523636341095,0.0021611424162983894
10282,4,0,0,0.8152558207511902,0.045376576483249664,0.13936764001846313
10283,4,0,0,0.6710205674171448,0.26560476422309875,0.06337469816207886
10284,1,1,1,0.06424575299024582,0.9350022077560425,0.0007520555518567562
10285,3,0,0,0.9441368579864502,0.009076574817299843,0.04678652808070183
10286,4,0,0,0.6811567544937134,0.18814696371555328,0.13069628179073334
10287,4,0,0,0.9385210275650024,0.02611197903752327,0.03536692261695862
10288,0,1,1,0.04285231977701187,0.9565102458000183,0.0006374572403728962
10289,4,0,0,0.8942351341247559,0.04499123618006706,0.06077360734343529
10290,2,1,2,0.005644326098263264,0.002007130766287446,0.9923485517501831
10292,3,0,0,0.9422705769538879,0.02938195690512657,0.02834753878414631
10295,1,0,0,0.4482539892196655,0.12387712299823761,0.4278688430786133
10296,4,1,0,0.6865487098693848,0.19565539062023163,0.11779588460922241
10297,0,2,0,0.7249411940574646,0.006183907855302095,0.2688748240470886
10298,0,0,0,0.8926202654838562,0.01256835088133812,0.09481137990951538
10299,1,0,0,0.9216799139976501,0.026904163882136345,0.051415927708148956
10300,4,1,1,0.38518860936164856,0.4526447057723999,0.16216668486595154
10301,2,0,0,0.7448230385780334,0.05118129402399063,0.20399564504623413
10302,3,0,1,0.2624279260635376,0.44277873635292053,0.2947932779788971
10303,1,0,0,0.6459928154945374,0.1526753455400467,0.20133183896541595
10305,1,0,0,0.6265021562576294,0.020898055285215378,0.3525997996330261
10307,4,0,0,0.8479501605033875,0.10415656119585037,0.04789326339960098
10308,3,0,2,0.40945783257484436,0.11901967972517014,0.4715225100517273
10309,4,0,2,0.3014783561229706,0.06670542061328888,0.6318162083625793
10310,3,0,0,0.652222216129303,0.07238368690013885,0.27539411187171936
10311,3,0,0,0.7506335973739624,0.07718876749277115,0.17217768728733063
10312,1,1,0,0.8469532132148743,0.0473654642701149,0.10568133741617203
10313,2,1,0,0.8495154976844788,0.07404032349586487,0.07644422352313995
10314,4,2,2,0.05058291554450989,0.023733127862215042,0.9256839156150818
10315,3,2,0,0.9351333379745483,0.011931394226849079,0.052935272455215454
10316,4,2,0,0.8852789998054504,0.05641127750277519,0.058309778571128845
10317,2,2,2,0.2802126705646515,0.34009796380996704,0.37968936562538147
10318,1,2,0,0.5702283978462219,0.10781782865524292,0.32195380330085754
10320,4,1,0,0.7279872298240662,0.2349269688129425,0.03708576411008835
10321,4,0,0,0.5987803936004639,0.22347626090049744,0.1777433156967163
10323,0,1,1,1.1608000932028517e-05,0.9999878406524658,5.956485438218806e-07
10324,3,1,1,0.013543065637350082,0.9860799908638,0.000376986718038097
10325,0,1,0,0.6213755011558533,0.25796565413475037,0.12065881490707397
10327,0,0,0,0.9059337973594666,0.021989433094859123,0.07207677513360977
10328,2,1,0,0.4377104938030243,0.3934922218322754,0.1687973439693451
10329,2,0,0,0.7501745223999023,0.02519192546606064,0.22463366389274597
10330,3,0,0,0.8340943455696106,0.0671192929148674,0.0987863764166832
10331,2,2,0,0.9209238886833191,0.012348562479019165,0.06672751903533936
10333,2,1,0,0.5858749151229858,0.13097265362739563,0.28315243124961853
10334,1,1,1,3.5208204280934297e-06,0.9999958276748657,6.976416102588701e-07
10337,2,0,0,0.590920090675354,0.3136170506477356,0.0954628512263298
10339,2,0,0,0.8439784049987793,0.061306267976760864,0.09471537172794342
10340,2,0,0,0.7499487996101379,0.030849244445562363,0.2192019671201706
10341,0,2,0,0.7486341595649719,0.01934663951396942,0.23201929032802582
10342,3,2,0,0.6335784196853638,0.033300288021564484,0.33312132954597473
10343,3,1,1,0.27554863691329956,0.5161997675895691,0.20825158059597015
10344,2,0,0,0.6375306844711304,0.29734736680984497,0.06512188911437988
10345,0,2,0,0.8271766901016235,0.02443506009876728,0.14838823676109314
10347,4,2,2,0.004346634726971388,0.003332987194880843,0.9923203587532043
10348,3,2,1,0.1853465735912323,0.7108443975448608,0.10380901396274567
10350,4,1,1,0.005204263608902693,0.9942489862442017,0.0005467018927447498
10352,0,2,0,0.7589713931083679,0.0046960595063865185,0.23633252084255219
10353,4,0,0,0.7888655662536621,0.11568889766931534,0.09544556587934494
10354,4,2,0,0.858437180519104,0.016818415373563766,0.12474439293146133
10355,4,1,0,0.9195740222930908,0.018749644979834557,0.06167638301849365
10356,3,1,1,0.0546078160405159,0.9233613610267639,0.022030746564269066
10358,3,0,0,0.8846425414085388,0.017518198117613792,0.09783925116062164
10359,4,0,0,0.6590971946716309,0.1813732385635376,0.15952956676483154
10360,0,1,0,0.8119460344314575,0.02044907584786415,0.1676049828529358
10361,2,2,0,0.7930124402046204,0.10688800364732742,0.10009955614805222
10362,3,2,0,0.6813295483589172,0.16656625270843506,0.1521041989326477
10363,0,0,0,0.6255898475646973,0.2305898517370224,0.14382033050060272
10364,0,0,1,0.21872428059577942,0.7682750225067139,0.013000725768506527
10365,2,0,0,0.5262081027030945,0.0021200068295001984,0.4716719090938568
10366,1,1,0,0.5973030924797058,0.38527125120162964,0.01742563582956791
10367,4,0,0,0.9622105956077576,0.010378537699580193,0.027410777285695076
10368,3,0,0,0.8955653309822083,0.015760792419314384,0.08867381513118744
10370,3,1,1,0.005960059817880392,0.9938806295394897,0.00015925725165288895
10371,3,0,0,0.7803027629852295,0.11056876182556152,0.10912850499153137
10372,1,2,2,0.4645037353038788,0.016898006200790405,0.5185982584953308
10373,2,0,0,0.6145890951156616,0.01886206865310669,0.36654889583587646
10374,4,0,0,0.897513747215271,0.06832094490528107,0.03416527062654495
10375,2,0,0,0.8134506344795227,0.0320531502366066,0.1544962376356125
10376,4,0,0,0.9365925192832947,0.017673812806606293,0.04573361575603485
10377,2,0,0,0.7964808344841003,0.1111050397157669,0.09241414070129395
10378,4,1,1,0.03246700391173363,0.9562844038009644,0.011248591355979443
10379,2,1,1,0.009704661555588245,0.9892191290855408,0.001076197368092835
10380,0,1,1,0.0008463577833026648,0.9988508224487305,0.0003027781785931438
10382,2,2,0,0.8019236922264099,0.009967089630663395,0.1881091445684433
10384,3,0,0,0.39987504482269287,0.33988791704177856,0.26023706793785095
10385,1,0,0,0.4693582355976105,0.14395731687545776,0.3866844177246094
10386,3,1,1,0.332886278629303,0.6468482613563538,0.02026544325053692
10387,2,2,0,0.899804949760437,0.0035590685438364744,0.09663600474596024
10388,3,0,0,0.6606931090354919,0.22602343559265137,0.11328352242708206
10389,1,2,0,0.7087956070899963,0.07779119908809662,0.21341319382190704
10391,4,0,0,0.9569817185401917,0.001137154409661889,0.04188108816742897
10392,3,0,0,0.9361463189125061,0.004125288687646389,0.05972834676504135
10395,3,1,1,0.026700668036937714,0.9731348156929016,0.00016455080185551196
10396,0,1,1,0.005238616839051247,0.9940071105957031,0.0007542736129835248
10397,0,1,1,0.3618374168872833,0.4888157546520233,0.14934684336185455
10398,2,1,0,0.9102102518081665,0.047538623213768005,0.04225105047225952
10399,0,0,0,0.9730609655380249,0.0019463695352897048,0.024992698803544044
10400,0,1,0,0.5413113236427307,0.42355942726135254,0.03512926399707794
10401,2,2,0,0.909743070602417,0.01765788346529007,0.07259901612997055
10403,4,1,1,0.0029654852114617825,0.9963790774345398,0.0006554682040587068
10405,3,1,0,0.7660753726959229,0.17891988158226013,0.055004775524139404
10406,1,1,1,0.40990501642227173,0.5140480995178223,0.0760469064116478
10408,0,1,1,0.000133159410324879,0.9998501539230347,1.6633999621262774e-05
10409,4,2,0,0.767842173576355,0.03847755119204521,0.19368033111095428
10410,1,0,1,0.14556853473186493,0.4568019211292267,0.39762961864471436
10411,0,2,0,0.8167219758033752,0.05723505839705467,0.12604302167892456
10412,3,0,0,0.7459178566932678,0.046837061643600464,0.20724505186080933
10413,2,1,1,0.0036658484023064375,0.9958985447883606,0.0004356290737632662
10414,1,1,0,0.8574907183647156,0.08743948489427567,0.05506979674100876
10415,0,1,0,0.6902121901512146,0.2677404582500458,0.04204734042286873
10416,4,2,1,0.04197264090180397,0.8025109767913818,0.1555163562297821
10418,3,0,0,0.7662354707717896,0.04937148466706276,0.184393048286438
10419,3,0,0,0.8980449438095093,0.024535922333598137,0.07741916924715042
10420,4,1,1,1.3450752703647595e-05,0.9999856948852539,8.33432522995281e-07
10421,4,0,0,0.7796237468719482,0.10162663459777832,0.11874958872795105
10422,4,1,0,0.9449567794799805,0.0263835322111845,0.028659747913479805
10424,4,0,0,0.8809255957603455,0.04346466809511185,0.07560969889163971
10425,1,0,0,0.9148130416870117,0.029218081384897232,0.05596878007054329
10426,1,1,0,0.7075775861740112,0.21824979782104492,0.07417258620262146
10427,0,0,0,0.8799153566360474,0.03340334817767143,0.08668127655982971
10428,0,1,1,0.034114278852939606,0.9652917385101318,0.0005940042901784182
10429,2,0,0,0.9199928641319275,0.010111239738762379,0.06989584863185883
10430,0,1,1,0.3998211622238159,0.5589343905448914,0.041244447231292725
10432,4,2,2,0.001126254559494555,6.443435995606706e-05,0.9988093376159668
10433,4,0,0,0.9179592132568359,0.03092079609632492,0.05111996456980705
10434,1,0,0,0.9146190881729126,0.04776564985513687,0.037615299224853516
10435,3,0,0,0.8764112591743469,0.05668549984693527,0.06690318137407303
10436,1,2,2,0.0013840774772688746,6.613846926484257e-05,0.99854975938797
10439,2,0,0,0.46962541341781616,0.40132662653923035,0.1290479451417923
10441,2,1,1,0.05619816109538078,0.939814031124115,0.003987784497439861
10442,1,2,0,0.6563441753387451,0.03802044317126274,0.30563539266586304
10443,2,2,0,0.7139609456062317,0.04639288783073425,0.23964618146419525
10444,0,0,0,0.8520702123641968,0.02103802189230919,0.12689179182052612
10445,0,0,0,0.9361686110496521,0.0045212809927761555,0.059310123324394226
10447,2,1,0,0.9046714901924133,0.06298615783452988,0.032342348247766495
10448,4,0,0,0.884792149066925,0.00028680168907158077,0.11492104083299637
10449,0,0,0,0.7935828566551208,0.04581749066710472,0.16059964895248413
10450,2,1,0,0.7757739424705505,0.1186305582523346,0.10559550672769547
10451,2,0,0,0.9666496515274048,0.003796814475208521,0.02955353632569313
10453,1,2,2,0.1846494972705841,0.006737777031958103,0.8086127042770386
10454,1,0,1,0.41092249751091003,0.5584200024604797,0.030657492578029633
10455,4,1,0,0.5906010270118713,0.3883720338344574,0.021026916801929474
10456,3,1,1,0.25106099247932434,0.7243248820304871,0.024614155292510986
10457,1,2,0,0.7702662944793701,0.08003813028335571,0.1496955156326294
10458,2,1,1,0.003133762162178755,0.9968217611312866,4.4516978960018605e-05
10459,1,2,0,0.7959820628166199,0.05456212908029556,0.14945584535598755
10460,4,0,0,0.9033707976341248,0.006047241855412722,0.09058201313018799
10461,1,1,1,0.08944126963615417,0.8897826075553894,0.020776156336069107
10462,1,0,1,0.18072278797626495,0.7525174617767334,0.06675972789525986
10463,3,2,0,0.49867719411849976,0.3496965169906616,0.1516263335943222
10464,1,1,1,0.14525623619556427,0.8218747973442078,0.032868921756744385
10465,3,0,0,0.9594074487686157,0.008099866099655628,0.032492659986019135
10466,2,0,0,0.933477520942688,0.010102865286171436,0.05641960725188255
10467,2,0,0,0.9066857695579529,0.046398088335990906,0.046916089951992035
10468,0,2,0,0.8122578859329224,0.025025196373462677,0.16271691024303436
10469,1,1,0,0.9252362251281738,0.013909813947975636,0.06085391715168953
10470,4,2,0,0.6598190069198608,0.16843296587467194,0.17174802720546722
10471,4,1,1,0.24888691306114197,0.7374268770217896,0.013686234131455421
10472,2,0,0,0.8595367670059204,0.02737554721534252,0.1130877137184143
10473,1,0,1,0.09818953275680542,0.897550642490387,0.004259806592017412
10474,3,1,1,0.0007566522690467536,0.998573899269104,0.0006693952600471675
10475,2,1,0,0.7160089015960693,0.18746787309646606,0.09652316570281982
10476,0,0,0,0.8937927484512329,0.0035233080852776766,0.10268387198448181
10477,4,0,0,0.8300961256027222,0.06674555689096451,0.10315825045108795
10478,1,0,0,0.6719585657119751,0.019125675782561302,0.30891576409339905
10480,0,1,1,0.15106526017189026,0.8417837023735046,0.007150989957153797
10481,0,2,0,0.5313230752944946,0.06272279471158981,0.40595415234565735
10483,2,2,2,1.1844423397633363e-06,0.07074915617704391,0.92924964427948
10486,2,0,0,0.8394632935523987,0.03455822914838791,0.1259785145521164
10487,2,1,0,0.5464455485343933,0.40956079959869385,0.043993689119815826
10488,2,1,1,0.0007653594366274774,0.9989469647407532,0.00028767375624738634
10489,1,2,2,0.43964511156082153,0.012674693018198013,0.5476801991462708
10490,1,1,1,0.17585541307926178,0.8084909915924072,0.01565365120768547
10491,4,1,1,0.01767052710056305,0.9814226627349854,0.0009068783256225288
10492,0,0,0,0.8518564701080322,0.003993503749370575,0.14414997398853302
10493,4,2,2,0.0030031129717826843,0.000881257641594857,0.9961156845092773
10494,1,0,0,0.871880292892456,0.04227783903479576,0.08584190905094147
10495,1,0,0,0.9300085306167603,0.03323932737112045,0.036752235144376755
10496,2,2,0,0.7369260787963867,0.0014923627022653818,0.26158154010772705
10498,1,0,0,0.6810105443000793,0.08733806759119034,0.2316514402627945
10499,3,0,0,0.7682623267173767,0.058771587908267975,0.1729661375284195
10500,4,2,0,0.8580167889595032,0.019744277000427246,0.1222388818860054
10501,0,1,0,0.6958353519439697,0.2089078426361084,0.09525680541992188
10502,3,0,0,0.8050702214241028,0.08890508860349655,0.10602475702762604
10503,0,0,0,0.8939152359962463,0.035822346806526184,0.0702623724937439
10504,4,0,1,0.37715408205986023,0.4228571951389313,0.1999886929988861
10505,3,1,1,2.477243288012687e-05,0.9999728202819824,2.413958100078162e-06
10507,2,1,1,0.0028279360849410295,0.9963923096656799,0.0007796956924721599
10509,1,0,0,0.7842563986778259,0.04660597816109657,0.16913755238056183
10511,2,0,1,0.46031180024147034,0.47847476601600647,0.061213478446006775
10512,1,0,0,0.8232511878013611,0.1185147762298584,0.058234043419361115
10514,1,0,0,0.8751813769340515,0.07373911887407303,0.05107955262064934
10515,3,0,1,0.009241815656423569,0.9901513457298279,0.0006067859358154237
10517,4,1,1,8.462238270112721e-07,0.9999990463256836,7.234792320787164e-08
10518,3,0,0,0.7666322588920593,0.0979117900133133,0.1354559361934662
10519,1,0,0,0.8649745583534241,0.038158904761075974,0.09686654806137085
10520,1,0,0,0.8718000054359436,0.029212692752480507,0.09898735582828522
10521,4,0,0,0.8856754899024963,0.04090048745274544,0.07342400401830673
10522,2,0,0,0.7280237078666687,0.006989777088165283,0.264986515045166
10523,0,0,1,0.31106072664260864,0.6187488436698914,0.0701904445886612
10525,1,0,0,0.5464974045753479,0.02590937912464142,0.4275932312011719
10526,2,0,0,0.7242020964622498,0.1791146695613861,0.09668328613042831
10527,0,0,0,0.7363701462745667,0.2001282274723053,0.06350164115428925
10528,0,2,0,0.5268378257751465,0.26823362708091736,0.20492859184741974
10529,2,0,0,0.7505432963371277,0.009201481007039547,0.2402552366256714
10530,3,1,0,0.8636966347694397,0.12814362347126007,0.00815972127020359
10531,4,1,0,0.8312550783157349,0.06003572419285774,0.10870924592018127
10532,1,0,0,0.9461979866027832,0.03368771821260452,0.02011428028345108
10533,3,1,1,5.08228549733758e-05,0.9999452829360962,3.931728315365035e-06
10534,0,0,1,0.41932451725006104,0.5568826198577881,0.023792846128344536
10535,0,2,0,0.7813462615013123,0.06846101582050323,0.1501927226781845
10536,2,0,0,0.9223511219024658,0.04901629313826561,0.02863260917365551
10537,0,0,0,0.7257501482963562,0.23706693947315216,0.03718288242816925
10538,1,0,0,0.9537835121154785,0.007499123457819223,0.03871746361255646
10539,0,1,1,7.445912342518568e-05,0.999924898147583,6.794356863792927e-07
10540,4,0,0,0.6179772019386292,0.3399781584739685,0.04204469546675682
10543,4,2,0,0.6847971081733704,0.09217563271522522,0.22302724421024323
10545,2,0,0,0.6240918040275574,0.300665944814682,0.07524227350950241
10546,2,1,2,0.36941590905189514,0.028985772281885147,0.60159832239151
10547,3,1,1,0.008246914483606815,0.9916142225265503,0.00013891368871554732
10548,4,1,0,0.825407862663269,0.016637196764349937,0.1579548418521881
10549,0,0,1,0.00016665781731717288,0.9998235106468201,9.917092029354535e-06
10550,2,0,0,0.8540484309196472,0.04724851995706558,0.0987030565738678
10551,0,0,0,0.6350998282432556,0.2931632995605469,0.07173684239387512
10552,4,2,2,0.36867010593414307,0.003358159912750125,0.6279717683792114
10553,4,2,2,0.000831996847409755,0.03825903311371803,0.9609090089797974
10555,4,0,0,0.58207768201828,0.11719097942113876,0.3007313311100006
10556,4,0,0,0.9011558294296265,0.0228083748370409,0.07603579014539719
10557,0,1,1,0.027574531733989716,0.97203528881073,0.0003902513417415321
10558,2,1,1,0.38080471754074097,0.5736716389656067,0.045523643493652344
10560,2,0,1,0.29047325253486633,0.5934250354766846,0.1161017194390297
10561,4,1,0,0.8730688691139221,0.029334940016269684,0.09759610146284103
10562,3,0,0,0.912001371383667,0.06124231219291687,0.026756340637803078
10563,0,2,1,0.0004972991300746799,0.999472439289093,3.026972626685165e-05
10564,3,0,0,0.7183047533035278,0.025315778329968452,0.25637945532798767
10566,3,0,1,0.13800054788589478,0.7463012337684631,0.11569821089506149
10567,4,1,0,0.7708274126052856,0.08440806716680527,0.14476455748081207
10568,3,2,0,0.7425165176391602,0.027450792491436005,0.23003271222114563
10570,1,1,1,0.0006518957088701427,0.9992722868919373,7.588154403492808e-05
10571,2,0,0,0.6838109493255615,0.22178025543689728,0.09440883994102478
10572,0,0,0,0.7526843547821045,0.20559287071228027,0.04172275587916374
10573,2,2,2,2.22481776290806e-05,2.3888369469204918e-05,0.9999538660049438
10574,4,0,0,0.7273479104042053,0.029447605833411217,0.2432045191526413
10575,4,0,0,0.8233619928359985,0.011506027542054653,0.16513203084468842
10576,0,0,0,0.7942730784416199,0.062409475445747375,0.14331741631031036
10580,3,0,1,0.27589932084083557,0.6797375082969666,0.044363219290971756
10582,2,0,0,0.7011617422103882,0.2185845822095871,0.08025369048118591
10583,1,1,1,0.0032842785585671663,0.9963171482086182,0.00039859049138613045
10584,3,1,1,0.000193613552255556,0.9997844099998474,2.2038002498447895e-05
10585,4,0,0,0.5524713397026062,0.3525540828704834,0.09497460722923279
10587,4,0,0,0.9296442866325378,0.01382645033299923,0.05652935802936554
10588,2,0,0,0.8662498593330383,0.0374060720205307,0.09634404629468918
10589,1,1,1,0.40349945425987244,0.5636318325996399,0.03286867216229439
10591,1,0,1,0.053016044199466705,0.9450315833091736,0.0019523954251781106
10592,2,0,0,0.7852880358695984,0.014330093748867512,0.20038187503814697
10593,0,2,2,2.3147918909671716e-05,0.0004009708936791867,0.9995759129524231
10594,2,0,0,0.9407027959823608,0.018643693998456,0.040653474628925323
10595,0,1,1,0.19977402687072754,0.7920852303504944,0.008140705525875092
10596,1,0,0,0.8388672471046448,0.024183884263038635,0.1369488537311554
10597,0,1,0,0.6867535710334778,0.24971455335617065,0.06353186815977097
10598,0,1,0,0.8815420866012573,0.028920767828822136,0.08953722566366196
10599,1,1,1,0.00014514305803459138,0.9997938275337219,6.1017974076094106e-05
10600,1,1,1,0.0020011255983263254,0.9979398846626282,5.896605580346659e-05
10601,3,1,1,1.7098092939704657e-05,0.99997878074646,4.155201168032363e-06
10602,1,0,0,0.8477573394775391,0.010657522827386856,0.14158514142036438
10603,4,2,0,0.6371247172355652,0.0029864467214792967,0.35988879203796387
10604,3,0,0,0.689579963684082,0.06744388490915298,0.2429761290550232
10606,2,0,0,0.7089517116546631,0.048533208668231964,0.24251505732536316
10607,4,1,1,0.4800250232219696,0.5055526494979858,0.014422331005334854
10610,1,1,1,0.09826469421386719,0.8895225524902344,0.012212705798447132
10611,0,1,1,0.30943670868873596,0.6476240158081055,0.04293930158019066
10612,1,0,0,0.9083069562911987,0.012954103760421276,0.07873886078596115
10613,4,1,1,0.008885988034307957,0.9889293313026428,0.002184618031606078
10614,2,1,0,0.7919991612434387,0.10164549201726913,0.10635534673929214
10615,0,0,0,0.576202392578125,0.14329132437705994,0.2805062532424927
10617,0,1,2,0.0016075968742370605,0.0001455105229979381,0.9982469081878662
10618,0,2,2,0.007048406638205051,0.0002798123750835657,0.9926717281341553
10619,3,0,0,0.6650258302688599,0.07805568724870682,0.2569184899330139
10620,3,1,1,0.23290196061134338,0.7393257021903992,0.027772339060902596
10621,4,0,0,0.8942357897758484,0.024688109755516052,0.08107604086399078
10622,2,0,0,0.8569145202636719,0.10889043658971786,0.034195054322481155
10623,2,2,0,0.7222634553909302,0.00931527279317379,0.2684212327003479
10624,3,1,1,0.44745275378227234,0.4858192503452301,0.06672799587249756
10625,4,1,0,0.7028188109397888,0.16812129318714142,0.12905986607074738
10626,0,1,1,0.20094162225723267,0.7799086570739746,0.01914970763027668
10628,4,2,2,0.006967952474951744,0.0005976748070679605,0.9924343824386597
10629,0,0,0,0.9308854341506958,0.028248434886336327,0.04086606949567795
10630,0,0,0,0.7361013889312744,0.03867538273334503,0.22522327303886414
10633,4,0,0,0.7519369125366211,0.2063552737236023,0.04170787334442139
10635,1,1,0,0.7371667623519897,0.19543687999248505,0.06739640235900879
10638,2,1,1,0.0002780322975013405,0.9996457099914551,7.620758697157726e-05
10639,0,1,1,0.09351754188537598,0.9033292531967163,0.0031532382126897573
10640,3,1,0,0.8660612106323242,0.08631996810436249,0.04761889949440956
10641,4,1,1,0.010001403279602528,0.9889890551567078,0.0010095154866576195
10642,2,0,0,0.8315507769584656,0.014070584438741207,0.15437856316566467
10643,2,2,2,0.4673621654510498,0.02279575914144516,0.5098420977592468
10645,1,0,0,0.8402045965194702,0.018872413784265518,0.14092294871807098
10646,2,1,1,2.517864459150587e-06,0.9999971389770508,3.092759754963481e-07
10649,3,2,2,0.37421950697898865,0.002748051192611456,0.6230324506759644
10651,4,0,0,0.8669693470001221,0.03824017569422722,0.09479046612977982
10652,2,0,0,0.8900010585784912,0.022435611113905907,0.0875633955001831
10654,4,0,0,0.5378637909889221,0.4120790362358093,0.05005714297294617
10655,4,1,0,0.680557906627655,0.13818173110485077,0.1812603622674942
10656,0,1,0,0.5622820854187012,0.2862212657928467,0.15149661898612976
10657,1,1,1,0.2531028389930725,0.7250961065292358,0.02180100418627262
10658,2,0,0,0.9837762713432312,0.003387920558452606,0.012835731729865074
10660,0,2,2,0.2617163360118866,0.021367520093917847,0.7169160842895508
10661,0,0,0,0.9393465518951416,0.014775458723306656,0.045877981930971146
10662,1,1,1,0.18438062071800232,0.8080083727836609,0.007610970176756382
10663,3,1,1,2.171426103814156e-06,0.999996542930603,1.2836032965424238e-06
10664,3,0,0,0.8582068681716919,0.07263189554214478,0.06916128098964691
10665,4,1,1,0.013935632072389126,0.9846082329750061,0.0014561066636815667
10666,3,1,1,0.001768532209098339,0.9981040954589844,0.00012735059135593474
10667,4,2,0,0.5149326324462891,0.13922818005084991,0.3458392024040222
10669,3,1,0,0.706840455532074,0.04023763909935951,0.2529219388961792
10670,4,0,0,0.9512761235237122,0.03204570710659027,0.016678141430020332
10671,1,1,1,6.901798769831657e-05,0.999903678894043,2.7281386792310514e-05
10672,0,1,0,0.8074306845664978,0.06356304883956909,0.1290062814950943
10675,3,1,1,0.0001812944537959993,0.9996422529220581,0.0001764570188242942
10676,2,1,0,0.6282908916473389,0.17012569308280945,0.20158343017101288
10677,0,1,1,4.9400947318645194e-05,0.999948263168335,2.377023520239163e-06
10678,3,1,1,8.798948692856357e-05,0.9998797178268433,3.2222487789113075e-05
10679,1,1,0,0.9096707701683044,0.022402293980121613,0.06792694330215454
10680,2,1,1,0.017889244481921196,0.9818603992462158,0.00025036174338310957
10681,3,1,0,0.748457670211792,0.0882764682173729,0.1632658988237381
10682,0,2,2,0.019181178882718086,0.005268894601613283,0.9755499958992004
10683,2,0,0,0.633858859539032,0.005799895152449608,0.3603411912918091
10684,2,1,2,0.027784589678049088,0.0010148462606593966,0.9712004661560059
10685,3,2,0,0.9468364119529724,0.0070793949998915195,0.04608411341905594
10686,3,0,2,0.4686356484889984,0.04583693668246269,0.4855274260044098
10687,4,1,1,9.30381872876751e-07,0.999998927116394,1.5398346420170128e-07
10688,4,0,0,0.9805512428283691,0.0008325247326865792,0.018616214394569397
10689,3,0,2,0.4740305244922638,0.03487187623977661,0.49109765887260437
10690,0,1,0,0.773838996887207,0.042209841310977936,0.18395118415355682
10691,3,1,0,0.7912028431892395,0.07115892320871353,0.13763822615146637
10692,1,0,0,0.799140989780426,0.07955433428287506,0.12130466103553772
10693,1,1,1,0.006398255471140146,0.9902722239494324,0.0033295496832579374
10694,3,0,1,0.27107498049736023,0.5973320603370667,0.13159295916557312
10695,2,1,1,0.05974121391773224,0.9239885210990906,0.016270264983177185
10696,1,0,0,0.8025344610214233,0.09801638126373291,0.09944917261600494
10697,3,0,0,0.6681100130081177,0.1428757905960083,0.18901419639587402
10699,0,1,1,0.40111976861953735,0.5619074106216431,0.036972858011722565
10700,0,0,0,0.692133367061615,0.2039014846086502,0.10396511107683182
10701,0,0,0,0.8608116507530212,0.017653778195381165,0.12153451889753342
10702,3,2,0,0.47802987694740295,0.1135176494717598,0.40845248103141785
10703,1,0,0,0.5472234487533569,0.19415344297885895,0.2586231529712677
10704,1,0,0,0.865830659866333,0.05203137546777725,0.08213803917169571
10705,4,0,0,0.9161033630371094,0.020427387207746506,0.06346926838159561
10706,0,2,2,0.016269546002149582,0.25934523344039917,0.7243852615356445
10707,1,1,1,0.004995426628738642,0.9949094653129578,9.51196052483283e-05
10709,2,0,2,0.37565183639526367,0.018441520631313324,0.6059066653251648
10710,3,1,1,2.359349855396431e-05,0.9999711513519287,5.299197255226318e-06
10711,2,0,2,0.1344936490058899,0.006163653917610645,0.8593426942825317
10712,0,0,0,0.9088520407676697,0.006851463112980127,0.0842965617775917
10713,0,0,0,0.936612606048584,0.012996201403439045,0.050391215831041336
10714,0,1,1,0.0031714849174022675,0.9966705441474915,0.00015797620289959013
10715,4,1,2,0.17587728798389435,0.023044010624289513,0.8010786175727844
10716,4,1,1,0.03600684180855751,0.9573386311531067,0.006654534488916397
10717,0,0,1,0.12682722508907318,0.8503804802894592,0.02279227413237095
10718,0,0,0,0.8550262451171875,0.07204782962799072,0.07292590290307999
10719,1,1,1,1.1559906852198765e-05,0.9981228709220886,0.0018655828898772597
10720,3,0,0,0.7978913187980652,0.04686666652560234,0.15524205565452576
10721,1,1,0,0.6859711408615112,0.02720465324819088,0.28682422637939453
10722,1,2,2,0.01739206723868847,0.0008748939144425094,0.981732964515686
10723,4,2,2,0.2428635060787201,0.10333406925201416,0.6538023948669434
10725,2,1,1,0.34494253993034363,0.4977527856826782,0.1573045700788498
10726,3,0,0,0.47706669569015503,0.31855714321136475,0.2043761909008026
10727,3,0,0,0.7049081921577454,0.27961844205856323,0.015473363921046257
10729,0,2,0,0.5478298664093018,0.014928002841770649,0.4372420907020569
10730,1,0,0,0.6544221043586731,0.04164512827992439,0.3039327561855316
10731,2,1,1,3.2088628358906135e-05,0.9999549388885498,1.3007430425204802e-05
10733,1,1,1,3.800229387707077e-05,0.7072920799255371,0.2926699221134186
10734,3,1,1,0.00234505464322865,0.997494101524353,0.00016088507254607975
10736,3,1,0,0.6666377186775208,0.2878105938434601,0.04555174708366394
10737,1,0,0,0.9051998853683472,0.020294910296797752,0.07450512051582336
10738,1,1,1,0.0008149386267177761,0.9989280104637146,0.0002569823700468987
10739,4,0,0,0.8564798831939697,0.08111673593521118,0.06240340694785118
10741,3,1,0,0.788815975189209,0.028686093166470528,0.18249793350696564
10744,4,2,2,0.0005392621969804168,0.19653649628162384,0.8029242157936096
10746,3,2,0,0.9789076447486877,0.009253008291125298,0.011839406564831734
10747,2,0,0,0.9206641912460327,0.016673706471920013,0.06266214698553085
10748,1,1,1,0.0031240610405802727,0.996512234210968,0.0003636961046140641
10749,2,0,0,0.8476235270500183,0.028152313083410263,0.12422415614128113
10750,0,0,0,0.818905234336853,0.03287041187286377,0.148224338889122
10751,3,2,0,0.8057745099067688,0.10290363430976868,0.09132186323404312
10752,3,1,1,0.005488953087478876,0.9941926598548889,0.00031843784381635487
10753,4,2,0,0.6257539987564087,0.2526240050792694,0.12162201851606369
10754,0,0,0,0.9248532652854919,0.008141566067934036,0.06700508296489716
10755,3,0,0,0.9283559918403625,0.03264117240905762,0.039002884179353714
10757,2,0,0,0.7937682271003723,0.13831573724746704,0.06791596859693527
10759,0,0,0,0.822572648525238,0.0940055102109909,0.08342181146144867
10761,2,0,0,0.7737075090408325,0.16429002583026886,0.06200246512889862
10762,0,1,1,6.180851050885394e-05,0.9999310970306396,7.035443559288979e-06
10764,4,2,2,0.06570345163345337,0.0014728661626577377,0.932823657989502
10765,1,0,0,0.6564130187034607,0.020767346024513245,0.3228195905685425
10767,3,0,0,0.7193450331687927,0.2463482916355133,0.034306708723306656
10768,0,0,0,0.8747774362564087,0.027808189392089844,0.09741449356079102
10769,0,0,0,0.8329029679298401,0.06941810995340347,0.09767891466617584
10770,2,1,1,0.015444139949977398,0.9840054512023926,0.0005504041910171509
10771,1,0,0,0.9455095529556274,0.029860572889447212,0.02462995983660221
10772,3,2,2,0.03884198144078255,0.026782851666212082,0.9343752264976501
10774,3,1,1,0.03310953080654144,0.9634410738945007,0.003449459560215473
10775,4,0,0,0.599534809589386,0.35225051641464233,0.04821468144655228
10776,2,1,0,0.7641184329986572,0.1476714015007019,0.08821019530296326
10777,1,1,1,0.00018657633336260915,0.9994848966598511,0.00032851294963620603
10778,0,1,1,8.650925883557647e-05,0.9999053478240967,8.163101483660284e-06
10779,1,1,1,0.3464886546134949,0.4985176920890808,0.1549936681985855
10781,1,1,1,0.00012785020226147026,0.9998663663864136,5.824017080158228e-06
10782,4,2,2,0.0006974165444262326,0.005736189894378185,0.9935664534568787
10783,2,1,1,0.009704924188554287,0.9891920685768127,0.0011030236491933465
10785,0,1,1,0.015184477902948856,0.9837613701820374,0.0010541724041104317
10786,3,0,0,0.8124938607215881,0.09631197154521942,0.09119419753551483
10787,2,0,0,0.8258138298988342,0.009096591733396053,0.16508959233760834
10788,2,0,2,0.34340956807136536,0.017338523641228676,0.6392518877983093
10789,0,0,0,0.885360836982727,0.007103754673153162,0.10753538459539413
10790,0,0,0,0.757430374622345,0.15257611870765686,0.08999351412057877
10792,3,2,0,0.47934070229530334,0.3129258155822754,0.2077334076166153
10793,1,0,0,0.7523617148399353,0.038614191114902496,0.20902404189109802
10795,1,0,0,0.9301565885543823,0.01759534515440464,0.05224808678030968
10796,1,0,0,0.8827088475227356,0.005633308552205563,0.11165787279605865
10798,3,1,1,0.0005983306909911335,0.9993076324462891,9.405090531799942e-05
10799,3,1,1,0.16010214388370514,0.8241763114929199,0.015721527859568596
10800,3,1,0,0.5466854572296143,0.406189888715744,0.047124702483415604
10801,2,0,0,0.8634908199310303,0.02849104441702366,0.10801811516284943
10802,0,1,0,0.9628503918647766,0.003388449549674988,0.03376118093729019
10803,0,0,0,0.7776169776916504,0.09964116662740707,0.12274187058210373
10805,4,0,0,0.8785058259963989,0.038047436624765396,0.08344674110412598
10806,0,0,0,0.8329678773880005,0.03735857829451561,0.12967348098754883
10807,2,1,1,0.006069061812013388,0.9933352470397949,0.0005956777604296803
10808,2,0,0,0.931316614151001,0.021654842421412468,0.04702850803732872
10809,0,2,2,0.0001810110843507573,0.004163431469351053,0.9956555366516113
10810,4,0,0,0.763465166091919,0.005375043023377657,0.2311597615480423
10811,2,2,2,0.4886358976364136,0.009062194265425205,0.5023018717765808
10813,3,1,1,0.001668788492679596,0.9971032738685608,0.0012279764050617814
10814,4,0,1,0.14310911297798157,0.8507486581802368,0.006142210215330124
10815,4,2,2,0.0006260803784243762,0.00040623394306749105,0.9989677667617798
10816,0,1,1,0.0030523899476975203,0.9967257976531982,0.00022178162180352956
10817,4,0,0,0.5198394060134888,0.007069143932312727,0.4730914831161499
10818,1,0,0,0.7476772665977478,0.19686828553676605,0.055454377084970474
10819,0,0,0,0.8179463744163513,0.020114265382289886,0.16193927824497223
10820,4,1,1,0.0014541192213073373,0.9984889030456543,5.6967972341226414e-05
10821,1,1,1,0.006021583918482065,0.9936618804931641,0.00031653884798288345
10822,1,1,1,0.003976450767368078,0.9953603148460388,0.0006632893928326666
10824,0,2,2,0.3039170503616333,0.028551017865538597,0.6675319075584412
10825,4,0,0,0.9652422666549683,0.001134319812990725,0.033623337745666504
10826,3,1,1,0.00011551641364349052,0.999869704246521,1.4717167687194888e-05
10828,2,0,0,0.8749294281005859,0.006207403726875782,0.11886318773031235
10829,3,1,1,0.055418919771909714,0.9396079182624817,0.0049732159823179245
10830,4,0,0,0.5399448871612549,0.2656770646572113,0.1943780481815338
10831,2,0,0,0.8286415934562683,0.03254951536655426,0.1388089954853058
10833,4,0,0,0.8642194271087646,0.050528451800346375,0.08525208383798599
10834,3,1,1,0.0003501145984046161,0.9993065595626831,0.00034332051291130483
10835,4,0,0,0.6571195125579834,0.1879734992980957,0.1549069881439209
10838,0,1,1,0.00013885885709896684,0.999658465385437,0.0002027373411692679
10839,2,2,0,0.6862794160842896,0.0645257979631424,0.24919475615024567
10840,1,0,1,0.032681044191122055,0.9598483443260193,0.007470669690519571
10841,3,2,2,0.3344505727291107,0.1643056571483612,0.5012437701225281
10842,3,2,0,0.9286154508590698,0.010102881118655205,0.06128159165382385
10845,1,0,0,0.8982638120651245,0.0032053240574896336,0.0985308289527893
10846,2,1,1,0.013926399871706963,0.9825353622436523,0.003538220189511776
10847,3,2,2,0.005179242230951786,0.0005569607019424438,0.9942638278007507
10848,2,2,2,0.4785785675048828,0.014440909028053284,0.5069805383682251
10849,0,0,2,0.1298781782388687,0.06444629281759262,0.8056755065917969
10850,4,0,0,0.5715018510818481,0.25509265065193176,0.17340552806854248
10851,3,1,1,0.0007094562170095742,0.9992478489875793,4.261029971530661e-05
10852,1,2,0,0.6773984432220459,0.027207499369978905,0.29539409279823303
10854,3,2,2,0.0006818379042670131,8.785262616584077e-05,0.9992302656173706
10855,0,1,0,0.48136332631111145,0.3505471348762512,0.16808956861495972
10856,1,0,0,0.8476458191871643,0.022294623777270317,0.13005951046943665
10858,1,0,0,0.8484249114990234,0.04147278144955635,0.11010229587554932
10859,2,0,0,0.9236756563186646,0.03230196610093117,0.0440223291516304
10860,1,0,0,0.8315496444702148,0.14190654456615448,0.026543796062469482
10862,1,1,0,0.7700531482696533,0.17418523132801056,0.05576169118285179
10863,4,0,0,0.574618935585022,0.047726742923259735,0.3776543140411377
10864,1,2,0,0.5146965384483337,0.03399628400802612,0.45130717754364014
10865,4,1,1,0.13450905680656433,0.8490105271339417,0.01648036763072014
10866,1,2,2,0.0005651952815242112,0.001396007719449699,0.9980387091636658
10868,4,0,1,0.2032945454120636,0.7286213636398315,0.06808413565158844
10869,4,0,0,0.91910320520401,0.029306696727871895,0.05159012973308563
10870,4,0,0,0.7029328942298889,0.13000836968421936,0.16705872118473053
10871,1,0,0,0.8718114495277405,0.021672772243618965,0.10651581734418869
10872,2,1,1,0.00036503004957921803,0.9996041655540466,3.077328437939286e-05
10873,0,2,0,0.47979652881622314,0.21635378897190094,0.3038496971130371
10874,3,2,2,0.06328167021274567,0.070706807076931,0.8660115599632263
10875,4,1,1,0.002460415940731764,0.997433602809906,0.00010594885679893196
10876,4,1,1,0.0003644092648755759,0.9993435740470886,0.00029201601864770055
10877,0,1,1,0.01173421647399664,0.9863708019256592,0.0018950277008116245
10878,1,0,0,0.9386038780212402,0.04585980251431465,0.015536291524767876
10881,4,0,1,0.31486213207244873,0.6031520962715149,0.08198574930429459
10882,2,2,0,0.7917802929878235,0.026335401460528374,0.18188434839248657
10883,0,0,0,0.8999000191688538,0.03429359942674637,0.06580637395381927
10884,1,1,1,0.13416720926761627,0.8609358072280884,0.004896942991763353
10885,3,0,0,0.7154504656791687,0.0026506148278713226,0.28189897537231445
10886,4,0,0,0.9385460019111633,0.025460263714194298,0.03599363937973976
10887,4,0,0,0.8535816669464111,0.024134041741490364,0.12228433787822723
10888,0,0,2,0.3837018609046936,0.20810239017009735,0.40819570422172546
10889,4,0,0,0.8754358887672424,0.021914971992373466,0.10264913737773895
10891,1,0,0,0.6395434141159058,0.23219150304794312,0.1282651424407959
10892,2,1,0,0.5684807896614075,0.05402316153049469,0.37749600410461426
10893,3,0,1,0.19189774990081787,0.8031378984451294,0.004964352119714022
10894,4,0,0,0.9665076732635498,0.013072371482849121,0.02042001113295555
10895,1,1,1,6.602076609851792e-05,0.9999232292175293,1.0783393008750863e-05
10896,3,1,1,0.013886836357414722,0.984060525894165,0.0020526936277747154
10897,0,1,1,0.23976513743400574,0.7548147439956665,0.005420113448053598
10898,3,2,2,0.00020471970492508262,6.216150359250605e-05,0.999733030796051
10899,1,2,0,0.4992745816707611,0.3725093603134155,0.12821604311466217
10900,0,0,0,0.8718792796134949,0.012380032800137997,0.11574065685272217
10901,0,2,0,0.7172167301177979,0.0719107910990715,0.21087247133255005
10902,2,0,0,0.9532718062400818,0.002067273948341608,0.04466090723872185
10903,1,2,2,0.12994910776615143,0.0592091903090477,0.8108416795730591
10904,1,0,0,0.8491305112838745,0.050667788833379745,0.10020170360803604
10905,3,0,0,0.7552440762519836,0.18974542617797852,0.055010437965393066
10906,4,0,0,0.8451984524726868,0.022998351603746414,0.13180318474769592
10907,1,0,1,0.45946750044822693,0.513342022895813,0.02719048224389553
10908,3,1,1,0.00016257629613392055,0.9997188448905945,0.0001186110166599974
10910,4,1,1,0.0003888274368364364,0.9994695782661438,0.00014156909310258925
10911,1,1,1,0.0332992747426033,0.9522088766098022,0.014491853304207325
10913,1,0,0,0.8004016876220703,0.029929902404546738,0.16966843605041504
10914,2,0,0,0.6254695057868958,0.2831988036632538,0.09133168309926987
10917,4,1,1,0.17304211854934692,0.7975494861602783,0.02940843254327774
10918,2,0,2,0.32993996143341064,0.010649009607732296,0.6594110727310181
10919,0,1,0,0.7880469560623169,0.0519312247633934,0.1600217968225479
10920,3,0,0,0.8756725788116455,0.046758729964494705,0.07756863534450531
10922,4,2,0,0.825746476650238,0.013137455098330975,0.1611161082983017
10925,1,2,2,9.632825094740838e-05,0.3597898483276367,0.6401138305664062
10926,2,0,0,0.8278912305831909,0.04663197696208954,0.12547670304775238
10927,2,0,0,0.5901062488555908,0.13104666769504547,0.2788470983505249
10929,4,1,0,0.9648065567016602,0.018299754709005356,0.016893653199076653
10930,4,2,0,0.816670298576355,0.028420060873031616,0.15490959584712982
10931,4,0,0,0.8671026825904846,0.03962157666683197,0.09327571839094162
10934,0,1,1,1.812478330975864e-06,0.9999964237213135,1.746524390000559e-06
10935,0,2,0,0.5586719512939453,0.0036851519253104925,0.4376428723335266
10936,3,1,0,0.9160524010658264,0.02700730785727501,0.056940339505672455
10938,1,1,2,0.22257888317108154,0.06867726892232895,0.7087438702583313
10939,1,2,0,0.8502641916275024,0.02530980110168457,0.1244259774684906
10940,3,0,0,0.7025538086891174,0.09369374066591263,0.20375241339206696
10942,4,0,0,0.9339424967765808,0.014822627417743206,0.051234837621450424
10943,0,1,1,0.10815853625535965,0.8624472618103027,0.029394222423434258
10946,2,2,0,0.5403090715408325,0.04274213686585426,0.4169487953186035
10947,0,0,1,0.33891505002975464,0.4277947247028351,0.23329024016857147
10948,0,0,0,0.9719148874282837,0.003078168723732233,0.025006935000419617
10949,1,0,1,0.030659489333629608,0.9187624454498291,0.0505780391395092
10950,4,1,0,0.7627345323562622,0.10885371267795563,0.12841174006462097
10951,0,2,0,0.9440561532974243,0.004547634162008762,0.051396265625953674
10952,0,0,2,0.03811343014240265,0.01692141965031624,0.9449651837348938
10953,3,2,0,0.9846478700637817,0.002950339810922742,0.012401793152093887
10954,2,0,1,0.01907450519502163,0.9787110686302185,0.002214425941929221
10955,4,1,0,0.8718719482421875,0.06178775802254677,0.06634030491113663
10956,1,0,0,0.9432369470596313,0.031134065240621567,0.025628989562392235
10957,0,1,0,0.6259490847587585,0.2222200632095337,0.15183080732822418
10959,0,0,1,0.005910239182412624,0.9938499331474304,0.00023991613124962896
10960,3,1,0,0.7852085828781128,0.042308781296014786,0.17248259484767914
10962,0,1,1,0.00012360946857370436,0.9998714923858643,4.893201548838988e-06
10963,4,1,1,0.01164159458130598,0.9744711518287659,0.013887251727283001
10964,4,1,0,0.7398964762687683,0.15542246401309967,0.1046811044216156
10965,2,1,0,0.7928399443626404,0.04154393821954727,0.16561615467071533
10966,0,1,0,0.7008870244026184,0.09324540197849274,0.20586755871772766
10967,1,0,0,0.7294666767120361,0.18180163204669952,0.08873172849416733
10968,3,0,0,0.9238436222076416,0.019035866484045982,0.057120513170957565
10969,3,1,0,0.9503692388534546,0.01306856144219637,0.03656219318509102
10971,2,0,0,0.9091406464576721,0.037278786301612854,0.05358058214187622
10972,3,0,0,0.75886070728302,0.06985688954591751,0.1712823510169983
10973,3,1,0,0.8145678639411926,0.06558098644018173,0.11985119432210922
10974,4,0,0,0.8292003870010376,0.13983021676540375,0.030969370156526566
10975,1,0,0,0.7292623519897461,0.09804219007492065,0.17269547283649445
10976,3,1,1,0.015810232609510422,0.9816178679466248,0.0025719234254211187
10977,3,1,1,0.019340332597494125,0.9801874756813049,0.00047217373503372073
10978,2,0,2,0.4645678400993347,0.01348539162427187,0.5219467878341675
10979,2,2,0,0.7406057715415955,0.030565498396754265,0.22882872819900513
10980,2,0,0,0.8651344776153564,0.08492492139339447,0.04994061961770058
10981,0,1,1,0.15774215757846832,0.8173943758010864,0.024863434955477715
10982,1,2,2,0.03188125044107437,0.014066390693187714,0.9540524482727051
10983,4,1,0,0.9199702739715576,0.015926478430628777,0.06410323083400726
10984,2,2,0,0.9406901597976685,0.014201436191797256,0.04510844871401787
10985,2,0,1,0.005840038415044546,0.9939965009689331,0.0001634379441384226
10987,4,0,0,0.7700622081756592,0.04340613633394241,0.1865316778421402
10988,3,0,0,0.8867225646972656,0.03874331712722778,0.07453418523073196
10989,0,0,0,0.850576639175415,0.05200379341840744,0.09741953760385513
10990,2,0,0,0.940493643283844,0.02794126607477665,0.031565111130476
10992,0,0,0,0.8878291845321655,0.04332609474658966,0.06884479522705078
10993,2,0,0,0.8301087021827698,0.022986339405179024,0.14690496027469635
10995,2,1,0,0.8147466778755188,0.08916907012462616,0.09608424454927444
10997,0,0,0,0.8717994689941406,0.06768693774938583,0.06051357835531235
10998,1,1,0,0.8085987567901611,0.08570865541696548,0.10569263249635696
10999,2,1,1,6.089993576097186e-07,0.9999994039535522,3.512391799631587e-08
11000,3,1,0,0.6567573547363281,0.26986631751060486,0.07337625324726105
11001,3,1,1,0.0003023027675226331,0.9996840953826904,1.3641475561598781e-05
11002,0,1,1,0.11143244057893753,0.8810602426528931,0.007507339585572481
11005,2,1,1,0.1429722160100937,0.7974048256874084,0.059623003005981445
11006,4,0,1,0.3366008996963501,0.6394588351249695,0.023940233513712883
11007,4,0,0,0.8723651170730591,0.032147374004125595,0.09548746794462204
11010,0,0,0,0.8975677490234375,0.05183883011341095,0.05059347674250603
11011,4,0,0,0.9242706894874573,0.0028888031374663115,0.07284045219421387
11012,0,0,0,0.8801723122596741,0.009326905012130737,0.11050083488225937
11014,1,0,1,0.40526196360588074,0.5803081393241882,0.014429948292672634
11015,4,0,0,0.8169441223144531,0.06651327759027481,0.11654253304004669
11016,0,2,2,2.5099907361436635e-06,1.3972674423712306e-05,0.999983549118042
11017,2,2,2,0.23795367777347565,0.003362764837220311,0.7586836218833923
11018,0,0,0,0.9457338452339172,0.0010307118063792586,0.053235478699207306
11019,3,2,2,4.520883010172838e-07,4.152771725784987e-05,0.9999580383300781
11020,3,1,0,0.771278440952301,0.037769123911857605,0.19095242023468018
11021,2,2,2,0.020117262378335,0.02389814518392086,0.9559845924377441
11022,4,0,0,0.9605384469032288,0.003229213645681739,0.036232367157936096
11023,0,0,0,0.9099125862121582,0.039556264877319336,0.05053112655878067
11024,1,1,1,0.00013534219760913402,0.9998562335968018,8.360450010513887e-06
11025,0,1,1,0.0014498370001092553,0.997992992401123,0.000557155639398843
11026,4,1,1,0.27171993255615234,0.6590610146522522,0.06921908259391785
11027,0,1,1,6.937963917152956e-05,0.9999295473098755,1.0337909088775632e-06
11028,3,2,0,0.8552865982055664,0.08579904586076736,0.05891437083482742
11029,3,0,0,0.7598071098327637,0.11073503643274307,0.12945786118507385
11030,0,1,2,0.14419572055339813,0.04901471361517906,0.8067896366119385
11031,1,0,0,0.789099395275116,0.11317369341850281,0.0977269858121872
11032,2,1,1,2.437495822960045e-07,0.9999997615814209,3.3614721672847736e-08
11033,0,0,1,0.3888549506664276,0.5422602891921997,0.06888474524021149
11034,2,0,0,0.761603593826294,0.043393783271312714,0.19500257074832916
11035,4,2,2,0.008319384418427944,0.0026329304091632366,0.9890477061271667
11036,4,0,0,0.8958446979522705,0.00028774808743037283,0.10386758297681808
11037,2,0,0,0.7903553247451782,0.030389653518795967,0.17925496399402618
11039,0,0,1,0.0009708855650387704,0.9987768530845642,0.0002522377180866897
11040,3,0,1,0.0004219418915454298,0.9995365142822266,4.155342321610078e-05
11042,4,1,1,2.4911296350182965e-05,0.9999208450317383,5.4193202231545e-05
11044,3,1,0,0.6389557123184204,0.32338279485702515,0.037661436945199966
11045,4,0,0,0.813886284828186,0.04471754655241966,0.141396164894104
11046,3,0,0,0.6605628728866577,0.22261659801006317,0.11682050675153732
11047,4,1,1,0.07783254235982895,0.8819192051887512,0.04024827480316162
11049,3,0,0,0.7488349080085754,0.03555528074502945,0.2156098335981369
11050,4,1,0,0.7218524813652039,0.12945324182510376,0.14869432151317596
11051,2,0,0,0.888589084148407,0.0012744853738695383,0.11013633012771606
11052,3,0,0,0.7562761306762695,0.1581946760416031,0.08552920073270798
11053,1,1,1,2.2573162823391613e-06,0.9999973773956299,3.121670033578994e-07
11054,4,0,0,0.47029218077659607,0.06639271229505539,0.46331512928009033
11055,0,1,1,0.037814974784851074,0.7157499194145203,0.24643512070178986
11056,3,0,0,0.9706093668937683,0.005180094391107559,0.024210475385189056
11057,1,1,1,3.33010611939244e-05,0.9998701810836792,9.647889237385243e-05
11058,4,0,0,0.9682506322860718,0.002831147750839591,0.028918273746967316
11059,3,0,1,0.26956090331077576,0.7230352163314819,0.007403897121548653
11060,0,0,0,0.8397298455238342,0.015115324407815933,0.14515486359596252
11062,2,0,0,0.9237112402915955,0.017723722383379936,0.05856500193476677
11063,2,0,2,0.4690789580345154,0.0298469141125679,0.5010740756988525
11064,2,1,0,0.6453697085380554,0.25029438734054565,0.10433588176965714
11065,3,1,1,1.1296265256532934e-05,0.9999880790710449,5.717970452678856e-07
11066,2,0,0,0.7751343250274658,0.017818059772253036,0.2070477306842804
11068,3,0,0,0.9613421559333801,0.004959473852068186,0.033698443323373795
11069,4,0,0,0.8081331253051758,0.009854038245975971,0.18201285600662231
11070,2,0,0,0.7797054052352905,0.03429894149303436,0.18599562346935272
11071,4,0,0,0.859695315361023,0.058503810316324234,0.08180087059736252
11072,3,0,0,0.7711636424064636,0.03569379821419716,0.19314254820346832
11073,4,1,0,0.7711761593818665,0.17630551755428314,0.05251839756965637
11074,3,2,2,0.31316959857940674,0.06717696785926819,0.6196534633636475
11075,4,1,1,0.0026938184164464474,0.9938024282455444,0.003503751941025257
11077,3,0,1,0.2809455990791321,0.6383424401283264,0.08071193099021912
11078,4,0,0,0.8498717546463013,0.055954597890377045,0.0941736102104187
11079,4,1,0,0.7133614420890808,0.16834819316864014,0.11829033493995667
11080,0,1,1,3.163537257933058e-06,0.9999966621398926,1.6671170044446626e-07
11081,2,0,0,0.8707858324050903,0.026423418894410133,0.1027907058596611
11082,0,0,0,0.9159302115440369,0.011362343095242977,0.07270747423171997
11083,0,0,0,0.9228308200836182,0.030716804787516594,0.046452369540929794
11084,3,1,1,0.004374403972178698,0.9943283200263977,0.0012972893891856074
11085,4,1,1,0.17730391025543213,0.810630738735199,0.012065296061336994
11086,0,1,0,0.8174289464950562,0.14016540348529816,0.04240565374493599
11087,0,1,0,0.7592098712921143,0.09958891570568085,0.1412011981010437
11088,2,0,0,0.8802905082702637,0.013979025185108185,0.10573048144578934
11089,2,1,1,9.383383030581172e-07,0.999998927116394,1.0649728920952839e-07
11090,0,1,1,0.001036902773194015,0.9989153146743774,4.783951953868382e-05
11091,4,0,2,0.22438549995422363,0.054136812686920166,0.7214776873588562
11092,4,0,0,0.8092078566551208,0.06981681287288666,0.12097528576850891
11093,3,2,2,0.06682682782411575,0.011840472929179668,0.9213327169418335
11094,1,0,2,0.2707909047603607,0.006111687049269676,0.7230974435806274
11095,2,0,0,0.9477502703666687,0.017953766509890556,0.034295953810214996
11096,2,1,1,0.2595861554145813,0.7091121673583984,0.03130165487527847
11097,0,0,0,0.7612553834915161,0.1901213526725769,0.04862326756119728
11098,4,1,0,0.760718584060669,0.03409780189394951,0.20518364012241364
11099,4,2,0,0.7154581546783447,0.2315971851348877,0.05294469743967056
11100,3,1,1,6.660635335720144e-06,0.9999929666519165,4.288309014555125e-07
11101,3,0,0,0.7699019908905029,0.15148963034152985,0.07860837131738663
11103,0,1,1,2.34726339840563e-05,0.9999620914459229,1.4447119610849768e-05
11104,2,0,0,0.9604196548461914,0.009044969454407692,0.030535290017724037
11106,0,0,0,0.8387349843978882,0.0412798672914505,0.11998511105775833
11107,4,1,1,0.024077950045466423,0.9688985347747803,0.007023484446108341
11110,4,2,0,0.7769261002540588,0.07596752047538757,0.1471063643693924
11111,3,0,0,0.7796117663383484,0.1716250330209732,0.048763178288936615
11112,0,1,0,0.47860580682754517,0.47273698449134827,0.04865721985697746
11113,3,2,0,0.9308066368103027,0.04027518257498741,0.02891811542212963
11114,0,1,1,0.41732925176620483,0.560394287109375,0.022276487201452255
11115,2,1,0,0.4676252007484436,0.2005903422832489,0.3317844271659851
11116,3,1,1,0.1573847085237503,0.8230279088020325,0.01958734728395939
11117,0,0,0,0.8625772595405579,0.021959373727440834,0.11546335369348526
11118,1,2,0,0.8719011545181274,0.01765337958931923,0.11044547706842422
11121,2,0,0,0.8312552571296692,0.017363164573907852,0.15138161182403564
11123,1,1,1,0.001175636425614357,0.9987975358963013,2.6865302061196417e-05
11124,1,1,1,6.553005277964985e-06,0.9999915361404419,1.8520353251005872e-06
11125,0,0,0,0.8231403827667236,0.10375398397445679,0.07310564070940018
11128,2,1,1,0.00010117989586433396,0.999887228012085,1.1532861208252143e-05
11129,4,1,1,0.00034249271266162395,0.9996351003646851,2.241235961264465e-05
11130,1,0,0,0.7948538661003113,0.02916685864329338,0.17597924172878265
11131,1,0,0,0.9049461483955383,0.013073762878775597,0.08198009431362152
11132,2,1,1,0.035057131201028824,0.9616789221763611,0.003263911698013544
11133,0,1,1,0.001838075346313417,0.9981241822242737,3.769495015149005e-05
11134,1,2,0,0.9362965226173401,0.03955274447798729,0.024150703102350235
11135,3,1,0,0.6605682969093323,0.09248453378677368,0.24694715440273285
11136,1,1,0,0.7676286101341248,0.07555703073740005,0.15681427717208862
11137,4,0,0,0.7423626780509949,0.03959480673074722,0.2180425077676773
11139,2,2,2,0.0038382671773433685,0.12509888410568237,0.8710628747940063
11140,1,1,1,0.01668938621878624,0.9814105033874512,0.0019001917680725455
11141,2,0,0,0.7222224473953247,0.2153715193271637,0.06240598484873772
11142,1,1,1,7.819284292054363e-06,0.9999897480010986,2.3757124836265575e-06
11143,4,0,0,0.9456600546836853,0.019512880593538284,0.03482704609632492
11144,3,1,0,0.926554262638092,0.053506430238485336,0.019939405843615532
11145,0,1,0,0.6261106133460999,0.1593678593635559,0.21452155709266663
11146,3,0,0,0.8217230439186096,0.14530104398727417,0.03297597914934158
11147,4,0,0,0.9280484914779663,0.025554966181516647,0.04639655724167824
11148,3,0,0,0.8402643203735352,0.02355613186955452,0.13617956638336182
11150,4,0,0,0.7842999696731567,0.14759337902069092,0.06810665875673294
11151,0,0,1,0.24955834448337555,0.7300958037376404,0.020345881581306458
11152,0,0,0,0.8732228875160217,0.057716209441423416,0.06906091421842575
11154,4,1,1,1.7725715224514715e-05,0.9999804496765137,1.8420608967062435e-06
11155,4,1,1,0.46077224612236023,0.5080716013908386,0.03115617111325264
11157,1,0,0,0.7247288227081299,0.02741251513361931,0.24785861372947693
11158,0,1,1,0.0012796979863196611,0.99835604429245,0.00036420210381038487
11159,1,1,1,1.8578024310045294e-06,0.9999973773956299,7.650598945474485e-07
11160,4,0,0,0.7974103689193726,0.05795544013381004,0.14463426172733307
11161,4,2,0,0.7740247249603271,0.0835261270403862,0.14244920015335083
11162,4,1,1,0.0026731740217655897,0.9970369338989258,0.00028995107277296484
11164,3,1,1,0.31130123138427734,0.6502840518951416,0.03841475397348404
11166,0,0,1,0.09350099414587021,0.9025731682777405,0.003925812430679798
11167,0,1,0,0.5770890116691589,0.32384592294692993,0.09906506538391113
11169,1,2,0,0.7164826989173889,0.14592505991458893,0.13759225606918335
11170,3,2,0,0.8028124570846558,0.05363624170422554,0.143551304936409
11171,1,1,0,0.5802057385444641,0.1702117770910263,0.24958249926567078
11172,4,1,1,0.003897842252627015,0.9946315288543701,0.0014706198126077652
11173,0,1,1,0.0004621289554052055,0.9995222091674805,1.5708674254710786e-05
11174,0,1,0,0.6903761029243469,0.15633134543895721,0.15329258143901825
11175,1,0,0,0.8387345671653748,0.09599798917770386,0.06526747345924377
11176,0,1,1,0.0007301438599824905,0.9992640614509583,5.735999820899451e-06
11178,0,0,0,0.8845985531806946,0.010888065211474895,0.10451339185237885
11180,0,0,0,0.6121617555618286,0.08839316666126251,0.2994450628757477
11181,1,0,0,0.9128631353378296,0.0056184702552855015,0.08151844143867493
11182,3,1,1,0.00012924523616675287,0.9998658895492554,4.883100700681098e-06
11184,1,0,0,0.597875714302063,0.01614254340529442,0.3859817683696747
11185,3,0,0,0.8380175828933716,0.05683710426092148,0.10514531284570694
11186,3,0,1,0.3349413573741913,0.6136259436607361,0.05143265053629875
11188,0,2,0,0.6903378367424011,0.2901099920272827,0.019552167505025864
11190,0,0,1,0.19316764175891876,0.8017527461051941,0.005079665221273899
11191,3,1,1,5.559682540479116e-05,0.9999330043792725,1.1433316103648394e-05
11192,1,1,1,0.02705024555325508,0.9709690809249878,0.0019806360360234976
11193,2,1,1,0.01214624010026455,0.9874258041381836,0.0004279733111616224
11194,2,0,0,0.9197444915771484,0.01580188423395157,0.0644536092877388
11195,1,1,1,3.3497606182208983e-06,0.9999963045120239,3.4612111221576924e-07
11196,1,2,0,0.8650063872337341,0.100455641746521,0.03453797101974487
11197,4,1,1,0.30725377798080444,0.6741541624069214,0.0185921061784029
11198,2,0,0,0.8687229752540588,0.08632826805114746,0.044948771595954895
11199,4,0,0,0.8685972094535828,0.08155928552150726,0.04984349012374878
11200,4,0,0,0.926895260810852,0.0197016429156065,0.05340311676263809
11204,2,1,1,0.003560917219147086,0.9950239658355713,0.0014151489594951272
11205,4,0,1,0.04678560793399811,0.6325247287750244,0.32068967819213867
11206,1,0,0,0.9552579522132874,0.002053480828180909,0.042688608169555664
11208,2,2,0,0.7332906723022461,0.11918126791715622,0.1475280076265335
11209,2,0,2,0.00016690848860889673,3.9268110413104296e-05,0.9997939467430115
11210,4,1,1,0.09818876534700394,0.8952852487564087,0.006525978911668062
11211,2,0,0,0.5095100998878479,0.0016912840073928237,0.48879870772361755
11212,0,0,0,0.819346010684967,0.06280943006277084,0.11784452199935913
11214,1,0,0,0.9105739593505859,0.010861293412744999,0.07856479287147522
11215,4,2,2,0.01647617109119892,0.0008751488639973104,0.9826486110687256
11216,0,1,1,0.01985430158674717,0.9799718260765076,0.00017383796512149274
11217,2,1,1,0.10861007124185562,0.8875735998153687,0.0038163417484611273
11218,4,0,0,0.9086824059486389,0.03205093368887901,0.05926669016480446
11219,0,0,0,0.8935381174087524,0.029291585087776184,0.07717032730579376
11220,2,0,0,0.6879104971885681,0.028067706152796745,0.28402185440063477
11221,2,1,1,0.005389414262026548,0.9918702840805054,0.002740259747952223
11222,3,1,1,0.003354528686031699,0.9964800477027893,0.00016546176630072296
11224,4,0,0,0.7168751955032349,0.20017904043197632,0.08294575661420822
11225,3,1,1,0.0006375884404405951,0.9989602565765381,0.00040220256778411567
11226,0,1,1,0.028478780761361122,0.9702790975570679,0.0012420783750712872
11227,4,0,0,0.8134801983833313,0.03161211311817169,0.15490765869617462
11228,0,0,0,0.8687984943389893,0.06432613730430603,0.06687547266483307
11229,0,2,2,0.00010025996016338468,0.001071576727554202,0.998828113079071
11231,1,0,0,0.958055317401886,0.003810553578659892,0.03813408315181732
11232,1,0,0,0.6224430799484253,0.3224570155143738,0.055099911987781525
11234,4,0,0,0.969635546207428,0.0013246970484033227,0.0290397759526968
11235,0,1,0,0.8015552163124084,0.09316909313201904,0.1052757129073143
11237,3,0,0,0.7572997212409973,0.1937788426876068,0.04892149195075035
11238,1,0,0,0.755634605884552,0.17027221620082855,0.07409320026636124
11239,4,0,0,0.6954156756401062,0.22381794452667236,0.08076642453670502
11242,1,0,0,0.7785159945487976,0.052786633372306824,0.1686973124742508
11243,3,0,1,0.003599222283810377,0.9962477087974548,0.00015303041436709464
11244,3,0,0,0.7543106079101562,0.08693409711122513,0.15875528752803802
11245,2,0,0,0.8863838315010071,0.034987594932317734,0.0786285400390625
11246,1,0,0,0.8590199947357178,0.008560427464544773,0.13241952657699585
11247,4,0,0,0.8712323904037476,0.08769769221544266,0.04106992483139038
11248,1,1,1,6.193123681441648e-06,0.9999924898147583,1.3677703236680827e-06
11249,3,0,0,0.9400665760040283,0.024741390720009804,0.035191960632801056
11250,2,0,0,0.8804852366447449,0.024559536948800087,0.09495522081851959
11251,4,1,1,0.00834606308490038,0.9904396533966064,0.001214269082993269
11256,3,2,0,0.4889346659183502,0.03903694823384285,0.47202834486961365
11257,2,0,2,0.2043234258890152,0.0030689777340739965,0.7926075458526611
11259,0,0,0,0.6110154390335083,0.00670275092124939,0.3822817802429199
11260,1,0,0,0.7552559971809387,0.03195919841527939,0.21278482675552368
11262,4,1,1,0.013771282508969307,0.9849004745483398,0.0013282810105010867
11263,3,0,0,0.9395843148231506,0.0013193871127441525,0.05909638851881027
11264,2,1,1,0.35745400190353394,0.5855976343154907,0.05694836750626564
11265,3,0,0,0.8371481895446777,0.10226278752088547,0.060589078813791275
11266,4,1,1,0.018369391560554504,0.9812830686569214,0.00034757613320834935
11267,0,0,0,0.8121265172958374,0.0921655222773552,0.0957079529762268
11268,1,0,0,0.5495296120643616,0.09856779873371124,0.351902574300766
11269,4,0,0,0.7048419117927551,0.14416906237602234,0.1509890854358673
11271,4,1,1,0.43351590633392334,0.5116490721702576,0.05483501777052879
11272,4,0,0,0.7872725129127502,0.07759281992912292,0.13513465225696564
11273,3,2,0,0.7547141313552856,0.013879102654755116,0.2314067780971527
11274,4,0,0,0.824271023273468,0.10179062932729721,0.07393840700387955
11275,1,1,1,0.01779940165579319,0.9783259630203247,0.0038746066857129335
11276,3,0,2,0.2889381945133209,0.027232563123106956,0.6838291883468628
11277,4,0,2,0.48797479271888733,0.016698433086276054,0.4953267276287079
11278,0,0,1,0.08729709684848785,0.9120149612426758,0.0006878733984194696
11280,2,0,0,0.7241106033325195,0.005567162297666073,0.27032220363616943
11281,1,1,1,4.2050825868500397e-05,0.9999561309814453,1.7581586462256382e-06
11282,3,1,1,7.474402082152665e-05,0.999911904335022,1.3380623386183288e-05
11284,3,0,0,0.6101847290992737,0.0585501566529274,0.3312651515007019
11285,0,0,1,0.16171754896640778,0.8350622653961182,0.003220154670998454
11286,0,0,0,0.9451294541358948,0.0076866550371050835,0.04718391224741936
11287,2,0,2,0.09463106095790863,0.005174241028726101,0.9001946449279785
11289,4,0,0,0.8964709639549255,0.0037518416065722704,0.09977716952562332
11290,0,0,0,0.910391628742218,0.021425234153866768,0.06818315386772156
11291,0,0,0,0.8104059100151062,0.06640852987766266,0.12318550050258636
11292,0,1,1,0.09021098166704178,0.878588080406189,0.031200971454381943
11293,3,0,0,0.7009482383728027,0.07278496026992798,0.22626681625843048
11294,2,1,1,0.01627001166343689,0.9827657341957092,0.0009642743971198797
11295,0,0,0,0.8440335392951965,0.016616011038422585,0.13935038447380066
11297,0,0,0,0.5683301091194153,0.384122759103775,0.04754719138145447
11298,3,0,0,0.7043960094451904,0.013478473760187626,0.2821255028247833
11299,3,2,2,0.008722331374883652,0.0017613123636692762,0.9895164370536804
11300,3,0,0,0.47802987694740295,0.1135176494717598,0.40845248103141785
11301,0,1,0,0.801438570022583,0.10303652286529541,0.09552488476037979
11302,3,1,1,0.2106109857559204,0.7811703681945801,0.008218667469918728
11303,1,0,0,0.7223802208900452,0.13073021173477173,0.1468895673751831
11304,0,0,2,0.030894288793206215,0.03690556064248085,0.9322001338005066
11305,2,0,0,0.9458693861961365,0.011214676313102245,0.042916011065244675
11306,2,0,0,0.8485798239707947,0.021362774074077606,0.1300574094057083
11307,2,0,0,0.9178449511528015,0.016882343217730522,0.06527267396450043
11308,1,0,2,0.08117879927158356,0.0025866294745355844,0.9162346124649048
11309,2,0,0,0.7215460538864136,0.1755136400461197,0.10294036567211151
11310,1,0,0,0.5184390544891357,0.2065398395061493,0.27502116560935974
11311,4,1,1,0.004520486108958721,0.9948627352714539,0.0006168021354824305
11314,3,1,1,0.08536384254693985,0.9076285362243652,0.0070076389238238335
11315,4,1,1,1.9403674741624855e-05,0.999974250793457,6.338579623843543e-06
11316,3,1,1,0.00039490146446041763,0.9995811581611633,2.397585558355786e-05
11317,0,0,0,0.87394779920578,0.09016146510839462,0.03589073568582535
11321,2,0,0,0.8667877316474915,0.031222492456436157,0.10198984295129776
11323,4,0,1,0.20693662762641907,0.7651506066322327,0.027912722900509834
11324,2,0,0,0.6929338574409485,0.008890211582183838,0.2981759309768677
11327,2,2,0,0.6624135375022888,0.015754390507936478,0.3218321204185486
11329,0,1,1,0.008542918600142002,0.9883099794387817,0.003147062147036195
11331,2,1,1,0.17065705358982086,0.8081462979316711,0.021196655929088593
11332,2,1,1,0.00840748194605112,0.9895312786102295,0.002061271807178855
11334,3,1,1,0.005694655701518059,0.9940165281295776,0.0002888012968469411
11335,4,0,0,0.8130078911781311,0.11701510101556778,0.06997696310281754
11337,3,0,0,0.9383051991462708,0.003992682788521051,0.0577021986246109
11338,1,0,0,0.8109347224235535,0.005091511178761721,0.18397383391857147
11340,1,0,0,0.9035112857818604,0.040529750287532806,0.05595896765589714
11341,3,0,0,0.883543848991394,0.0701717659831047,0.04628438502550125
11342,2,1,2,0.33373183012008667,0.17493943870067596,0.49132880568504333
11344,3,1,1,0.00016195727221202105,0.9997559189796448,8.218278526328504e-05
11345,3,0,0,0.8181586861610413,0.014396613463759422,0.16744473576545715
11346,4,0,0,0.5821627378463745,0.2500123679637909,0.1678248643875122
11347,4,1,1,0.012997091747820377,0.9860673546791077,0.0009355554357171059
11349,2,0,0,0.8600902557373047,0.06456413120031357,0.07534567266702652
11350,1,0,2,0.32538214325904846,0.006621974986046553,0.6679958701133728
11351,4,1,1,5.5996984826833796e-09,1.0,2.6222790605601176e-09
11352,4,0,0,0.8938455581665039,0.04116126894950867,0.06499326974153519
11354,1,0,1,0.38882386684417725,0.5917285084724426,0.019447600468993187
11357,3,1,1,0.010413249023258686,0.9892585873603821,0.00032819449552334845
11358,2,1,1,0.06765861064195633,0.9145005941390991,0.017840800806879997
11360,4,0,0,0.886358380317688,0.047338712960481644,0.06630285084247589
11361,4,1,1,9.468764619668946e-05,0.9998663663864136,3.896735506714322e-05
11363,1,2,2,0.001310153747908771,0.0011695645516738296,0.9975202679634094
11364,1,1,1,0.00020696021965704858,0.9997784495353699,1.462957061448833e-05
11365,1,0,0,0.8257049322128296,0.05360386520624161,0.12069127708673477
11366,4,0,0,0.9051764011383057,0.04837498441338539,0.04644863307476044
11367,4,0,0,0.5744990110397339,0.25570911169052124,0.16979192197322845
11368,1,0,0,0.6019065380096436,0.06016186252236366,0.3379316031932831
11370,1,0,0,0.9344272017478943,0.04182479903101921,0.023747986182570457
11371,1,1,0,0.7758489847183228,0.20133882761001587,0.022812169045209885
11372,1,0,0,0.8608623743057251,0.030552415177226067,0.10858523100614548
11373,0,0,0,0.9723035097122192,0.0017664222978055477,0.02593005821108818
11374,3,1,1,0.2549089789390564,0.7214494347572327,0.02364158444106579
11375,1,0,0,0.7697303891181946,0.0029064849950373173,0.22736316919326782
11376,4,0,0,0.9178746342658997,0.004630370996892452,0.07749494165182114
11377,4,1,0,0.744279146194458,0.10828274488449097,0.1474381387233734
11380,3,0,0,0.7534215450286865,0.11930671334266663,0.12727178633213043
11381,2,1,1,0.11698541045188904,0.8327382802963257,0.050276368856430054
11382,1,1,0,0.6349831819534302,0.07011119276285172,0.2949056029319763
11384,3,1,0,0.8800227046012878,0.03395744413137436,0.08601989597082138
11385,1,0,0,0.7934989333152771,0.03647088631987572,0.17003017663955688
11386,3,0,0,0.5759792327880859,0.02795960009098053,0.3960611820220947
11387,4,1,1,0.024116747081279755,0.9708774089813232,0.00500579085201025
11388,4,0,0,0.8330210447311401,0.105135977268219,0.06184300035238266
11389,2,0,0,0.7017722129821777,0.03477839007973671,0.26344940066337585
11390,0,0,0,0.8031089305877686,0.13652785122394562,0.06036326289176941
11391,2,1,1,0.03758937492966652,0.9559128284454346,0.0064977738074958324
11392,3,0,0,0.8235682845115662,0.0059322789311409,0.17049944400787354
11393,2,0,0,0.9279524087905884,0.018888091668486595,0.05315953120589256
11395,1,1,1,0.00043467566138133407,0.9995214939117432,4.378733501653187e-05
11396,0,0,1,0.02834123745560646,0.963261604309082,0.008397177793085575
11397,3,0,0,0.8995748162269592,0.037591565400362015,0.06283362209796906
11398,0,0,0,0.7651662826538086,0.11106796562671661,0.12376581877470016
11399,4,0,0,0.8675724267959595,0.0021116556599736214,0.1303158551454544
11401,1,0,0,0.6270106434822083,0.12767627835273743,0.24531304836273193
11402,0,0,0,0.9101365804672241,0.03635302558541298,0.053510334342718124
11403,3,0,0,0.8116637468338013,0.0404171422123909,0.14791914820671082
11404,1,0,0,0.7605012655258179,0.04376015067100525,0.19573849439620972
11405,0,0,0,0.5231871008872986,0.32314664125442505,0.15366628766059875
11406,0,0,0,0.8257690668106079,0.020160049200057983,0.15407085418701172
11407,1,0,0,0.6335623860359192,0.3434253931045532,0.023012222722172737
11409,1,0,0,0.7556622624397278,0.013515749014914036,0.23082204163074493
11410,0,1,1,0.23735778033733368,0.7001362442970276,0.06250603497028351
11411,2,1,1,0.08748290687799454,0.908715009689331,0.003802097635343671
11412,4,0,0,0.7460658550262451,0.20869308710098267,0.045241039246320724
11413,3,1,1,0.0012090576346963644,0.9987290501594543,6.183933146530762e-05
11414,3,1,1,0.007414350751787424,0.9918144345283508,0.0007712080259807408
11415,1,0,2,0.29764285683631897,0.05593925714492798,0.6464179158210754
11416,3,2,2,0.005105198826640844,0.0070633962750434875,0.9878314137458801
11417,0,0,0,0.8170628547668457,0.04001433402299881,0.14292271435260773
11418,0,1,1,0.31983572244644165,0.6284167170524597,0.05174756795167923
11419,2,1,1,0.01631116308271885,0.9827888607978821,0.0008999911369755864
11421,3,0,0,0.906393826007843,0.06251967698335648,0.031086428090929985
11423,3,2,2,0.00018880036077462137,0.0016833259724080563,0.9981278777122498
11425,3,1,1,0.00022158000501804054,0.9994588494300842,0.00031962888897396624
11427,0,1,1,0.000918759498745203,0.9990174770355225,6.371305062202737e-05
11428,2,0,0,0.8491120338439941,0.027043163776397705,0.12384481728076935
11429,2,1,1,0.0002183920587413013,0.999751627445221,2.9953984267194755e-05
11430,2,0,1,0.24706882238388062,0.7388665676116943,0.014064628630876541
11431,4,2,0,0.6728692054748535,0.032415442168712616,0.2947153151035309
11432,0,1,1,5.6128952564904466e-05,0.9999409914016724,2.9263508167787222e-06
11433,4,2,0,0.9172883033752441,0.01884153112769127,0.06387016177177429
11435,1,1,0,0.49170544743537903,0.4601615369319916,0.048133041709661484
11437,4,2,1,1.430477993835666e-07,0.9941814541816711,0.0058184219524264336
11438,2,0,0,0.9506475329399109,0.0034892912954092026,0.04586314409971237
11439,3,0,0,0.7207645177841187,0.1484306901693344,0.13080473244190216
11440,1,1,1,0.43420544266700745,0.4728529453277588,0.09294169396162033
11442,1,1,1,0.20150186121463776,0.7857886552810669,0.012709462083876133
11443,2,0,0,0.8003304600715637,0.06587254256010056,0.1337970495223999
11444,1,1,1,0.0070484052412211895,0.9927070736885071,0.0002445077698212117
11445,2,0,0,0.6979325413703918,0.27615806460380554,0.025909412652254105
11446,4,0,0,0.8336849212646484,0.01350892148911953,0.1528061181306839
11448,4,0,0,0.8743060231208801,0.03346751257777214,0.09222641587257385
11449,2,0,1,0.07268009334802628,0.9132785797119141,0.01404130831360817
11451,1,1,1,8.809633982309606e-06,0.9999895095825195,1.6258478581221425e-06
11452,4,0,0,0.7544359564781189,0.00857066735625267,0.23699340224266052
11453,2,1,1,0.024845339357852936,0.9656413793563843,0.00951326172798872
11454,4,0,0,0.5786673426628113,0.02948610670864582,0.39184659719467163
11455,2,0,0,0.8236802220344543,0.05214233323931694,0.1241774931550026
11456,3,0,0,0.7172650098800659,0.17207404971122742,0.11066098511219025
11458,2,1,1,0.43783846497535706,0.47605201601982117,0.08610950410366058
11459,0,0,0,0.8381379246711731,0.04159744083881378,0.12026470899581909
11460,3,1,1,0.0001147847215179354,0.9998725652694702,1.2690269613813143e-05
11461,0,0,0,0.861528217792511,0.023789720609784126,0.11468207836151123
11463,0,0,0,0.7699809670448303,0.15318641066551208,0.07683263719081879
11464,4,0,0,0.9811645746231079,0.002333612646907568,0.01650170236825943
11465,4,0,0,0.7848682999610901,0.10988955199718475,0.10524217784404755
11467,1,0,0,0.6378774046897888,0.023448333144187927,0.33867427706718445
11468,2,0,0,0.922817051410675,0.017692433670163155,0.059490568935871124
11469,0,0,0,0.7674819231033325,0.012104148976504803,0.2204139530658722
11470,4,1,0,0.5155739188194275,0.3495226502418518,0.13490347564220428
11471,1,0,0,0.8089900016784668,0.1285056173801422,0.06250444799661636
11472,0,1,1,0.06837522983551025,0.9291315078735352,0.0024932934902608395
11473,1,1,1,0.0014386714901775122,0.9985297918319702,3.150913107674569e-05
11474,0,0,1,0.3199947774410248,0.6569684743881226,0.023036744445562363
11475,0,0,2,0.20771051943302155,0.004967620130628347,0.7873218655586243
11476,0,0,0,0.8601206541061401,0.03968159481883049,0.10019771009683609
11477,2,1,1,0.30504417419433594,0.6653375625610352,0.029618291184306145
11478,0,0,0,0.5012080669403076,0.02557496353983879,0.4732169806957245
11479,1,0,0,0.9377670884132385,0.0018433239310979843,0.060389548540115356
11480,3,0,0,0.9486356973648071,0.004525012336671352,0.04683930054306984
11481,1,0,0,0.8496725559234619,0.038429178297519684,0.11189831048250198
11482,2,0,1,0.2641336917877197,0.7126740217208862,0.02319224551320076
11483,4,0,0,0.8207823038101196,0.013522800989449024,0.16569486260414124
11484,0,0,0,0.7928881645202637,0.03826376050710678,0.16884808242321014
11485,0,1,1,0.17022031545639038,0.8234759569168091,0.006303758360445499
11486,3,0,0,0.9007185697555542,0.048586439341306686,0.05069506913423538
11487,4,0,0,0.8487271666526794,0.009637161158025265,0.14163565635681152
11488,3,0,2,0.006559183821082115,0.0020819741766899824,0.9913588762283325
11489,1,0,0,0.8292847275733948,0.13798844814300537,0.03272680193185806
11490,3,0,0,0.7625648975372314,0.05202852562069893,0.18540655076503754
11492,3,0,0,0.9639583230018616,0.006480707786977291,0.029561005532741547
11493,0,1,1,0.0002804376126732677,0.9996747970581055,4.472250657272525e-05
11494,1,0,0,0.7837531566619873,0.03879881277680397,0.17744800448417664
11498,4,0,0,0.9107621908187866,0.02319297008216381,0.06604482978582382
11499,1,0,0,0.7849075198173523,0.14374171197414398,0.07135075330734253
11501,4,0,0,0.6504684090614319,0.2482897788286209,0.1012418195605278
11502,2,1,1,0.0015333660412579775,0.9983404874801636,0.00012612034333869815
11503,4,0,1,0.42421677708625793,0.5156059861183167,0.060177281498909
11504,4,0,2,0.13056126236915588,0.0007128168945200741,0.8687259554862976
11505,3,0,0,0.9127408862113953,0.0018486087210476398,0.085410475730896
11506,0,0,0,0.47860950231552124,0.41590604186058044,0.10548440366983414
11507,2,0,0,0.8769859075546265,0.011693289503455162,0.1113208755850792
11508,2,0,2,0.27404338121414185,0.0035812745336443186,0.7223753333091736
11509,2,2,2,0.007064386270940304,0.003961255773901939,0.9889743328094482
11510,4,0,0,0.5539941787719727,0.04023589938879013,0.405769944190979
11511,1,0,0,0.7934884428977966,0.002882228698581457,0.20362941920757294
11512,2,1,1,0.11541493982076645,0.8471842408180237,0.03740084916353226
11513,2,0,0,0.9096402525901794,0.03376464545726776,0.05659503489732742
11514,4,1,1,4.549921504803933e-05,0.9999366998672485,1.774120937625412e-05
11517,4,0,0,0.7289888858795166,0.009408700279891491,0.26160234212875366
11519,1,0,0,0.6502693295478821,0.27849864959716797,0.07123199850320816
11520,1,0,0,0.8470656275749207,0.03180881217122078,0.12112551927566528
11521,2,1,1,0.10351725667715073,0.8511265516281128,0.04535619914531708
11522,1,1,1,0.003995212260633707,0.9953215718269348,0.0006831922801211476
11523,3,0,0,0.74689120054245,0.04282344505190849,0.21028530597686768
11524,3,1,1,0.0016748616471886635,0.9982237219810486,0.0001013553628581576
11525,2,1,0,0.8607571721076965,0.03264274075627327,0.10660000145435333
11526,3,0,0,0.7698372602462769,0.01711205579340458,0.2130507379770279
11527,4,0,0,0.8160631060600281,0.12636391818523407,0.05757289007306099
11528,2,0,1,0.30392372608184814,0.6883110404014587,0.007765170652419329
11529,4,0,0,0.5377092361450195,0.023300230503082275,0.43899059295654297
11530,0,0,1,0.024290572851896286,0.9688761234283447,0.006833323277533054
11531,0,1,1,5.669833171850769e-06,0.9999942779541016,9.007528234405981e-08
11532,0,0,0,0.5867069363594055,0.1417015790939331,0.27159154415130615
11533,4,0,0,0.8487871289253235,0.024594096466898918,0.12661881744861603
11534,2,0,0,0.7350603938102722,0.03946593776345253,0.22547361254692078
11535,3,0,1,0.0002816900669131428,0.9996563196182251,6.20408245595172e-05
11536,1,1,1,0.0006218324997462332,0.9993553757667542,2.2786645786254667e-05
11537,3,0,0,0.9467361569404602,0.04237909987568855,0.010884745046496391
11539,3,0,0,0.6553663015365601,0.3371002674102783,0.007533395662903786
11540,0,0,0,0.8440085053443909,0.07473892718553543,0.0812525823712349
11543,2,0,0,0.8622758984565735,0.014945631846785545,0.12277840822935104
11544,0,0,0,0.824267566204071,0.019012244418263435,0.15672023594379425
11546,2,0,0,0.8046051859855652,0.03328131139278412,0.1621135175228119
11547,0,0,0,0.9138223528862,0.01928514428436756,0.06689246743917465
11548,1,0,2,0.2347889542579651,0.008200300857424736,0.7570107579231262
11549,0,0,0,0.4686907231807709,0.33309969305992126,0.19820952415466309
11550,0,1,1,0.009729409590363503,0.990190863609314,7.965289114508778e-05
11551,4,0,0,0.7528913021087646,0.06482282280921936,0.1822858601808548
11552,2,1,1,4.3133568397024646e-05,0.9999517202377319,5.168330062588211e-06
11553,4,0,0,0.8186128735542297,0.04039815813302994,0.14098891615867615
11554,3,0,0,0.49237802624702454,0.4838055372238159,0.02381642535328865
11555,1,0,0,0.7858018279075623,0.10381504893302917,0.1103830561041832
11556,1,0,0,0.800284206867218,0.12487521767616272,0.07484062761068344
11557,0,1,1,0.00013611375470645726,0.9998482465744019,1.5567888112855144e-05
11559,3,0,0,0.8019830584526062,0.1805206537246704,0.017496241256594658
11560,3,1,0,0.7482780814170837,0.1659070998430252,0.08581481128931046
11561,0,0,0,0.719599187374115,0.044050950556993484,0.23634982109069824
11563,1,1,1,8.955717203207314e-05,0.9999032020568848,7.27700626157457e-06
11564,1,0,0,0.8318471908569336,0.08683957159519196,0.08131322264671326
11565,1,1,0,0.8874373435974121,0.06057160720229149,0.05199113115668297
11566,2,0,0,0.9542887210845947,0.02368875965476036,0.022022536024451256
11568,3,1,1,0.009987659752368927,0.9869149327278137,0.0030973716638982296
11569,3,1,1,7.789782830514014e-05,0.9999209642410278,1.095458628697088e-06
11570,2,0,1,0.2980058491230011,0.572395920753479,0.1295982003211975
11572,2,0,0,0.7062023282051086,0.13190528750419617,0.1618923842906952
11573,1,0,0,0.5351771712303162,0.020670318976044655,0.44415244460105896
11574,0,1,0,0.5957145094871521,0.32989588379859924,0.07438962906599045
11575,3,1,0,0.6699134707450867,0.09993301331996918,0.23015356063842773
11577,1,0,0,0.5774412751197815,0.024386582896113396,0.39817216992378235
11578,2,0,0,0.8936586976051331,0.013129707425832748,0.09321162104606628
11579,3,1,1,0.015318511053919792,0.9830975532531738,0.0015839454717934132
11581,1,1,1,0.06341253221035004,0.9319950938224792,0.004592437297105789
11583,4,0,0,0.932138204574585,0.008205115795135498,0.05965672805905342
11584,2,0,0,0.8431262373924255,0.07244808226823807,0.08442559093236923
11585,0,0,0,0.8954169750213623,0.0460326112806797,0.05855044350028038
11586,1,0,0,0.9384567737579346,0.0469810888171196,0.014562129974365234
11590,3,0,0,0.5150108337402344,0.43902283906936646,0.04596628621220589
11591,1,0,0,0.8591840863227844,0.010702746920287609,0.13011306524276733
11593,1,0,0,0.6599196195602417,0.0652201771736145,0.2748601734638214
11594,1,0,0,0.8152524828910828,0.06256365031003952,0.1221838891506195
11595,1,0,0,0.8745580911636353,0.060504354536533356,0.06493755429983139
11596,2,0,0,0.7955512404441833,0.15012864768505096,0.054320115596055984
11597,3,2,2,0.2573341131210327,0.005816384684294462,0.7368494868278503
11598,3,1,1,0.00016944629896897823,0.9998268485069275,3.694269707921194e-06
11599,4,0,0,0.8490157127380371,0.03997865319252014,0.11100560426712036
11600,2,0,0,0.9067506790161133,0.03247878700494766,0.06077055633068085
11601,1,0,0,0.5153303146362305,0.4465773403644562,0.038092318922281265
11602,1,0,0,0.8206480145454407,0.06356373429298401,0.11578827351331711
11604,3,0,0,0.7486052513122559,0.0752985030412674,0.17609615623950958
11605,4,1,2,0.042211662977933884,0.03999512642621994,0.9177932143211365
11607,4,0,0,0.8364161252975464,0.06989427655935287,0.09368956834077835
11608,1,0,0,0.8455082774162292,0.08206426352262497,0.0724274143576622
11609,2,1,1,5.285007136990316e-05,0.9999356269836426,1.1525238733156584e-05
11610,4,0,0,0.8142069578170776,0.08318118751049042,0.10261185467243195
11611,4,1,1,0.02289932779967785,0.9702328443527222,0.0068678040988743305
11612,2,1,0,0.6705248355865479,0.04989524930715561,0.27957987785339355
11615,2,1,1,8.792640073806979e-07,0.999998927116394,2.080840744156376e-07
11616,2,0,1,0.3356342911720276,0.6121248602867126,0.05224083736538887
11617,2,1,1,0.007092245388776064,0.9917781352996826,0.0011296621523797512
11619,2,1,0,0.5514745116233826,0.36132708191871643,0.08719835430383682
11620,0,0,2,0.3061414659023285,0.19276294112205505,0.5010955929756165
11621,1,0,0,0.8179202675819397,0.05978487432003021,0.12229485809803009
11622,3,0,0,0.753812313079834,0.1835842728614807,0.0626034066081047
11624,4,0,0,0.7223507165908813,0.10486537218093872,0.17278394103050232
11625,3,1,1,0.3131423592567444,0.5225523114204407,0.16430532932281494
11626,3,0,0,0.8414022326469421,0.11847003549337387,0.0401277169585228
11627,3,1,1,0.0038008971605449915,0.9960674047470093,0.00013163872063159943
11628,1,1,1,0.03336232900619507,0.9599136710166931,0.006724006496369839
11629,2,1,1,0.0065279994159936905,0.9925113916397095,0.0009606084786355495
11630,2,0,0,0.755280077457428,0.13578613102436066,0.10893376171588898
11631,1,0,0,0.7194870710372925,0.21002855896949768,0.07048432528972626
11633,4,0,1,0.027418693527579308,0.9695937633514404,0.0029875999316573143
11634,2,0,0,0.9667317867279053,0.00326476595364511,0.030003497377038002
11637,1,0,1,0.47977861762046814,0.5000767707824707,0.0201446283608675
11638,2,0,0,0.8916072249412537,0.012191882357001305,0.09620089083909988
11639,2,0,0,0.7863938808441162,0.0321124792098999,0.1814936101436615
11641,1,1,1,0.1419566422700882,0.8500791192054749,0.007964272052049637
11643,2,0,0,0.6869053840637207,0.014658432453870773,0.2984362244606018
11644,2,0,0,0.4956679940223694,0.07105714827775955,0.4332748353481293
11646,3,1,1,0.00022896341397427022,0.9997674822807312,3.6150945561530534e-06
11648,3,0,0,0.9607438445091248,0.010504886507987976,0.028751321136951447
11649,2,0,0,0.911056637763977,0.010093959048390388,0.07884929329156876
11650,2,0,2,0.382239431142807,0.009372379630804062,0.6083881855010986
11651,0,0,1,0.0736544132232666,0.8445587754249573,0.08178681880235672
11652,4,0,2,0.4134816825389862,0.0006620730273425579,0.5858561992645264
11653,1,1,1,0.00031077300081960857,0.9996059536933899,8.33236044854857e-05
11654,2,0,1,0.38134685158729553,0.5722126364707947,0.046440500766038895
11655,4,0,0,0.8843767642974854,0.09775769710540771,0.017865564674139023
11656,3,1,1,0.004244605079293251,0.9953451752662659,0.00041015856550075114
11657,1,1,1,3.897201168001629e-06,0.9999949932098389,1.1274757980572758e-06
11658,3,1,1,0.030209777876734734,0.9650396108627319,0.004750591702759266
11659,4,1,1,0.05313274264335632,0.9392597675323486,0.007607444655150175
11660,0,1,1,9.290669549955055e-05,0.9999005794525146,6.493827186204726e-06
11662,2,1,0,0.8826476335525513,0.08790046721696854,0.02945191226899624
11663,3,1,1,0.05762257054448128,0.9320934414863586,0.010284027084708214
11664,4,0,0,0.8163063526153564,0.02373136766254902,0.15996220707893372
11665,2,0,0,0.8817876577377319,0.09162597358226776,0.02658633328974247
11666,2,0,2,0.13996998965740204,0.0015706445556133986,0.8584593534469604
11667,3,0,0,0.6187102198600769,0.34186652302742004,0.03942323476076126
11668,3,0,0,0.8974605798721313,0.06673810631036758,0.035801324993371964
11669,4,0,0,0.6506755352020264,0.15837350487709045,0.19095095992088318
11671,1,0,0,0.7897248268127441,0.04312510043382645,0.16715008020401
11673,3,0,0,0.885405421257019,0.06503137946128845,0.049563150852918625
11674,3,0,0,0.6981724500656128,0.031843580305576324,0.2699839472770691
11675,3,0,0,0.7686477899551392,0.21858114004135132,0.012771042063832283
11679,2,0,0,0.7859850525856018,0.06981150805950165,0.14420336484909058
11680,0,0,0,0.8873817920684814,0.010306784883141518,0.10231142491102219
11681,0,0,0,0.8334003686904907,0.11342702805995941,0.05317266285419464
11683,4,1,1,0.0007817298755981028,0.9937301874160767,0.005488056223839521
11685,3,0,0,0.8753729462623596,0.016528135165572166,0.10809899866580963
11687,1,0,0,0.9130435585975647,0.030723553150892258,0.05623285099864006
11689,0,0,0,0.917900562286377,0.04478123411536217,0.03731812164187431
11690,3,0,0,0.5173049569129944,0.13726265728473663,0.3454323709011078
11691,0,1,0,0.816350519657135,0.06164233013987541,0.1220071017742157
11692,1,0,0,0.8676292300224304,0.031913455575704575,0.10045730322599411
11693,1,1,1,1.0547556485107634e-05,0.9999850988388062,4.397261818667175e-06
11694,2,1,1,0.04641122743487358,0.9442452788352966,0.009343501180410385
11695,0,0,1,0.09656288474798203,0.8947139382362366,0.008723207749426365
11696,4,0,0,0.8998050689697266,0.018982263281941414,0.08121270686388016
11699,2,1,1,2.0506481632764917e-06,0.9999974966049194,4.3463904830787214e-07
11700,0,0,0,0.8641840815544128,0.04773178696632385,0.08808411657810211
11702,3,0,0,0.6076003313064575,0.09751337766647339,0.29488635063171387
11703,3,0,0,0.8234889507293701,0.028703896328806877,0.14780710637569427
11704,3,0,0,0.9437896609306335,0.03410816937685013,0.02210221439599991
11705,4,0,0,0.7584114074707031,0.17256790399551392,0.06902061402797699
11706,4,0,0,0.6667490005493164,0.2036694437265396,0.12958155572414398
11707,2,0,1,0.356197714805603,0.3803110718727112,0.2634912133216858
11708,2,1,1,0.030307171866297722,0.9653241634368896,0.004368719644844532
11709,4,1,0,0.8239851593971252,0.07454609870910645,0.1014687791466713
11710,2,0,0,0.9618257880210876,0.013705361634492874,0.02446886897087097
11717,0,0,0,0.9237662553787231,0.030352691188454628,0.04588098078966141
11718,3,1,1,0.003405556548386812,0.9958932399749756,0.0007012418354861438
11719,2,0,0,0.8218622803688049,0.034603361040353775,0.14353427290916443
11720,3,0,0,0.9696009159088135,0.007976069115102291,0.02242300845682621
11721,0,1,1,0.0005680230678990483,0.9992560744285583,0.00017594362725503743
11722,0,1,1,0.036464624106884,0.9616289734840393,0.0019064309308305383
11723,1,0,0,0.8358044028282166,0.025715073570609093,0.13848049938678741
11724,3,0,0,0.6271633505821228,0.04513050615787506,0.32770612835884094
11725,1,0,0,0.5613923668861389,0.04153341054916382,0.39707425236701965
11726,3,0,0,0.6633915305137634,0.05434883385896683,0.28225961327552795
11727,0,0,0,0.575286328792572,0.36996525526046753,0.054748356342315674
11730,3,0,1,0.30075082182884216,0.6259844899177551,0.0732647031545639
11731,2,0,2,0.34183284640312195,0.0072512393817305565,0.6509158611297607
11732,3,0,0,0.6903148293495178,0.06727176904678345,0.24241338670253754
11733,3,1,1,0.0001975936902454123,0.9997569918632507,4.5411587052512914e-05
11734,2,1,1,0.0003037851711269468,0.9996167421340942,7.944331446196884e-05
11735,3,0,0,0.7857699394226074,0.09240826964378357,0.12182176113128662
11736,0,0,0,0.477314293384552,0.41560107469558716,0.10708466172218323
11737,1,0,0,0.8971535563468933,0.007647430989891291,0.09519912302494049
11739,3,1,1,0.00020888129074592143,0.9997844099998474,6.732489055139013e-06
11741,3,0,2,0.06720650941133499,0.14790865778923035,0.7848848700523376
11743,2,0,0,0.9064745306968689,0.01848478801548481,0.07504063099622726
11744,0,0,0,0.8871992230415344,0.05510205775499344,0.057698704302310944
11746,0,0,0,0.8423131704330444,0.023982137441635132,0.13370470702648163
11747,0,0,0,0.7521689534187317,0.11481333523988724,0.13301777839660645
11748,0,0,0,0.6312974691390991,0.2607387900352478,0.10796377807855606
11749,1,0,0,0.8545138835906982,0.09227295964956284,0.0532132126390934
11750,1,0,0,0.7196431159973145,0.12852543592453003,0.1518314927816391
11751,0,0,0,0.5845440626144409,0.013505056500434875,0.4019508957862854
11752,0,0,0,0.8633823990821838,0.02963944524526596,0.10697820782661438
11753,0,0,0,0.8099933862686157,0.03240228816866875,0.15760433673858643
11755,4,1,1,3.202093807885831e-07,0.9999996423721313,3.235916068433653e-08
11756,4,0,0,0.9308193325996399,0.029433412477374077,0.03974724933505058
11757,1,1,1,0.4350965619087219,0.5382475256919861,0.026655877009034157
11758,1,1,1,2.6955469820677536e-06,0.999996542930603,7.531469918831135e-07
11759,3,0,0,0.9129650592803955,0.05098756402730942,0.0360473096370697
11761,1,0,0,0.9478170275688171,0.04714355617761612,0.005039437673985958
11762,3,2,2,0.0037343588192015886,0.00026895038899965584,0.9959967136383057
11763,2,0,0,0.6441057920455933,0.1465870440006256,0.20930716395378113
11764,4,0,0,0.8977378606796265,0.0454617440700531,0.056800372898578644
11765,1,0,1,0.08423981070518494,0.8836385011672974,0.03212176263332367
11768,2,0,0,0.6778448820114136,0.018477685749530792,0.30367735028266907
11769,1,0,0,0.7862073183059692,0.14282537996768951,0.07096734642982483
11772,1,1,0,0.8262579441070557,0.044732626527547836,0.12900948524475098
11773,2,1,1,0.0013419801834970713,0.9985660910606384,9.189864795189351e-05
11774,3,0,0,0.7725217938423157,0.01792210154235363,0.20955610275268555
11775,1,0,0,0.8482977151870728,0.09122803807258606,0.060474250465631485
11777,1,0,2,0.2912589907646179,0.017683126032352448,0.6910579204559326
11778,1,0,0,0.8192479014396667,0.014452354051172733,0.1662997156381607
11780,3,1,1,0.1898943930864334,0.8066662549972534,0.0034393626265227795
11781,3,0,0,0.8980344533920288,0.07962998747825623,0.02233552373945713
11782,1,0,0,0.873871386051178,0.04845436289906502,0.07767419517040253
11784,3,0,0,0.7204426527023315,0.03919871151447296,0.24035868048667908
11785,1,0,1,0.0006677228957414627,0.9765738248825073,0.022758441045880318
11789,1,1,1,0.35196924209594727,0.6320357322692871,0.015995070338249207
11790,1,1,1,0.11162377893924713,0.802384614944458,0.08599158376455307
11791,4,1,1,0.011986306868493557,0.9873983860015869,0.0006153103895485401
11792,1,1,1,0.0011952790664508939,0.998305082321167,0.0004996494390070438
11793,3,0,0,0.6335658431053162,0.044934749603271484,0.32149940729141235
11794,3,0,0,0.5605576038360596,0.41556933522224426,0.023873096331954002
11796,0,1,1,0.0015620783669874072,0.998424768447876,1.3143902833689936e-05
11798,2,1,2,0.004230478312820196,0.3677031099796295,0.6280664205551147
11799,2,0,0,0.6637964844703674,0.07005436718463898,0.2661491334438324
11801,4,0,0,0.41126200556755066,0.40735626220703125,0.1813817322254181
11802,3,1,1,0.0003728533338289708,0.9995526671409607,7.444596121786162e-05
11803,0,0,0,0.8880064487457275,0.05875079333782196,0.05324278399348259
11804,2,0,2,0.27100521326065063,0.018440518528223038,0.7105542421340942
11805,4,1,1,0.0002809276629704982,0.9995924830436707,0.0001266189501620829
11806,1,1,1,0.02392824925482273,0.9673544764518738,0.00871723610907793
11807,4,2,0,0.679636538028717,0.017860280349850655,0.3025031089782715
11808,3,0,0,0.9017734527587891,0.021021539345383644,0.07720495015382767
11809,0,0,0,0.8302114009857178,0.05707695335149765,0.11271162331104279
11810,0,2,0,0.6683560609817505,0.19813621044158936,0.13350780308246613
11812,0,0,0,0.9226976633071899,0.014437018893659115,0.06286530196666718
11813,1,1,1,0.018712133169174194,0.9807587265968323,0.0005291413981467485
11814,0,1,0,0.781479001045227,0.11783289909362793,0.100688137114048
11815,0,0,0,0.8125492334365845,0.05591963231563568,0.13153110444545746
11816,1,0,0,0.7894533276557922,0.12362636625766754,0.08692029863595963
11817,1,0,0,0.6884158253669739,0.07090289890766144,0.24068127572536469
11818,0,1,1,0.03637400642037392,0.9612741470336914,0.0023518649395555258
11819,0,0,1,0.3985312581062317,0.5699942111968994,0.031474512070417404
11820,0,0,0,0.5330949425697327,0.32158541679382324,0.1453196406364441
11823,2,1,0,0.5276785492897034,0.15505240857601166,0.31726911664009094
11824,1,0,0,0.6521373987197876,0.09432817995548248,0.2535344362258911
11825,2,0,0,0.7394124865531921,0.045032791793346405,0.21555475890636444
11826,4,1,1,0.22835658490657806,0.7686862349510193,0.0029572152998298407
11828,0,1,1,0.06494004279375076,0.9325030446052551,0.0025568727869540453
11829,3,0,0,0.5342262387275696,0.21541425585746765,0.25035953521728516
11830,4,1,1,0.0009302423568442464,0.9990161657333374,5.3544819820672274e-05
11831,4,0,0,0.8038697838783264,0.10337353497743607,0.09275664389133453
11832,2,0,0,0.6225928068161011,0.14340931177139282,0.23399795591831207
11833,0,0,0,0.8176929354667664,0.04471269249916077,0.13759437203407288
11834,3,0,0,0.9555915594100952,0.006274711806327105,0.03813372924923897
11837,2,1,0,0.4798941910266876,0.25122788548469543,0.26887789368629456
11840,0,0,0,0.6841269731521606,0.0546998530626297,0.26117318868637085
11841,2,0,0,0.8466250896453857,0.04653016850352287,0.10684477537870407
11843,1,0,0,0.5610331296920776,0.29474276304244995,0.1442241072654724
11844,0,0,0,0.8461552262306213,0.03419690579175949,0.11964787542819977
11845,3,0,0,0.6776806712150574,0.022775473073124886,0.2995438277721405
11846,4,0,0,0.8789888620376587,0.08305967599153519,0.03795149549841881
11848,4,0,0,0.8344610333442688,0.028914855793118477,0.13662414252758026
11849,0,0,0,0.8840518593788147,0.03552384674549103,0.08042435348033905
11850,1,1,1,0.0003861157165374607,0.9993017911911011,0.0003120997571386397
11852,1,0,0,0.6025334596633911,0.33202970027923584,0.06543680280447006
11853,3,1,1,2.7268593839835376e-05,0.9999611377716064,1.1643544894468505e-05
11855,3,0,0,0.8166561722755432,0.014413385652005672,0.16893038153648376
11856,2,0,2,0.27678433060646057,0.006048687268048525,0.7171669602394104
11857,3,0,0,0.6497436761856079,0.23277157545089722,0.11748471111059189
11858,1,1,1,0.019213179126381874,0.9791306853294373,0.0016561053926125169
11859,2,1,1,1.1789571544795763e-05,0.9999866485595703,1.6059792642408866e-06
11861,0,0,0,0.8367009162902832,0.02321973256766796,0.1400793045759201
11862,1,0,0,0.6026937365531921,0.3443288803100586,0.052977412939071655
11863,0,0,0,0.9137988686561584,0.021058348938822746,0.06514276564121246
11864,3,0,0,0.831020712852478,0.05486935377120972,0.11410991847515106
11865,1,0,0,0.5681273937225342,0.20996113121509552,0.22191153466701508
11866,0,0,2,0.3607747256755829,0.0109195401892066,0.6283057332038879
11867,3,1,0,0.5964210629463196,0.2865338921546936,0.1170450896024704
11868,1,0,0,0.5264053344726562,0.3696117103099823,0.10398295521736145
11869,3,0,1,0.19938108325004578,0.7693180441856384,0.03130088001489639
11871,3,1,1,0.0009073936962522566,0.9990203380584717,7.22230615792796e-05
11872,1,0,0,0.7078250050544739,0.08572599291801453,0.2064489722251892
11873,0,0,0,0.8470610976219177,0.031344931572675705,0.1215939149260521
11875,0,1,0,0.6516777873039246,0.26437729597091675,0.08394493907690048
11876,0,0,0,0.7973593473434448,0.10841777175664902,0.09422280639410019
11877,1,0,0,0.6503415107727051,0.2898517847061157,0.05980665609240532
11878,2,1,0,0.6631657481193542,0.1441628336906433,0.19267141819000244
11879,2,1,1,2.6461239599484543e-07,0.9999997615814209,1.2446927932785457e-08
11880,0,1,0,0.6730425953865051,0.10827461630105972,0.21868278086185455
11881,1,1,1,0.0032365755178034306,0.9966403245925903,0.00012313356273807585
11882,4,1,1,0.21222072839736938,0.7612355947494507,0.026543637737631798
11883,0,0,2,0.1575990617275238,0.06504504382610321,0.7773559093475342
11884,2,0,0,0.630771279335022,0.17551490664482117,0.19371379911899567
11885,1,0,0,0.7859500050544739,0.06471318751573563,0.14933685958385468
11886,3,0,0,0.6999779939651489,0.14469611644744873,0.15532587468624115
11887,4,0,0,0.8092939853668213,0.018206926062703133,0.17249909043312073
11888,3,0,0,0.655705988407135,0.036739762872457504,0.3075542449951172
11889,4,0,0,0.8947885036468506,0.03699450194835663,0.06821703910827637
11890,4,0,0,0.8076022863388062,0.12487828731536865,0.06751944869756699
11892,3,0,0,0.6445510387420654,0.1767185628414154,0.17873035371303558
11893,4,1,1,0.00010041939822258428,0.9998928308486938,6.6866982706415e-06
11894,2,1,1,0.0008599818684160709,0.9990108013153076,0.0001291927183046937
11895,3,0,0,0.6417449712753296,0.0035050413571298122,0.35475000739097595
11896,1,0,0,0.5918193459510803,0.03950972482562065,0.3686709403991699
11897,4,0,0,0.8517228960990906,0.008386452682316303,0.1398906111717224
11899,1,1,0,0.7194621562957764,0.23045319318771362,0.050084564834833145
11900,0,0,0,0.9359793066978455,0.014901295304298401,0.04911939054727554
11902,2,0,0,0.7504181861877441,0.12668132781982422,0.12290050089359283
11903,0,0,0,0.8930957317352295,0.01863153465092182,0.08827274292707443
11904,2,0,0,0.7719055414199829,0.04871749132871628,0.17937688529491425
11905,3,0,0,0.8110415935516357,0.12969443202018738,0.059264037758111954
11906,3,0,0,0.7763468623161316,0.005356688052415848,0.21829651296138763
11907,2,1,1,4.6877307795512024e-06,0.9999935626983643,1.7952530697584734e-06
11908,1,0,0,0.9196807742118835,0.043178707361221313,0.03714058920741081
11909,3,0,0,0.7252557873725891,0.0292485523968935,0.24549569189548492
11910,2,0,1,0.21582317352294922,0.73348069190979,0.050696149468421936
11911,2,0,0,0.5796045660972595,0.39031022787094116,0.030085215345025063
11912,2,2,2,1.10874098027125e-05,5.937179594184272e-05,0.9999295473098755
11913,1,1,1,0.42123323678970337,0.562529444694519,0.01623731292784214
11914,0,0,0,0.7924569249153137,0.016058137640357018,0.19148492813110352
11915,4,0,0,0.7864496111869812,0.11152926832437515,0.10202109068632126
11917,2,0,0,0.811738133430481,0.05958225205540657,0.1286795735359192
11919,0,1,1,0.013499731197953224,0.9861997365951538,0.0003005899488925934
11920,1,1,1,0.0009417352848686278,0.9988148212432861,0.00024344067787751555
11921,1,0,2,0.21983695030212402,0.002437563380226493,0.7777254581451416
11922,0,0,0,0.5875124931335449,0.11180515587329865,0.30068230628967285
11923,1,0,0,0.8823887705802917,0.018754031509160995,0.09885714203119278
11924,2,0,0,0.5508664846420288,0.06625925004482269,0.3828742504119873
11925,2,0,1,0.08382923156023026,0.898685097694397,0.017485668882727623
11926,4,0,0,0.7550646066665649,0.07218078523874283,0.17275458574295044
11927,2,0,0,0.830939769744873,0.04871555045247078,0.12034469842910767
11928,2,0,0,0.6500353813171387,0.02197047881782055,0.32799404859542847
11929,0,1,1,0.09140343219041824,0.9069770574569702,0.0016195334028452635
11930,4,0,0,0.8556327223777771,0.004557907115668058,0.13980929553508759
11931,3,0,0,0.5094953775405884,0.1019393801689148,0.3885652720928192
11932,3,0,0,0.7176361083984375,0.03631536662578583,0.24604858458042145
11933,0,0,0,0.8269096612930298,0.07421436160802841,0.09887595474720001
11934,1,1,1,0.11162377893924713,0.802384614944458,0.08599158376455307
11935,4,0,2,0.32665717601776123,0.039902448654174805,0.6334403157234192
11936,4,0,0,0.8580513000488281,0.033095765858888626,0.10885291546583176
11937,3,0,2,0.30418360233306885,0.05105975642800331,0.6447566151618958
11938,1,0,2,0.0014657226856797934,3.0033215807634406e-05,0.9985042810440063
11939,1,0,0,0.8473592400550842,0.09639067202806473,0.05625019967556
11940,1,0,2,0.09395138919353485,0.0002238756133010611,0.9058247804641724
11941,0,1,1,0.0002163521567126736,0.9997552037239075,2.843178117473144e-05
11942,1,1,1,0.40990501642227173,0.5140480995178223,0.0760469064116478
11943,1,0,0,0.7866086959838867,0.07540252059698105,0.13798882067203522
11945,1,1,1,0.03156358376145363,0.9661339521408081,0.0023023877292871475
11946,2,0,0,0.8073263764381409,0.07982036471366882,0.11285320669412613
11947,1,0,0,0.9042072296142578,0.05710194259881973,0.038690850138664246
11948,3,1,1,0.019125662744045258,0.9790592193603516,0.0018150628311559558
11949,2,0,0,0.7978790998458862,0.024984946474432945,0.17713594436645508
11950,1,0,0,0.8797182440757751,0.02418988011777401,0.09609191864728928
11951,0,1,1,0.0001687372860033065,0.9998288154602051,2.431042730677291e-06
11952,2,0,0,0.903246283531189,0.006615106947720051,0.09013858437538147
11953,4,1,1,0.1969233900308609,0.7863668203353882,0.016709791496396065
11954,3,1,1,2.3590537239215337e-05,0.9999762773513794,1.9017400632037607e-07
11955,0,0,0,0.7505649328231812,0.029120225459337234,0.2203148454427719
11956,1,1,1,2.8885440315207234e-06,0.9999912977218628,5.781902018497931e-06
11957,1,0,2,0.0061317551881074905,0.00015481629816349596,0.9937134385108948
11960,0,0,1,0.009680042043328285,0.9896928668022156,0.0006270612357184291
11961,1,0,2,0.07337947189807892,0.005074618849903345,0.9215459823608398
11962,0,0,1,0.4461577534675598,0.4958932101726532,0.05794903263449669
11963,4,0,0,0.7205953001976013,0.012789799831807613,0.2666149139404297
11964,4,1,0,0.9417116045951843,0.023547494783997536,0.03474094346165657
11965,4,2,2,0.44298478960990906,0.05332490801811218,0.5036903023719788
11967,2,0,0,0.5436134934425354,0.2126050740480423,0.2437814325094223
11968,0,0,0,0.7255321145057678,0.041958652436733246,0.23250922560691833
11969,2,0,0,0.9473251700401306,0.017758239060640335,0.03491659462451935
11970,4,2,2,0.001204454805701971,0.010576911270618439,0.9882186651229858
11971,2,0,0,0.6929835677146912,0.04711959883570671,0.25989678502082825
11973,4,0,0,0.6510443687438965,0.02438175119459629,0.32457396388053894
11974,0,0,0,0.8536806106567383,0.05742305889725685,0.08889631927013397
11976,1,1,1,0.20674173533916473,0.7335311770439148,0.05972714722156525
11978,1,2,2,0.000608022790402174,6.447591295000166e-05,0.999327540397644
11979,2,1,1,0.0023205112665891647,0.9967473745346069,0.0009320631506852806
11980,2,1,1,0.0016330803046002984,0.9983439445495605,2.3022470486466773e-05
11981,0,1,1,0.19474761188030243,0.7473374009132385,0.057915061712265015
11982,4,0,1,0.0556001141667366,0.8958205580711365,0.048579346388578415
11984,2,0,0,0.5867841243743896,0.3985304534435272,0.01468545850366354
11985,0,0,0,0.8542125225067139,0.053677793592214584,0.09210965037345886
11986,2,0,0,0.9892644286155701,0.0007230861810967326,0.010012481361627579
11987,2,0,2,0.3332687318325043,0.02624673582613468,0.6404845118522644
11988,2,0,0,0.8649876713752747,0.01089769322425127,0.12411470711231232
11989,3,1,1,0.00032623475999571383,0.9996469020843506,2.6911928216577508e-05
11990,1,0,2,0.182012677192688,0.05653160437941551,0.7614557147026062
11991,4,0,0,0.6140964031219482,0.10190727561712265,0.2839962840080261
11992,3,0,0,0.6335546374320984,0.16477631032466888,0.20166902244091034
11993,3,1,1,0.2105177938938141,0.7797958850860596,0.009686375968158245
11994,0,0,0,0.8402911424636841,0.04107365012168884,0.11863521486520767
11995,4,0,0,0.8852372169494629,0.09600435942411423,0.018758440390229225
11996,2,0,0,0.9050707817077637,0.012870344333350658,0.08205888420343399
11997,3,1,1,0.002560748951509595,0.9964200258255005,0.0010192212648689747
11998,0,2,0,0.7411081790924072,0.09728888422250748,0.16160283982753754
11999,1,1,1,0.003383078845217824,0.9954447746276855,0.0011722082272171974
12000,0,1,1,0.17552690207958221,0.8138048648834229,0.010668217204511166
12001,3,0,0,0.9372443556785583,0.0033841661643236876,0.05937148258090019
12002,4,1,1,0.023366056382656097,0.9742059707641602,0.0024279917124658823
12004,3,1,1,0.0004615330835804343,0.9994908571243286,4.7560846724081784e-05
12006,4,0,0,0.8511444330215454,0.10248798131942749,0.04636760801076889
12007,3,1,0,0.7669304609298706,0.15208959579467773,0.08097993582487106
12009,4,0,0,0.9064195156097412,0.02055956982076168,0.07302091270685196
12010,4,0,0,0.5784196853637695,0.27176812291145325,0.14981228113174438
12011,4,0,0,0.9264900088310242,0.007474191952496767,0.06603578478097916
12012,1,0,1,0.3678937554359436,0.5972369909286499,0.034869223833084106
12013,2,0,0,0.6225833296775818,0.06492117792367935,0.31249547004699707
12014,3,1,1,0.0001404248469043523,0.9998273849487305,3.2174801162909716e-05
12015,4,1,1,0.15874846279621124,0.7785232067108154,0.06272833049297333
12016,4,0,0,0.9133236408233643,0.015456811524927616,0.07121960073709488
12017,1,0,0,0.9053031802177429,0.035988591611385345,0.058708205819129944
12019,3,1,1,0.001768532209098339,0.9981040954589844,0.00012735059135593474
12020,2,0,0,0.7933405041694641,0.02297537587583065,0.1836840957403183
12021,2,0,0,0.9164511561393738,0.029854437336325645,0.05369449406862259
12022,1,0,0,0.6113526225090027,0.23639190196990967,0.15225547552108765
12023,3,1,1,0.01789954863488674,0.9816308617591858,0.00046964624198153615
12024,2,1,1,0.00045414784108288586,0.9994537234306335,9.21432874747552e-05
12025,4,0,0,0.7561997175216675,0.20771801471710205,0.03608233854174614
12027,0,1,1,0.16881093382835388,0.8177947998046875,0.01339423842728138
12028,0,1,1,0.02201874740421772,0.9737226366996765,0.004258595872670412
12031,3,1,1,0.002628539688885212,0.9972621202468872,0.0001092811580747366
12032,3,0,0,0.9574750065803528,0.013582196086645126,0.028942827135324478
12033,1,2,2,0.00036184460623189807,1.4059020941203926e-05,0.9996240139007568
12034,4,1,1,0.03575516864657402,0.9613807797431946,0.0028640443924814463
12035,1,0,0,0.696261465549469,0.028913171961903572,0.27482539415359497
12036,3,1,1,0.18312400579452515,0.7881549596786499,0.028721069917082787
12037,4,0,0,0.7392786741256714,0.01639888435602188,0.24432247877120972
12039,3,0,0,0.9271231293678284,0.04830723628401756,0.024569690227508545
12040,3,1,1,2.9634407837875187e-05,0.9999697208404541,6.850166869298846e-07
12041,3,0,0,0.9472078084945679,0.02798503451049328,0.024807153269648552
12042,3,0,2,0.3142679035663605,0.29999715089797974,0.3857349455356598
12043,0,0,0,0.9222763776779175,0.0019082846119999886,0.07581537961959839
12044,1,1,1,5.725972641812405e-06,0.9999936819076538,6.285486051638145e-07
12045,4,0,0,0.6916236877441406,0.23782454431056976,0.070551797747612
12046,0,0,0,0.9425801634788513,0.010397949256002903,0.04702184349298477
12047,2,1,1,1.1987254765699618e-05,0.999987006187439,9.92849550129904e-07
12049,1,0,1,0.00013137131463736296,0.9998655319213867,3.031519327123533e-06
12050,1,0,0,0.7265864610671997,0.018257591873407364,0.25515589118003845
12051,4,0,0,0.8998856544494629,0.048371586948633194,0.051742807030677795
12054,4,1,1,3.305882273707539e-06,0.9999953508377075,1.3560161278292071e-06
12055,4,0,0,0.9369226098060608,0.014311269856989384,0.048766184598207474
12056,0,1,1,0.03914230316877365,0.9582398533821106,0.0026178110856562853
12057,3,0,0,0.9140902161598206,0.03405614197254181,0.05185365304350853
12058,0,0,0,0.7761150598526001,0.14734067022800446,0.07654424011707306
12059,2,0,0,0.8631797432899475,0.04476768523454666,0.09205256402492523
12060,3,1,1,0.0003232682647649199,0.9919929504394531,0.00768375163897872
12061,0,0,0,0.8145038485527039,0.049711573868989944,0.13578453660011292
12062,1,0,1,0.0978056788444519,0.8950514793395996,0.007142848800867796
12065,3,0,0,0.8317039608955383,0.013798444531857967,0.15449750423431396
12069,1,0,0,0.8514581918716431,0.07832168787717819,0.07022014260292053
12072,3,0,0,0.6669602990150452,0.16860559582710266,0.16443410515785217
12073,2,0,0,0.8346180319786072,0.028200915083289146,0.13718098402023315
12075,1,0,0,0.8918699622154236,0.018131926655769348,0.08999815583229065
12076,3,0,0,0.9551209807395935,0.002825635252520442,0.04205333814024925
12077,3,0,0,0.7741339206695557,0.08795905858278275,0.1379070281982422
12078,4,1,1,4.956350312568247e-05,0.9998925924301147,5.783490996691398e-05
12079,1,1,1,6.5443036874057725e-06,0.9999932050704956,1.9202208534352394e-07
12080,0,0,0,0.7779157161712646,0.06728354841470718,0.15480074286460876
12081,0,0,0,0.8735901117324829,0.07423875480890274,0.05217111483216286
12082,4,0,0,0.7316321134567261,0.1048506647348404,0.16351720690727234
12083,2,0,0,0.9009495377540588,0.03413284942507744,0.06491759419441223
12084,0,0,0,0.7238109111785889,0.2279118150472641,0.048277225345373154
12085,1,0,0,0.8178953528404236,0.08991689234972,0.09218771755695343
12086,3,0,0,0.9508870840072632,0.02108047716319561,0.028032490983605385
12087,0,1,1,0.18523910641670227,0.7890390753746033,0.025721868500113487
12088,4,1,1,6.041373490006663e-05,0.9999240636825562,1.552638059365563e-05
12089,1,0,0,0.8974453806877136,0.05760863423347473,0.04494595527648926
12090,0,1,1,0.0019443754572421312,0.9908539056777954,0.007201722823083401
12092,1,0,2,0.25301453471183777,0.0007911045686341822,0.7461944222450256
12093,2,1,0,0.5327266454696655,0.4449322819709778,0.022341018542647362
12094,0,0,1,0.1620061844587326,0.8276532888412476,0.010340496897697449
12095,3,0,0,0.9009628295898438,0.011339707300066948,0.08769750595092773
12096,2,1,0,0.6838310360908508,0.05494731292128563,0.26122167706489563
12097,1,1,1,4.805270236829529e-06,0.9999933242797852,1.8302907847100869e-06
12101,0,0,2,0.39982807636260986,0.021160416305065155,0.5790114998817444
12102,3,0,0,0.7338406443595886,0.13096310198307037,0.1351962685585022
12103,4,0,0,0.959495484828949,0.0009162534843198955,0.03958823159337044
12104,1,0,0,0.6037240624427795,0.10506696999073029,0.2912089228630066
12105,1,0,0,0.9188178777694702,0.0024906019680202007,0.07869143038988113
12106,3,0,0,0.6224705576896667,0.03107191063463688,0.34645748138427734
12108,1,0,0,0.7894367575645447,0.18025851249694824,0.030304700136184692
12110,0,0,0,0.8079804182052612,0.014802481047809124,0.17721714079380035
12111,0,0,0,0.9094065427780151,0.02963045984506607,0.0609629824757576
12112,0,1,0,0.7905483245849609,0.1009959876537323,0.10845571756362915
12113,2,1,1,0.014292528852820396,0.9829985499382019,0.0027088511269539595
12114,4,1,1,1.2714445801975671e-05,0.9999867677688599,5.136882350598171e-07
12115,1,0,0,0.7031106352806091,0.06670323759317398,0.2301861047744751
12116,3,2,2,0.014201538637280464,0.00625758059322834,0.9795408844947815
12117,4,0,0,0.9192219376564026,0.047215141355991364,0.033562902361154556
12118,3,0,0,0.9760298728942871,0.007357251364737749,0.016612883657217026
12119,1,2,0,0.5544177889823914,0.2874671220779419,0.15811505913734436
12121,1,0,0,0.7401289939880371,0.07521737366914749,0.18465368449687958
12122,0,1,1,0.0048971534706652164,0.9950571060180664,4.572591569740325e-05
12123,3,0,0,0.900287389755249,0.062333643436431885,0.037378981709480286
12127,0,1,1,0.00043444090988487005,0.9995372295379639,2.8328668122412637e-05
12128,4,0,0,0.5160010457038879,0.3592042326927185,0.12479475885629654
12129,4,0,0,0.900884747505188,0.0006845798925496638,0.09843075275421143
12132,0,0,0,0.9269729256629944,0.026746124029159546,0.04628097638487816
12133,1,1,0,0.5333749055862427,0.353714257478714,0.11291088163852692
12134,3,0,0,0.9752052426338196,0.008354292251169682,0.016440454870462418
12135,1,0,0,0.8435676693916321,0.07316498458385468,0.08326742053031921
12136,4,0,0,0.6691133379936218,0.01450510323047638,0.316381573677063
12137,3,0,2,0.13514024019241333,0.0054512619972229,0.8594084978103638
12139,1,0,0,0.7060893177986145,0.05417920649051666,0.23973152041435242
12140,0,0,0,0.9025588035583496,0.022370371967554092,0.07507078349590302
12142,2,0,2,0.05590260773897171,0.003875365713611245,0.9402220249176025
12143,4,0,0,0.8724265098571777,0.03893933817744255,0.08863408118486404
12144,0,1,1,0.07120972871780396,0.9270456433296204,0.0017446751007810235
12145,1,0,0,0.8262258768081665,0.07059264183044434,0.103181391954422
12146,2,0,0,0.8634122014045715,0.019266663119196892,0.11732113361358643
12148,1,0,0,0.7021884918212891,0.06627753376960754,0.2315339595079422
12149,0,0,0,0.7131678462028503,0.046961620450019836,0.23987054824829102
12150,1,0,0,0.8964847922325134,0.05150226876139641,0.05201302096247673
12151,2,0,0,0.8747774362564087,0.05690724775195122,0.06831523776054382
12152,2,0,0,0.9029579758644104,0.03236224502325058,0.06467973440885544
12154,1,1,1,0.002833237638697028,0.9949053525924683,0.0022614612244069576
12155,1,1,1,0.0032452933955937624,0.996359646320343,0.00039500961429439485
12157,1,0,0,0.7987990379333496,0.0982256531715393,0.10297533124685287
12158,2,0,0,0.8505775332450867,0.03278058394789696,0.11664194613695145
12159,3,1,1,2.3366917957901023e-05,0.999974250793457,2.3789812075847294e-06
12160,1,0,0,0.8337578773498535,0.14370964467525482,0.022532477974891663
12161,2,1,0,0.5727317929267883,0.356118768453598,0.07114937901496887
12162,1,0,0,0.7546933889389038,0.07277384400367737,0.17253272235393524
12163,2,1,1,0.12603338062763214,0.8297740817070007,0.04419255256652832
12164,3,1,0,0.7026250958442688,0.0402851477265358,0.2570898234844208
12165,1,1,1,0.008788682520389557,0.990892767906189,0.00031852530082687736
12166,4,1,1,0.10147342085838318,0.8177360892295837,0.08079047501087189
12167,0,0,0,0.8961198329925537,0.06063494831323624,0.043245237320661545
12168,2,0,0,0.5393847823143005,0.2306898534297943,0.22992536425590515
12169,1,1,0,0.8162540197372437,0.07911668717861176,0.10462934523820877
12171,1,1,1,6.220368959475309e-06,0.9999895095825195,4.2832893996092025e-06
12172,2,0,0,0.8287919163703918,0.008893037214875221,0.16231504082679749
12173,0,0,0,0.7771227359771729,0.09175632148981094,0.13112102448940277
12174,3,0,0,0.943256676197052,0.0348232164978981,0.021920081228017807
12175,3,0,0,0.8998979926109314,0.00514995539560914,0.0949520394206047
12176,1,0,0,0.9036182165145874,0.0216220673173666,0.07475972920656204
12177,2,0,0,0.5987951755523682,0.3512149751186371,0.04998984560370445
12179,0,1,1,0.009399889968335629,0.989831268787384,0.0007688248297199607
12180,0,0,0,0.8866977095603943,0.07069386541843414,0.042608361691236496
12181,4,0,0,0.788094162940979,0.05663292855024338,0.15527287125587463
12186,1,0,0,0.7921861410140991,0.10317004472017288,0.104643814265728
12187,2,0,0,0.7661195397377014,0.047120094299316406,0.18676041066646576
12188,1,0,0,0.8093265295028687,0.06236935034394264,0.12830407917499542
12189,0,0,0,0.6651730537414551,0.23732222616672516,0.09750472009181976
12190,3,0,0,0.9012746214866638,0.03447195515036583,0.06425340473651886
12191,3,0,0,0.8125948309898376,0.12142965942621231,0.06597551703453064
12193,4,1,1,0.0316266231238842,0.9662101864814758,0.0021631557028740644
12194,3,0,0,0.9282951951026917,0.02472769096493721,0.04697704315185547
12195,2,1,1,0.20154520869255066,0.7898598909378052,0.008594927377998829
12196,0,0,0,0.7781198024749756,0.005976512562483549,0.2159036546945572
12198,1,0,0,0.5009981989860535,0.4317125678062439,0.06728927046060562
12199,3,0,2,0.42462149262428284,0.1482369303703308,0.42714163661003113
12200,3,0,0,0.7740211486816406,0.06996574997901917,0.1560131162405014
12201,3,0,0,0.8696624040603638,0.0937068909406662,0.03663065657019615
12202,1,0,0,0.7216338515281677,0.03125668317079544,0.247109517455101
12203,4,0,1,0.003150198608636856,0.9962195754051208,0.000630255148280412
12204,1,0,0,0.8843080401420593,0.04260510951280594,0.07308684289455414
12205,1,0,0,0.8421681523323059,0.035456255078315735,0.12237559258937836
12206,4,1,1,0.00010008962271967903,0.9995904564857483,0.0003094612911809236
12208,3,0,1,0.055920857936143875,0.9408285617828369,0.003250614507123828
12209,1,0,0,0.7367686033248901,0.1779436320066452,0.08528778702020645
12210,3,0,0,0.8944613933563232,0.010148593224585056,0.09539000689983368
12212,2,1,1,0.02227029949426651,0.968589723110199,0.0091399559751153
12215,3,0,1,0.00013716322428081185,0.9997784495353699,8.437271026195958e-05
12216,2,0,0,0.8607050776481628,0.01854892075061798,0.120745949447155
12217,3,0,0,0.6583220958709717,0.14170633256435394,0.19997158646583557
12218,3,1,1,0.0010186861036345363,0.9983772039413452,0.0006040971493348479
12219,0,2,0,0.7443225383758545,0.047614384442567825,0.2080630660057068
12220,3,1,1,0.0003830837958958,0.9995636343955994,5.327204053173773e-05
12221,0,0,1,0.359995573759079,0.5761300325393677,0.06387437134981155
12223,4,1,1,0.05828225612640381,0.9368597865104675,0.004857945255935192
12224,3,1,1,0.022422805428504944,0.9747498035430908,0.0028274033684283495
12225,2,0,0,0.7336986064910889,0.004797384608536959,0.26150402426719666
12226,2,0,2,0.11137493699789047,0.0020142749417573214,0.8866108059883118
12227,4,0,2,0.05401649698615074,0.031114058569073677,0.9148694276809692
12228,4,0,0,0.940702497959137,0.019590623676776886,0.039706915616989136
12230,0,0,0,0.9211474657058716,0.04176555201411247,0.03708697855472565
12231,1,0,1,0.4146539270877838,0.5421337485313416,0.043212324380874634
12234,1,1,2,0.0010576022323220968,0.04908265918493271,0.9498597979545593
12235,3,0,0,0.9588276743888855,0.004019205924123526,0.03715316951274872
12236,1,2,2,4.267045369488187e-05,0.00037466068170033395,0.9995827078819275
12238,4,0,0,0.7612491846084595,0.13504289090633392,0.10370798408985138
12239,3,2,2,0.0028082700446248055,0.0003743785200640559,0.9968172311782837
12240,0,0,0,0.781754732131958,0.04286222532391548,0.1753830462694168
12241,0,0,0,0.6829450726509094,0.023515857756137848,0.2935390770435333
12242,4,1,0,0.5641231536865234,0.416696697473526,0.019180113449692726
12243,4,1,0,0.8245571851730347,0.11174600571393967,0.06369675695896149
12244,3,0,0,0.6449390649795532,0.09886955469846725,0.2561914026737213
12245,4,0,0,0.7635807394981384,0.10524184256792068,0.1311773806810379
12248,2,0,0,0.8533074855804443,0.018755361437797546,0.1279371976852417
12249,4,1,1,0.18607079982757568,0.8028115034103394,0.011117693968117237
12250,4,0,1,0.15276463329792023,0.8354628086090088,0.01177252922207117
12251,2,0,0,0.908897340297699,0.02019742876291275,0.07090522348880768
12253,4,1,1,0.053944773972034454,0.936443030834198,0.0096122482791543
12255,2,0,0,0.8760534524917603,0.03500321879982948,0.0889432281255722
12256,4,1,1,0.0002481996198184788,0.9996930360794067,5.878539741388522e-05
12257,1,0,2,0.07273397594690323,0.0014057353837415576,0.9258604049682617
12258,2,0,0,0.7602640986442566,0.0589904747903347,0.18074537813663483
12260,1,1,1,5.437807999442157e-07,0.9999992847442627,1.665961093522128e-07
12261,3,1,1,0.21717004477977753,0.7650370001792908,0.017792893573641777
12263,0,0,0,0.8510796427726746,0.07588507980108261,0.07303527742624283
12264,2,1,1,0.0014225353952497244,0.9974541068077087,0.0011233575642108917
12265,3,0,0,0.8718741536140442,0.06488274037837982,0.06324313580989838
12266,0,0,0,0.6182699203491211,0.16288761794567108,0.21884244680404663
12267,4,0,0,0.7882236838340759,0.10317665338516235,0.10859977453947067
12269,2,0,0,0.9606870412826538,0.0053368499502539635,0.033976081758737564
12270,0,1,1,6.927929916855646e-06,0.6620144844055176,0.3379785418510437
12271,2,1,1,2.5859656034299405e-06,0.9999954700469971,2.00307249542675e-06
12273,4,0,0,0.9118857979774475,0.06526704132556915,0.02284712716937065
12274,3,1,1,6.0122467402834445e-05,0.9999310970306396,8.731817615625914e-06
12275,4,1,1,0.055544573813676834,0.9296937584877014,0.014761725440621376
12276,1,1,1,0.00033659444306977093,0.999485969543457,0.00017740919429343194
12277,1,1,1,0.40990501642227173,0.5140480995178223,0.0760469064116478
12279,4,1,1,0.03647679463028908,0.9601274728775024,0.0033957085106521845
12280,2,1,0,0.6841087937355042,0.1668248176574707,0.14906637370586395
12281,0,1,1,0.0010994012700393796,0.9987198114395142,0.00018077233107760549
12282,0,0,0,0.8997331261634827,0.012814032845199108,0.08745279163122177
12283,1,0,0,0.8896246552467346,0.028651710599660873,0.08172359317541122
12284,4,1,0,0.8566381931304932,0.10668707638978958,0.036674682050943375
12285,1,1,1,0.1479109227657318,0.8401148319244385,0.01197423879057169
12286,1,0,0,0.8379482626914978,0.12451916188001633,0.03753255680203438
12287,4,0,0,0.7642090916633606,0.15525592863559723,0.08053496479988098
12288,0,0,0,0.8881081938743591,0.04601926729083061,0.06587253510951996
12289,0,0,0,0.8794646263122559,0.051533035933971405,0.06900232285261154
12290,3,0,0,0.8540018200874329,0.013154742307960987,0.13284346461296082
12291,0,0,0,0.7963213920593262,0.030141431838274002,0.17353715002536774
12292,2,0,0,0.6372083425521851,0.1402611881494522,0.22253043949604034
12295,2,1,1,0.0005172014352865517,0.9994526505470276,3.015247239090968e-05
12296,0,0,2,0.25847408175468445,0.015952324494719505,0.7255736589431763
12298,1,0,1,0.39280784130096436,0.5687763690948486,0.03841578960418701
12299,0,0,2,0.2558045983314514,0.021205956116318703,0.7229894399642944
12300,2,0,0,0.8362793922424316,0.03497089445590973,0.128749817609787
12302,2,0,0,0.941036581993103,0.01906397007405758,0.03989950940012932
12303,4,0,2,0.015364249236881733,0.00038047609268687665,0.984255313873291
12305,4,0,0,0.7932589054107666,0.025017717853188515,0.18172338604927063
